drug_id,function_description,components,label
TCMF12064,小儿感冒，发热，咳嗽，头痛，身痛，惊风，痰多。,薄荷，紫苏叶，黄芩，黄连，茯苓，白术，天竺黄，胆南星，天麻，钩藤，白芍，枳实，独活，羌活，山药，白附子，甘草,厚朴
TCMF9304,高血压，头痛，眩晕，失眠。,槐花，菊花，女贞子，钩藤，桃仁，天南星，三七，玄参，地龙，羚羊角，石膏,牛膝
TCMFx6417,胃脘痛,蒲公英，大血藤，白芍，甘草，乌药，陈皮,木香
TCMF533,鼻炎,细辛，黄芩，荆芥，防风，白芷，苍耳子，黄芪，白术，桂枝,石菖蒲
TCMF9205,湿热瘀阻所致的精浊、白浊、劳淋，症见尿频、尿急、尿痛、尿不尽、尿道口红肿、前列腺炎、前列腺增生。,丹参，泽兰，赤芍，白芷，王不留行，黄柏，乌药,桃仁
TCMF8451,肾虚腰痛，头晕耳鸣，遗精早泄，月经不调。,附子，熟地黄，山药，菟丝子，女贞子，枸杞子，泽泻，牡丹皮，肉桂,茯苓
TCMF6677,"养血, 调经, 止痛。用于月经量少, 后错, 经期腹痛。",当归，川芎，香附，白术，白芍，赤芍，延胡索，大枣，甘草,熟地黄
TCMFx4820,"产后血晕, 中风, 腹痛, 类霍乱",苏合香，广藿香，甘草，天麻，防风，丁香，羌活，乳香，半夏，檀香，木香，豆蔻，乌药，没药，香附，肉豆蔻，诃子，砂仁，荜茇，沉香，薄荷，猪牙皂，白术，冰片，细辛，麝香，朱砂,水牛角
TCMF8459,高热惊厥，神昏谵语，抽搐痉厥，头痛，咽痛。,石膏，水牛角，羚羊角，麝香，玄参，升麻，木香，丁香，芒硝，滑石，甘草,沉香
TCMFx122,"风温, 感冒",川芎，黄芩，蔓荆子，薄荷，藁本，防风，白芷，菊花，栀子，黄连，连翘，羌活，桔梗，甘草,荆芥穗
TCMF9078,月经不调，痛经，不孕症，带下病。,熟地黄，阿胶，白芍，川芎，香附，黄芩，杜仲，续断，艾叶,当归
TCMFx181,感冒,青蒿，板蓝根，菊花，苦杏仁，桔梗，薄荷，甘草,连翘
TCMF11410,小儿惊风，高热惊厥，抽搐，神昏。,天竺黄，天麻，钩藤，白附子，全蝎，蝉蜕，僵蚕，麝香,胆南星
TCMF7873,肺肾两虚，精气不足，久咳虚喘，神疲乏力，腰膝酸软。,冬虫夏草，枸杞子，淫羊藿，山楂,甘草
TCMFx7060,胎动不安,厚朴，艾叶，当归，川芎，荆芥，川贝母，菟丝子，羌活，甘草，枳壳，白芍，生姜,黄芪
TCMF11115,肾虚腰痛，头晕目眩，耳鸣耳聋，阳痿早泄，遗精盗汗，腰膝酸软，四肢无力。,杜仲，巴戟天，淫羊藿，黄芪，党参，白术，当归，白芍，枸杞子，茯苓，山药，莲子，肉苁蓉，山茱萸，金樱子，柏子仁，砂仁，牡丹皮，甘草,女贞子
TCMF8153,慢性盆腔炎，附件炎，子宫内膜炎等,车前子，泽兰，红花，赤芍，川芎，炮姜，海藻，柴胡，当归，香附,延胡索
TCMF11673,头晕目眩，痰多咳嗽，胸闷不舒，头痛,安息香，黄芩，麦冬，葛根，槐花，丹参，郁金，黄芪，白术，茯苓，决明子，天麻，沉香，川芎，桑寄生，香附,赤芍
TCMF5758,"咳嗽, 感冒",桔梗，紫苏子，连翘，芦根，菊花，陈皮，桑白皮，远志，款冬花，甘草,白前
TCMF12498,发热，咽喉肿痛，腮部肿胀，乳部红肿疼痛，口干舌燥,重楼，艾叶，蒲公英，当归，红花，大蒜，天然冰片,草乌
TCMF10045,瘀血阻滞所致的胸痹心痛，跌打损伤，瘀血肿痛。,冰片,蒲黄
TCMF10850,热病神昏，中风痰迷，惊痫抽搐，咽喉肿痛，口舌生疮。,石膏，滑石，玄参，甘草，木香，丁香，朱砂，芒硝，麝香,羚羊角
TCMF3424,"腰痛, 眩晕",红参，鹿茸，蛤蚧，当归，熟地黄，枸杞子，山茱萸，肉苁蓉，巴戟天，远志，沉香，山药，茯苓，白术，益智，补骨脂,杜仲
TCMF8582,肾阳不足，腰膝酸软，小便频繁，畏寒肢冷。,附子，山茱萸，山药，泽泻，茯苓，牡丹皮，车前子，牛膝,桂枝
TCMF10739,咳嗽，痰多，气喘。,川贝母，黄芩，紫苏叶，紫苏子，甘草，茯苓，桔梗，南沙参，白前，麻黄，厚朴，防风，前胡，桑叶，葶苈子，法半夏，白果，银杏叶，陈皮,薄荷
TCMF11478,风寒湿痹，关节疼痛，肢体麻木。,广藿香，黄芩，三棱，莪术，香加皮，细辛，枳实，香附，石菖蒲，花椒，九里香，两面针，高良姜,檀香
TCMFx5978,"腹泻, 疳病",南沙参，白术，山药，谷芽，麦芽,九香虫
TCMFx6455,"咳嗽, 喘病, 心悸, 怔忡, 眩晕, 虚劳",灵芝，人参，白术，茯苓，肉桂，当归，白芍，熟地黄，黄芪，五味子，远志，甘草,陈皮
TCMF8903,表虚感冒，症见发热恶风，有汗，头痛，鼻塞，咳嗽，痰白，脉浮缓。,桂枝，葛根，生姜，大枣,白芍
TCMF12464,局部肿胀，疼痛拒按，活动受限，肌肤青紫,穿山龙，地龙，威灵仙，续断，红花，当归，苏木，土鳖虫，自然铜，马钱子，蜂蜜,骨碎补
TCMF450,感冒,桂枝，白芷，防风，荆芥穗，桔梗，甘草，柴胡，羌活，葛根，苦杏仁，生姜,白芍
TCMF9423,风湿性关节炎，类风湿性关节炎，痛风，肢体麻木，瘫痹瘫痪，跌打损伤，坐骨神经痛。,余甘子，降香，决明子，乳香，荜茇，草果，红花，木香，黑种草子，肉豆蔻，沉香，诃子，毛诃子，檀香，丁香，肉桂，高良姜，牛黄，水牛角,豆蔻
TCMF9940,咳嗽，痰多，气喘。,白前，百部，紫菀，桔梗，枳壳，陈皮，甘草,茯苓
TCMF9423,风湿性关节炎，类风湿性关节炎，痛风，肢体麻木，瘫痹瘫痪，跌打损伤，坐骨神经痛。,余甘子，降香，决明子，乳香，荜茇，草果，豆蔻，红花，木香，肉豆蔻，沉香，诃子，毛诃子，檀香，丁香，肉桂，高良姜，牛黄，水牛角,黑种草子
TCMF12033,脾胃虚弱，食积停滞，脘腹胀痛，恶心呕吐，消化不良。,三棱，莪术，厚朴，陈皮，青皮，黄连，莱菔子，山楂，姜半夏,甘草
TCMF7418,"肝肾不足, 阴虚有热, 头晕目眩, 视物昏花",熟地黄，山茱萸，泽泻，牡丹皮，茯苓，枸杞子，菊花,山药
TCMF11903,感冒发热，头痛，咳嗽，咽喉肿痛，小儿惊风。,麦冬，薄荷，黄芩，荆芥穗，天竺黄，天麻，钩藤，栀子，甘草,金银花
TCMFx496,"发热, 急惊风",酸枣仁，知母，丹参，川芎，麦冬，五味子，茯苓,何首乌
TCMF10697,心悸失眠，头晕目眩，记忆力减退，精神恍惚。,珍珠，人参，茯苓，白术，当归，肉苁蓉，熟地黄，远志，石菖蒲，柴胡，薄荷，生姜，甘草,白芍
TCMF9151,脾肾两虚，食欲不振，腰膝酸软，神疲乏力。,黄精，黄芪，白术，巴戟天，山楂，鸡内金,锁阳
TCMF7446,"益气补血, 通络生乳。用于气血亏虚所致的产后缺乳病。症见产后气血不足, 乳汁少, 甚或全无, 乳汁清稀, 乳房柔软等。",当归，白芍，熟地黄，通草，天花粉，王不留行，穿山甲，漏芦，鹿角霜，路路通，木通，甘草,黄芪
TCMF10521,肾气不足，腰膝酸软，尿频尿急，神疲乏力。,红参，山茱萸，金樱子，菟丝子，女贞子，枸杞子，车前子，牛蒡子，大黄,甘草
TCMF11071,中风后遗症，瘫痿痹痛，肢体麻木，口眼歪斜，言语不利。,全蝎，僵蚕，地龙，胆南星，白附子，蜈蚣，天麻，钩藤，丹参，赤芍，红花，桃仁，川芎，当归，黄芪，党参，白术，茯苓，甘草,穿山甲
TCMF5427,胃脘痛,砂仁，厚朴，豆蔻，陈皮，青皮，枳壳，郁金，柴胡，木香，香附，片姜黄，甘草,山楂
TCMF10034,血热妄行所致的崩漏，月经过多，经期延长，淋漓不断，经色深红，质稠或有血块，腰酸腿痛，心烦口渴。,白术，大蓟，小蓟，墨旱莲，女贞子，茜草，白芍，蒲黄,山楂
TCMF11612,时行感冒，瘟疫初起，头痛身热，咳嗽咽痛，胸闷不畅。,荆芥穗，千金子霜，降香，天麻，大黄，麻黄，细辛，五味子，沉香，檀香，丁香，桂枝，肉桂，冰片，麝香，朱砂，雄黄,苍术
TCMF9688,免疫力低下，易感冒，疲劳乏力，食欲不振。,石斛，黄芪，白术，茯苓，甘草，金银花，连翘，蒲公英，紫花地丁,党参
TCMFx3577,"偏枯, 风痱, 痹病",红参，熟地黄，乌梢蛇，羌活，全蝎，当归，蕲蛇，茯苓，两头尖，草乌，血竭，黄连，僵蚕，黄芩，香附，玄参，葛根，大黄，胆南星，防风，甘草，麝香，细辛，肉桂，延胡索，木香，三七，地龙，石菖蒲，赤芍，麻黄，威灵仙，乌药,白术
TCMF7458,"疏风止痒, 燥湿解毒。适用于风邪外来, 湿毒内蕴, 腠理失和所致的皮肤, 阴部瘙痒症。",苦参，百部，蛇床子，花椒，白鲜皮，石菖蒲，地肤子，胡黄连，龙胆,白矾
TCMF23,"头晕, 心悸, 目眩, 耳鸣, 健忘, 失眠, 疲乏无力; 更年期综合征, 病后体虚见上述证候者",人参，黄芪，金樱子，枸杞子，菟丝子，淫羊藿，白芍，甘草，麦芽，黄精,女贞子
TCMF7473,急性黄疸型肝炎，慢性肝炎，肝功能异常。,茵陈，板蓝根，五味子，甘草，栀子，大黄，丹参，柴胡,黄芩
TCMF8606,咽喉肿痛，声音嘶哑，发热咳嗽。,黄芩，菊花，牛蒡子，赤芍，连翘，金银花，板蓝根，胖大海，玄参，木蝴蝶，蝉蜕,僵蚕
TCMF8771,口腔炎症，咽喉肿痛，口干舌燥。,麦冬，天冬，金银花,甘草
TCMFx3339,"流痰, 肺痨, 麻风",三七，黄芪，乳香，没药,骨碎补
TCMF8357,中风，癫痫，头痛，眩晕。,荆芥，紫苏叶，巴豆霜，苍术，天麻，檀香，天南星，冰片，全蝎，朱砂，雄黄,僵蚕
TCMF10004,胸痹心痛，心悸气短，胸闷乏力。,黄精，甘松，党参,三七
TCMF10987,气血两虚，脾胃虚弱，腰膝酸软，月经不调。,益母草，杜仲，茯苓，麦芽，豆蔻，砂仁，白术，苍术，红花，木香，白芍，赤芍，附子，牡丹皮，厚朴，木瓜，山楂，桃仁,丹参
TCMF12106,气血两虚，头晕目眩，心悸失眠，食欲不振。,黄芪，鸡血藤，当归，大枣，陈皮,白术
TCMFx6653,"益气养血。适用于气血两虚所致的头晕目眩, 心悸失眠, 神疲倦怠, 气短乏力, 纳差等症。对白细胞减少症, 贫血有一定的疗效。",人参，黄芪，白术，五味子，当归，川芎，女贞子，牡蛎，枸杞子，何首乌，大黄,木香
TCMF10712,便秘，腹胀，肠梗阻。,细辛,猪牙皂
TCMFx621,"夜自泄, 腹冷洞泻, 饮食少味, 行步无力, 肾虚腰疼肝虚, 腰腿重痛, 风湿脚气",杜仲，核桃仁，大蒜,补骨脂
TCMF10419,肾阳不足，腰膝酸软，畏寒肢冷，性功能减退。,巴戟天，淫羊藿，山茱萸，锁阳，熟地黄，蛇床子，九香虫，海马，蛤蚧,砂仁
TCMF8218,血瘀证，跌打损伤，筋骨疼痛，月经不调等。,黄芪，当归，白芍，桃仁，血竭，枸杞子，牛膝，芥子，桂枝，土鳖虫,自然铜
TCMF10300,冠心病，心绞痛，高脂血症。,沙棘，川芎，丹参，葛根，泽泻，决明子，白芍，黄芪,山楂
TCMF11604,胆石症，胆囊炎，胆道感染。,金钱草，三棱，郁金，大黄，乳香，没药，陈皮，白矾,甘草
TCMF11611,脾胃虚弱，食少腹胀，脘腹疼痛，消化不良。,炙黄芪，白术，草果，白芍，厚朴，乌梅，川芎，陈皮，枳实，焦槟榔，鳖甲,香附
TCMF10568,急性黄疸型肝炎，湿热黄疸，肝胆湿热。,茵陈，泽兰，蒲公英，白茅根，滑石,甘草
TCMF10014,肝肾不足，气血两虚，月经不调，崩漏带下，腰膝酸软，头晕耳鸣。,黄芪，人参，当归，白芍，丹参，香附，牡蛎，桑螵蛸，鹿角胶，鹿角霜,熟地黄
TCMF10905,寒实结胸，胸腹胀痛，痰涎壅盛，呼吸困难。,川贝母，巴豆霜，厚朴，柴胡，玄参，肉桂，血竭，冰片，朱砂,知母
TCMF10899,气血两虚，脾胃虚弱，食欲不振，四肢无力。,炙黄芪，党参，白术，苍术，茯苓，谷芽，麦芽，侧柏叶，黄芩，白茅根，大蓟，小蓟，大黄，牡丹皮，白芍，厚朴，枳实，茜草，甘草,附子
TCMF12295,血热妄行所致的吐血、衄血、便血、崩漏下血，血色鲜红，或兼有发热、烦躁、口渴、便秘、尿赤等症。,荆芥穗，槐花，没药，乳香，大黄，桃仁，郁李仁，当归，石决明，芒硝，雄黄，滑石,胡黄连
TCMF9309,清热解毒，凉血止血。,麦冬，红花，瞿麦，檀香，胡黄连，苦地丁，石膏,人工牛黄
TCMF8744,湿热下注，尿路感染，皮肤炎症。,黄连，黄芩，栀子，大黄，金银花，连翘，紫花地丁，甘草,蒲公英
TCMF9765,气血两虚，免疫力低下，疲劳乏力，腰膝酸软。,人参，熟地黄，杜仲，巴戟天，肉苁蓉，枸杞子，桑椹，茯苓，白术，五味子，酸枣仁，沙棘，猫爪草，山药，五加皮，牛膝，鹿角胶,天冬
TCMF539,骨关节炎,熟地黄，狗脊，淫羊藿，牛膝，肉苁蓉，女贞子，鸡血藤，骨碎补,莱菔子
TCMF8549,肝郁气滞，胸闷胁痛，心烦失眠，食欲不振。,柴胡，当归，白芍，党参，麦冬，五味子，黄芩，茯苓，郁金，枳壳，甘草,黄芪
TCMFx1167,目昏云翳,补骨脂，肉豆蔻，五味子，吴茱萸，生姜,大枣
TCMF9636,感冒风寒，头痛发热，鼻塞流涕，咳嗽咽痛。,桂枝，白芍，炙甘草，大枣，蝉蜕,生姜
TCMF9968,胃痛，胃溃疡，十二指肠溃疡，慢性胃炎。,甘草，茯苓，白及，白芍，三七，延胡索,海螵蛸
TCMF11961,胃痛，胃溃疡，十二指肠溃疡，慢性胃炎。,黄芪，木香，陈皮，没药，延胡索，马齿苋，地榆，白及，马兜铃，沉香,威灵仙
TCMFx6251,"咳嗽, 腹胀, 便秘",玄参，麦冬，苦杏仁，胆南星，紫苏子，焦槟榔，天花粉，紫苏叶，川贝母，知母，瓜蒌子，桔梗，竹茹，桑白皮,甘草
TCMFx7127,温邪头痛，目赤口渴，湿热郁滞等。,金银花，菊花，白茅根，通草，大枣,甘草
TCMF7369,跌打损伤，瘀血肿痛，筋骨疼痛。,当归，川芎，赤芍，红花，丹参，乳香，没药，牛膝，泽兰，三七，甘草,桃仁
TCMF10711,风湿痹痛，肢体麻木，腰腿疼痛，跌打损伤。,苏木，路路通，大黄，草乌，川乌，栀子，独活，羌活，半夏，天南星，花椒,木瓜
TCMF11458,外感风热，发热头痛，咳嗽咽痛，惊风抽搐。,黄芩，天花粉，连翘，金银花，板蓝根，石菖蒲，玄参，紫草，水牛角,淡豆豉
TCMF11559,风湿痹痛，跌打损伤，筋骨疼痛，腰腿酸痛。,没药，乳香，木鳖子，红花，大黄，马钱子，草乌，赤芍，川乌，附子，金银花，白芷，黄柏，肉桂，血竭，乌梢蛇,冰片
TCMF11130,脾胃虚寒，脘腹冷痛，呕吐泄泻，四肢不温。,附子，肉桂，炙甘草，豆蔻，木香，细辛，白芷，当归，蛇床子，檀香，丁香，母丁香，花椒，橘红，吴茱萸,砂仁
TCMF9404,肾虚腰痛，阳痿早泄，神疲乏力，头晕耳鸣。,鹿茸，肉苁蓉，人参，炙黄芪，熟地黄，当归，巴戟天，山茱萸，山药,沙苑子
TCMF6401,"眩晕, 不寐, 健忘",党参，人参，茯苓，黄芪，白术，山药，何首乌，当归，熟地黄，川芎，泽泻，牡丹皮，牛膝，白芍，杜仲叶，续断，红花，三七，甘草，黄精，陈皮,阿胶
TCMF10313,心脾两虚，失眠多梦，头晕目眩，记忆力减退。,人参，淫羊藿，甘草，干姜，菊花，天麻,酸枣仁
TCMF2424,"带下病, 腹泻",白术，泽泻，茯苓，椿皮,车前子
TCMF9054,湿热蕴结所致的水肿、淋证、小便不利。,丹参，黄芪，茯苓，白术，川芎，桑白皮,大黄
TCMF11404,血瘀证，胸痹心痛，月经不调，痛经。,丹参，黄芪，三棱，莪术，片姜黄，红花，木香，细辛，赤芍，黄连，牡丹皮，桃仁，川芎，延胡索，吴茱萸,枳壳
TCMF10606,阴阳两虚，腰膝酸软，头晕耳鸣，失眠多梦，遗精盗汗。,黄芪，当归，白芍，川芎，熟地黄，枸杞子，菟丝子，巴戟天，肉苁蓉,淫羊藿
TCMF9448,乳腺增生，乳房胀痛，乳腺结节。,莪术，赤芍，玫瑰花，柴胡，川芎，当归，延胡索，牡蛎，僵蚕，鳖甲,夏枯草
TCMF7917,肾阳不足，腰膝酸软，气短乏力，脾胃虚弱。,巴戟天，瓜蒌，当归，白术，茯苓，甘草,黄芪
TCMF8588,冠心病，心绞痛，心肌缺血，胸闷，心悸。,丹参，川芎，薤白，降香，郁金，黄芪，当归，首乌藤，葛根，决明子，安息香，苏合香，乳香，没药，白芷，土木香，沉香，香附，菊花,赤芍
TCMF10123,肝郁气滞，月经不调，痛经，乳房胀痛。,香附，当归，白芍，川芎，熟地黄，黄芩，砂仁，陈皮,白术
TCMF9565,心悸失眠，气短乏力，头晕目眩，腰膝酸软。,人参，鹿茸，蛤蚧，砂仁，红花，莲子心，龙眼肉，三七，地龙，羚羊角,海马
TCMFx178,疳病,太子参，北沙参，茯苓，山药，麦芽，陈皮，白芍，白扁豆，麦冬，葛根,山楂
TCMFx3055,腹胀,沉香，砂仁，苍术，枳实，麦芽，青皮，紫苏叶，川芎，桔梗，茯苓，甘草，栀子，厚朴，香附，木香，山楂，陈皮，广藿香，荆芥，白芷，防风，薄荷，半夏，白芍，葛根,细辛
TCMF8711,咳嗽痰多，胸闷气促，咽喉不适。,石膏，浙贝母，麦冬，瓜蒌皮，紫苏子，苦杏仁，茯苓，半夏，陈皮，桔梗，款冬花，紫菀，甘草,化橘红
TCMF12168,肾虚精亏，腰膝酸软，头晕耳鸣，遗精早泄，阳痿不育。,杜仲，巴戟天，淫羊藿，熟地黄，山茱萸，人参，鹿茸，天麻，附子，肉桂，菟丝子，当归，山药，蜈蚣,枸杞子
TCMF10162,消渴，口渴多饮，多尿，消瘦乏力。,白术，桔梗，枇杷叶，银杏叶,麻黄
TCMFx5196,眩晕,山楂，菊花,枸杞子
TCMF9893,风湿痹痛，关节肿胀，肢体麻木，腰腿疼痛。,白术，苦参，防己，薏苡仁，豨莶草，连翘，苦杏仁，法半夏，通草，滑石粉,黄柏
TCMF10022,气血两虚，月经不调，头晕目眩，腰膝酸软。,黄芪，党参，当归，熟地黄，白芍，菟丝子，川芎，香附，茯苓，山药，巴戟天，续断，甘草,女贞子
TCMF8964,感冒风寒，发热恶寒，头痛身痛，鼻塞流涕，咳嗽痰多。,桂枝，薄荷，防风，羌活，桔梗，前胡，苦杏仁，生姜，大枣，白芍，甘草，陈皮，枳壳，蜂蜜,麻黄
TCMF9222,前列腺炎，尿频，尿急，尿痛，腰膝酸软。,土茯苓，苦参，薏苡仁，白术，虎杖，大黄，金樱子，泽泻，鹿茸，蜈蚣,川木通
TCMF9399,湿疹，皮炎，皮肤瘙痒，荨麻疹,苦参，蒲公英，马鞭草，五倍子，蛇床子，花椒，白矾,百部
TCMF10996,肾虚腰痛，腰膝酸软，畏寒肢冷，神疲乏力，头晕耳鸣。,鹿茸，肉苁蓉，熟地黄，枸杞子，菟丝子，黄芪，红参，当归，白芍，茯苓，白术，山药，牛膝，陈皮，小茴香，肉桂，甘草,巴戟天
TCMF10032,小儿疮疖、痱毒、咽喉肿痛、口舌生疮、牙龈出血。,黄连，连翘，玄参，牛蒡子，桔梗，甘草,赤芍
TCMF10183,外感发热，头痛身痛，口渴咽痛，便秘尿赤。,知母，黄芩，荆芥穗，青蒿，大黄，牡丹皮，柴胡，槟榔,厚朴
TCMF11614,肝气郁结，胁肋胀痛，胸闷不舒，情绪抑郁。,广藿香，茯苓，没药，乳香，天竺黄，豆蔻，砂仁，白术，木香，白及，制何首乌，细辛，黄连，厚朴，钩藤，木瓜，沉香，柴胡，川芎,白芷
TCMF7789,风湿痹阻、瘀血阻络所致的痹病，症见关节疼痛、肿胀、屈伸不利、局部畏风寒、肢体麻木、腰膝酸软。,鸡血藤，没药，乳香，苍术，红花，威灵仙，土鳖虫，乌梢蛇，全蝎，金钱白花蛇，蜈蚣，蜂房，蕲蛇,地龙
TCMF3252,"滑胎, 小产, 难产",荆芥炭，川芎，甘草，菟丝子，厚朴，羌活，川贝母，当归，黄芪，白芍，枳壳,艾叶
TCMF10285,咳嗽，气喘，痰多，胸闷。,川贝母，麦冬，知母，紫苏叶，麻黄，五味子，苦杏仁，前胡，银杏叶，橘红，枳壳，槟榔，松花粉，石膏,竹茹
TCMF9196,气血两虚，头晕目眩，心悸失眠，食欲不振。,黄芪，人参，葛根,三七
TCMFx4390,"积滞, 急惊风, 麻疹",天南星，僵蚕，白附子，天竺黄，天麻，荆芥穗，薄荷，牛蒡子，柴胡，葛根，川乌，桔梗，陈皮，木香，黄芩，黄连，莲子心，玄参，西河柳，滑石，雄黄，麝香，冰片，牛黄，朱砂,大黄
TCMF10102,肾虚腰痛，头晕耳鸣，阳痿早泄，神疲乏力。,鹿茸，蛤蚧，补骨脂，肉苁蓉，巴戟天，淫羊藿，黄芪，人参，麦冬，枸杞子，菟丝子,杜仲
TCMFx49,"心悸, 胸闷, 心烦, 冠心病, 病毒性心肌炎引起的轻, 中度室性过早搏动见上述症状者",黄连，茯苓，常山，苦参，人参，甘草，半夏，莲子心，青蒿，麦冬,枳实
TCMF9180,肝肾不足，气血两虚，头晕目眩，腰膝酸软，须发早白，遗精早泄。,黄芪，党参，丹参，制何首乌，枸杞子，桑椹，白芍，覆盆子，菟丝子，山药，锁阳，郁金，青皮,淫羊藿
TCMF11366,肝肾不足，气血亏损，须发早白，头晕目眩，腰膝酸软。,黄精，制何首乌，柏子仁，杜仲，茯苓，白芍，女贞子，枸杞子，山茱萸，黄连，牡丹皮，五味子，木瓜，川芎，当归，桑椹，桑叶，大枣,羌活
TCMF9143,肺虚咳嗽，气短乏力，痰多喘促。,黄芪，北沙参，百合，麦冬，熟地黄，百部，川贝母，白果，冬虫夏草，蛤蚧，茯苓，薏苡仁，蒲公英，牡蛎,白及
TCMF9746,咽喉肿痛，口腔溃疡，牙龈肿痛。,麦冬，黄芩，山豆根，西瓜霜，金银花，防风，射干，甘草，冰片,玄参
TCMF569,"便溏久泻, 肛门下坠或脱肛, 子宫脱垂",黄芪，党参，甘草，当归，白术，升麻，陈皮，生姜，大枣,柴胡
TCMF11703,气滞血瘀所致的胸胁胀痛，月经不调，痛经。,丹参，红花，木香，柴胡，香附，大黄，赤芍，牡丹皮，川芎，当归，牛膝，延胡索，枳壳,桃仁
TCMF7168,身体虚弱，精神疲乏，腰腿酸软，头晕目眩，肾亏精冷，性欲减退，夜多小便，健忘失眠。,鹿角胶，龟甲胶，淫羊藿，续断，锁阳，狗脊，菟丝子，覆盆子，金樱子，山药，何首乌，黄芪，陈皮，酸枣仁，炙甘草,熟地黄
TCMF8969,肠燥便秘,大黄，苦杏仁，白芍，厚朴，枳实,火麻仁
TCMF8121,风寒感冒，头痛发热，鼻塞流涕，咳嗽痰多，肢体酸痛。,紫苏叶，桂枝，防风，独活，生姜，桔梗，白芍，苦杏仁，谷芽，大枣,甘草
TCMF9001,冠心病，心绞痛，心肌梗死，心律失常,没药，乳香，沉香，葶苈子，血竭，冰片，人工牛黄，蟾酥，麝香，珍珠，雄黄,朱砂
TCMF10171,糖尿病及其并发症，如糖尿病肾病、糖尿病视网膜病变等。,丹参，黄芪，川芎，水蛭,葛根
TCMFx704,乳疬,香附，川芎，白芍，熟地黄，白术，砂仁，陈皮，黄芩,当归
TCMF9703,高脂血症，高血压，肥胖症,决明子，山楂,何首乌
TCMF10278,小儿腹泻，消化不良，腹痛。,黄芩，大黄，荆芥，麻黄，胡椒，马钱子，牡丹皮，白芷，当归，独活，防风，羌活，骨碎补，丁香，玄参，黄柏，肉桂，吴茱萸,赤芍
TCMF10707,肝郁气滞，肝肾阴虚，头晕耳鸣，胁痛胸闷。,郁金，女贞子，香附，陈皮,墨旱莲
TCMF11344,脾胃虚弱，食积停滞，脘腹胀痛，消化不良。,三棱，莪术，草果，白术，川木香，木香，大黄，厚朴，山楂，阿魏，当归，香附，莱菔子，法半夏，牵牛子，陈皮，吴茱萸，槟榔，甘草,砂仁
TCMFx5264,虚劳,白术，当归，杜仲，枸杞子，茯苓，白芍，山药，党参，熟地黄，酸枣仁，砂仁，丹参，甘草，鹿茸，黄芪，肉桂，远志，陈皮，川芎,人参
TCMF8396,跌打损伤，骨折，筋骨疼痛，瘀血肿痛。,黄藤，苏木，乳香，血竭，自然铜，土鳖虫，骨碎补，续断，杜仲，牛膝，木香，香附，延胡索，冰片,没药
TCMF8511,糖尿病及其并发症，如糖尿病肾病、糖尿病视网膜病变等。,黄精，麦冬，天冬，丹参，益母草，鸡血藤，葛根，黄芪，天花粉，苍术，赤芍，黄连，威灵仙，川芎，太子参，荔枝核，川牛膝，水蛭,玄参
TCMF9983,胃脘疼痛，胀满不适，嗳气吞酸，慢性胃炎，胃溃疡。,丹参，砂仁，香附，诃子，高良姜,檀香
TCMF10684,寒湿痹痛，脾胃虚寒，心悸失眠。,制草乌，肉豆蔻，沉香，石菖蒲，珍珠，磁石,丁香
TCMF8382,肝火旺盛，目赤肿痛，视物昏花，头痛眩晕。,黄连，黄柏，龙胆，决明子，石决明，茺蔚子，密蒙花，木贼，柴胡，胡黄连,黄芩
TCMF8686,胸痹心痛，心悸气短，胸闷憋气，失眠健忘。,沉香，肉豆蔻，当归，广枣，木棉花，诃子，西洋参,川木香
TCMF12063,脾胃虚寒，腹痛泄泻，四肢不温，食欲不振。,干姜，附子，党参，茯苓，陈皮，半夏，炙甘草，生姜，大枣,白术
TCMF11118,目赤肿痛，眼眵多泪，羞明怕光，头痛眩晕。,龙胆，黄连，菊花，荆芥，决明子，谷精草，蒺藜，密蒙花，赤芍，木贼，栀子，白芷，防风，桑白皮，桑叶，黄柏，冰片，牛黄，蝉蜕,薄荷
TCMF7544,"理气疏肝, 消积和胃。用于肝胃气滞, 脘腹胀痛, 胸膈痞满, 不思饮食, 嗳气泛酸。",沉香，木香，砂仁，陈皮，莪术，延胡索，乌药，枳壳，厚朴，香附，谷芽，麦芽,甘草
TCMF11498,气血两虚，免疫力低下，疲劳乏力。,黄芪，白芍，淫羊藿,灵芝
TCMFx2911,白驳风,三七，红花，牡丹皮，桃仁，防风，苍术，白芷，马齿苋，赤芍，黄芪,当归
TCMF9165,气滞血瘀所致的胸痹心痛，心悸气短，冠心病心绞痛。,黄芪，当归，川芎，红花，赤芍，桃仁，地龙,丹参
TCMF8984,风湿痹痛，肢体麻木，瘫痹拘挛，屈伸不利。,黄芪，甘草，苍术，薏苡仁，金银花，黄柏，当归，白芍，水蛭，全蝎，蜈蚣,玄参
TCMF8456,肥胖症，高脂血症。,黄芪，白术，防风，茯苓，泽泻，山楂，大黄,决明子
TCMF11144,风寒湿痹，关节疼痛，肢体麻木，腰腿疼痛。,麻黄，桂枝，羌活，独活，川芎，当归，乳香，没药，马钱子，附子，制草乌，制川乌，木瓜,川牛膝
TCMF10084,气阴两虚，心悸失眠，腰膝酸软，体倦乏力。,西洋参，黄精，黄芪，杜仲，茯苓，制何首乌，金樱子，枸杞子，山药，龙眼肉,蛤蚧
TCMF9141,肾虚精亏，腰膝酸软，头晕耳鸣，遗精早泄，失眠多梦。,巴戟天，枸杞子，菟丝子，覆盆子，金樱子，知母，黄柏，当归，人参,韭菜子
TCMFx3005,类霍乱,厚朴，广藿香，半夏，苍术，陈皮,甘草
TCMF9993,肾阳不足，腰膝酸软，畏寒肢冷，头晕耳鸣，失眠多梦。,人参，党参，杜仲，肉苁蓉，熟地黄，益母草，红花，山茱萸，山药，枸杞子，菟丝子，防风，沉香，丁香,肉桂
TCMF8390,气阴两虚，心悸气短，失眠多梦，自汗盗汗，咽干舌燥。,黄芪，党参，麦冬，五味子,南五味子
TCMFx22,"头晕, 心悸, 目眩, 耳鸣, 健忘, 失眠, 疲乏无力; 更年期综合征, 病后体虚见上述证候者",人参，金樱子，女贞子，淫羊藿，甘草，黄芪，枸杞子，菟丝子，白芍，麦芽,黄精
TCMF10866,风热感冒，咽喉肿痛，牙龈肿痛，口舌生疮。,荆芥，石膏，青黛，细辛，牡丹皮，白芷，防风，青皮,甘草
TCMF10621,痔疮，肛裂，便血，便秘。,黄芩，槐花，地榆，枳实，枳壳，甘草,牡丹皮
TCMF3524,"虚劳, 眩晕",黄芪，熟地黄，狗脊，女贞子，覆盆子，何首乌，牛膝，当归，陈皮，南沙参，杜仲，川芎，百合，茯苓，山药，白术，甘草，泽泻，白芍,党参
TCMFx6021,跌打损伤,丁香，莲子，大黄，儿茶，白芍，血竭，牡丹皮，当归，木香，红花，甘草,茯苓
TCMF11771,肺肾阴虚，痰瘀阻络，咳嗽气喘，胸胁疼痛。,冬虫夏草，郁金，地骨皮，水蛭，地龙，龟甲,紫苏子
TCMFx7093,治疗感冒，支气管炎、咽喉炎引起的痰多咳嗽，气喘等症。,化橘红，百部，苦杏仁，白前，五味子，茯苓，甘草,半夏
TCMF11268,肝硬化，肝脾肿大，肝区疼痛，脘腹胀满，食欲不振。,黑豆，昆布，三棱，莪术，郁金，半边莲，白术，红花，茵陈，大黄，制何首乌，海藻，白芍，木瓜，桃仁，柴胡，当归，香附，熟地黄,虎杖
TCMF8402,疮疡肿毒，丹毒，蜂窝组织炎，急性淋巴结炎，急性扁桃体炎，急性阑尾炎。,黄芪，黄连，黄芩，黄柏，栀子，大黄，芒硝，金银花，蒲公英，紫花地丁，甘草,连翘
TCMF11692,痈疽发背，对口疮，搭手，无名肿毒，一切疮疡肿痛。,蓖麻子，没药，乳香，紫花地丁，蒲公英，黄柏，血余炭，轻粉,冰片
TCMFx7294,气滞寒凝引起的疝气、腹痛等症。,香附，小茴香，沉香，丁香，荔枝核，木香，陈皮，猪牙皂，泽泻,乌药
TCMF8162,骨质增生，风湿性关节炎，类风湿性关节炎。,鸡血藤，杜仲叶，骨碎补，昆布，党参，白芍，威灵仙，三七，延胡索，桂枝，制草乌，制川乌，牡蛎,马钱子粉
TCMF11890,气滞血瘀所致的胸痹心痛，胸闷，心悸，眩晕，脘腹胀痛。,没药，乳香，郁金，血竭，木香，川楝子，香附，白芍，陈皮，甘草,丹参
TCMF9715,肝气郁结，胸胁胀痛，胃脘疼痛，食欲不振。,豆蔻，姜黄，砂仁，木香，白芍，牡丹皮，沉香，川芎，当归，香附，丁香，延胡索，陈皮，青皮，吴茱萸，枳实，肉桂,厚朴
TCMF9924,痛经，月经不调，经前综合征。,丹参，红花，川芎，白芍，川楝子，香附，延胡索，甘草,当归
TCMF4202,胁痛,穿山甲，白薇，枳实，五味子，北豆根,泽兰
TCMF8875,肺热咳嗽，痰多粘稠，咽痛音哑，发热口渴。,黄芩，金银花，麦冬，天冬，浙贝母，薄荷，前胡，甘草,天花粉
TCMF10433,阴虚血少所致的头昏心悸，失眠健忘，烦躁不安。,鸡血藤，熟地黄，墨旱莲，首乌藤,合欢皮
TCMFx980,"积滞, 腹胀, 腹泻",鳖甲，黄芪，陈皮，枳实，白芍，白术，香附，草果，乌梅，焦槟榔，厚朴,川芎
TCMF11223,胃溃疡，十二指肠溃疡，慢性胃炎。,黄芪，白及，洋金花，海螵蛸,川芎
TCMF9754,血瘀证，胸闷心痛，跌打损伤，瘀血肿痛。,三七，丹参，红花，白术，茯苓，当归，川芎，桃仁，甘草,赤芍
TCMF12060,小儿脾胃虚弱，食欲不振，消化不良，腹胀便溏。,白术，茯苓，甘草，麦芽，山楂，芦荟，黄连，胡黄连，使君子,人参
TCMF9987,气虚体弱，食欲不振，失眠多梦，疲劳乏力。,黄芪，人参，麦芽，山楂，五味子，刺五加，甘草,鹿茸
TCMF11680,外感风寒，内伤饮食，头痛身热，恶寒无汗，胸膈满闷，腹痛吐泻。,薄荷，广藿香，炙甘草，朱砂，没药，乳香，豆蔻，砂仁，苏合香，白术，木香，天麻，细辛，肉豆蔻，沉香，防风，羌活，香附，诃子,荜茇
TCMF9133,肾虚，阳痿早泄，腰膝酸软，头晕耳鸣，失眠多梦。,鹿茸，鹿角胶，鹿角霜，韭菜子，淫羊藿，肉苁蓉，黄芪，人参，当归，酸枣仁，熟地黄,附子
TCMF11477,风寒感冒，鼻塞流涕，头痛，咳嗽。,朱砂，荜茇，苍术，鹅不食草，白芷，丁香，石菖蒲，冰片，白矾，雄黄,细辛
TCMF7344,冠心病，心绞痛，胸闷，心悸，气短。,三七，赤芍，川芎，红花，降香，苏合香，人参，麦冬，冰片,丹参
TCMF7457,寒饮咳嗽，症见咳嗽痰多，清稀色白，胸膈不快，舌苔白滑，脉弦滑。,干姜，五味子，茯苓，甘草,细辛
TCMF7374,感冒发热，咽喉肿痛，咳嗽痰黄，尿赤便结。,金银花，连翘，板蓝根，大青叶,甘草
TCMF9532,冠心病，心绞痛，心律失常，高脂血症，高血压等心脑血管疾病。,黄芪，人参，麦冬，丹参，葛根，决明子，灵芝，何首乌，红花，川芎，香附，海藻，三七，佛手,蒲黄
TCMF11381,脾胃虚弱，气滞血瘀，胸闷胁痛，食欲不振。,黄精，白术，佛手,丹参
TCMF7368,解积滞,黄芪，白术，茯苓，山药，鸡内金，山楂，麦芽，甘草,陈皮
TCMF12536,头痛，身痛，发热恶寒，胸膈痞闷，恶心呕吐，腹痛泄泻,当归，川芎，白芍，熟地黄，苍术，厚朴，陈皮，半夏，茯苓，枳壳，桔梗，羌活，独活，香附，白芷，防风，甘草,前胡
TCMF10096,肾虚腰痛，腰膝酸软，头晕耳鸣，遗精盗汗，畏寒肢冷。,鹿茸，鹿角胶，制何首乌，熟地黄，龟甲，巴戟天，锁阳，淫羊藿，茯苓，白术，菊花，蒲公英，山药，红参，海马，海龙，鸡内金，鳖甲,沉香
TCMF8226,肝肾阴虚，头晕目眩，腰膝酸软，失眠多梦。,龟甲，鳖甲，熟地黄，制何首乌，枸杞子，女贞子，桑椹，丹参，牡丹皮，茯苓，泽泻，车前子，牡蛎，五味子，覆盆子，当归，山药，狗脊，牛膝,山楂
TCMFx1821,"此证由肺经血热而成每发于面鼻, 起碎疙瘩, 形如黍屑, 色赤肿痛, 破出白粉汁, 日久皆成白屑, 形如黍米白屑宜内服枇杷清肺饮",人参，枇杷叶，甘草，桑白皮，黄柏,黄连
TCMF8745,肝肾不足，瘀血阻络所致的骨性关节炎，症见关节疼痛、肿胀、屈伸不利、腰膝酸软。,鸡血藤，肉苁蓉，女贞子，狗脊，牛膝，淫羊藿，熟地黄，莱菔子,骨碎补
TCMF8828,急慢性肝炎，早期肝硬化，肝功能异常。,茵陈，郁金，丹参，五味子，板蓝根，黄芪，刺五加，甘草,当归
TCMF7826,气血两虚，月经不调，崩漏带下，不孕症。,黄芪，当归，熟地黄，白芍，川芎，麦冬，杜仲，白术，益母草，香附，甘草,茯苓
TCMF12151,瘀血阻络所致的胸痹心痛、眩晕头痛、经期腹痛。,丹参，三七，川芎，赤芍，冰片,葛根
TCMF9846,糖尿病及其并发症，如口渴多饮，消谷善饥，尿多，消瘦，乏力等。,黄精，丹参，葛根，黄芪，天花粉，西洋参,黄连
TCMF11212,失眠，心悸，烦躁不安，头晕耳鸣。,柏子仁，酸枣仁，知母，玄参，合欢皮，首乌藤，栀子,当归
TCMF5998,"积滞, 腹泻",党参，白术，草豆蔻，白扁豆，茯苓，山药，麦芽，陈皮，木香，甘草，山楂,枳壳
TCMF12459,面色苍白，气短懒言，心悸失眠，腰膝酸软，畏寒肢冷，头晕耳鸣，盗汗遗精，崩漏带下,党参，人参，鹿茸，三七，熟地黄，白术，茯苓，当归，白芍，川芎，肉桂，炙甘草,炙黄芪
TCMF8680,肝肾阴虚，头晕目眩，耳鸣耳聋，腰膝酸软，失眠多梦。,知母，熟地黄，女贞子，山药，茯苓，牡丹皮，五味子，石菖蒲，黄柏，泽泻,远志
TCMFx5543,"跌打损伤, 痹病",天南星，草乌，白附子,川乌
TCMF11819,肝肾不足，腰膝酸软，头晕耳鸣，遗精早泄。,杜仲，茯苓，山药，女贞子，枸杞子，莲子，芡实，熟地黄，牡蛎,菟丝子
TCMFx1244,骨性关节炎,熟地黄，肉苁蓉，狗脊，女贞子，淫羊藿，鸡血藤，骨碎补，牛膝,莱菔子
TCMF8234,肾阳不足，腰膝酸软，小便频繁，畏寒肢冷。,附子，肉桂，熟地黄，山茱萸，山药，茯苓，牡丹皮,泽泻
TCMF10872,气虚体弱，久病虚损，神疲乏力，食欲不振，失眠多梦，腰膝酸软。,黄芪，人参，冬虫夏草，鹿茸，麦冬，五味子，丹参，当归，枸杞子，蜂蜜,党参
TCMF3382,虚劳,人参，鹿茸，熟地黄，山药，牛膝，甘草，肉桂，桑寄生，当归，党参，川芎，白芍，何首乌，龙眼肉,白术
TCMF9274,湿热蕴结，小便不利，淋沥涩痛，口苦咽干，舌苔黄腻。,知母，黄柏，侧柏叶，车前子，川木通，泽泻，猪苓，薏苡仁，石斛，大黄，牡丹皮，连翘，地骨皮，当归，玄参，陈皮，甘草,茯苓
TCMF11130,脾胃虚寒，脘腹冷痛，呕吐泄泻，四肢不温。,附子，肉桂，炙甘草，豆蔻，砂仁，木香，细辛，白芷，蛇床子，檀香，丁香，母丁香，花椒，橘红，吴茱萸,当归
TCMF11917,月经不调，痛经，闭经，血瘀腹痛。,丹参，莪术，红花，大黄，桃仁，当归，青皮，肉桂,香附
TCMF11499,银屑病，皮肤瘙痒，湿热蕴结。,土茯苓，丹参，黄芩，苦参，地肤子，白鲜皮，柏子仁，乌梢蛇，青黛,玄参
TCMF7874,气血两虚，头晕目眩，心悸失眠，腰膝酸软。,黄精，制何首乌，当归，益母草，冬虫夏草,天花粉
TCMF7378,肥胖病,大黄，芒硝，滑石，栀子，当归，白芍，川芎，麻黄，防风，荆芥，桔梗，黄芩，连翘，石膏，甘草,薄荷
TCMF10188,血瘀型冠心病、心绞痛、高脂血症等。,丹参，黄芪，郁金，山楂，川芎，泽泻，冰片,槐花
TCMF9586,风湿痹痛，筋骨疼痛，跌打损伤。,没药，乳香，红花，香加皮，马钱子，骨碎补，地龙,防己
TCMF9018,肝肾阴虚，目涩畏光，视物模糊，迎风流泪。,熟地黄，山茱萸，山药，茯苓，泽泻，牡丹皮，枸杞子，菊花，白芍，当归，枳壳,石决明
TCMF10422,风寒湿痹，筋骨疼痛，跌打损伤，瘀血肿痛。,荆芥，没药，苏合香，木香，白及，大黄，赤芍，白蔹，白芷，川芎，当归，防风，陈皮，香橼，桂枝，肉桂，地龙，僵蚕,乳香
TCMFx5747,疮疡,羌活，独活，陈皮，五加皮，甘草，白芷，大黄，防风，赤芍，天花粉，黄柏，桂枝,天南星
TCMF9669,糖尿病，消渴，口渴多饮，多食易饥，尿频量多，形体消瘦，疲乏无力。,黄芪，人参，知母，天花粉，葛根，五味子，地骨皮，鸡内金,山药
TCMF10019,肝肾不足，气血两虚，月经不调，崩漏带下，腰膝酸软，头晕目眩。,人参，黄芪，熟地黄，天冬，丹参，白芍，川芎，山药，芡实，香附，银柴胡，鹿角胶，鹿角霜，鳖甲，牡蛎，桑螵蛸，甘草,当归
TCMF11620,脾胃虚弱，食少便溏，气短咳嗽，肢倦乏力。,甘草，豆蔻，莪术，砂仁，木香，厚朴，沉香，香附，檀香,柴胡
TCMF12108,高血压，头痛，眩晕，失眠。,羚羊角，珍珠母，黄芩，郁金，黄连，辛夷，栀子，冰片，雄黄,朱砂
TCMF7490,月经不调，气血两虚，面色萎黄，头晕心悸。,当归，川芎，白芍，熟地黄，黄芪，白术，茯苓，甘草,党参
TCMF7330,气虚郁结，心悸失眠，食欲不振，神疲乏力。,党参，白术，茯苓，柴胡，白芍，当归，香附，炙甘草,黄芪
TCMF7078,"营卫气血不足, 风邪入侵, 营血痺阻, 肌肉麻木, 手足无力",黄芪，白芍，生姜，大枣,桂枝
TCMF9433,乳腺增生，乳房胀痛，乳癖,半枝莲，瓜蒌，赤芍，香附，制天南星，陈皮，青皮,野菊花
TCMFx3872,"阳痿, 早泄, 滑精, 梦遗, 腰痛",龟甲胶，鹿角胶，补骨脂，续断，杜仲，熟地黄，当归，白芍，枸杞子，五味子，山药，山茱萸，麦冬，芡实，肉桂，附子，牡丹皮，泽泻，茯苓,巴戟天
TCMF12226,感冒发热，头痛鼻塞，咳嗽痰多，胸闷不适。,薄荷，广藿香，黄芩，香薷，紫苏梗，紫苏叶，甘草，槐花,葛根
TCMF10849,热病神昏，高热惊厥，烦躁不安，口渴引饮，尿赤便秘，小儿惊风。,石膏，羚羊角，玄参，升麻，甘草，木香，沉香，丁香，滑石，朱砂，磁石，麝香,芒硝
TCMF2845,"心悸, 不寐, 健忘, 遗精, 盗汗, 耳聋, 耳鸣",红参，鹿茸，酸枣仁，熟地黄，玄参，远志，麦冬，五味子，当归，川芎，牛膝，山药，补骨脂，枸杞子，朱砂,茯苓
TCMF11073,中风后遗症，肢体麻木，言语不利，头痛眩晕。,丹参，黄芪，水蛭,川芎
TCMF7534,伤寒里热已炽，表证未解,石膏，黄芩，黄连，栀子，甘草,黄柏
TCMFx470,"胃脘痛, 腹胀",肉桂，牡蛎，砂仁，白芍，延胡索，小茴香，高良姜,甘草
TCMF10950,肾虚精亏，腰膝酸软，头晕耳鸣，须发早白。,墨旱莲，女贞子，肉苁蓉，熟地黄，五味子，覆盆子，桑椹,菟丝子
TCMF9710,肾虚腰痛，腰膝酸软，神疲乏力，畏寒肢冷。,黄芪，人参，杜仲，巴戟天，淫羊藿，茯苓，肉苁蓉，五味子，枸杞子，熟地黄，黄柏，牡蛎，龟甲，鹿茸,菟丝子
TCMF10684,寒湿痹痛，脾胃虚寒，心悸失眠。,制草乌，肉豆蔻，沉香，丁香，珍珠，磁石,石菖蒲
TCMF956,"风温, 感冒",山银花，连翘，牛蒡子，桔梗，芦根，薄荷，淡豆豉，甘草，荆芥，人工牛黄,淡竹叶
TCMFx4194,感冒,荆芥，防风，羌活，独活，前胡，柴胡，川芎，枳壳，桔梗，甘草,茯苓
TCMF12004,小儿热毒，疮疖脓肿，口舌生疮，咽喉肿痛。,黄芩，黄连，龙胆，玄参，连翘，菊花，茯苓，天花粉，桔梗，冰片，水牛角，朱砂，青黛,大黄
TCMF4057,"眩晕, 口疮, 乳蛾",牛黄，菊花，麦冬，薄荷，石膏，栀子，玄参，番泻叶，黄芩，连翘，桔梗，黄柏，甘草，牵牛子，枳实，冰片,大黄
TCMF12097,脑血栓形成，脑栓塞，脑出血后遗症，脑动脉硬化，高血压等引起的头痛，眩晕，肢体麻木，半身不遂，语言障碍等症状。,丹参，川芎，赤芍，红花，当归，地龙，水蛭，桃仁，牛膝，葛根，天麻，钩藤，石决明，羚羊角，人工牛黄,冰片
TCMF8291,肾虚腰痛，头晕耳鸣，遗精盗汗，四肢乏力。,人参，黄芪，黄精，何首乌，枸杞子，肉苁蓉，冬虫夏草，淫羊藿，茯苓，白术，天冬，五味子，海马，三七，菟丝子，黑芝麻,鹿茸
TCMF1424,"手足厥寒, 脉细欲绝者, 当归四逆汤主之下利脉大者, 虚也, 以强下之故也设脉浮革, 因尔肠鸣者, 属当归四逆汤",桂枝，白芍，细辛，甘草，木通，大枣,当归
TCMF11198,湿热蕴结，发热口渴，胸闷腹胀，小便短赤，黄疸，痢疾。,黄芩，茵陈，滑石，川贝母，射干，广藿香，连翘，木通，石菖蒲，薄荷,豆蔻
TCMF10379,气滞血瘀所致的胸痹、头痛、眩晕、心悸、失眠、月经不调、痛经。,红花，川芎，赤芍，柴胡，枳壳，当归，牛膝，桔梗，甘草,桃仁
TCMF7825,月经不调，痛经，崩漏，带下，产后恶露不绝，体虚乏力。,当归，熟地黄，黄芪，川芎，香附，杜仲，艾叶，麦冬，益母草，白芍，茯苓，砂仁，陈皮，阿胶,白术
TCMF10875,咳嗽，痰多，气喘。,川贝母，枇杷叶,蜂蜜
TCMF8423,肾虚腰痛，腰膝酸软，神疲乏力，头晕耳鸣。,杜仲，何首乌，党参，女贞子，枸杞子，熟地黄，淫羊藿，酸枣仁，甘草,当归
TCMF8583,风湿痹痛，筋骨痿软，腰膝酸软，四肢麻木。,秦艽，麻黄，黄连，制草乌，秦皮，苦杏仁，沉香，柴胡，甘草,黑芝麻
TCMF8688,外感风寒湿邪，头痛身痛，恶寒发热，鼻塞流涕。,防风，苍术，细辛，白芷，川芎，黄芩，甘草,羌活
TCMF9453,乳癖，乳痈，乳腺增生，乳房胀痛。,夏枯草，鸡血藤，昆布，天花粉，漏芦，木香，蒲公英，海藻，赤芍，牡丹皮，连翘，三七，玄参，鹿角,红花
TCMF7399,肾虚腰痛，腰膝酸软，下肢水肿，小便不利。,杜仲，续断，桑寄生，白术，茯苓，枳实，猪苓，车前子，甘草,泽泻
TCMF757,胸痹,三七，川芎，山楂，何首乌,丹参
TCMF12286,跌打损伤，瘀血肿痛，筋骨疼痛。,没药，乳香，红花，赤芍，当归，大黄，天花粉，骨碎补，三七，续断，自然铜,麻黄
TCMF11947,风寒湿痹，筋骨疼痛，跌打损伤，瘫痹拘挛。,荆芥，猪牙皂，没药，乳香，三棱，莪术，苍术，木香，何首乌，大黄，麻黄，细辛，草乌，赤芍，川乌，附子，威灵仙，连翘，桃仁,海风藤
TCMFx3441,"腹胀, 类霍乱, 腹痛, 呕吐, 腹泻",广藿香，厚朴，苦杏仁，砂仁，半夏，木瓜，茯苓，白术，人参，甘草，紫苏叶，香薷,白扁豆
TCMF11782,热病神昏，中风痰迷，惊风抽搐，癫痫发狂，头痛，眩晕，目赤，咽喉肿痛，口舌生疮，牙龈肿痛，大便燥结。,牛黄，麝香，黄芩，黄连，黄柏，栀子，冰片，石膏，大黄，钩藤，防风，赤芍，麦冬，连翘，金银花，桔梗，朱砂，雄黄，甘草,当归
TCMF7844,慢性盆腔炎、附件炎、阴道炎等妇科炎症,丹参，苦参，三棱，莪术，川楝子，赤芍，当归，香附，山药，芡实，延胡索，关黄柏,土茯苓
TCMF8406,胸痹心痛，胸闷气短，心悸失眠。,红花，木香，檀香，人工牛黄,甘草
TCMFx3378,急惊风,全蝎，僵蚕，蝉蜕，防风，羌活，麻黄，桔梗，半夏，黄连，大黄，甘草，人工牛黄，朱砂，冰片,麝香
TCMFx3886,"惊悸, 不寐, 眩晕, 耳鸣",龟甲胶，鹿角胶，酸枣仁，远志，茯苓，熟地黄，当归，川芎，黄芪，党参，丹参，白术，砂仁，山药，芡实，甘草,白芍
TCMF7801,气血两虚，疲劳乏力，免疫力低下。,当归，枸杞子，大枣，西洋参，淫羊藿，阿胶,黄芪
TCMF9564,风热感冒，头痛，咳嗽，咽痛，便秘。,薄荷，荆芥，黄芩，连翘，桔梗，菊花，大黄，栀子，白芷，川芎，黄柏,防风
TCMF7275,热病，邪入心包，高热惊厥，神昏谵语。,牛黄，麝香，冰片，郁金，水牛角，黄芩，黄连，栀子，珍珠，雄黄,朱砂
TCMFx6508,"胸痹, 真心痛, 心悸, 怔忡",人参，附子，蟾酥，麝香，红花，冰片，灵芝，珍珠,人工牛黄
TCMF12152,心悸失眠，头晕目眩，健忘多梦，心烦不安。,麦冬，柏子仁，丹参，党参，桔梗，首乌藤，五味子，当归，玄参，朱砂,茯苓
TCMF11720,肝肾不足，气血两虚，腰膝酸软，头晕目眩，心悸失眠。,人参，龟甲，何首乌，熟地黄，山茱萸，山药，丹参，杜仲，灵芝，砂仁，菊花，肉苁蓉，赤芍，牡丹皮，五味子，当归，玄参，菟丝子，泽泻,麦冬
TCMF12179,脾胃虚弱，食少便溏，气短咳嗽，肢倦乏力。,党参，白术，茯苓，半夏，陈皮，生姜，大枣,炙甘草
TCMFx791,"偏枯, 痹病",川乌，红花，血竭，乳香，没药，土鳖虫，地龙，全蝎，川牛膝，桂枝,人参
TCMF9279,肝胆湿热，黄疸，胁痛，口苦，尿黄。,大黄，赤芍，黄连，莲子心，青黛,海金沙
TCMF7653,湿热泄泻，腹痛，里急后重，肛门灼热，小便短赤。,葛根，黄芩，炙甘草，炙黄芪，白术，茯苓，泽泻，车前子，木香，槟榔,黄连
TCMF12283,肾虚腰痛，腰膝酸软，头晕耳鸣，遗精早泄，月经不调。,鹿茸，杜仲，黄芪，西洋参，当归，白芍，熟地黄，麦冬，黄芩，茯苓，白术，川芎，柴胡，牡丹皮，续断，肉桂，陈皮，佛手，阿胶,艾叶
TCMF3097,"惊悸, 健忘",党参，甘草，肉桂，当归，白术，白芍，黄芪，陈皮，远志，熟地黄，五味子,茯苓
TCMF8964,感冒风寒，发热恶寒，头痛身痛，鼻塞流涕，咳嗽痰多。,麻黄，桂枝，薄荷，防风，羌活，桔梗，前胡，苦杏仁，生姜，大枣，白芍，甘草，陈皮，枳壳,蜂蜜
TCMF8305,肝肾阴虚，腰膝酸软，头晕目眩，耳鸣耳聋，潮热盗汗，遗精早泄。,天冬，杜仲，牛膝，熟地黄，黄柏，龟甲,麦冬
TCMF12047,小儿感冒，发热，咳嗽，咽痛，食欲不振。,川贝母，麦冬，天竺黄，天花粉，牛蒡子，连翘，大黄，钩藤，金银花，柴胡，玄参，陈皮，橘红，冰片，牛黄，水牛角,山楂
TCMF8271,咳嗽，痰多，气喘。,浙贝母，桔梗，南沙参,枇杷叶
TCMF11821,肝肾阴虚，须发早白，头晕目眩，腰膝酸软。,黄芪，墨旱莲，制何首乌，熟地黄，赤芍，五味子，女贞子，当归，菟丝子,桑椹
TCMF8956,湿热下注，带下病，阴道炎，宫颈糜烂。,白术，山慈菇，当归，淫羊藿，人参,苦参
TCMF729,喉痹,鱼腥草，黄芩，连翘，金银花,板蓝根
TCMF10283,风寒感冒，发热恶寒，咳嗽痰稀，鼻塞流涕，头痛身痛。,麻黄，桂枝，干姜，细辛，法半夏，白芍，炙甘草,五味子
TCMF8264,咳嗽，气喘，痰多。,麻黄，苦杏仁，百部，桔梗，罂粟壳，甘草,石膏
TCMFx90,"咽喉肿痛, 发热, 牙痛, 目赤",麦冬，栀子,穿心莲
TCMF11917,月经不调，痛经，闭经，血瘀腹痛。,丹参，莪术，红花，大黄，桃仁，当归，香附，肉桂,青皮
TCMF9452,乳腺增生，乳痛，乳房肿块。,夏枯草，昆布，海藻，天花粉，红花，漏芦，木香，赤芍，牡丹皮，连翘，三七，玄参，鹿角,鸡血藤
TCMF8404,跌打损伤，瘀血肿痛，闪腰岔气。,乳香，没药，血竭，自然铜，麝香,土鳖虫
TCMF9372,外感风热、内郁化火所致的风热感冒、发热、咽喉肿痛、口渴、咳嗽、尿黄；急性咽炎、急性扁桃体炎、上呼吸道感染见上述证候者。,半枝莲，蒲公英,虎杖
TCMF6767,"清热燥湿, 活血化瘀, 调经止带。用于湿热下注所致的带下量多, 月经量少, 后错, 痛经, 附件炎等。",杠板归，苦参，黄柏，鸡血藤，红花龙胆，土茯苓，当归,益母草
TCMF11114,风湿痹痛，跌打损伤，疮疡肿毒。,巴豆霜，蓖麻子，甘遂，猪牙皂，三棱，天花粉，莪术，大黄，细辛，草乌,麻黄
TCMF438,"胸腹胀满, 消化不良, 呕吐恶心, 停食停水, 气滞闷郁, 胃脘刺痛",枳壳，木香，柴胡，丁香，高良姜，陈皮，豆蔻，砂仁，延胡索，檀香，片姜黄，厚朴，沉香，青皮，甘草，莪术，肉桂,香附
TCMF8152,子宫肌瘤，子宫内膜异位症，盆腔炎性包块。,黄芩，桃仁，白芍，蒲黄，土鳖虫，水蛭，甘草，牡蛎,枳实
TCMF9082,胃寒疼痛，脘腹胀满，食欲不振，呕吐泄泻。,炮姜，黄芪，丹参，延胡索，砂仁，肉桂，白及，五倍子，甘草,白芍
TCMFx1212,咳逆,血竭，麝香，冰片，乳香，红花，朱砂，儿茶,没药
TCMF7906,肾虚腰痛，阳痿早泄，遗精滑精，夜尿频多，畏寒肢冷。,韭菜子，巴戟天，淫羊藿，肉苁蓉，五味子，覆盆子，金樱子，枸杞子，蛇床子，菟丝子，川牛膝，人参，海马，鹿茸,川楝子
TCMF7815,月经不调，痛经，气血两虚。,党参，当归，麦冬，白芍，益母草，香附，艾叶,三七
TCMF12284,气滞血瘀，胸胁胀痛，月经不调，痛经。,柴胡，香附，川芎，白芍，白芷，芥子，甘草,郁李仁
TCMF652,慢性肾炎,苍术，茯苓，白茅根，防己，人参，菟丝子，枸杞子，金银花，蒲公英,黄精
TCMF12383,大便带血，痔核脱出，肛门疼痛,没药，麝香,乳香
TCMF11040,肾虚腰痛，腰膝酸软，遗精早泄，阳痿不举，头晕耳鸣，四肢无力。,补骨脂，杜仲，肉苁蓉，黄芪，枸杞子，茯苓，泽泻，牡丹皮，白芍，甘草,熟地黄
TCMF11366,肝肾不足，气血亏损，须发早白，头晕目眩，腰膝酸软。,黄精，制何首乌，柏子仁，杜仲，白芍，女贞子，枸杞子，山茱萸，黄连，牡丹皮，五味子，木瓜，川芎，当归，羌活，桑椹，桑叶，大枣,茯苓
TCMFx6950,"体虚感冒, 恶寒发热, 头痛鼻塞, 咳嗽痰多",陈皮，枳壳，甘草，木香，半夏，紫苏叶，葛根，前胡，人参，茯苓，生姜，大枣,桔梗
TCMF5620,"痈疽, 疮疡",穿山甲，防风，陈皮，天花粉，甘草，浙贝母，当归，白芷，皂角刺，乳香，没药，赤芍,金银花
TCMF10289,肝郁气滞，心神不宁，失眠多梦，头晕目眩。,麦冬，柏子仁，车前子，黄芩，茯苓，龙胆，栀子，远志，牡蛎，珍珠母,酸枣仁
TCMF7733,治妇人血海疼痛,乌药，香附，木香，甘草,当归
TCMF8063,气虚自汗，盗汗，四肢乏力，面色苍白。,黄芪，党参，五味子,麻黄根
TCMF9773,脾虚湿盛，肥胖，乏力，腰膝酸软。,黄芪，人参，茯苓，白术，何首乌，当归，核桃仁，鹿茸，枸杞子，狗脊，黄柏,远志
TCMF10489,心悸，失眠，胸闷，气短，心绞痛。,丹参，红参，五味子，白芍，当归，香附，砂仁，酸枣仁，附子，肉桂，全蝎，甘草,延胡索
TCMF8639,气阴两虚，心悸失眠，头晕目眩，腰膝酸软。,黄精，麦冬，知母，丹参，粉葛，苦参，茯苓，佩兰，何首乌，黄连，地骨皮，山茱萸，荔枝核，人参,淫羊藿
TCMF7884,湿热下注所致的淋证，症见小便短赤、淋沥涩痛、口燥咽干等。,川木通，大黄，栀子，瞿麦，灯心草，滑石，甘草,车前子
TCMFx7221,用于外感风邪所致的头痛，或有恶寒、发热、鼻塞。,川芎，羌活，白芷，荆芥，防风，甘草,薄荷
TCMFx6889,"清热解毒, 燥湿杀虫, 止痒。用于湿热蕴毒所致的湿疹, 及阴道炎症见带下量多, 色黄臭秽, 阴道瘙痒。",黄柏，地肤子，蛇床子，花椒，白矾,苦参
TCMF9179,肝肾不足，腰膝酸软，筋骨痿弱，头晕目眩。,人参，黄芪，麦冬，补骨脂，乳香，秦艽，川芎，泽泻，鹿角,地骨皮
TCMF2845,"心悸, 不寐, 健忘, 遗精, 盗汗, 耳聋, 耳鸣",红参，鹿茸，酸枣仁，熟地黄，茯苓，玄参，远志，麦冬，五味子，当归，川芎，牛膝，山药，补骨脂，朱砂,枸杞子
TCMF8083,肝硬化，肝腹水，胁痛，黄疸，食欲不振。,党参，茯苓，白术，白茅根，地龙，鳖甲，砂仁，青皮，枳实，白芍，茜草，当归,甘草
TCMF188,"脾气虚弱, 四肢无力",人参，黄芪，天麻，熟地黄，泽泻，决明子，鹿角，菟丝子，细辛，枸杞子,当归
TCMF7531,慢性肝炎，肝硬化，肝功能不全。,黄芪，当归，白芍，丹参，柴胡，郁金，茵陈，甘草,板蓝根
TCMF9019,肝肾阴虚所致的目涩、视物模糊、头晕耳鸣、腰膝酸软。,决明子，菊花，女贞子，牛膝，滑石粉,枸杞子
TCMF11806,心悸失眠，头晕目眩，心烦易怒，胸闷气短。,丹参，酸枣仁，远志，茯苓，白芍，川芎，当归，黄芪，党参,甘草
TCMF10777,痔疮出血，肛裂出血，直肠炎出血等。,侧柏叶，荆芥，槐花，地榆，陈皮,蜂蜜
TCMF8690,肝风内动，头晕目眩，耳鸣，肢体麻木。,龙胆，钩藤，法半夏，熟地黄，龟甲，僵蚕，青礞石,天麻
TCMF7792,肾虚阳痿，早泄，遗精，腰膝酸软，神疲乏力。,丹参，黄芪，淫羊藿，蛇床子，肉苁蓉，五味子，菟丝子，车前子，覆盆子,枸杞子
TCMF7732,症积,柴胡，鳖甲，党参，黄芪，丹参，郁金，大黄，白芍，鸡内金，青皮，人参，灵芝,牡蛎
TCMF450,感冒,桂枝，白芷，防风，荆芥穗，白芍，桔梗，甘草，柴胡，葛根，苦杏仁，生姜,羌活
TCMF8724,鼻渊，鼻塞，流脓涕，头痛，嗅觉减退。,苍耳子，辛夷，薄荷，栀子，白芷，川芎，细辛，桔梗，甘草,黄芩
TCMF10982,肾虚阳痿，腰膝酸软，畏寒肢冷，精神不振，头晕耳鸣。,韭菜子，补骨脂，杜仲，肉苁蓉，锁阳，淫羊藿，红参，天冬，熟地黄，砂仁，丁香，海马,巴戟天
TCMF11221,气血两虚，腰膝酸软，神疲乏力，头晕耳鸣。,人参，黄精，炙黄芪，炙甘草，白芍，女贞子，枸杞子，金樱子，淫羊藿，麦芽，蜂蜜,菟丝子
TCMF11484,胸腹胀满，消化不良，食欲不振，恶心呕吐。,广藿香，木香，砂仁，陈皮，青皮，枳壳，苍术，草果，山楂，莱菔子，大黄，厚朴，槟榔,麦芽
TCMF8310,鼾症，呼吸暂停综合症,红景天，半边莲，牛蒡子，土木香，甘草,麻黄
TCMF8705,痰热咳嗽，痰多粘稠，胸闷气促。,川贝母，前胡，款冬花，枇杷叶，半夏，橘红，木香，远志,桔梗
TCMF10543,肾虚水肿，腰膝酸软，小便频数。,附子，肉桂，熟地黄，女贞子，山药，车前子，茯苓，郁金，五味子，地骨皮，蜂蜜,泽泻
TCMF3103,痹病,红参，肉桂，麻黄，熟地黄，大黄，防风，片姜黄，乌梢蛇，草豆蔻，独活，白芷，玄参，赤芍，青皮，苍术，僵蚕，粉萆薢，乳香，乌药，香附，桑寄生，没药，骨碎补，葛根，穿山甲，白附子，冰片，红花，威灵仙，厚朴，狗脊，苦参，巴戟天，地龙，鸡血藤，仙鹤草，丹参,甘草
TCMF10137,胃痛，痞满，呕吐，泄泻。,广藿香，砂仁，豆蔻，木香，香附，茯苓，白术，生姜，半夏，枳实，大枣，甘草,陈皮
TCMF4970,咳嗽,前胡，苦杏仁，天花粉，浙贝母，桔梗，枳壳，茯苓，桑白皮，莱菔子，紫苏子，陈皮,瓜蒌
TCMF8829,急慢性肝炎，迁延性肝炎，肝硬化，肝功能不全。,茵陈，郁金，黄芪，当归，五味子，甘草,板蓝根
TCMF10131,脾胃虚弱，脘腹胀痛，食欲不振，消化不良。,党参，白术，木香，厚朴，香附，延胡索，海螵蛸,砂仁
TCMF277,"脾胃虚寒, 脘腹疼痛, 喜温喜按, 嘈杂吞酸, 食少; 胃及十二指肠溃疡见上述证候者",桂枝，白芍，生姜，大枣,甘草
TCMF11631,肾阴虚，腰膝酸软，头晕耳鸣，遗精盗汗。,山茱萸，山药，茯苓，泽泻,熟地黄
TCMFx5820,"感冒, 风温",连翘，薄荷，荆芥，牛蒡子，桔梗，淡豆豉，芦根，淡竹叶，甘草,金银花
TCMFx817,"胁痛, 眩晕, 月经失调",柴胡，当归，白芍，茯苓，甘草，薄荷，生姜,白术
TCMF7321,气虚血弱，崩漏下血，月经不调，面色苍白，神疲乏力。,黄芪，党参，白术，当归，升麻，陈皮，炙甘草，生姜，大枣,柴胡
TCMF10933,鼻塞，流涕，头痛，发热。,薄荷，苍耳子，辛夷，鹅不食草，麻黄，白芷,黄芩
TCMF12238,感冒发热，头痛身痛，咳嗽痰多，胸闷呕恶。,薄荷，黄芩，夏枯草，广藿香，香薷，紫苏叶，茯苓，猪苓,荆芥
TCMFx3499,"眩晕, 头痛",天麻，茯苓，鹿茸，何首乌，人参，五味子,枸杞子
TCMF193,"鼻渊, 鼻鼽, 喉痹",千里光，卷柏，独活，决明子，麻黄，白芷,川芎
TCMF3753,"咳嗽, 喘病",紫菀，百部，枇杷叶，前胡，甘草，苦杏仁，麻黄，蓼大青叶,桔梗
TCMF12316,风寒湿痹，筋骨疼痛，脾胃虚弱，食欲不振。,薄荷，细辛，辛夷，木香，砂仁，红花，川牛膝，熟地黄，当归，枸杞子，大枣，甘草,豆蔻
TCMF4106,咳嗽,赭石，蛤壳，瓦楞子，紫苏子，知母，枇杷叶，桑白皮，百部，南沙参，紫菀，白前，麻黄，苦杏仁,桑叶
TCMF8011,高血压，头痛，眩晕。,夏枯草，白芍,槐角
TCMF12090,脾胃虚弱，久泻久痢，腹痛腹胀。,人参，白术，茯苓，甘草，白芍，肉豆蔻，罂粟壳，陈皮,诃子
TCMF11559,风湿痹痛，跌打损伤，筋骨疼痛，腰腿酸痛。,没药，乳香，木鳖子，红花，大黄，草乌，赤芍，川乌，附子，金银花，白芷，黄柏，肉桂，血竭，冰片，乌梢蛇,马钱子
TCMF9375,外感风寒，内伤湿滞，发热恶寒，头痛身重，胸闷呕吐，腹痛泄泻。,人参，薄荷，生姜，柴胡，川芎，独活，羌活，茯苓，桔梗,枳壳
TCMF8353,气血两虚，肝肾不足，头晕目眩，腰膝酸软，须发早白。,黄芪，太子参，当归，杜仲，枸杞子，桑椹，墨旱莲，制何首乌，知母，天花粉，肉苁蓉，黑芝麻，山楂，山药，蜂蜜,丹参
TCMF3576,感冒,麻黄，菊花，白术，羌活，防风，石膏，葛根，钩藤,生姜
TCMF12053,小儿腹泻，消化不良，脾胃虚弱。,广藿香，地榆，肉豆蔻，丁香，赤石脂,石榴皮
TCMF7837,月经不调，痛经，产后腹痛，气血两虚。,益母草，紫苏叶，甘草，茯苓，砂仁，党参，白术，木香，白芍，沉香，川芎，当归，香附，川牛膝，熟地黄，陈皮，乌药，阿胶,黄芩
TCMF1038,痹病,乳香，没药，红花，威灵仙，川牛膝，香附，姜黄，当归，丹参，川芎,黄芪
TCMF11164,肝肾不足，气血两虚，腰膝酸软，月经不调，带下。,杜仲，熟地黄，党参，白术，白芍，黄芩，艾叶，荆芥，延胡索，茯苓，砂仁，香附,当归
TCMF7844,慢性盆腔炎、附件炎、阴道炎等妇科炎症,土茯苓，丹参，苦参，三棱，莪术，川楝子，赤芍，当归，山药，芡实，延胡索，关黄柏,香附
TCMF8911,肾阳不足，腰膝酸软，畏寒肢冷，阳痿早泄，夜尿频多。,鹿茸，人参，熟地黄，山药，茯苓，白术，牡丹皮，枸杞子，淫羊藿,山茱萸
TCMF9179,肝肾不足，腰膝酸软，筋骨痿弱，头晕目眩。,人参，黄芪，补骨脂，乳香，秦艽，地骨皮，川芎，泽泻，鹿角,麦冬
TCMF10595,风热感冒，发热头痛，咳嗽口干，咽喉疼痛。,薄荷，荆芥，金银花，连翘，淡豆豉，桔梗，淡竹叶，芦根，甘草,牛蒡子
TCMF9748,湿热下注所致的阴痒、带下量多、色黄味臭；霉菌性阴道炎、滴虫性阴道炎见上述证候者。,土茯苓，重楼，苦参，苍术，蛇床子，花椒，黄柏，蝉蜕,皂角刺
TCMF10217,小儿腹泻，脾胃虚弱，食少便溏。,葛根，党参，白术，茯苓，木香，甘草,广藿香
TCMF1799,"治肺肾虚寒, 水泛为痰, 或年迈阴虚, 血气不足, 外受风寒, 咳嗽呕恶, 多痰喘急等证",当归，熟地黄，半夏，茯苓，甘草,陈皮
TCMF12101,鼻渊，鼻塞，流脓涕，头痛，嗅觉减退。,薄荷，黄芩，龙胆，菊花，蔓荆子，细辛，辛夷，白芷，柴胡，川芎，防风，桔梗，枳壳，水牛角,荆芥穗
TCMF10576,肾虚腰痛，头晕耳鸣，须发早白，记忆力减退。,核桃仁，红花，何首乌，黑芝麻,银杏叶
TCMF10579,泌尿系统感染，尿路结石，小便不利等。,车前子，半枝莲，淡竹叶，川木通，桑寄生，瞿麦，灯心草,金银花
TCMF12032,脾胃虚弱，气血不足，心悸失眠，食欲不振。,黄芪，人参，麦冬，当归，阿胶，鸡血藤，茯苓，灵芝，五味子，酸枣仁，山楂，龙眼肉，肉桂,丹参
TCMF12452,腹痛腹泻，便血，肛门脱出，里急后重,黄连，川楝子，木香，阿胶，吴茱萸,当归
TCMFx3025,痹病,白术，茯苓，甘草，肉桂，党参，川乌,防己
TCMF5686,"心悸, 不寐, 耳鸣, 眩晕",党参，酸枣仁，茯苓，远志，白术，莲子，山药，丹参，大枣，龙眼肉，石菖蒲,陈皮
TCMF8912,骨质疏松，腰膝酸软，乏力，盗汗。,麦冬，甘草，党参，茯苓，白术，南五味子，大枣，山药，牡蛎，龟甲，鸡内金,黄芪
TCMFx3603,感冒,党参，紫苏叶，桔梗，葛根，茯苓，陈皮，前胡，枳壳，甘草，麦冬，桑白皮,半夏
TCMF6510,虚劳,党参，黄芪，熟地黄，当归，白术，茯苓，五味子，远志，肉桂，陈皮，大枣，甘草，生姜,白芍
TCMFx5122,跌打损伤,防风，枳壳，浙贝母，知母，天南星，瓜蒌，白芷，红花,当归
TCMF9087,咳嗽，气喘，痰多，胸闷。,百部，浙贝母，紫苏叶，紫苏子，甘草，茯苓，桔梗，款冬花，紫菀，麻黄，苦杏仁，枇杷叶，北沙参，前胡，芥子，法半夏，陈皮，枳壳,天冬
TCMF9651,湿热下注，痔疮肿痛，大便出血。,侧柏叶，槐花，苍术，大黄，制川乌，苦杏仁，山银花，羌活，槟榔,赤石脂
TCMF12386,面黄肌瘦，腹部膨胀，食欲不振，夜卧不宁，大便不调,胡黄连，当归，川楝子,木香
TCMF8762,风寒感冒，头痛，鼻塞，四肢酸痛。,生姜，红花，川芎，丁香,当归
TCMF11438,咳嗽痰多，胸闷气急。,川贝母，紫苏子，桔梗，款冬花，紫菀，麻黄，苦杏仁，枇杷叶，前胡，半夏，天花粉，木香，橘红，肉桂，甘草,远志
TCMF8181,肺肾两虚，久咳虚喘，气短乏力。,补骨脂，炙甘草，茯苓，党参，白术，五味子,麦冬
TCMF8411,血瘀引起的头痛、眩晕、肢体麻木、胸痹心痛。,益母草，葛根，川芎，何首乌，肉苁蓉，牛膝，泽泻，西洋参,红花
TCMF7643,高血压病，头晕目眩，腰膝酸软，头痛失眠。,杜仲，钩藤，牛膝，桑寄生，地龙，丹参，川芎，木香，红花,夏枯草
TCMF9670,脾胃虚弱，食少便溏，气短咳嗽，肢倦乏力。,人参，山药，白术，茯苓，薏苡仁，白扁豆，桔梗，甘草,砂仁
TCMF8541,湿热泄泻，腹痛，里急后重，大便脓血。,黄连，黄芩，黄柏，白头翁，金银花，连翘，葛根，甘草,秦皮
TCMF7841,脾胃虚弱，食少便溏，气短乏力，头晕心悸。,黄芪，党参，白术，茯苓，甘草，陈皮，当归，柴胡，生姜，大枣,升麻
TCMF9875,心悸失眠，健忘多梦，心烦口渴，大便干燥。,麦冬，天冬，柏子仁，酸枣仁，丹参，党参，茯苓，玄参，远志，石菖蒲，朱砂，五味子，桔梗，甘草,当归
TCMF7968,血虚证，面色萎黄，头晕乏力，心悸失眠。,当归,三七
TCMF10626,风热感冒，咽喉肿痛，咳嗽痰黄，尿黄便结。,穿心莲，鱼腥草，玄参，人工牛黄,栀子
TCMF11062,瘀血内阻，胸胁胀痛，腹部疼痛，消化不良。,三棱，莪术，大黄，赤芍，山楂，延胡索，炮姜，青皮，枳壳，枳实，槟榔，玄明粉,木香
TCMF7450,肾阳不足，腰膝酸软，畏寒肢冷，夜尿频多。,熟地黄，山茱萸，山药，泽泻，牡丹皮，附子，肉桂,茯苓
TCMF3361,"月经失调, 痛经, 带下病",当归，益母草，川芎，丹参，白芍，香附，泽兰，附子，小茴香，红花，吴茱萸，延胡索，艾叶，莪术，三棱，牛膝，木香，胡椒，肉桂，没药，甘草,乌药
TCMFx3480,"眩晕, 耳鸣, 心悸, 不寐, 月经失调",人参，鹿茸，鹿角胶，龟甲胶，三七，黄芪，党参，熟地黄，五味子，当归，茯苓，白术，山药，白芍，肉桂，砂仁，香附，远志，大枣，陈皮，甘草,枸杞子
TCMF8187,水肿，小便不利，腹胀，腹泻。,白芍，茯苓，泽泻，白术，猪苓，桂枝，炙甘草,车前子
TCMF9385,心悸失眠，健忘多梦，头晕目眩，腰膝酸软。,人参，枸杞子，桑椹，麦冬，五味子，酸枣仁，柏子仁，远志，石菖蒲，茯苓,甘草
TCMFx3824,咳嗽,陈皮，半夏，茯苓，甘草,生姜
TCMF10995,头晕目眩，腰膝酸软，神疲乏力，失眠健忘。,鹿茸，人参，何首乌，枸杞子，天麻，茯苓,五味子
TCMF7267,久嗽、痰喘气逆、喘息不眠。,桔梗，知母，前胡，半夏，川贝母，苦杏仁，百部,罂粟壳
TCMF9326,清热解毒，消肿止痛，用于咽喉肿痛，口舌生疮，牙龈肿痛。,儿茶，大黄，丁香，肉桂，冰片，青果，青黛,黄芩
TCMFx5245,痹病,山药，杜仲，牛膝，甘草，木香，乳香，没药，自然铜，羌活，地枫皮，红花，防风，续断，柴胡，狗脊，麻黄，马钱子,千年健
TCMF8899,肾虚腰痛，头晕耳鸣，神疲乏力，须发早白。,黄芪，巴戟天，麦冬，石斛，肉苁蓉，白术，沙苑子，山茱萸，鸡血藤，白芍，陈皮，五味子，女贞子，桑椹，墨旱莲,茯苓
TCMF11463,气血两虚，心悸失眠，腰膝酸软，须发早白。,黄精，麦冬，黄芪，党参，白术，何首乌，五味子，枸杞子，桑椹，山茱萸，丹参，柏子仁，黑豆，乌梅，山药，莲子，芡实，龙眼肉，甘草,玉竹
TCMF8406,胸痹心痛，胸闷气短，心悸失眠。,红花，檀香，甘草，人工牛黄,木香
TCMF9836,感冒发热，头痛身痛，咳嗽痰多，咽喉肿痛。,黄芩，荆芥穗，防风，羌活，天竺黄，天南星，法半夏，甘草,金银花
TCMF3857,喉痹,板蓝根，山豆根，连翘，青果，大黄，玄参，麦冬,黄芩
TCMF11421,感冒风寒，咳嗽痰多，胸闷不畅，头痛发热。,紫苏叶，麻黄，葛根，前胡，桔梗，法半夏，陈皮，枳壳，枳实，麦芽，甘草,木香
TCMF8283,清热解毒，利咽消肿。,菊花，金银花，冰片,胖大海
TCMF9719,肾虚，腰膝酸软，头晕耳鸣，遗精早泄，畏寒肢冷。,韭菜子，补骨脂，肉苁蓉，巴戟天，淫羊藿，女贞子，狗脊，熟地黄，当归，人参，丁香，菟丝子，牡蛎,山药
TCMF7805,表虚自汗，易感风邪，头痛，身痛，恶风，汗出。,黄芪，防风，生姜，大枣,白术
TCMFx4464,"风寒湿痹, 跌打损伤",独活，白芍，槲寄生，熟地黄，杜仲，秦艽，桂枝，防风，细辛，党参，甘草，当归，川芎，茯苓,牛膝
TCMF10924,风寒湿痹，筋骨疼痛，麻木不仁，肢体拘挛。,青风藤，海风藤，威灵仙，制草乌，制川乌，白芷，川芎，当归，牛膝，人参,木瓜
TCMF9435,乳腺增生，乳痛症，乳腺纤维瘤。,天冬，浙贝母，丹参，夏枯草，黄芪，没药，乳香，三棱，瓜蒌，白术，海藻，玄参，牡蛎，鸡内金,莪术
TCMF10628,气阴两虚所致的消渴病，症见口渴多饮、多食易饥、尿频量多、倦怠乏力、气短懒言、五心烦热、便秘。,黄芪，太子参，知母，天花粉，山药，五味子，鸡内金,葛根
TCMF9197,肝郁气滞引起的胸胁胀痛，胃脘疼痛，痛经。,柴胡，香附，延胡索，白芍，枳壳,甘草
TCMF12168,肾虚精亏，腰膝酸软，头晕耳鸣，遗精早泄，阳痿不育。,杜仲，巴戟天，淫羊藿，枸杞子，山茱萸，人参，鹿茸，天麻，附子，肉桂，菟丝子，当归，山药，蜈蚣,熟地黄
TCMF6434,急惊风,清半夏，厚朴，天竺黄，羌活，郁金，橘红，天南星，天麻，香附，延胡索，细辛，枳壳，三棱，青皮，降香，芥子，沉香，莪术，防风，羚羊角,乌药
TCMF8507,糖尿病，消渴症,黄精，麦冬，知母，丹参，葛根，黄芪，天花粉，枸杞子，山药，芡实，荔枝核，刺五加，玄参，枳壳，乌药，人参，牡蛎,熟地黄
TCMF11939,头痛，眩晕，目赤肿痛，口舌生疮，牙龈肿痛，咽喉肿痛，风热感冒。,薄荷，荆芥，黄芩，赤小豆，山豆根，天花粉，牛蒡子，赤芍，升麻，连翘，栀子，柴胡，川芎，当归，防风，羌活，大青叶，玄参,黄连
TCMF8529,皮肤瘙痒，湿疹，皮炎，脚气等。,苦参，苍术，黄柏，野菊花，蛇床子，土荆皮,花椒
TCMF189,"胁肋痛或剌痛, 抑郁烦闷, 食欲不振, 食后腹胀脘痞, 大便不调, 或胁下痞块",三七，郁金，蒺藜，姜黄，大黄，黄芩，山药，五味子,蜈蚣
TCMF3097,"解?, 惊悸, 健忘",党参，甘草，肉桂，当归，白芍，黄芪，陈皮，茯苓，远志，熟地黄，五味子,白术
TCMF9800,脑动脉硬化，脑血栓形成，脑栓塞，脑出血后遗症等引起的脑功能障碍,丹参，红花，川芎，何首乌，三七,人参
TCMF8750,疮疡肿毒，湿疹瘙痒，湿热黄疸，风湿痹痛。,土茯苓，黄芪，红参，茯苓，泽泻，野菊花，大黄，北沙参，防风，山茱萸，紫草，水牛角，羚羊角,牡丹皮
TCMFx25,冠心病稳定型心绞痛属心血瘀阻证者,川芎,当归
TCMF7568,肝气郁结，胸胁胀痛，食欲不振，情绪抑郁。,白芍，当归，茯苓，白术，香附，郁金，川芎，栀子，牡丹皮，甘草,柴胡
TCMF12138,肺虚咳嗽，气短乏力，痰多喘促。,西洋参，川贝母，玄参，麻黄，苦杏仁，砂仁，陈皮，石膏，罂粟壳，甘草,五味子
TCMF12221,咳嗽，痰多，气喘。,甘草,乌梅
TCMF331,"痞满, 胃脘痛",柴胡，延胡索，枳壳，香附，甘草,白芍
TCMF7407,阳痿,淫羊藿，巴戟天，肉苁蓉，蛇床子，枸杞子，菟丝子，五味子，覆盆子，山茱萸，熟地黄，当归，黄芪，人参，海马,鹿茸
TCMF7415,中风偏瘫，半身不遂，肢体麻木。,川芎，当归，川牛膝，桃仁，红花，茺蔚子，鸡血藤，忍冬藤，络石藤，地龙，土鳖虫，伸筋草，蜈蚣，全蝎，威灵仙，僵蚕，木瓜，金钱白花蛇,丹参
TCMF8333,痛经，月经不调，血瘀腹痛。,胡芦巴，苏木，木香，延胡索，丹参，红花，桃仁，牛膝，甘草,香附
TCMF11164,肝肾不足，气血两虚，腰膝酸软，月经不调，带下。,杜仲，熟地黄，党参，白术，当归，白芍，黄芩，艾叶，荆芥，茯苓，砂仁，香附,延胡索
TCMF10226,小儿腹泻，消化不良，胃肠功能紊乱。,车前草，广藿香，茯苓，苍术，厚朴，陈皮,泽泻
TCMF10963,气血两虚，腰膝酸软，头晕目眩，失眠多梦。,党参，红参，熟地黄，玉竹，鸡血藤，墨旱莲，女贞子，锁阳，狗脊，淫羊藿，续断,白术
TCMF7676,肾阳不足，精血亏损，腰膝酸软，畏寒肢冷，阳痿早泄，宫寒不孕。,熟地黄，杜仲，枸杞子，仙茅，巴戟天，韭菜子，蛇床子，附子，人参，白术,当归
TCMF9688,免疫力低下，易感冒，疲劳乏力，食欲不振。,黄芪，党参，白术，茯苓，甘草，金银花，连翘，蒲公英，紫花地丁,石斛
TCMFx3189,咳嗽,薄荷，菊花，苦杏仁，桑叶，连翘，枇杷叶，黄芩，桔梗，浙贝母，甘草,前胡
TCMF11866,风寒湿痹，关节疼痛，肌肉酸痛。,乳香，姜黄，艾叶，苍术，红花，细辛，川乌，独活，芥子,川芎
TCMF907,感冒,紫苏叶，桔梗，陈皮，茯苓，黄芩，前胡，苦杏仁，甘草，半夏，枳壳,麻黄
TCMF9503,跌打损伤，瘀血肿痛，筋骨疼痛。,乳香，没药，三棱，莪术，红花，桃仁，苏木，川芎，当归，柴胡，黄芩，骨碎补，续断,赤芍
TCMF11829,感冒发热，头痛鼻塞，咳嗽痰多，胸闷呕恶。,广藿香，香薷，黄芩，紫苏叶，葛根，茯苓，麦芽，干姜，砂仁，桔梗，苍术，青蒿，厚朴，山楂，柴胡，川芎，甘草，独活，防风,白芷
TCMF7495,胆石症，胆囊炎，胆道感染。,金钱草，茵陈，大黄，郁金，枳壳，木香，槟榔,芒硝
TCMF8890,胃痛，腹痛，消化不良，腹泻。,荜茇，豆蔻，余甘子,木香
TCMF9943,咽喉肿痛，扁桃体炎，口腔溃疡。,玄参,重楼
TCMF12257,妇人月经不调，经期腹痛，腰膝酸软，气血两虚。,党参，炙黄芪，当归，白芍，川芎，麦冬，黄芩，荆芥，益母草，杜仲，茯苓，砂仁，陈皮，艾叶，炙甘草,肉苁蓉
TCMF554,"冠心病, 高血压病所致轻, 中度充血性心力衰竭证",黄芪，附子，丹参，葶苈子，泽泻，玉竹，桂枝，红花，香加皮，陈皮,人参
TCMF11982,瘀血内阻，月经不调，痛经，闭经，产后瘀血腹痛。,益母草，黑豆，苏木，没药，乳香，莪术，红花，木香，香附，延胡索，大黄，当归，肉桂，乌药，僵蚕,桃仁
TCMF10230,小儿外感风热所致的咳嗽，症见咳嗽、痰黄黏稠、发热、咽痛。,麻黄，苦杏仁，石膏，百部，紫菀，甘草,桔梗
TCMF10922,中风，痰厥，惊风，癫痫等急症,川贝母，天麻，全蝎，僵蚕，大黄，黄连，冰片，牛黄，甘草,胆南星
TCMF9432,乳腺增生，乳癖，乳房胀痛。,浙贝母，夏枯草，皂角刺，乳香，昆布，海藻，三棱，莪术，郁金，柴胡，白芍，川芎，当归，玄参，枳壳，牡蛎,党参
TCMF7708,骨蒸劳热，午后潮热，夜间盗汗，口干咽燥，烦躁失眠，舌红少苔，脉细数。,秦艽，鳖甲，柴胡，知母，当归，青蒿，乌梅,地骨皮
TCMF8489,脾胃虚弱，胃脘疼痛，嗳气反酸，纳差乏力。,甘草，党参，白及，白芍，柴胡，青黛,延胡索
TCMF11680,外感风寒，内伤饮食，头痛身热，恶寒无汗，胸膈满闷，腹痛吐泻。,薄荷，广藿香，炙甘草，朱砂，没药，乳香，荜茇，豆蔻，砂仁，苏合香，白术，木香，天麻，细辛，沉香，防风，羌活，香附，诃子,肉豆蔻
TCMF3807,"腹胀, 腹痛, 呕吐",当归，白术，党参，白芍，茯苓，陈皮，半夏,甘草
TCMF10865,血虚发热，面色苍白，头晕目眩，心悸失眠，月经不调。,黄芪，当归，党参，熟地黄，川芎，茯苓，炙甘草,白芍
TCMF11311,肝火上炎，目赤肿痛，头痛眩晕，口苦咽干。,黄连，黄芩，龙胆，决明子，黄柏，茺蔚子，密蒙花，木贼，石决明，柴胡，青皮，枳壳,胡黄连
TCMF7926,气虚体弱，食欲不振，神疲乏力，自汗盗汗。,黄芪，党参，大枣,甘草
TCMFx152,咽喉急症,猪牙皂，细辛,鹅不食草
TCMFx3672,感冒,麻黄，苦杏仁，桂枝，白芍，防风，桔梗，独活，甘草，大枣，生姜，谷芽,紫苏叶
TCMF8620,功能性子宫出血，月经过多，经期延长。,侧柏叶，椿皮，白芍，柴胡，大青叶，三七，牡蛎,金樱子
TCMF12168,肾虚精亏，腰膝酸软，头晕耳鸣，遗精早泄，阳痿不育。,杜仲，巴戟天，淫羊藿，熟地黄，枸杞子，山茱萸，鹿茸，天麻，附子，肉桂，菟丝子，当归，山药，蜈蚣,人参
TCMF8345,肝肾不足，腰膝酸软，筋骨无力，四肢麻木。,杜仲，制何首乌，巴戟天，山药，骨碎补，淫羊藿，续断，龟甲,当归
TCMF12087,外感风热，咳嗽痰多，气喘胸满。,川贝母，瓜蒌子，款冬花，紫菀，苦杏仁，前胡，桑白皮，葶苈子，石膏，甘草,麻黄
TCMF8203,冠心病，心绞痛，胸闷，心悸。,丹参，红花，赤芍，川芎，苏合香，冰片，三七，人参,玉竹
TCMF8216,气血两虚，月经不调，崩漏，带下，产后体虚。,黄芪，当归，茯苓，熟地黄，白芍，荆芥穗，补骨脂，川芎，延胡索，香附，杜仲，西洋参，甘草，牡蛎，阿胶,白术
TCMF12119,眩晕，头痛，耳鸣，失眠，健忘。,女贞子，墨旱莲，茯苓，泽泻，菊花，半夏，陈皮，牛膝，甘草,白术
TCMFx1033,腰痛,杜仲叶，续断，白术，肉桂，狗脊，泽泻，补骨脂，当归，牛膝，乳香，赤芍,土鳖虫
TCMF9011,冠心病，心绞痛，心肌梗死。,丹参，红花，川芎，赤芍，降香，冰片,桃仁
TCMF11891,风热感冒，咽喉肿痛，咳嗽。,野菊花，射干,忍冬藤
TCMF8531,湿热下注所致的阴痒、带下量多、色黄腥臭、湿疹、脚癣等。,土茯苓，苦参，千里光，虎杖，黄柏，徐长卿，赤芍，花椒，蛇床子，甘草,人参叶
TCMF10851,热病神昏，高热惊厥，烦躁不安，头痛如劈，言语不清，口渴唇焦，尿赤便秘。,石膏，羚羊角，玄参，升麻，甘草，木香，沉香，丁香，朱砂，磁石，芒硝，麝香,滑石
TCMFx6661,"清热解毒, 消炎退热。用于上呼吸道感染, 病毒性感冒, 流感等病毒性感染疾患, 症见头痛, 发热, 流涕, 咳嗽等。",鱼腥草，桔梗，桑叶，连翘，荆芥，紫苏叶，苦杏仁，芦根，菊花，甘草,薄荷
TCMF7384,肝郁气滞，胸痞胀满，胃脘疼痛。,柴胡，香附，白芍，枳壳，甘草,延胡索
TCMF9119,脾胃虚弱，气短乏力，食少便溏，久病体虚,黄芪，白术，茯苓，甘草，当归，陈皮，升麻，柴胡,人参
TCMF7369,跌打损伤，瘀血肿痛，筋骨疼痛。,当归，川芎，赤芍，桃仁，红花，丹参，没药，牛膝，泽兰，三七，甘草,乳香
TCMF8471,头痛，眩晕，记忆力减退，失眠多梦。,葛根，黄芪，菊花，蔓荆子，山楂，黄柏,白芷
TCMF11783,小儿感冒发热，咳嗽痰多，咽喉肿痛。,儿茶，大黄，胡黄连，麝香，玄明粉,冰片
TCMF12038,胃痛，胃胀，消化不良，食欲不振，慢性胃炎，胃溃疡。,薤白，大黄，白芍，黄连，牡丹皮，柴胡，川芎，香附，延胡索，吴茱萸，枳实,木香
TCMF8336,慢性肝炎，肝纤维化，肝硬化。,丹参，黄芪，茵陈，虎杖，五味子，枸杞子，柴胡，大枣，三七,板蓝根
TCMF11985,心悸失眠，胸闷不舒，心绞痛。,乳香，木香，沉香，木棉花，广枣，诃子,肉豆蔻
TCMFx5820,"感冒, 风温",金银花，连翘，薄荷，荆芥，桔梗，淡豆豉，芦根，淡竹叶，甘草,牛蒡子
TCMF3867,"中暑, 痱子",乌梅，淡竹叶，甘草,金银花
TCMF7498,脾胃虚弱，气短乏力，食少便溏，久泻脱肛，崩漏下血。,黄芪，党参，白术，茯苓，当归，陈皮，升麻，柴胡，生姜，大枣,甘草
TCMFx5250,胃脘痛,黄精，高良姜，莱菔子，鹿角胶，白术，人参，陈皮，淫羊藿，肉桂，红花，丁香，黄芪，五味子,苍术
TCMF12161,风湿性关节炎，类风湿性关节炎，腰肌劳损，坐骨神经痛。,野木瓜，丹参，甘草,枳壳
TCMF11731,肾虚腰痛，阳痿早泄，遗精滑精，头晕耳鸣，肢冷畏寒。,补骨脂，杜仲，肉苁蓉，附子，麦冬，枸杞子，山茱萸，茯苓，白术，川芎，当归，巴戟天，覆盆子，炙甘草,天冬
TCMF8658,气血两虚，脾肾不足，头晕乏力，食欲不振，腰膝酸软。,黄精，丹参，当归，白扁豆，苍术，何首乌，五味子，山楂，酸枣仁,黄芪
TCMF11395,清热解毒，润肺止咳，用于风热感冒，咽喉肿痛，咳嗽痰多。,川贝母，麦冬，石斛，黄芩，玄参，薄荷，胖大海，赤芍，牡丹皮，薏苡仁，木蝴蝶，蝉蜕，僵蚕，甘草,泽泻
TCMF6492,"月经失调, 经期延长, 痛经, 带下病",白芍，当归，桑寄生，熟地黄，杜仲，川芎，香附，麦冬，陈皮，茯苓，阿胶，甘草,黑豆
TCMF8793,乳痈，乳癖，乳汁不通。,黄芪，丝瓜络，漏芦，白芍，当归,王不留行
TCMF11103,咳嗽，气喘，痰多，胸闷。,黄芩，紫苏子，桔梗，款冬花，麻黄，苦杏仁，桑白皮，葶苈子，姜半夏，白果，橘红，甘草,前胡
TCMFx5247,虚劳,人参，白术，茯苓，甘草，当归，白芍，黄芪，陈皮，远志，肉桂，五味子，大枣，生姜,熟地黄
TCMFx434,"骨性关节炎, 腰肌劳损, 症见关节肿胀, 疼痛, 麻木, 活动受限",狗脊，独活，续断，桑寄生，熟地黄，淫羊藿，骨碎补，补骨脂，鸡血藤，木香，没药,乳香
TCMF12107,肝肾不足，腰膝酸软，头晕耳鸣，神疲乏力。,杜仲，巴戟天，淫羊藿，黄芪，党参，白术，茯苓，砂仁，山药，柏子仁，肉苁蓉，当归，白芍，牡丹皮，女贞子，金樱子，枸杞子，山茱萸,莲子
TCMF648,"中风, 胸痹, 风痱",熟地黄，五味子，枸杞子，牛膝，茯苓，白芍，柏子仁，远志，黄芪，陈皮，淫羊藿，当归，川芎，丹参，人参,何首乌
TCMF8210,风湿痹痛，筋骨疼痛，腰膝酸软，四肢麻木。,丹参，红花，当归，威灵仙，穿山龙，千年健，川牛膝，桂枝，甘草,制草乌
TCMF11164,肝肾不足，气血两虚，腰膝酸软，月经不调，带下。,杜仲，熟地黄，党参，当归，白芍，黄芩，艾叶，荆芥，延胡索，茯苓，砂仁，香附,白术
TCMF7336,气血两虚，面色苍白，头晕目眩，心悸失眠，食欲不振。,黄芪，当归，熟地黄，白芍，川芎，茯苓，白术，甘草,人参
TCMF10049,胃肠功能紊乱，消化不良，腹痛腹泻。,木香,诃子
TCMF11710,风寒湿痹，筋骨疼痛，跌打损伤，风湿性关节炎。,当归，川芎，白芷，细辛，防风，羌活，独活，苍术，白术，茯苓，泽泻，猪苓，麻黄，干姜，附子，肉桂，吴茱萸，小茴香，丁香，木香，沉香，乳香，没药，血竭，儿茶，冰片，麝香,桂枝
TCMF7563,气虚血瘀所致的胸痹心痛，心悸气短，肢冷麻木，中风后遗症等。,黄芪，丹参，当归，川芎，赤芍，桃仁，红花，牛膝，甘草,地龙
TCMFx6919,"脾胃气虚, 消化不良, 面色苍白, 食少便溏",人参，茯苓，甘草，白术，生姜,大枣
TCMF7330,气虚郁结，心悸失眠，食欲不振，神疲乏力。,黄芪，白术，茯苓，柴胡，白芍，当归，香附，炙甘草,党参
TCMF8871,流行性感冒，症见发热头痛、咳嗽、口干、咽喉疼痛。,羚羊角，荆芥，淡豆豉，金银花，连翘，桔梗，牛蒡子，淡竹叶,甘草
TCMF12495,尿频，排尿延缓，尿后余沥，腰膝酸软,黄芪，土鳖虫，冬葵果，桃仁，桂枝，淫羊藿，柴胡，虎杖，枳壳,茯苓
TCMF10047,气血两虚，头晕目眩，心悸失眠，腰膝酸软。,人参，黄芪，党参，白术，当归，熟地黄，白芍，川芎，茯苓，炙甘草，肉桂，鹿茸,三七
TCMFx723,"眩晕, 心悸, 不寐, 血劳",阿胶，红参，熟地黄，山楂,党参
TCMF11735,高血压，头晕目眩，耳鸣，肢体麻木。,甘草，茯苓，青葙子，牛膝，蛤壳，玄明粉,小蓟
TCMF10293,湿热下注所致的痔疮、肛裂、肛周脓肿、肛瘘等。,苦参，金果榄，地榆,功劳木
TCMFx6653,"益气养血。适用于气血两虚所致的头晕目眩, 心悸失眠, 神疲倦怠, 气短乏力, 纳差等症。对白细胞减少症, 贫血有一定的疗效。",人参，黄芪，白术，当归，川芎，女贞子，牡蛎，枸杞子，何首乌，大黄，木香,五味子
TCMF11775,热毒蕴结，咽喉肿痛，口舌生疮，牙龈肿痛。,冰片，牛黄，炉甘石，珍珠，雄黄,麝香
TCMF9274,湿热蕴结，小便不利，淋沥涩痛，口苦咽干，舌苔黄腻。,知母，黄柏，侧柏叶，车前子，川木通，泽泻，茯苓，猪苓，薏苡仁，石斛，大黄，连翘，地骨皮，当归，玄参，陈皮，甘草,牡丹皮
TCMF10220,小儿腹泻，腹痛，消化不良。,荜茇，肉桂,丁香
TCMF8737,感冒发热，咽喉肿痛，咳嗽痰黄，尿黄便干。,黄芩，金银花，葛根，板蓝根，菊花，茵陈，绵马贯众，栀子，白芷，大青叶,连翘
TCMF8302,高血压病，眼底出血，视网膜病变,车前子，茺蔚子，丹参，牡丹皮，黄芩，决明子，菊花，墨旱莲，女贞子，蒲黄,赤芍
TCMF8348,风湿痹痛，筋骨痿软，腰膝酸软。,乌梢蛇,黄柏
TCMFx1033,腰痛,杜仲叶，续断，肉桂，狗脊，泽泻，补骨脂，当归，牛膝，乳香，赤芍，土鳖虫,白术
TCMF11392,感冒发热，咽喉肿痛，咳嗽痰多。,黄芩，金银花，菊花，牛蒡子，板蓝根，赤芍，苦杏仁，前胡，桑叶，胖大海，玄参，泽泻，木蝴蝶，僵蚕,蝉蜕
TCMF7812,月经不调，痛经，崩漏，产后血虚。,当归，熟地黄，白芍，川芎，艾叶，阿胶,甘草
TCMFx7158,气虚血滞，风痰阻络引起的中风后遗症，肢体偏瘫，半身不遂，口眼歪斜，言语障碍，胸中郁闷等症。,血竭，没药，赤芍，丹参，三七，川芎，牛膝，杜仲，枳壳，沉香，桂枝，豆蔻，郁金,骨碎补
TCMF6675,"清热解毒, 燥湿止泻。用于腹泻, 痢疾, 伤食泄泻, 脘腹疼痛, 口臭, 嗳气, 急慢性肠炎等症。",苦参，地榆，功劳木,金果榄
TCMF11310,肝肾阴虚，腰膝酸软，头晕目眩，须发早白，失眠多梦。,黄精，玉竹，枸杞子，女贞子，墨旱莲，菟丝子，党参，白术，茯苓，甘草,五味子
TCMF8986,心悸，失眠，头晕，胸闷，心绞痛。,人参，麦冬，降香，郁金，黄芩，黄连，夏枯草，钩藤，朱砂，冰片，安息香，牛黄，珍珠，石菖蒲,丹参
TCMF7348,风寒湿痹，肢体关节疼痛，麻木不仁，屈伸不利。,黄芪，当归，川芎，赤芍，桂枝，细辛，牛膝，秦艽，防风，独活，桑寄生，杜仲，续断,甘草
TCMF498,胃脘痛,北沙参，玉竹，甘草，麦冬，川楝子，白芍,石斛
TCMF10000,胃寒呕吐，胃脘疼痛，食欲不振。,高良姜，砂仁，小茴香，延胡索，白芍，甘草，牡蛎,肉桂
TCMF9523,皮肤瘙痒，湿疹，皮炎，疥疮等。,苦参，蛇床子，冰片,黄柏
TCMFx5865,"急惊风, 积滞",钩藤，僵蚕，天麻，全蝎，黄连，大黄，胆南星，浙贝母，天竺黄，法半夏，化橘红，滑石，牛黄，麝香，冰片,朱砂
TCMFx1160,"感冒, 痄腮, 胁痛, 黄疸",大青叶，金银花，羌活，拳参,大黄
TCMFx3655,感冒,浙贝母，荆芥，枇杷叶，厚朴，天花粉，桑叶，紫苏叶，薄荷，防风，前胡，甘草,桔梗
TCMFx508,带下病,椿皮，五味子，黄柏，龟甲，茯苓，阿胶,山药
TCMF10476,肾阳不足，腰膝酸软，阳痿早泄，性功能减退。,韭菜子，蛇床子，锁阳，淫羊藿，川牛膝，熟地黄，人参,鹿茸
TCMF10567,急慢性肝炎，肝硬化，肝功能不全。,泽兰，茵陈，蒲公英，滑石，甘草,白茅根
TCMF9735,心悸失眠，头晕目眩，胸闷气短，心烦口渴。,甘草，葛根，黄连，羌活，莲子心，人参，地龙,麦冬
TCMF9563,疮疡肿毒，皮肤溃烂，烧伤烫伤,栀子，三七，白及，冰片,重楼
TCMF7336,腰酸足软，头晕耳鸣，眼花心悸，阳痿遗精。,淫羊藿，狗脊，菟丝子，金樱子,女贞子
TCMF10622,痛经，月经不调，产后腹痛。,益母草，红花，桃仁，干姜，当归，甘草,川芎
TCMF7803,风湿痹痛，腰膝酸软，筋骨无力，肢体麻木。,黄芪，党参，当归，茯苓，天麻，卷柏，千年健，三七,竹节参
TCMF9788,感冒发热，头痛鼻塞，咳嗽痰多，胸闷呕恶。,黄芩，紫苏叶，紫苏子，苍术，麦芽，山楂，白芷，防风，羌活，桑白皮，香附，法半夏，陈皮，枳实，甘草,厚朴
TCMF7633,血劳,党参，黄芪，茯苓，白术，当归，龙眼肉，酸枣仁，远志，木香,甘草
TCMFx6390,"腹泻, 腹胀",党参，白术，陈皮，白扁豆，甘草，薏苡仁，山药，莲子，茯苓,泽泻
TCMF11016,感冒发热，头痛，咽喉肿痛，胸闷不畅。,柴胡，黄芩，通草，生姜，大枣,甘草
TCMF8353,气血两虚，肝肾不足，头晕目眩，腰膝酸软，须发早白。,黄芪，太子参，丹参，杜仲，枸杞子，桑椹，墨旱莲，制何首乌，知母，天花粉，肉苁蓉，黑芝麻，山楂，山药，蜂蜜,当归
TCMF8511,糖尿病及其并发症，如糖尿病肾病、糖尿病视网膜病变等。,黄精，麦冬，天冬，丹参，益母草，鸡血藤，葛根，黄芪，苍术，赤芍，黄连，威灵仙，川芎，太子参，荔枝核，川牛膝，玄参，水蛭,天花粉
TCMFx3886,"惊悸, 不寐, 眩晕, 耳鸣",鹿角胶，酸枣仁，远志，茯苓，熟地黄，当归，川芎，黄芪，党参，白芍，丹参，白术，砂仁，山药，芡实，甘草,龟甲胶
TCMF12245,肝郁气滞，肝肾不足，头晕目眩，心悸失眠。,墨旱莲，女贞子，香附，陈皮，珍珠,郁金
TCMF3524,"虚劳, 眩晕",党参，黄芪，熟地黄，狗脊，女贞子，覆盆子，何首乌，牛膝，当归，陈皮，南沙参，杜仲，川芎，百合，茯苓，白术，甘草，泽泻，白芍,山药
TCMF7756,痛经，月经不调，经行腹痛。,木香，当归，牡丹皮，桃仁，川牛膝，延胡索，桂枝,白芍
TCMF9188,肾虚腰痛，阳痿早泄，遗精盗汗，头晕耳鸣，腰膝酸软。,鹿茸，人参，巴戟天，肉苁蓉，茯苓，山药，熟地黄，麦冬，五味子，黄柏,杜仲
TCMF8138,瘀血阻络所致的头痛、眩晕、肢体麻木、瘫痹；中风后遗症，脑动脉硬化症见上述证候者。,川芎，当归，桃仁，丹参，赤芍，鸡血藤，地龙，黄芪，桂枝,红花
TCMF11080,气血两虚，月经不调，经行腹痛，面色萎黄，头晕乏力。,黄芪，党参，白芍，熟地黄，川芎，甘草,当归
TCMF11133,小儿脾胃虚弱，食欲不振，消化不良，腹泻便溏。,党参，山药，莲子，稻芽，鸡内金，使君子，海螵蛸，甘草,茯苓
TCMF4783,"腹痛, 胃脘痛",白芍，川楝子，陈皮，木香，香附，血竭，甘草，丹参，郁金，没药,乳香
TCMF10884,肾虚腰痛，腰膝酸软，头晕耳鸣，遗精早泄，阳痿不育。,巴戟天，肉苁蓉，杜仲，狗脊，牛膝，党参，白术，炙甘草，制何首乌，熟地黄，枸杞子，菟丝子，天花粉，远志，泽泻，当归，山药，芡实,韭菜子
TCMF11803,肾虚腰痛，遗精早泄，阳痿不举，头晕耳鸣，神疲乏力。,肉苁蓉，淫羊藿，黄芪，红参，炙甘草，熟地黄，制何首乌，当归，车前子，茯苓，白术，五味子，覆盆子，金樱子，枸杞子，川芎，蛇床子，小茴香，山药,补骨脂
TCMF4970,咳嗽,前胡，天花粉，浙贝母，桔梗，枳壳，茯苓，桑白皮，莱菔子，瓜蒌，紫苏子，陈皮,苦杏仁
TCMF11301,热毒炽盛，咽喉肿痛，疮疡肿毒，丹毒，大头瘟等。,黄连，龙胆，赤芍，玄参，金银花，连翘，牛蒡子，水牛角，芒硝，青黛，甘草,桔梗
TCMF11999,中暑，头晕，胸闷，恶心呕吐，腹痛泄泻。,冰片，蟾酥，麝香，朱砂，金礞石,雄黄
TCMF11983,风湿痹痛，肢体麻木，腰膝酸软，皮肤瘙痒。,苦参，牡丹皮，当归，防风，蛇床子，黄柏，人工牛黄，乌梢蛇,苍术
TCMF12362,腹痛腹泻，里急后重，便下脓血，舌质淡，苔腻，脉濡,当归，白芍，枳壳，槟榔,甘草
TCMF9438,乳癖，乳腺增生，乳房胀痛。,皂角刺，川楝子，王不留行，地龙,丹参
TCMF11685,肝胆火旺，心烦不宁，头晕目眩，大便秘结。,芦荟，龙胆，黄芩，黄连，黄柏，栀子，大黄，当归,木香
TCMFx1067,感冒,大青叶，连翘，荆芥，防风，薄荷，桔梗，白芷，甘草,牛蒡子
TCMF7482,中风后遗症，瘫痹不遂，肢体麻木，言语不利,黄芪，当归，川芎，桃仁，红花，地龙，全蝎，蜈蚣，僵蚕,赤芍
TCMFx786,胃脘痛,黄芪，党参，白芍，甘草，香附，乌梅，山药,陈皮
TCMF11183,风湿痹痛，筋骨疼痛，皮肤瘙痒。,蛇蜕，蝉蜕，防风，金银花，连翘，甘草,荆芥
TCMF11580,肝郁气滞，胸胁胀痛，消化不良，呕吐吞酸。,木香，川楝子，茯苓，豆蔻，砂仁，厚朴，片姜黄，白芍，沉香，陈皮，枳壳，朱砂,延胡索
TCMF12412,食欲不振，脘腹胀满，恶心呕吐，肢体困重,草果，生姜，陈皮,甘草
TCMF11057,肾虚精亏，腰膝酸软，头晕耳鸣，遗精早泄，阳痿不育，尿频遗尿。,韭菜子，补骨脂，沙苑子，茯苓，核桃仁，制何首乌，五味子，覆盆子，金樱子，枸杞子，莲须，莲子，芡实，续断，人参，牡蛎，鹿茸,山药
TCMF12184,脾胃虚弱，食欲不振，消化不良，体倦乏力。,党参，白术，木香，厚朴，制何首乌，当归，五味子，覆盆子，山药，菟丝子，山楂,金樱子
TCMF12038,胃痛，胃胀，消化不良，食欲不振，慢性胃炎，胃溃疡。,薤白，木香，大黄，黄连，牡丹皮，柴胡，川芎，香附，延胡索，吴茱萸，枳实,白芍
TCMFx7205,用于疮疖溃烂，灼热发烧，流脓流水，丹毒疱疹，疥癣痛痒,金银花，连翘，蒲公英，栀子，大黄，黄芩，木通，天花粉，玄参，赤芍，浙贝母，白鲜皮，蝉蜕，防风，白芷，桔梗，甘草,紫花地丁
TCMF3033,感冒,半夏，苦杏仁，款冬花，紫菀，瓜蒌皮，麻黄，甘草,陈皮
TCMF8250,肾阳不足，腰膝酸软，畏寒肢冷，阳痿早泄，精冷不育。,肉苁蓉，鹿茸，枸杞子，红参，仙茅，刺五加，肉桂,淫羊藿
TCMF5340,"喘病, 哮病, 肺胀, 咳嗽",蛤蚧，蟾酥，黄芪，地龙，麻黄，苦杏仁，白果，枳实，天冬，五味子，麦冬，紫菀，百部，枸杞子，熟地黄，远志，葶苈子，洋金花，石膏，甘草,党参
TCMF7477,"人有患半边头风者, 或痛在右, 或痛在左, 大约痛于左者为多, 百药治之罔效, 人不知其故此病得之郁气不宣, 又加风邪袭之于少阳之经, 遂致半边头痛也其病有时重有时轻, 大约遇顺境则痛轻, 遇逆境则痛重, 遇拂抑之事而更加之风寒之天, 则大痛而不能出户痛至岁久, 则眼必缩小, 十年之后, 必至坏目, 而不可救药矣治法急宜解其肝胆之郁气虽风入于少阳之胆, 似乎解郁宜解其胆, 然而胆与肝为表里, 治胆者必须治肝况郁气先伤肝而后伤胆, 肝舒而胆亦舒也方用散偏汤",白芍，川芎，香附，白芷，郁李仁，柴胡,甘草
TCMFx4528,咳嗽,化橘红，枇杷叶，桔梗，紫苏子，甘草,陈皮
TCMF7321,气虚血弱，崩漏下血，月经不调，面色苍白，神疲乏力。,黄芪，党参，白术，当归，升麻，柴胡，陈皮，炙甘草，生姜,大枣
TCMF8757,风热感冒，咽喉肿痛，咳嗽痰多。,薄荷，荆芥，黄芩，连翘，金银花，桔梗，射干，甘草，栀子，玄参，防风，蝉蜕,僵蚕
TCMF11173,冠心病，心绞痛，心肌缺血,党参，北沙参，丹参，当归,金果榄
TCMF10697,心悸失眠，头晕目眩，记忆力减退，精神恍惚。,珍珠，人参，白术，当归，白芍，肉苁蓉，熟地黄，远志，石菖蒲，柴胡，薄荷，生姜，甘草,茯苓
TCMF11888,风热感冒，咳嗽痰多，胸闷不畅。,薄荷，荆芥穗，黄芩，紫苏梗，瓜蒌子，桔梗，苦杏仁，法半夏，陈皮，枳壳，甘草,前胡
TCMF9352,肩关节周围炎，风寒湿痹，筋脉拘挛，肩部疼痛，活动受限。,黄芪，威灵仙，羌活，淫羊藿，夏天无，延胡索，桂枝，地龙,三七
TCMF8318,肝气不舒，胸胁胀痛，头晕目眩，食欲不振，月经不调。,柴胡，白芍，红花，薄荷，茯苓，白术，皂角刺，甘草,当归
TCMF488,胃脘痛,桂枝，牡蛎，砂仁，甘草，小茴香，高良姜,延胡索
TCMF7544,"理气疏肝, 消积和胃。用于肝胃气滞, 脘腹胀痛, 胸膈痞满, 不思饮食, 嗳气泛酸。",沉香，木香，砂仁，陈皮，莪术，乌药，枳壳，厚朴，香附，谷芽，麦芽，甘草,延胡索
TCMF7150,各种颈椎病引起的疼痛。,熟地黄，何首乌，当归，白芍，黑芝麻，枸杞子，鹿茸，骨碎补，狗脊，千年健，地枫皮，蛇蜕，木瓜，丹参，黄芪，天麻，葛根，桂枝，牛膝，乳香，没药，甘草,威灵仙
TCMF8163,失眠，心悸，头晕，神经衰弱。,麦冬，丹参，合欢花，茯苓，首乌藤，五味子，酸枣仁，刺五加，玄参，远志，灯心草，石膏，珍珠母,百合
TCMFx108,"心悸脉结代, 胸闷不舒, 胸痛及冠心病心绞痛见有上述症状者",人参，黄芪，丹参，麦冬，五味子，川芎,山楂
TCMFx4187,"风温, 感冒",金银花，连翘，荆芥穗，薄荷，牛蒡子，淡豆豉，淡竹叶，桔梗，甘草，冰片,羚羊角
TCMF8537,瘀血阻滞，热毒内蕴所致的血栓性疾病，如静脉炎、血栓性静脉炎等。,丹参，赤芍，黄连，冰片，青黛,牛膝
TCMF4057,"眩晕, 口疮, 乳蛾",牛黄，大黄，菊花，麦冬，薄荷，石膏，栀子，番泻叶，黄芩，连翘，桔梗，黄柏，甘草，牵牛子，枳实，冰片,玄参
TCMF8710,咳嗽痰多，气喘胸闷，痰稠色黄，不易咳出。,麦冬，紫苏子，苦杏仁，瓜蒌皮，法半夏，茯苓，陈皮，化橘红，桔梗，款冬花，紫菀，甘草，石膏,浙贝母
TCMF12463,局部肿胀，疼痛拒按，皮下瘀斑，活动受限,大黄，莪术，三棱，红花，三七，郁金，土鳖虫，徐长卿，天南星，木香，泽兰，降香，朱砂根，蒲黄，蜂蜜,川芎
TCMF3975,急惊风,胆南星，僵蚕，白附子，赭石，麝香，天麻，冰片，乳香,全蝎
TCMF10144,胃脘疼痛，痞满纳差，嗳气吞酸，慢性胃炎，胃溃疡。,苏木，没药，乳香，莪术，红花，木香，赤芍，枳实，当归，五加皮，蒲黄，青皮，枳壳，乌药，血竭,肉桂
TCMF151,"小儿惊风, 抽搐神昏",全蝎，僵蚕，雄黄，甘草,朱砂
TCMF10202,高脂血症，肥胖症。,决明子，山楂，荷叶，泽泻，制何首乌，大黄，丹参,葛根
TCMF741,"口疮, 牙痛",大黄，牵牛子，栀子，石膏，芒硝，黄芩，黄连，连翘，山楂，陈皮，厚朴，香附，猪牙皂，荆芥穗，薄荷，防风，菊花，白芷，桔梗，玄参，甘草，人工牛黄，冰片,枳实
TCMFx5896,"偏枯, 痹病",黄芪，淫羊藿，石菖蒲，红参，当归，地龙，三七，红花，防己，赤芍，桃仁，石决明，天麻，仙鹤草，槐花，白术，胆南星，玄参，黄连，连翘，泽泻，川芎，枸杞子，全蝎，何首乌，决明子，沉香，白附子，细辛，木香，僵蚕，猪牙皂，冰片，珍珠，大黄,葛根
TCMF9647,气血两虚，头晕目眩，四肢乏力，腰膝酸软。,鹿茸，白术，山药，白扁豆，刀豆，黄柏,桑枝
TCMF10071,肾虚腰痛，遗精早泄，阳痿不育，须发早白，失眠健忘。,天冬，柏子仁，车前子，补骨脂，黄芪，杜仲，砂仁，白术，菊花，制何首乌，肉苁蓉，五味子，巴戟天，覆盆子，枸杞子，山茱萸，山药，熟地黄，菟丝子,麦冬
TCMF8402,疮疡肿毒，丹毒，蜂窝组织炎，急性淋巴结炎，急性扁桃体炎，急性阑尾炎。,黄芪，黄连，黄芩，黄柏，栀子，大黄，芒硝，连翘，金银花，紫花地丁，甘草,蒲公英
TCMF7656,气血两虚，头晕目眩，心悸失眠，面色萎黄，月经不调。,黄芪，熟地黄，白芍，川芎,当归
TCMF9070,高热神昏，中风痰迷，小儿急惊风，癫痫痉挛，头痛眩晕。,人工牛黄，黄芩，黄连，黄柏，石膏，知母，郁金，石菖蒲，冰片，大黄，栀子，金银花，连翘，全蝎，蜈蚣，珍珠母，蜂蜜,青黛
TCMF9237,咳嗽，痰多，气喘。,枇杷叶，桑白皮，百部，桔梗，白前,罂粟壳
TCMFx3329,急惊风,胆南星，薄荷，羌活，独活，天麻，荆芥穗，川芎，全蝎，甘草，防风,人参
TCMFx4128,痹病,木香，玉竹，黄芪，党参，重楼，虎杖，桂枝，枸杞子，秦艽，川乌，草乌，续断，肉桂，红花,当归
TCMF8569,湿热内蕴，热毒蕴结，疮疡肿毒，湿疹瘙痒。,黄芩，黄连，黄柏，大黄，金银花,甘草
TCMFx415,"妇女血亏, 月经不调",熟地黄，川芎，白芍，益母草,当归
TCMF8880,热病神昏，中风痰迷，惊痫抽搐，咽喉肿痛，口舌生疮，痈肿疔疮。,牛黄，麝香，珍珠，冰片，蟾酥,雄黄
TCMF8974,热病伤阴，口渴咽干，心烦失眠，小便不利。,木鳖子，紫花地丁，红花，连翘，瞿麦，胡黄连，蛇蜕，黄柏，牛黄,麦冬
TCMF7377,胃肠手术后腹胀，胃肠活动减弱，老年性慢性便秘，气虚腹胀等。,太子参，大黄，赤芍，桃仁，蒲公英，枳壳，木香，紫苏梗，莱菔子,黄芪
TCMF8966,感冒发热，咳嗽气喘，头痛鼻塞。,麻黄，五味子，炙甘草,生姜
TCMF9175,肾虚脱发，须发早白，腰膝酸软，头晕耳鸣。,黄芪，杜仲，茯苓，蒺藜，红花，墨旱莲，制何首乌，女贞子，枸杞子，白芷，当归，龙眼肉，淫羊藿,丹参
TCMF10105,肝肾不足，瘀血阻络所致的骨质疏松症，症见腰脊疼痛、足膝酸软、乏力。,补骨脂，丹参，知母，续断,淫羊藿
TCMF11979,跌打损伤，瘀血肿痛，风湿痹痛。,红花，白芷，川芎，当归，土鳖虫,三七
TCMF7784,风湿性关节炎，类风湿性关节炎，骨关节炎，风寒湿痹，腰腿疼痛。,麻黄，制川乌，独活，防风，桂枝，丹参，牛膝，桑寄生，甘草,木瓜
TCMF7693,心脾两虚，遗精滑泄，失眠健忘，心悸怔忡。,人参，茯苓，白术，远志，酸枣仁，五味子，金樱子，芡实,山药
TCMF11844,气血两虚，面色苍白，气短心悸，头晕自汗，四肢不温。,炙黄芪，炙甘草，党参，白术，茯苓，当归，熟地黄，川芎，肉桂,白芍
TCMF11857,肝郁气滞，胸胁胀痛，脘腹胀满，食欲不振，恶心呕吐。,沉香，茯苓，豆蔻，砂仁，片姜黄，川楝子，延胡索，白芍，厚朴，陈皮，枳壳,木香
TCMF7861,脾胃虚寒，脘腹冷痛，呕吐泄泻，手足不温。,附子，党参，白术，甘草,干姜
TCMF9081,脾胃虚寒，胃脘疼痛，呕吐泄泻，手足不温。,炮姜，肉桂，黄芪，白芍，丹参，砂仁，白及，五倍子，甘草,延胡索
TCMF8649,肝气郁结，胸胁胀痛，月经不调，痛经。,香附，川芎，白芍，合欢皮，茯苓，甘草，郁金，青皮，枳壳，路路通，橘核，大腹皮，当归,柴胡
TCMF10306,冠心病，心绞痛，高血压，高脂血症,丹参，粉葛，木香，三七,山楂
TCMF8657,感冒发热，咽喉肿痛，咳嗽。,四季青，牛蒡子，大青叶,荆芥
TCMFx4528,咳嗽,化橘红，陈皮，枇杷叶，紫苏子，甘草,桔梗
TCMFx3450,"喉痹, 口疮, 发热, 腹泻, 热淋, 疮疡",黄芩，虎杖，功劳木,穿心莲
TCMFx160,"风寒湿痹, 肌肉酸麻, 关节四肢疼痛, 脘腹冷痛",艾叶，桂枝，高良姜，广藿香，降香，香附，陈皮，丹参，川乌，雄黄,白芷
TCMF10361,肾虚腰痛，阳痿早泄，遗精，遗尿，带下，不孕不育,补骨脂，肉苁蓉，白术，人参，熟地黄，当归，菟丝子，蛇床子，仙茅，淫羊藿,枸杞子
TCMF9182,肝肾阴虚，头晕目眩，耳鸣，畏光，迎风流泪，视物昏花。,熟地黄，山茱萸，山药，泽泻，牡丹皮，菊花，枸杞子,茯苓
TCMF7824,月经不调，痛经，闭经，崩漏，带下病。,当归，熟地黄，白芍，赤芍，香附，延胡索，白术，甘草,川芎
TCMF11733,风寒湿痹，关节疼痛，肌肉酸痛，肢体麻木。,荆芥，麻黄，杜仲，独活，羌活，川乌，草乌，当归，血竭，苍术，秦艽，防风，乳香，没药，甘草,川芎
TCMF8033,肾虚，腰膝酸软，头晕耳鸣，记忆力减退。,补骨脂，肉苁蓉，益智，山药，白术，乳香，没药，姜黄，砂仁，苍术，木香，香附，甘草,巴戟天
TCMF12500,胸闷，心悸，气短，乏力，舌质紫暗或有瘀斑，脉细涩,赤芍，黄芪，刺五加，桂枝，丹参,红参
TCMFx6663,"补肾助阳。用于肾阳不足引起的腰膝冷痛, 肢体酸软, 尿频。",淫羊藿，海龙，巴戟天，蛤蚧，鹿角霜，肉桂，补骨脂，太子参，五味子，枸杞子，香附，知母,黄柏
TCMFx3005,类霍乱,厚朴，广藿香，半夏，苍术，甘草,陈皮
TCMF9960,脾胃虚寒，脘腹疼痛，呕吐泄泻，手足不温。,干姜，胡椒，党参，砂仁，白及，白芍，山楂，甘草,海螵蛸
TCMF11327,跌打损伤，瘀血肿痛，骨折,乳香，当归，三七，土鳖虫，自然铜,冰片
TCMF12179,脾胃虚弱，食少便溏，气短咳嗽，肢倦乏力。,炙甘草，党参，白术，茯苓，半夏，陈皮，大枣,生姜
TCMF10932,鼻渊，鼻塞，流脓涕，头痛。,苍耳子，薄荷，白芷，黄芩，桔梗，菊花，川芎，细辛，甘草,辛夷
TCMF10615,痛经，月经不调，产后腹痛。,益母草，红花，桃仁，川芎，当归，甘草,干姜
TCMF11247,心脾两虚，气血不足，失眠多梦，健忘，头晕目眩，食欲不振，四肢倦怠。,炙黄芪，党参，当归，丹参，川芎，茯苓，白术，酸枣仁，远志，山药，芡实，砂仁，炙甘草，龟甲胶，鹿角胶,熟地黄
TCMF11600,寒凝气滞所致的脘腹冷痛，呕吐泄泻，手足不温。,肉桂，木香，香附，小茴香，八角茴香，沉香，乳香，没药，白芷，当归，母丁香，麝香,吴茱萸
TCMF8429,寒湿内阻，脾胃不和，恶心呕吐，脘腹胀痛，泄泻。,广藿香，干姜，砂仁，厚朴，丁香，陈皮，吴茱萸,苍术
TCMF10013,肝肾阴虚，气血不足，月经不调，崩漏带下，腰膝酸软，头晕目眩。,丹参，黄芪，白芍，香附，银柴胡，人参，牡蛎，鹿角霜，甘草,鳖甲
TCMF9352,肩关节周围炎，风寒湿痹，筋脉拘挛，肩部疼痛，活动受限。,黄芪，威灵仙，羌活，三七，淫羊藿，夏天无，桂枝，地龙,延胡索
TCMF8642,风寒湿痹，关节疼痛，肌肉酸痛，筋骨不利。,制草乌，淫羊藿，地龙,赤芍
TCMFx160,"风寒湿痹, 肌肉酸麻, 关节四肢疼痛, 脘腹冷痛",艾叶，桂枝，高良姜，广藿香，降香，香附，白芷，陈皮，川乌，雄黄,丹参
TCMFx4731,"紫斑, 疮疡",牛黄，羚羊角，水牛角，珍珠，冰片，朱砂，玄参，浙贝母，黄连，羌活，雄黄，乳香，没药，青黛，紫花地丁，金银花，菊花，甘草,紫草
TCMF7965,湿疹，皮炎，皮肤瘙痒,儿茶，黄连，蛇床子，土荆皮，白矾，雄黄,苦参
TCMF9179,肝肾不足，腰膝酸软，筋骨痿弱，头晕目眩。,黄芪，麦冬，补骨脂，乳香，秦艽，地骨皮，川芎，泽泻，鹿角,人参
TCMF10449,风湿痹痛，腰腿疼痛，筋骨无力，肢体麻木。,杜仲，防己，海风藤，红花，何首乌，秦艽，草乌，赤芍，威灵仙，白芷，当归，独活，防风，桑寄生，骨碎补，千年健，牛膝，续断，桂枝,三七
TCMF10474,风热感冒，发热头痛，咳嗽咽痛。,薄荷，大黄，绵马贯众，柴胡，僵蚕,荆芥穗
TCMF7053,"伤寒头痛, 疮疡初起",羌活，独活，柴胡，前胡，川芎，枳壳，桔梗，茯苓，金银花，连翘，甘草，薄荷,生姜
TCMFx7174,肝肾阴虚、风湿阻络引起的筋骨痿软，腰腿酸痛，足膝无力，行步艰难。,熟地黄，龟甲，黄柏，黄芪，当归，白芍,知母
TCMF12064,小儿感冒，发热，咳嗽，头痛，身痛，惊风，痰多。,紫苏叶，黄芩，黄连，茯苓，白术，天竺黄，胆南星，天麻，钩藤，白芍，厚朴，枳实，独活，羌活，山药，白附子，甘草,薄荷
TCMF3033,感冒,半夏，苦杏仁，紫菀，陈皮，瓜蒌皮，麻黄，甘草,款冬花
TCMFx3480,"眩晕, 耳鸣, 心悸, 不寐, 月经失调",人参，鹿茸，龟甲胶，三七，黄芪，党参，熟地黄，枸杞子，五味子，当归，茯苓，白术，山药，白芍，肉桂，砂仁，香附，远志，大枣，陈皮，甘草,鹿角胶
TCMF9404,肾虚腰痛，阳痿早泄，神疲乏力，头晕耳鸣。,鹿茸，人参，炙黄芪，熟地黄，当归，沙苑子，巴戟天，山茱萸，山药,肉苁蓉
TCMF11812,慢性肾炎，肾功能不全，蛋白尿，水肿。,人参，黄芪，丹参，茯苓，泽泻，白术，甘草,益母草
TCMF10592,风热感冒，发热头痛，咳嗽口干，咽喉疼痛。,薄荷，荆芥，金银花，连翘，桔梗，牛蒡子，淡竹叶，甘草,淡豆豉
TCMF8802,脾胃虚弱，食欲不振，消化不良，腹胀便溏。,茯苓，白术，麦芽,陈皮
TCMF7192,气血两虚，面色苍白，气短心悸，头晕自汗，体倦乏力，四肢不温，月经量多。,党参，熟地黄，白术，茯苓，黄芪，当归，肉桂，川芎，甘草,白芍
TCMF7918,肾虚腰痛，腰膝酸软，神疲乏力，头晕耳鸣。,黄精，肉苁蓉，巴戟天，锁阳，淫羊藿，金樱子，当归，龙眼肉，白茅根,枸杞子
TCMF10899,气血两虚，脾胃虚弱，食欲不振，四肢无力。,炙黄芪，党参，白术，苍术，茯苓，谷芽，麦芽，侧柏叶，黄芩，白茅根，大蓟，小蓟，大黄，牡丹皮，白芍，附子，厚朴，枳实，茜草,甘草
TCMFx4380,"咳嗽, 哮病, 喘病",陈皮，橘红，法半夏，葶苈子，瓜蒌子，紫苏叶，桑白皮，苦杏仁，桔梗，前胡，马兜铃，款冬花，紫菀，远志，百合，天冬，麦冬，北沙参，知母，五味子，麻黄，黄芩，白芍，石膏，甘草,紫苏子
TCMF9955,血虚眩晕，面色苍白，心悸失眠，月经不调。,鸡血藤，墨旱莲，熟地黄，太子参,虎杖
TCMF3604,便秘,大黄，薄荷，芒硝，连翘，黄芩，栀子,甘草
TCMF3275,"痹病, 腰痛, 痿病",青风藤，桂枝，独活，羌活，牛膝，桑寄生，茯苓，附子，秦艽，威灵仙，薏苡仁，党参，黄芪，枸杞子，白术，当归，赤芍，木香，延胡索，黄芩,鹿茸
TCMF12301,月经不调，痛经，不孕症，气血两虚。,丹参，益母草，炙黄芪，党参，当归，黄芩，茯苓，白术，木香，白芍，川芎，香附，山药，续断，熟地黄，炙甘草，砂仁，肉桂，阿胶,延胡索
TCMF11588,眩晕，头痛，心悸，失眠，高血压。,清半夏，牛膝，珍珠母，磁石，冰片,赭石
TCMF11976,高脂血症，肥胖症，动脉硬化。,决明子，郁金，大黄，制何首乌，山楂，水蛭,茵陈
TCMF11781,跌打损伤，骨折，瘀血肿痛。,麝香，自然铜，朱砂，儿茶，苏木，没药，乳香，红花，赤芍，川芎，当归，骨碎补，三七，牛膝，桂枝，血竭，土鳖虫，麻黄，马钱子,续断
TCMF11790,冠心病，心绞痛，脑血栓，脑栓塞，高血压等心脑血管疾病。,丹参，葛根，红花，三七，淫羊藿，冰片，麝香,郁金
TCMFx3017,咳嗽,半夏，麻黄，紫菀，桔梗，枇杷叶，远志，陈皮，薄荷,甘草
TCMF12492,月经量多，色淡红或鲜红，质稀或有小血块，神疲乏力，气短懒言，心悸少寐，腰膝酸软，手足心热，舌淡红或红，苔薄白或薄黄，脉细数或弦细,当归，白术，党参，黄芪，柏子仁，远志，炙甘草，山药，麦冬，枸杞子，续断，桑寄生，地榆，乌梅，藕节，大蓟，小蓟,茯苓
TCMF10042,肾虚精亏，气血两虚，神疲乏力，头晕目眩，腰膝酸软。,鹿茸,刺五加
TCMFx220,"小儿消化不良, 不思饮食, 二便不畅, 夜寐不安",稻芽，山楂，淡竹叶，钩藤，蝉蜕，甘草,薏苡仁
TCMF7621,疮疡肿毒，皮肤感染，湿疹瘙痒。,黄连，黄芩，黄柏，栀子，甘草,大黄
TCMF12334,滋肾阴，补肾阳，开窍化痰。,熟地黄，山茱萸，肉苁蓉，巴戟天，附子，肉桂，石斛，麦冬，五味子，远志，茯苓，生姜，大枣,石菖蒲
TCMF10380,气滞血瘀所致的胸痹，心痛，胸闷，心悸，气短，失眠多梦，舌质紫暗或有瘀斑，脉弦涩。,红花，桃仁，川芎，柴胡，枳壳，牛膝，当归，桔梗，甘草,赤芍
TCMF11889,急慢性鼻炎，鼻窦炎，过敏性鼻炎。,黄芩，苍耳子，辛夷，麻黄，细辛，白芷，蒲公英,石菖蒲
TCMF8468,脾胃虚弱，食少便溏，腹胀腹泻，肢倦乏力。,黄芪，党参，白术，苍术，茯苓，车前子，茵陈，肉豆蔻，牡蛎,黄柏
TCMF3957,"感冒, 风温, 牙痛",金银花，百部，大黄，大青叶，知母，金钱草,黄芩
TCMF12382,目赤肿痛，眼眵多泪，视物模糊,黄连，秦皮,蕤仁
TCMF10857,感冒发热，咳嗽，咽痛。,薄荷，大黄，大枣，罂粟壳,甘草
TCMF9831,风湿痹痛，筋骨疼痛，跌打损伤。,苏木，红花，路路通，草乌，川乌，赤芍，枳实，木瓜，羌活，半夏，天南星，蒲黄，花椒,独活
TCMFx4744,胎动不安,杜仲，白术，菟丝子，熟地黄，当归，续断，黄芩，厚朴，黄芪，川芎，陈皮，阿胶，艾叶，白芍，枳壳，砂仁，甘草,川贝母
TCMFx3843,"眩晕, 健忘, 不寐",菟丝子，淫羊藿，续断，锁阳，狗脊，何首乌，甘草，陈皮，鹿角胶，熟地黄，龟甲胶，金樱子，黄芪，山药，覆盆子,酸枣仁
TCMF11935,痛经，月经不调，经前综合症。,丹参，三棱，莪术，红花，当归，延胡索，木香,肉桂
TCMFx7038,"喉痛声哑, 失音",连翘，桔梗，川芎，砂仁，诃子，儿茶，薄荷，大黄,甘草
TCMF9965,胃痛，胃胀，消化不良，慢性胃炎。,党参，天花粉，木香，马钱子粉，厚朴，法半夏,海螵蛸
TCMF9902,冠心病，心绞痛，心肌梗死，脑血栓形成，脑栓塞，血栓性静脉炎等。,丹参，降香，没药，乳香，郁金，红花,川芎
TCMF11939,头痛，眩晕，目赤肿痛，口舌生疮，牙龈肿痛，咽喉肿痛，风热感冒。,薄荷，荆芥，黄芩，黄连，赤小豆，山豆根，天花粉，牛蒡子，赤芍，升麻，连翘，栀子，柴胡，川芎，防风，羌活，大青叶，玄参,当归
TCMF587,"腰痛, 呕吐",太子参，黄连，法半夏，茯苓，大黄，丹参，牛膝，红花，甘草,陈皮
TCMF9714,肝郁脾虚，胸胁胀痛，食欲不振，神疲乏力。,柴胡，黄芩，郁金，黄芪，党参，茯苓，白芍，麦冬，五味子，枳壳，甘草,当归
TCMF9291,咽喉肿痛，口舌生疮，牙龈肿痛。,知母，黄芩，野菊花，连翘，牡丹皮，地骨皮，忍冬藤，白芷，蒲黄，甘草,蒲公英
TCMF10396,高脂血症，肥胖症，动脉硬化。,何首乌，山楂，泽泻,决明子
TCMFx5671,感冒,紫苏叶，前胡，桔梗，苦杏仁，麻黄，甘草，半夏，茯苓，枳壳，黄芩,陈皮
TCMF10490,心悸失眠，头晕目眩，气短乏力，腰膝酸软。,丹参，石斛，冬虫夏草，五味子，三七，西洋参，海马,灵芝
TCMF12324,肾阴虚，腰膝酸软，头晕耳鸣，遗精盗汗，失眠多梦。,熟地黄，山茱萸，山药，黄芪，人参，菟丝子，锁阳，巴戟天，马钱子，远志，鹿茸,五味子
TCMF1396,"治水亏火盛, 六脉浮洪滑大, 少阴不足, 阳明有余, 烦热干渴, 头痛牙疼, 失血等证若大便溏泄者, 乃非所宜",熟地黄，麦冬，牛膝，知母,石膏
TCMF9727,风湿痹痛，筋骨疼痛，腰膝酸软，四肢麻木。,独活，羌活，川芎，玉竹，白术，红花，木瓜，当归，桑寄生，川牛膝，续断,防风
TCMF12199,小儿惊风，感冒发热，咳嗽痰多，呕吐泄泻。,川贝母，天竺黄，天麻，清半夏，陈皮，鸡内金，朱砂,钩藤
TCMF7911,肾虚，腰膝酸软，阳痿早泄，遗精遗尿，头晕耳鸣，须发早白。,巴戟天，淫羊藿，杜仲，续断，何首乌，熟地黄，党参，黄芪，当归，枸杞子，肉苁蓉，仙茅，金樱子，覆盆子,甘草
TCMF5951,"头痛, 风温",川芎，菊花，黄芩，白芷，桔梗，栀子，连翘，防风，蔓荆子，荆芥穗，黄连，甘草，羌活，藁本,薄荷
TCMF12089,湿热下注，脾胃虚弱，食少便溏，腹胀腹痛，小便不利。,麦冬，天冬，车前子，广藿香，茯苓，薏苡仁，砂仁，白术，苍术，木香，黄连，肉豆蔻，诃子，芡实，檀香，丁香，吴茱萸，肉桂，槟榔,白扁豆
TCMFx6919,"脾胃气虚, 消化不良, 面色苍白, 食少便溏",人参，甘草，白术，生姜，大枣,茯苓
TCMFx5471,"腹胀, 便秘",黄芩，黄连，黄柏，大黄，石膏，木香，香附，青皮，陈皮，枳壳，当归，莪术，牵牛子,槟榔
TCMF11676,清热解毒，消肿止痛。用于治疗口腔溃疡、咽喉肿痛等。,鱼腥草，冰片,珍珠
TCMF8112,急慢性咽炎，扁桃体炎，口腔炎。,黄芩，连翘，浙贝母，桔梗，薄荷，牛蒡子，玄参，天花粉，甘草,板蓝根
TCMF10381,肾虚腰痛，阳痿早泄，遗精滑精，肢冷畏寒。,黄芪，杜仲，肉苁蓉，沙苑子，锁阳，淫羊藿，山茱萸，熟地黄，牡丹皮，续断，鹿角胶,菟丝子
TCMF11366,肝肾不足，气血亏损，须发早白，头晕目眩，腰膝酸软。,黄精，制何首乌，柏子仁，茯苓，白芍，女贞子，枸杞子，山茱萸，黄连，牡丹皮，五味子，木瓜，川芎，当归，羌活，桑椹，桑叶，大枣,杜仲
TCMF9711,皮肤瘙痒，湿疹，皮炎。,白鲜皮，苦参，地肤子，威灵仙，蛇床子，冰片,当归
TCMF10139,肝气郁结，胸胁胀痛，食欲不振，情绪抑郁。,柴胡，白芍，川芎，木香，香附，川楝子，豆蔻，半夏，枳壳,甘草
TCMFx5544,"口疮, 咳嗽, 便秘",乳香，黄连，甘草，川贝母，赤芍，雄黄，冰片，天花粉，牛黄，大黄，珍珠,没药
TCMF10682,产后缺乳，乳少不畅。,益母草，当归，熟地黄，天花粉，川芎，王不留行，通草,白芍
TCMF10823,风寒湿痹，筋骨疼痛，四肢麻木，腰膝酸软。,鹿角，麻黄，威灵仙，制草乌，制川乌，当归，独活，羌活，川牛膝，续断,杜仲
TCMF9661,气滞血瘀，消化不良，胸腹胀痛，便秘。,三棱，莪术，香附，大黄，槟榔，牵牛子，延胡索，陈皮，青皮，枳实，威灵仙,木香
TCMF7705,小儿感冒发热，咽喉肿痛，咳嗽痰多，大便干燥。,人工牛黄，朱砂，黄连，石膏，大黄，冰片，甘草,黄芩
TCMFx2960,"痹病, 跌打损伤",黄芪，桑枝，何首乌，熟地黄，茯苓，独活，当归，防己，党参，牡丹皮，威灵仙，木瓜，地龙，红花，赤芍，杜仲，甘草，香附，川芎，桃仁,白芍
TCMF10824,跌打损伤，筋骨疼痛，骨折愈合,炙黄芪，杜仲，白芍，木瓜，川芎，当归，骨碎补，三七，五加皮，续断，熟地黄，菟丝子，桂枝，自然铜,党参
TCMF7971,跌打损伤，瘀血肿痛，风湿痹痛。,三七，乳香，红花，川芎，当归，白芷，土鳖虫,没药
TCMF11054,清热解毒，用于治疗火热内盛所致的口舌生疮、牙龈肿痛、咽喉肿痛、便秘尿赤等症。,知母，黄芩，大黄，龙胆，升麻，白芷，防风，陈皮，黄柏，冰片，石膏,栀子
TCMF8618,外感风热，发热，头痛，咳嗽，咽痛。,知母，荆芥，柴胡，牡丹皮，连翘，金银花，甘草,石膏
TCMF10559,脾胃虚弱，气血不足，面色萎黄，食欲不振，肢倦乏力。,党参，山药，薏苡仁，大枣，草豆蔻，法半夏，陈皮,甘草
TCMF9824,胸痹心痛，胸闷气短，心悸怔忡。,檀香，丁香，麝香,冰片
TCMF7594,癫狂病,朱砂，珍珠，黄连，黄芩，栀子，郁金，胆南星，天竺黄，雄黄，磁石,牛黄
TCMFx3760,跌打损伤,三七，白芷，土鳖虫，川芎，当归，红花，没药,乳香
TCMF11900,心肾不交，失眠多梦，心悸怔忡，健忘，腰膝酸软。,柏子仁，人参，山药，山茱萸，五味子，牡丹皮，酸枣仁，远志，泽泻，肉桂，牡蛎,炙黄芪
TCMF4501,"眩晕, 痞满",香附，细辛，乌药，荜茇，广藿香，冰片，雄黄，荆芥，砂仁，薄荷，丁香，陈皮，豆蔻，独活，甘草，川芎，天花粉，朱砂，紫苏叶，天麻，白芷，檀香，半夏，防风,柴胡
TCMF11703,气滞血瘀所致的胸胁胀痛，月经不调，痛经。,丹参，红花，木香，柴胡，香附，大黄，赤芍，牡丹皮，桃仁，川芎，当归，延胡索，枳壳,牛膝
TCMF8380,肾虚腰痛，遗精早泄，头晕耳鸣，神疲乏力。,黄精，何首乌，熟地黄，党参，丹参，枸杞子，五味子，淫羊藿，续断，车前子，蒲公英，蛇床子，菟丝子，水蛭，牡蛎，蜂房,白茅根
TCMF12008,湿疹，皮炎，皮肤瘙痒,荆芥穗，五倍子，白矾,雄黄
TCMF8116,感冒发热，头痛，咳嗽，鼻塞流涕。,薄荷，麻黄，黄芩，金银花，菊花，前胡，桑叶，桔梗，苦杏仁，石膏，甘草,紫苏叶
TCMF5716,跌打损伤,三七，草乌，川乌，当归，骨碎补，石菖蒲，蒲公英，小蓟，乳香，没药，仙鹤草，冰片，红花，菊花，栀子，重楼，朱砂，延胡索,莲子心
TCMF10547,脊髓空洞症，肌肉萎缩，瘫痿无力，腰膝酸软。,黄精，鹿茸，人参，黄芪，巴戟天，山茱萸，丹参，鸡血藤，川芎，当归，冬虫夏草，枸杞子，牡丹皮,熟地黄
TCMF9133,肾虚，阳痿早泄，腰膝酸软，头晕耳鸣，失眠多梦。,鹿茸，鹿角胶，鹿角霜，韭菜子，淫羊藿，附子，黄芪，人参，当归，酸枣仁，熟地黄,肉苁蓉
TCMF974,"积滞, 胃脘痛",厚朴，苍术，焦槟榔，陈皮，法半夏，甘草,枳壳
TCMFx6552,"咳嗽, 喘病",满山红，鱼腥草，款冬花，连翘，黄芩，罂粟壳，玄参，甘草,麦冬
TCMF9188,肾虚腰痛，阳痿早泄，遗精盗汗，头晕耳鸣，腰膝酸软。,鹿茸，人参，杜仲，巴戟天，茯苓，山药，熟地黄，麦冬，五味子，黄柏,肉苁蓉
TCMFx4571,"胸痹, 真心痛",瓜蒌，淫羊藿,香附
TCMFx7210,用于风寒束表、肺气不宣所致的感冒咳嗽，症见发热、恶寒、咳嗽、鼻塞流涕、头痛、无汗、肢体酸痛,紫苏叶，前胡，苦杏仁，桔梗，陈皮，半夏，茯苓，黄芩，甘草,麻黄
TCMFx899,"月经失调, 痛经",木香，延胡索，熟地黄，红花，白术，香附，泽兰，当归，赤芍，乌药，丹参，吴茱萸，鸡血藤，菟丝子,川芎
TCMF8757,风热感冒，咽喉肿痛，咳嗽痰多。,薄荷，荆芥，黄芩，连翘，金银花，桔梗，射干，甘草，栀子，玄参，蝉蜕，僵蚕,防风
TCMF10368,肾阳不足，腰膝酸软，畏寒肢冷，性功能减退。,补骨脂，肉苁蓉，淫羊藿，白术，人参，当归，熟地黄，菟丝子，仙茅，蛇床子,枸杞子
TCMF11397,淋巴结炎，甲状腺肿大，乳腺增生。,麦冬，浙贝母，丹参，三棱，莪术，马勃，蒲公英，金银花，桃仁，板蓝根，泽泻，木蝴蝶，鸡内金，蝉蜕,玄参
TCMF11268,肝硬化，肝脾肿大，肝区疼痛，脘腹胀满，食欲不振。,黑豆，昆布，三棱，莪术，郁金，半边莲，白术，红花，虎杖，大黄，制何首乌，海藻，白芍，木瓜，桃仁，柴胡，当归，香附，熟地黄,茵陈
TCMF7388,血证,虎杖，白芍，仙鹤草，熟地黄，墨旱莲，太子参,鸡血藤
TCMF10618,感冒发热，咽喉肿痛，咳嗽痰多。,鱼腥草，连翘，黄芩，板蓝根，甘草,金银花
TCMF7339,气血两虚，面色苍白，头晕目眩，心悸怔忡，食欲不振，四肢倦怠。,人参，白术，茯苓，当归，川芎，白芍，熟地黄，甘草，大枣,生姜
TCMF11516,清热解毒，凉血消肿。用于治疗感冒发热、咽喉肿痛、口腔溃疡、急性扁桃体炎、急性咽炎等。,连翘，金银花，灵芝，黄芩，板蓝根，栀子，天花粉，麦冬，甘草,玄参
TCMF10575,清热解毒，消肿止痛。,白果,重楼
TCMF6063,眩晕,泽泻，白术，陈皮，半夏，女贞子，墨旱莲，菊花，牛膝，甘草,茯苓
TCMF10397,鼻炎，鼻塞，流涕，头痛。,苍耳子，辛夷，薄荷，防风，黄芪，白术，甘草,白芷
TCMF10157,风寒湿痹，关节疼痛，肌肉酸痛，肢体麻木。,防风，荆芥，羌活，独活，麻黄，桂枝，苍术，白术，川芎，白芷，细辛，薄荷，甘草,桔梗
TCMF5951,"头痛, 风温",菊花，黄芩，白芷，桔梗，栀子，连翘，防风，蔓荆子，荆芥穗，黄连，甘草，羌活，薄荷，藁本,川芎
TCMF10251,感冒发热，头痛，咳嗽，咽痛。,广藿香，白薇，连翘，地骨皮，金银花，青黛,石膏
TCMF8669,风寒湿痹，关节疼痛，肌肉酸痛，屈伸不利。,葛根，白芍，川芎，羌活，三七，延胡索,威灵仙
TCMF8365,癥瘕积聚，痛经，闭经，产后瘀血腹痛。,益母草，紫苏子，姜黄，苏木，没药，乳香，三棱，莪术，艾叶，红花，大黄，白芍，两头尖，苦杏仁，桃仁，川芎，当归，小茴香，香附,阿魏
TCMF8456,肥胖症，高脂血症。,黄芪，白术，防风，茯苓，山楂，决明子，大黄,泽泻
TCMF7905,湿热下注所致的阴痒、带下病，症见外阴瘙痒、带下量多、色黄味臭。,木芙蓉叶，艾叶，蛇床子，黄柏，白矾,苦参
TCMF9937,清热解毒，用于治疗感冒发热、咽喉肿痛、咳嗽等。,黄芩，虎杖，连翘，板蓝根,羚羊角
TCMFx7176,小儿风寒外束，肺经痰热，面赤身热，咳嗽气促，痰多粘稠，咽痛声哑。,麻黄，紫苏叶，薄荷，橘红，法半夏，浙贝母，前胡，白前，瓜蒌皮，枇杷叶，桑白皮，苦杏仁，葶苈子，紫苏子，青礞石，石菖蒲，石膏，黄芩，天花粉，板蓝根,细辛
TCMF8588,冠心病，心绞痛，心肌缺血，胸闷，心悸。,丹参，川芎，薤白，降香，黄芪，当归，首乌藤，赤芍，葛根，决明子，安息香，苏合香，乳香，没药，白芷，土木香，沉香，香附，菊花,郁金
TCMFx4058,"咳嗽, 喘病, 哮喘",桔梗，紫菀，地龙，知母，蒲公英，黄芩，瓜蒌，麦冬，苦杏仁，款冬花，百部，甘草，赤芍,丹参
TCMF12124,气血两虚，头晕目眩，腰膝酸软，四肢无力。,丹参，炙黄芪，党参，补骨脂，鸡血藤，制何首乌，熟地黄，白术，漏芦，虎杖，赤芍，牡丹皮，连翘，女贞子，枸杞子，川芎，狗脊，刺五加,当归
TCMF11300,蛔虫病，蛲虫病，绦虫病，钩虫病。,雷丸，鹤虱，苦楝皮，使君子，大黄，牵牛子，槟榔,玄明粉
TCMF9948,肝肾不足，腰膝酸软，筋骨无力。,杜仲，白芍，续断,牛膝
TCMF11125,湿热泄泻，腹痛，腹泻，消化不良。,黄连，葛根，炙甘草，茯苓，白术，木香，厚朴，山楂，泽泻,姜半夏
TCMF12266,咳嗽痰多，胸闷气促，咽喉肿痛。,百部，川贝母，麦冬，知母，紫苏叶，炙甘草，桔梗，款冬花，木香，大黄，马兜铃，密蒙花，五味子，苦杏仁，前胡，桑叶，葶苈子，姜半夏，玄参,天冬
TCMF9453,乳癖，乳痈，乳腺增生，乳房胀痛。,夏枯草，鸡血藤，昆布，天花粉，红花，漏芦，木香，蒲公英，海藻，赤芍，牡丹皮，连翘，三七，玄参,鹿角
TCMFx177,咳嗽,知母，玄参，罂粟壳，款冬花，紫菀，苦杏仁，百合，浙贝母,麦冬
TCMF7849,阴道炎，宫颈炎，外阴炎,苦参，苦木，冰片,蛇床子
TCMFx4550,"症积, 积滞",三棱，山楂，青皮，陈皮，枳实，槟榔，牵牛子，大黄,莪术
TCMF3361,"月经失调, 痛经, 带下病",当归，益母草，丹参，白芍，香附，泽兰，附子，小茴香，红花，吴茱萸，延胡索，艾叶，乌药，莪术，三棱，牛膝，木香，胡椒，肉桂，没药，甘草,川芎
TCMF11416,风湿痹痛，筋骨痿软，腰膝酸软，四肢麻木。,五加皮，党参，白术，茯苓，麦冬，玉竹，豆蔻，砂仁，姜黄，红花，菊花，檀香，丁香，肉豆蔻，木瓜，牛膝，陈皮,木香
TCMF11655,中暑，头晕，恶心，呕吐，腹痛,薄荷，砂仁，高良姜，甘草，蟾酥,儿茶
TCMF10887,气血两虚，头晕目眩，心悸失眠，月经不调。,炙黄芪，党参，茯苓，白芍，川芎，当归，熟地黄，阿胶,炙甘草
TCMF3103,痹病,红参，肉桂，麻黄，熟地黄，甘草，大黄，防风，片姜黄，乌梢蛇，草豆蔻，独活，白芷，玄参，赤芍，青皮，苍术，僵蚕，粉萆薢，乳香，乌药，香附，桑寄生，没药，骨碎补，葛根，穿山甲，白附子，冰片，红花，威灵仙，厚朴，狗脊，苦参，巴戟天，地龙，鸡血藤，丹参,仙鹤草
TCMF12204,心悸，失眠，健忘，头晕。,丁香，肉桂，冰片，人工牛黄，蟾酥,人参
TCMFx5091,"胁痛, 积滞",砂仁，豆蔻，延胡索，陈皮，茯苓，川楝子，沉香，木香，白芍，枳壳，厚朴,片姜黄
TCMF9663,肝郁气滞，胸胁胀痛，食欲不振，恶心呕吐。,川木香，红花，西红花，人工牛黄，牛黄,马兜铃
TCMF7716,中风后遗症，脑梗塞，脑血栓形成，脑出血后遗症，肢体麻木，言语不利，口眼歪斜，头晕头痛。,当归，川芎，赤芍，地龙，桃仁，红花，丹参，石菖蒲，远志，郁金，胆南星，僵蚕，全蝎，蜈蚣，冰片，人工牛黄,黄芪
TCMF9845,气阴两虚，心悸气短，口干咽燥，失眠多梦。,黄芪，党参，麦冬，五味子，茯苓，天花粉，葛根，乌梅,甘草
TCMF8232,气血两虚，肝肾不足，腰膝酸软，筋骨无力。,黄芪，当归，杜仲，补骨脂，龟甲，丹参，红花，白术，何首乌，女贞子，枸杞子，核桃仁，川芎，山茱萸，山药，熟地黄,柴胡
TCMF8319,肝气郁结，胸胁胀痛，月经不调，情绪抑郁等。,柴胡，白芍，红花，薄荷，茯苓,甘草
TCMF7679,"具有扶正固本, 滋阴养胃, 调理中焦, 行气消导。用于慢性胃炎所引起的胃脘灼热胀痛, 手足心热, 口干, 口苦, 纳差, 消瘦等症。",党参，白术，山楂，陈皮，黄精，山药，玄参，乌梅，菟丝子，白芍,甘草
TCMF7773,肺热咳嗽，痰多粘稠，气喘胸闷。,瓜蒌，百部，川贝母，白及，枇杷叶，北沙参，太子参,黄芩
TCMFx3036,"月经失调, 痛经, 症积",益母草，柴胡，川芎，白芍，木香,当归
TCMF12243,清热解毒，消肿止痛,薄荷，三七，冰片，珍珠,牛黄
TCMFx5502,"不寐, 怔忡, 惊悸",酸枣仁，五味子，远志，丹参，石菖蒲，知母，甘草，茯苓,首乌藤
TCMF9565,心悸失眠，气短乏力，头晕目眩，腰膝酸软。,人参，鹿茸，蛤蚧，砂仁，红花，龙眼肉，三七，地龙，海马，羚羊角,莲子心
TCMF12323,肾虚不孕，月经不调，腰膝酸软，头晕耳鸣。,杜仲，续断，菟丝子，熟地黄，何首乌，枸杞子，人参，党参，砂仁，艾叶，白术，阿胶，鹿角霜,桑寄生
TCMF11116,肝肾不足，腰膝酸软，肢体麻木，筋骨疼痛。,杜仲，熟地黄，鸡血藤，当归，党参，白术，茯苓，白芍，女贞子，金樱子，骨碎补，狗脊，五加皮，川牛膝，淫羊藿，菟丝子,桂枝
TCMF10159,肺热咳嗽，痰多喘息，消渴。,白术，桔梗，麻黄，枇杷叶,罂粟壳
TCMF9034,神经衰弱，头晕目眩，心悸失眠，腰膝酸软。,黄精，麦冬，茯苓，苍耳子，五味子，枸杞子，大枣，酸枣仁，淫羊藿，熟地黄，远志，龟甲，鹿角胶，鹿茸,红参
TCMF12032,脾胃虚弱，气血不足，心悸失眠，食欲不振。,黄芪，人参，麦冬，当归，阿胶，丹参，鸡血藤，茯苓，五味子，酸枣仁，山楂，龙眼肉，肉桂,灵芝
TCMF10076,风热感冒，咽喉肿痛，咳嗽痰黄，发热头痛。,金银花，连翘，薄荷，荆芥穗，牛蒡子，麦冬，桔梗，甘草，板蓝根，栀子，淡竹叶，冰片,玄参
TCMF12012,肾阳不足，腰膝酸软，畏寒肢冷，性功能减退。,鹿茸，肉苁蓉，巴戟天，制何首乌，枸杞子，仙茅,淫羊藿
TCMF8987,血虚头晕，失眠多梦，腰膝酸软。,当归,何首乌
TCMF11286,喉痹，乳蛾，喉风，牙疳，口疮，痄腮。,板蓝根，牛黄，冰片，玄明粉，青黛，雄黄,蟾酥
TCMF11259,肾虚遗精，腰膝酸软，头晕耳鸣，失眠多梦。,熟地黄，山茱萸，茯苓，金樱子，芡实，知母，黄柏，牡丹皮，锁阳，远志，牡蛎,山药
TCMF10148,肝郁脾虚所致的郁闷不舒、胸胁胀痛、头晕目眩、食欲减退、月经不调。,柴胡，当归，白芍，白术，茯苓,炙甘草
TCMF3767,"腹胀, 腹痛, 腹泻",柴胡，白芍，法半夏，陈皮，茯苓，白术，甘草,党参
TCMF6020,"乳痈, 乳岩",穿山甲，乳香，没药，麝香，朱砂，冰片，珍珠，牛黄，蟾酥,雄黄
TCMF9023,肝肾不足，腰膝酸软，筋骨无力，四肢麻木。,补骨脂，杜仲，黄芪，山药，熟地黄，白芍，五味子，木瓜，川牛膝，锁阳，菟丝子，黄柏，龟甲，当归，蜂蜜,枸杞子
TCMF9258,感冒发热，咳嗽，咽痛。,薄荷，麻黄，黄芩，连翘，板蓝根，桔梗，牛蒡子，玄参，甘草,僵蚕
TCMF10591,风热感冒，发热头痛，咳嗽，口干咽痛。,薄荷，荆芥，金银花，淡豆豉，牛蒡子，桔梗，淡竹叶，甘草,连翘
TCMF12018,疮疡久不收口，慢性溃疡，烧伤，烫伤,当归，龟甲，石膏，血余炭，炉甘石,蜂蜡
TCMF8533,胆结石、肾结石、膀胱结石、尿路结石等。,黄芪，海金沙，三棱，威灵仙，延胡索，乌药，广金钱草，鸡内金,郁李仁
TCMFx7251,用于痰热互结所致的乳癖、乳痈，症见乳房结节、数目不等、大小形态不一、质地柔软，或产后乳房结块、红热疼痛；乳腺增生，乳腺炎早期见上述证候者,鹿角，鸡血藤，红花，三七，赤芍，蒲公英，连翘，天花粉，玄参，漏芦，海藻，木香,牡丹皮
TCMF8432,肾阳不足，腰膝酸软，畏寒肢冷，神疲乏力，夜尿频多。,鹿茸，淫羊藿，补骨脂，巴戟天，锁阳，肉苁蓉，人参，麦冬，砂仁，石菖蒲，五味子，远志，甘草,丹参
TCMF7583,恶虫叮咬伤,雄黄，大黄，黄芩，黄连，半边莲，白芷，天花粉，乳香，没药，甘草,重楼
TCMF8361,食积停滞，脘腹胀满，消化不良。,麦芽，槟榔，鸡内金,山楂
TCMF11060,气血两虚，腰膝酸软，食欲不振，神疲乏力。,党参，黄精，玉竹，杜仲，茯苓，白术，当归，白芍，川芎，炙甘草,炙黄芪
TCMF7371,心悸，失眠，多梦，气短乏力。,黄芪，党参，麦冬，五味子，丹参，酸枣仁，茯苓，柏子仁，炙甘草,远志
TCMF8805,脾肾两虚，腰膝酸软，食欲不振，神疲乏力。,补骨脂，黄芪，杜仲，续断，砂仁，党参，白术，白芍，大枣，山药,当归
TCMFx5688,胃脘痛,党参，附子，黄芪，肉桂，山药，肉苁蓉，白术，山楂，乌梅，陈皮，砂仁,补骨脂
TCMF918,缺血性中风,何首乌，熟地黄，天冬，龟甲，鹿茸，肉苁蓉，肉桂，赤芍，全蝎，地龙，山楂，茯苓，甘草,水蛭
TCMFx4025,"胸痹, 心悸, 真心痛",丹参，白芍，郁金，山楂,刺五加
TCMF9317,气血两虚，月经不调，产后恶露不绝。,益母草，黄芪，当归，陈皮,阿胶
TCMF12077,小儿咳嗽，痰多，气喘。,川贝母，知母，紫苏叶，紫苏子，瓜蒌子，桔梗，竹茹，桑白皮，胆南星，玄参，槟榔，甘草,麦冬
TCMF11315,咽喉肿痛，声音嘶哑，口干舌燥，大便燥结。,薄荷，甘草，大黄，连翘，川芎，诃子，胖大海,桔梗
TCMF8796,风湿性关节炎，肌肉疼痛，关节疼痛。,辣椒,冰片
TCMF8347,跌打损伤，瘀血肿痛，风湿痹痛。,乳香，天花粉，白芷，冰片,没药
TCMF9996,寒凝血瘀所致的月经不调，痛经，闭经，小腹冷痛，四肢不温。,附子，肉桂，黄芪，党参，茯苓，白术，郁金，沉香，吴茱萸,厚朴
TCMF8511,糖尿病及其并发症，如糖尿病肾病、糖尿病视网膜病变等。,黄精，麦冬，天冬，丹参，益母草，鸡血藤，葛根，黄芪，天花粉，苍术，赤芍，黄连，威灵仙，川芎，太子参，荔枝核，玄参，水蛭,川牛膝
TCMF7595,痿证，肢体痿软无力，腰膝酸软，畏寒肢冷。,人参，白术，茯苓，黄芪，当归，炙甘草,白芍
TCMF11856,肝郁气滞，胸胁胀痛，胃脘疼痛，食欲不振。,柴胡，香附，白芍，延胡索，厚朴，檀香，陈皮，青皮，香橼，枳壳，牵牛子，槟榔，鸡内金,豆蔻
TCMF11602,妇人诸虚不足，经水不调，崩漏带下，五心烦热，腰膝酸软,党参，白术，当归，白芍，熟地黄，川芎，香附，延胡索，黄芩，白薇，阿胶,肉桂
TCMF8401,脾肾两虚，气血不足，腰膝酸软，神疲乏力。,黄芪，枸杞子，山药，玄参，水蛭,薏苡仁
TCMF4925,"麻疹, 感冒",防风，山豆根，川芎，赤小豆，羌活，牛蒡子，黄连，天花粉，荆芥，大青叶，赤芍，当归，甘草，连翘，滑石，薄荷，柴胡，玄参，黄芩，升麻，雄黄，朱砂,栀子
TCMF12219,瘀血阻滞，肢体麻木，关节疼痛，跌打损伤。,郁金，红花，乳香，没药，桃仁，当归，木鳖子，莪术，大黄，秦艽，马钱子，香附，黄柏，土鳖虫，玄明粉，青黛，雄黄,皂角刺
TCMFx5498,"感冒, 痄腮",淡竹叶，黄芩，大青叶，葛根，天花粉，羌活，牛蒡子，桔梗，连翘，白芷，川芎，赤芍，防风，柴胡，甘草,玄参
TCMFx1167,目昏云翳,肉豆蔻，五味子，吴茱萸，生姜，大枣,补骨脂
TCMF505,"盆腔炎, 阴痒, 带下病, 热淋",赤芍，三棱，莪术，芡实，苦参，黄柏，土茯苓，川楝子，当归，香附，丹参，山药,延胡索
TCMF9687,肝肾两亏，阴虚火旺，内障目暗，视物昏花。,石斛，熟地黄，麦冬，天冬，枸杞子，肉苁蓉，菟丝子，决明子，菊花，青葙子，黄连，五味子，茯苓，山药，川芎，防风，甘草,牛膝
TCMF10027,气血两虚，头晕目眩，食欲不振，腰膝酸软。,制何首乌，枸杞子，菊花，山楂，陈皮,红花
TCMF8307,高脂血症，肥胖症，便秘。,丹参，番泻叶，山楂，荷叶,补骨脂
TCMF9287,痰热阻肺所致的咳嗽、痰多、胸闷、气喘；慢性支气管炎急性发作见上述证候者。,川贝母，苦杏仁，金荞麦，麻黄，枇杷叶，鱼腥草，矮地茶，甘草,紫苏子
TCMF10349,风寒感冒，头痛鼻塞，恶寒发热，肢体酸痛。,细辛，香附，土木香，防风，川芎，羌活，荆芥，薄荷，桔梗，甘草,白芷
TCMF10652,头痛，眩晕，高血压，神经性头痛,天麻，川芎，钩藤，延胡索,赤芍
TCMF9675,肺癌，肝癌，胃癌等恶性肿瘤,天冬，浙贝母，莪术，桔梗，香附，人参，蜈蚣，鳖甲,薤白
TCMF7925,气血两虚，头晕目眩，心悸失眠，食欲不振。,黄芪，鸡血藤，当归，茯苓，女贞子，枸杞子，菟丝子,制何首乌
TCMFx7119,慢性肾功能衰竭，氮质血症期和尿毒症早期、中医辨证属脾虚湿浊证和脾虚血瘀证者。本品可降低血肌酐、尿素氮，稳定肾功能，延缓透析时间，对改善肾贫血，提高血钙、降低血磷也有一定作用。,大黄，黄芪，丹参，川芎，何首乌，白术，茯苓，姜半夏，菊花，甘草,党参
TCMF11604,胆石症，胆囊炎，胆道感染。,三棱，郁金，大黄，乳香，没药，陈皮，白矾，甘草,金钱草
TCMF7590,风寒湿痹，关节疼痛，肢体麻木，腰膝酸软。,羌活，独活，秦艽，防风，川芎，当归，赤芍，白芍，桂枝，茯苓，甘草,细辛
TCMF9765,气血两虚，免疫力低下，疲劳乏力，腰膝酸软。,人参，熟地黄，杜仲，巴戟天，肉苁蓉，天冬，枸杞子，桑椹，茯苓，五味子，酸枣仁，沙棘，猫爪草，山药，五加皮，牛膝，鹿角胶,白术
TCMF7369,治疗心肾阳虚，心脉瘀阻引起的慢性心功能不全；窦房结功能不全引起的心动过缓、病窦综合征以及缺血性心脏病引起的心绞痛及心电图缺血性改变。,附子，鹿茸，人参，肉桂，洋金花，三七，冰片,麝香
TCMF7436,风寒水饮，恶寒发热，无汗，喘咳痰稀。,麻黄，桂枝，白芍，干姜，细辛，半夏,甘草
TCMF10997,脾肾两虚，气血不足，腰膝酸软，食欲不振，神疲乏力。,黄芪，党参，杜仲，补骨脂，麦冬，茯苓，白术，苍术，黄芩，乳香，砂仁，木香，红花，制何首乌，肉苁蓉，白芍，木瓜，枸杞子,没药
TCMF8451,肾虚腰痛，头晕耳鸣，遗精早泄，月经不调。,附子，熟地黄，山药，菟丝子，女贞子，枸杞子，茯苓，泽泻，肉桂,牡丹皮
TCMF12255,心悸失眠，心烦不安，健忘多梦。,柏子仁，酸枣仁，茯苓，远志，黄芪，当归，熟地黄，黄连，甘草,朱砂
TCMF12038,胃痛，胃胀，消化不良，食欲不振，慢性胃炎，胃溃疡。,薤白，木香，大黄，白芍，黄连，牡丹皮，柴胡，香附，延胡索，吴茱萸，枳实,川芎
TCMF10304,心悸，胸闷，气短，心烦失眠。,麦冬，丹参，黄芪，葛根，红花，白芍，川芎，金银花，大青叶，枳壳，甘草，防风,当归
TCMF9066,热毒内盛，咽喉肿痛，牙痛，口舌生疮，目赤肿痛。,黄连，黄芩，大黄，石膏，桔梗，人工牛黄，雄黄，甘草,冰片
TCMF8712,咳嗽痰多，气喘，胸闷,石膏，浙贝母，麦冬，瓜蒌皮，紫苏子，桔梗，款冬花，紫菀，法半夏，陈皮，化橘红，甘草,苦杏仁
TCMF8532,湿热蕴结所致的便秘，症见大便干结、腹痛腹胀、口苦口干、小便短赤；习惯性便秘见上述证候者。,木香，黄连，槟榔，厚朴，枳壳，三棱，莪术，芒硝,大黄
TCMF898,"妇女经脉不行或不调, 或前或后, 赤白带下, 久不成孕",当归，白芍，香附，陈皮，川芎，甘草，大枣，白术，续断，砂仁，黄芩,熟地黄
TCMF11613,急性胆囊炎，急性胰腺炎，急性阑尾炎，急性肠炎，急性菌痢等。,黄连，黄芩，黄柏，栀子，大黄，连翘，天花粉，知母，玄参，赤芍，牡丹皮，甘草,金银花
TCMF10249,小儿肺热咳嗽，痰多粘稠，气喘。,黄芩，紫苏子，竹茹，麻黄，苦杏仁，前胡，葶苈子,石膏
TCMF11890,气滞血瘀所致的胸痹心痛，胸闷，心悸，眩晕，脘腹胀痛。,丹参，没药，乳香，郁金，血竭，木香，川楝子，香附，陈皮，甘草,白芍
TCMF10063,肾虚腰痛，遗精早泄，头晕目眩，视力减退，耳鸣耳聋，须发早白。,枸杞子，菟丝子，覆盆子，五味子，车前子，熟地黄，山茱萸，泽泻，牡丹皮，茯苓,山药
TCMF7435,"太阳病不解, 热结膀胱, 其人如狂, 血自下, 下者愈其外不解者, 尚未可攻, 当先解其外; 外解已, 但少腹急结者, 乃可攻之, 宜桃核承气汤",桃仁，大黄，桂枝，甘草,芒硝
TCMF7353,四肢厥逆，恶寒蜷卧，脉微而复利，利虽止而余症仍在者。,干姜，炙甘草，人参,附子
TCMF3746,"腹泻, 脱肛, 阴挺",黄芪，党参，甘草，白术，当归，升麻，柴胡，陈皮，生姜,大枣
TCMF11412,中风，口眼歪斜，言语不清，手足拘挛，瘫痹，半身不遂。,天竺黄，胆南星，天麻，全蝎，僵蚕，苍术，细辛，白芷，蟾酥，朱砂，雄黄,大黄
TCMF12038,胃痛，胃胀，消化不良，食欲不振，慢性胃炎，胃溃疡。,薤白，木香，大黄，白芍，黄连，牡丹皮，柴胡，川芎，延胡索，吴茱萸，枳实,香附
TCMF8118,风寒感冒，头痛发热，恶寒身痛，鼻流清涕，咳嗽咽干。,薄荷，荆芥穗，紫苏叶，防风，葛根，柴胡，桔梗，苦杏仁，白芷，苦地丁,芦根
TCMF7333,"治痈疽已成不得内消者, 宜服此药以托之, 未成者可消, 已成者即溃, 腐肉易去, 新肉易生, 此时不可用内消泄气, 寒凉等药致伤脾胃为要",人参，黄芪，当归，川芎，白芍，白术，茯苓，金银花，天花粉，皂角刺，白芷,甘草
TCMF7783,风热咳嗽，痰多粘稠，咽痛，发热。,浙贝母，薄荷，黄芩，桔梗，菊花，连翘，前胡，桑叶，甘草,枇杷叶
TCMF3466,鼻鼽,苍耳子，辛夷，鹅不食草，薄荷，黄芩，甘草,白芷
TCMF9838,心悸，失眠，健忘，头晕，乏力。,太子参，麦冬，五味子，丹参，川芎，檀香,人参
TCMF7747,心脾两虚，气血不足，心悸失眠，食欲不振，肢倦乏力，崩漏便血。,黄芪，党参，白术，当归，龙眼肉，远志，酸枣仁，木香，甘草，生姜，大枣,茯苓
TCMFx4155,"自汗, 不寐, 胸痹, 眩晕",灵芝，黄芪，三七，淫羊藿，丹参，何首乌，桑寄生，五味子,人参
TCMF11530,风热感冒，咽喉肿痛，头痛发热，咳嗽痰黄。,薄荷，荆芥穗，金银花，甘草，淡竹叶，桔梗，牛蒡子，冰片，羚羊角,淡豆豉
TCMF12088,肝郁气滞，心神不宁，失眠多梦，头晕目眩，烦躁易怒。,麦冬，柏子仁，黄芩，龙胆，栀子，车前子，茯苓，枳壳，当归，酸枣仁，远志，牡蛎，珍珠母,泽泻
TCMFx6037,"感冒, 麻疹, 风疹",淡豆豉，玄参，桑叶，陈皮，连翘，薄荷，金银花，蝉蜕，白茅根，葛根，板蓝根，前胡，黄芩，荆芥穗，大青叶，栀子，天花粉，西河柳，水牛角,赤芍
TCMF10426,肾虚腰痛，阳痿早泄，神疲乏力，头晕耳鸣，失眠多梦。,红参，鹿茸，冬虫夏草，淫羊藿，肉苁蓉，补骨脂，菟丝子，枸杞子，五味子，熟地黄，当归，川芎，白芍，炙甘草,山茱萸
TCMF6939,"外感风寒湿邪, 恶寒发热, 头痛项强, 肢体酸痛, 腮肿",荆芥，防风，羌活，柴胡，前胡，川芎，枳壳，桔梗，茯苓，甘草，生姜，薄荷,独活
TCMF10858,风湿痹痛，筋骨疼痛，关节不利，肢体麻木。,麻黄，草乌，川乌，红花，桃仁，赤芍，白术，白芷，当归，独活，防风，羌活，香附，丁香，天南星，牛膝，桂枝,细辛
TCMF11019,心悸，胸闷，胸痛，气短，乏力。,三七，冰片，牛黄，水牛角，蟾酥，麝香，珍珠，赭石,红参
TCMF11063,风寒湿痹，肢体疼痛，麻木拘挛，腰腿疼痛，瘫痿无力。,安息香，黄芩，甘草，葛根，没药，乳香，豆蔻，白术，木香，天麻，何首乌，大黄，麻黄，细辛，赤芍，两头尖，威灵仙，制草乌，沉香,广藿香
TCMF407,"不寐, 眩晕, 崩漏, 便血",党参，白术，黄芪，甘草，茯苓，酸枣仁，龙眼肉，当归，木香，大枣,远志
TCMF11702,心血不足，心悸失眠，头晕健忘，面色苍白。,麦冬，柏子仁，当归，酸枣仁，茯苓，石菖蒲，合欢皮，首乌藤，川芎，龙眼肉，远志，肉桂，人参，鹿茸，朱砂,九香虫
TCMF7296,湿浊阻滞气机，胸膈痞闷，脘腹胀痛，呕吐恶心，嗳气纳呆。,香附，厚朴，青皮，枳壳，槟榔，陈皮，砂仁，苍术，甘草,木香
TCMF10216,肾虚阳痿，腰膝酸软，头晕耳鸣，神疲乏力。,巴戟天，覆盆子，淫羊藿，人参,锁阳
TCMFx4731,"紫斑, 疮疡",牛黄，羚羊角，水牛角，珍珠，冰片，朱砂，浙贝母，黄连，羌活，雄黄，乳香，没药，青黛，紫花地丁，金银花，菊花，甘草，紫草,玄参
TCMF12209,肾虚腰痛，遗精早泄，阳痿不举，畏寒肢冷，神疲乏力。,补骨脂，杜仲，沙苑子，淫羊藿，茯苓，肉苁蓉，附子，枸杞子，当归，莲须，牛膝，菟丝子，肉桂,巴戟天
TCMFx5820,"感冒, 风温",金银花，连翘，薄荷，荆芥，牛蒡子，淡豆豉，芦根，淡竹叶，甘草,桔梗
TCMFx146,"腹痛, 心悸, 自汗",黄芪，白芍，桂枝，生姜，甘草,大枣
TCMF413,"妇人经水不调, 赤白带下, 气血凝滞, 腹痛经闭, 或气块血块, 两胁胀满, 及呕吐恶心, 胎前产后一切等证",香附，当归，熟地黄，川芎，白术，泽兰，陈皮，关黄柏，甘草,白芍
TCMF10947,肾阴虚，腰膝酸软，头晕耳鸣，潮热盗汗，遗精早泄。,熟地黄，天冬，知母，枸杞子，锁阳，五味子，黄柏，龟甲，干姜,白芍
TCMF8578,妊娠腹痛，先兆流产，习惯性流产。,黄芪，白芍，川芎，艾叶，川贝母，荆芥，羌活，菟丝子，厚朴，枳壳，甘草,当归
TCMF9850,慢性肝炎，肝硬化，肝功能不全。,黄芪，党参，当归，水飞蓟，银柴胡,五味子
TCMF8353,气血两虚，肝肾不足，头晕目眩，腰膝酸软，须发早白。,黄芪，太子参，当归，丹参，杜仲，桑椹，墨旱莲，制何首乌，知母，天花粉，肉苁蓉，黑芝麻，山楂，山药，蜂蜜,枸杞子
TCMF11659,清热解毒，凉血消肿，用于治疗疮疡肿毒，丹毒，咽喉肿痛。,甘草，牛黄，珍珠,金银花
TCMF12077,小儿咳嗽，痰多，气喘。,川贝母，麦冬，知母，紫苏叶，紫苏子，瓜蒌子，桔梗，竹茹，胆南星，玄参，槟榔，甘草,桑白皮
TCMF8296,风寒湿痹，关节疼痛，脘腹冷痛，慢性胃炎，胃及十二指肠溃疡。,苍术，麻黄，八角茴香，当归，冰片,吴茱萸
TCMF11567,心悸，失眠，胸闷，头痛，眩晕。,安息香，麦冬，丹参，黄芩，夏枯草，降香，郁金，木香，黄连，钩藤，石菖蒲，三七，冰片，人参，牛黄，朱砂,甘松
TCMF10084,气阴两虚，心悸失眠，腰膝酸软，体倦乏力。,西洋参，黄精，黄芪，杜仲，茯苓，制何首乌，金樱子，枸杞子，山药，蛤蚧,龙眼肉
TCMF7832,湿热下注，瘀血阻滞所致的附件炎、盆腔炎、子宫内膜炎等。,蒲公英，川楝子，延胡索，大黄，赤芍，牡丹皮，大血藤，忍冬藤，大青叶,甘草
TCMF10271,小儿厌食，食欲不振，消化不良。,白术，山楂，山药，槟榔,人参
TCMF7381,"痄腮, 颜面丹毒",黄连，黄芩，黄柏，栀子，连翘，玄参，天花粉，牛蒡子，柴胡，防风，羌活，麻黄，薄荷，蝉蜕，甘草,僵蚕
TCMF12491,头晕耳鸣，腰膝酸软，五心烦热，潮热盗汗，遗精早泄，咽干口燥，舌红少津，脉细数,熟地黄，山茱萸，牡丹皮，茯苓，蜂蜜,山药
TCMF11774,咽喉肿痛，咳嗽痰多，痰黄黏稠。,射干，黄连，半夏，甘草,川贝母
TCMF12068,小儿惊风，痰热内闭，高热惊厥，烦躁不安，神昏抽搐，喉间痰鸣。,黄芩，巴豆霜，天竺黄，胆南星，清半夏，天麻，钩藤，沉香，人工牛黄，水牛角，全蝎，羚羊角，蝉蜕，僵蚕，麝香，朱砂，雄黄,蟾酥
TCMFx4771,"中风, 急惊风",苏合香，丁香，安息香，乳香，木香，檀香，八角茴香，香附，白术，荜茇，朱砂，冰片,诃子
TCMF9831,风湿痹痛，筋骨疼痛，跌打损伤。,苏木，红花，路路通，草乌，川乌，赤芍，枳实，木瓜，独活，羌活，半夏，天南星，花椒,蒲黄
TCMF11126,肠道寄生虫病，如蛔虫病、钩虫病、绦虫病等。,槐花，茯苓,槟榔
TCMF10979,气血两虚，月经不调，腰膝酸软，头晕目眩。,熟地黄，当归，白芍，川芎，杜仲，续断，桑寄生，炙甘草,党参
TCMF8107,肺虚咳嗽，痰多，气短乏力。,百部，百合，浙贝母，甘草，桔梗，白及，功劳木,三七
TCMFx6273,虚劳,人参，五味子，麦冬，黄芪，何首乌，当归，葛根，红花，赤芍,川芎
TCMFx1021,痛风,秦艽，黄柏，延胡索，赤芍，川牛膝，泽泻，土茯苓,车前子
TCMF12446,皮肤红肿，疼痛，水疱，灼热感,大黄，黄芩,黄柏
TCMF9712,肝胃不和，胸胁胀痛，呕吐吞酸，食欲不振。,广藿香，白术，木香，白芍，柴胡，香附，陈皮，佛手，槟榔,郁金
TCMFx2955,腰痛,车前子，菟丝子，诃子，枳壳，地骨皮，牛膝，茯苓,熟地黄
TCMF12214,肺燥咳嗽，痰多粘稠，胸膈满闷，气短乏力。,麦冬，浙贝母，丹参，紫苏叶，甘草，黄芪，沙苑子，杜仲，茯苓，砂仁，艾叶，白术，木香，肉苁蓉，白芍，厚朴，山楂，沉香，川芎,黄芩
TCMFx980,"积滞, 腹胀, 腹泻",鳖甲，黄芪，陈皮，枳实，白芍，白术，香附，乌梅，川芎，焦槟榔，厚朴,草果
TCMF11567,心悸，失眠，胸闷，头痛，眩晕。,安息香，麦冬，丹参，黄芩，夏枯草，甘松，降香，郁金，木香，黄连，钩藤，石菖蒲，冰片，人参，牛黄，朱砂,三七
TCMF10325,胸痹心痛，冠心病，心绞痛，高血压。,丹参，葛根，红花，桃仁,郁金
TCMF7408,风热感冒，发热头痛，咳嗽鼻塞，咽喉肿痛。,金银花，连翘，桔梗，薄荷，淡豆豉，牛蒡子，甘草,荆芥
TCMF7463,"腹痛, 痞满",木香，砂仁，枳壳，厚朴，大黄，牵牛子，乌药,青皮
TCMF9637,糖尿病，口渴多饮，消谷善饥，小便频数，形体消瘦。,麦冬，黄芩，天花粉，五味子，北沙参，石膏,知母
TCMF12109,清热解毒，镇惊安神。用于热入心包、热盛动风证，症见高热烦燥、神昏谵语、惊风抽搐、舌红绛、脉数。,麦冬，黄芩，甘草，干姜，桔梗，白术，白芍，白蔹，柴胡,大豆黄卷
TCMFx1033,腰痛,续断，白术，肉桂，狗脊，泽泻，补骨脂，当归，牛膝，乳香，赤芍，土鳖虫,杜仲叶
TCMFx6301,痹病,川乌，草乌，胆南星，地龙，没药,乳香
TCMF3619,胸痹,野菊花，川芎，延胡索，珍珠母，茯苓，桂枝，首乌藤，牛膝，降香，三七，大枣，甘草，柴胡，冰片,半夏
TCMF7327,肝气虚弱，胁肋胀痛，食欲不振，神疲乏力。,黄芪，白术，茯苓，甘草，白芍，柴胡，升麻，陈皮，生姜，大枣,当归
TCMF11574,肝肾阴虚，头晕目眩，腰膝酸软，失眠多梦,地骨皮，龟甲，泽泻，全蝎,太子参
TCMF2978,感冒,麻黄，羌活，防风，苍术，细辛，川芎，白芷，荆芥穗，薄荷，当归,甘草
TCMF8021,血瘀证，症见肢体麻木，疼痛，肿胀等。,土茯苓，金钱草，泽兰，皂角刺，猪苓，三棱，莪术，蒲公英，虎杖，大黄，王不留行，三七，淫羊藿，牵牛子，地龙，海马,重楼
TCMFx3818,"口疮, 喉痹, 积滞",金银花，菊花，山楂，苦杏仁，陈皮,连翘
TCMF9937,清热解毒，用于治疗感冒发热、咽喉肿痛、咳嗽等。,黄芩，虎杖，板蓝根，羚羊角,连翘
TCMF9599,冠心病，心绞痛，心律失常，高血压，高脂血症,丹参，益母草，黄芪，茯苓，山药，泽泻,锁阳
TCMF5686,"心悸, 不寐, 耳鸣, 眩晕",党参，酸枣仁，茯苓，远志，白术，莲子，山药，丹参，大枣，石菖蒲，陈皮,龙眼肉
TCMF12353,寒湿黄疸，手足逆冷，脉沉细无力。,附子，茵陈，甘草,干姜
TCMF9466,风湿性关节炎，类风湿性关节炎，风寒湿痹，关节疼痛，四肢麻木。,鸡血藤，秦艽，川芎，防风，桂枝,独活
TCMF11769,清热化痰，止咳平喘。用于痰热阻肺所致的咳嗽痰多、胸闷气喘；急、慢性支气管炎见上述证候者。,浙贝母，胆南星，黄芩，半夏，茯苓，甘草,陈皮
TCMF11132,鼻渊，鼻塞，流涕，头痛。,苍耳子，蒺藜，防风，甘草，鹅不食草，墨旱莲，野菊花，白芍，白芷,胆南星
TCMFx183,"咳嗽, 肺痿, 崩漏, 胎动不安",阿胶，党参，白术，黄芪，枸杞子，甘草,白芍
TCMF8440,肾阳不足，腰膝酸软，小便频数，夜尿多，畏寒肢冷。,附子，熟地黄，山药，泽泻，茯苓，车前子，牡丹皮，牛膝，肉桂,山茱萸
TCMF11590,脾胃虚弱，消化不良，胸腹疼痛。,木香，金樱子，高良姜,丹参
TCMF9831,风湿痹痛，筋骨疼痛，跌打损伤。,苏木，红花，路路通，草乌，川乌，赤芍，木瓜，独活，羌活，半夏，天南星，蒲黄，花椒,枳实
TCMF9593,肾虚，腰膝酸软，阳痿早泄，神疲乏力。,人参，当归，白芍，淫羊藿，蛇床子，甘草,蜈蚣
TCMFx98,流感,金银花，连翘，人工牛黄，珍珠母,黄芩
TCMF12055,小儿感冒，发热，咳嗽，痰多,天竺黄，冰片,川贝母
TCMF9391,脾胃虚弱，食欲不振，四肢乏力，腰膝酸软，失眠多梦。,人参，黄芪，白术，茯苓，泽泻，山药，白芍，肉苁蓉，锁阳，巴戟天，酸枣仁，远志，石菖蒲，熟地黄，豆蔻，丹参,狗脊
TCMFx389,感冒,陈皮，青皮，麻黄，甘草，法半夏，苦杏仁，紫苏叶，桑白皮，生姜,五味子
TCMF11509,瘰疬痰核，瘿瘤，乳癖，乳痨，乳岩，皮肤结核，骨结核，淋巴结结核等。,玄参，土鳖虫，牡蛎,僵蚕
TCMF10832,肝肾不足，须发早白，脱发，头晕目眩，腰膝酸软。,黄芪，何首乌，枸杞子，桑椹，川芎，桑叶，菟丝子，黑芝麻,当归
TCMF11096,脾胃虚弱，食少便溏，胸腹胀满，呕吐泄泻。,广藿香，茯苓，白术，草豆蔻，砂仁，木香，厚朴，沉香，香附，丁香，法半夏，陈皮，青皮,麦芽
TCMF10659,胸闷脘痞，腹中胀满，饮食停滞，嗳气吞酸。,香附，苍术，川芎,栀子
TCMF10517,肾虚腰痛，头晕耳鸣，神疲乏力，阳痿早泄。,麦冬，制何首乌，熟地黄，肉苁蓉，淫羊藿，五味子，枸杞子，蛇床子，菟丝子,黄芪
TCMF1225,"乳房结块, 红热疼痛, 乳腺增生, 乳腺炎早期",鹿角，蒲公英，鸡血藤，三七，海藻，玄参,红花
TCMF9391,脾胃虚弱，食欲不振，四肢乏力，腰膝酸软，失眠多梦。,人参，黄芪，白术，泽泻，山药，白芍，肉苁蓉，锁阳，巴戟天，狗脊，酸枣仁，远志，石菖蒲，熟地黄，豆蔻，丹参,茯苓
TCMF829,"烂喉痧及喉痹, 喉肿",人工牛黄,珍珠
TCMF9116,气虚乏力，食欲不振，心悸失眠，久病体虚。,红参，白术，麦冬，陈皮，甘草,炙黄芪
TCMF8396,跌打损伤，骨折，筋骨疼痛，瘀血肿痛。,黄藤，苏木，乳香，没药，血竭，自然铜，土鳖虫，骨碎补，续断，牛膝，木香，香附，延胡索，冰片,杜仲
TCMF4898,"吐血, 鼻衄, 痢疾, 崩漏, 新产出血",三七,地锦草
TCMFx6190,"偏头痛, 头痛, 痹病, 腰痛",川乌，草乌，苍术，白芷，当归，天麻，防风，荆芥穗，麻黄，石斛，羌活，独活，甘草，川芎,何首乌
TCMF9506,肝郁气滞，胸胁胀痛，消化不良。,枳实，诃子,川楝子
TCMF7660,"补肾, 温阳。适用于肾阳不足所致的腰膝酸痛, 头晕耳鸣, 神疲健忘, 体倦乏力, 畏寒肢冷。",菟丝子，枸杞子，五味子，蛇床子，金樱子，覆盆子，韭菜子，川楝子，淫羊藿，巴戟天，肉苁蓉，当归，熟地黄，炙甘草,炙黄芪
TCMFx3446,痹病,麻黄，马钱子，防风，甘草，独活，地枫皮，千年健，乳香，没药，羌活，木瓜，桂枝，牛膝,杜仲
TCMF9807,风寒感冒，头痛发热，鼻塞流涕，咳嗽痰多，肢体酸痛。,荆芥，紫苏叶，防风，香附，连翘，桔梗，陈皮，炙甘草,大青叶
TCMF11151,阳虚欲脱，肢冷脉微，阳痿宫冷，心腹冷痛，虚寒吐泻。,炙甘草，生姜，大枣,附子
TCMFx1092,"鼻窒, 鼻渊",苍耳子，辛夷，薄荷，白芷，黄芩，栀子，柴胡，细辛，黄芪，川木通，桔梗，茯苓,川芎
TCMF8232,气血两虚，肝肾不足，腰膝酸软，筋骨无力。,黄芪，当归，杜仲，补骨脂，龟甲，红花，白术，何首乌，女贞子，枸杞子，核桃仁，川芎，山茱萸，山药，熟地黄，柴胡,丹参
TCMF5998,"积滞, 腹泻",党参，白术，白扁豆，茯苓，山药，枳壳，麦芽，陈皮，木香，甘草，山楂,草豆蔻
TCMF10234,小儿脾胃虚弱，食欲不振，消化不良，形体消瘦。,白术，山楂，陈皮，山药，莲子，大枣，枸杞子，甘草，蜂蜜,黄芪
TCMF7520,风湿痹痛，筋脉拘挛，跌打损伤。,当归，川芎，白芍，红花，牛膝，甘草,鸡血藤
TCMF9749,风热感冒，咽喉肿痛，头痛发热，咳嗽痰黄。,薄荷，荆芥，金银花，连翘，淡豆豉，栀子，桔梗，牛蒡子，甘草，忍冬藤,淡竹叶
TCMF11470,咳嗽，气喘，痰多，胸闷。,百部，知母，紫苏子，南沙参，紫菀，白前，麻黄，苦杏仁，枇杷叶，桑白皮，桑叶，浙贝母,蛤壳
TCMF9637,糖尿病，口渴多饮，消谷善饥，小便频数，形体消瘦。,麦冬，知母，天花粉，五味子，北沙参，石膏,黄芩
TCMFx5625,胸痹,刺五加，泽泻，黄芪，人参，石菖蒲，丹参，三七,何首乌
TCMF11958,感冒发热，头痛，咳嗽，咽喉肿痛，瘟疫初起。,麦冬，薄荷，黄芩，荆芥穗，紫苏叶，甘草，竹茹，天花粉，桔梗，苦杏仁，柴胡，玄参，冰片，水牛角，羚羊角，僵蚕，雄黄,朱砂
TCMF11080,气血两虚，月经不调，经行腹痛，面色萎黄，头晕乏力。,当归，黄芪，党参，白芍，川芎，甘草,熟地黄
TCMFx6483,"中风, 偏枯, 遗精, 髓劳, 血劳",人参，黄芪，熟地黄，当归，白芍，川芎，白术，茯苓，薏苡仁，鸡血藤，钩藤，僵蚕，防风，羌活，木瓜，牛膝，乌药，杜仲，附子，肉桂，沉香，甘草,大枣
TCMF9558,跌打损伤，瘀血肿痛，骨折。,三棱，莪术，郁金，红花，木香，大黄，白芍，牡丹皮，制川乌，柴胡，当归，防风，香附，三七，蒲黄，续断，青皮，枳壳，乌药,延胡索
TCMF3606,咳嗽,罗汉果，桑白皮，百部，枇杷叶，白前,桔梗
TCMF10460,清热解毒，凉血止血，用于治疗暑热感冒，咽喉肿痛，口腔溃疡等。,荷叶，淡竹叶，甘草，菊花，金银花,决明子
TCMFx4054,虚劳,枸杞子，女贞子，白术，菟丝子，补骨脂,党参
TCMF7643,高血压病，头晕目眩，腰膝酸软，头痛失眠。,杜仲，夏枯草，钩藤，牛膝，桑寄生，地龙，丹参，木香，红花,川芎
TCMF11230,骨关节炎，风湿性关节炎，类风湿性关节炎,黄芪，甘草，当归，川芎，白芷，延胡索，蒲公英，川楝子，枸杞子，骨碎补，玄参，菟丝子,紫花地丁
TCMF12224,风热感冒，咽喉肿痛，头痛发热。,麦冬，薄荷，荆芥，桔梗，苍耳子，赤芍，连翘，栀子，地骨皮，白芷，甘草,玄参
TCMF10205,肝郁脾虚，胸胁胀痛，食欲不振，月经不调。,当归，白芍，茯苓，白术，甘草,柴胡
TCMF3957,"感冒, 风温, 牙痛",金银花，百部，大黄，大青叶，黄芩，金钱草,知母
TCMF11522,风痰壅盛，喉痹，牙关紧闭，高热惊厥。,薄荷，天麻，大黄，白附子，地龙，全蝎，僵蚕，石膏，青黛,人工牛黄
TCMF781,"头痛, 眩晕眼花, 心烦易怒, 失眠多梦",当归，川芎，白芍，钩藤，鸡血藤，夏枯草，决明子，珍珠母，延胡索，细辛,熟地黄
TCMF10330,冠心病，心绞痛，心律失常,黄芪，赤芍，五味子，桂枝,丹参
TCMFx2911,白驳风,当归，三七，红花，牡丹皮，桃仁，防风，苍术，白芷，赤芍，黄芪,马齿苋
TCMF8974,热病伤阴，口渴咽干，心烦失眠，小便不利。,麦冬，紫花地丁，红花，连翘，瞿麦，胡黄连，蛇蜕，黄柏，牛黄,木鳖子
TCMF9180,肝肾不足，气血两虚，头晕目眩，腰膝酸软，须发早白，遗精早泄。,黄芪，党参，丹参，制何首乌，枸杞子，白芍，覆盆子，菟丝子，山药，锁阳，淫羊藿，郁金，青皮,桑椹
TCMF4388,痹病,木瓜，当归，川芎，白芷，威灵仙，狗脊，牛膝，鸡血藤，海风藤，川乌，草乌,人参
TCMF260,咳嗽,紫苏叶，菊花，葛根，川贝母，苦杏仁，枇杷叶，紫苏子，桑白皮，前胡，射干，栀子，黄芩，知母，人工牛黄，冰片,板蓝根
TCMFx223,"热毒内蕴, 毒邪未尽所致的口疮肿痛, 疮疡溃烂, 烦躁口渴, 大便秘结",珍珠，雄黄，大黄，黄连，甘草，天花粉，川贝母，赤芍，乳香，没药，冰片,人工牛黄
TCMF8055,肝郁气滞，胸胁胀痛，月经不调，痛经。,柴胡，丹参，当归，川芎，红花，桃仁，白芍，赤芍，香附,黄芪
TCMF9200,脾肾两虚，带下量多，色白清稀，腰膝酸软，倦怠乏力。,杜仲，党参，白术，砂仁，木香，陈皮，白芍，川芎，当归，小茴香，香附，鸡冠花，延胡索，牡蛎，青黛,续断
TCMF532,鼻炎,细辛，荆芥，白芷，黄芪，桂枝，黄芩，苍耳子，白术，石菖蒲,防风
TCMF11880,中风后遗症，肢体麻木，半身不遂，言语不利，头痛眩晕。,灯盏细辛，丹参，红花，当归，赤芍，桃仁，鸡血藤，牛膝，地龙,川芎
TCMFx1378,"治肠风脏毒, 槐花散",槐花，枳壳，侧柏叶,荆芥
TCMF10101,肾虚腰痛，头晕耳鸣，遗精早泄，腰膝酸软。,党参，丹参，杜仲，仙茅，枸杞子，熟地黄，山药，菟丝子，延胡索，牡蛎,黄芪
TCMF1422,"瘟疫初起先憎寒而后发热, 日后但热而无憎寒也, 脉不浮不沉而数, 昼夜发热, 日晡益甚, 头疼身痛",槟榔，厚朴，知母，白芍，草果，甘草,黄芩
TCMF4699,疳病,党参，白术，白扁豆，甘草，黄芪，茯苓，陈皮，麦芽，大枣,山药
TCMF7324,高脂血症，肝郁脾虚。,白术，茯苓，泽泻，山楂，决明子，柴胡，丹参,黄芪
TCMF8835,湿热下注所致的淋证，症见尿频、尿急、尿痛、小腹拘急、腰痛；泌尿系感染见上述证候者。,丹参，苦参，黄连，茯苓，白术，萹蓄，绵萆薢，大黄，川木通，栀子，石菖蒲，甘草,瞿麦
TCMF7526,妇人冲任虚损，崩漏下血，月经过多，淋漓不止，产后或流产损伤冲任，下血不绝；或妊娠胞阻，胎漏下血，腹中疼痛。,阿胶，艾叶，当归，熟地黄，川芎，甘草,白芍
TCMF9084,月经不调，痛经，闭经，产后瘀血腹痛。,黄芩，益母草，党参，白术，当归，茯苓，砂仁，白芍，延胡索，甘草,熟地黄
TCMFx6354,痹病,川乌，香附，川芎，麻黄，草乌，秦艽，当归，赤小豆，羌活，赤芍，细辛，天南星，白芷，甘草，白术，没药，地龙，茯苓，桂枝，天麻，甘松，防风，朱砂,乳香
TCMF7582,记忆力减退，注意力不集中，神经衰弱，失眠多梦。,人参，茯苓，白术，当归，川芎，酸枣仁，石菖蒲,黄芪
TCMFx7231,用于肝肾不足、气血两虚所致的神疲乏力、腰膝痠软、头晕耳鸣、心悸、气短、失眠、咽干、纳差食少；放、化疗所致的白细胞减少，缺铁性贫血见上述证候者,制何首乌，黄芪，女贞子，桑椹，墨旱莲，狗脊,白芍
TCMF8022,血瘀兼气阴两虚证的视网膜静脉阻塞,丹参，三七，玄参,黄芪
TCMF11125,湿热泄泻，腹痛，腹泻，消化不良。,黄连，葛根，炙甘草，茯苓，白术，木香，山楂，姜半夏，泽泻,厚朴
TCMF7444,风寒湿痹，关节疼痛，肢体麻木，腰膝酸软。,羌活，独活，防己，苍术，白术，川芎，赤芍，牛膝，杜仲，薏苡仁，甘草,当归
TCMF7631,脾胃虚弱，胃脘胀痛，嗳气吞酸，食欲不振。,党参，白术，茯苓，陈皮，半夏，木香，砂仁，生姜,大枣
TCMF11535,风湿痹痛，筋骨疼痛，跌打损伤。,没药，乳香，草乌，川乌，桑枝，蛇蜕，蜈蚣,马钱子
TCMFx4283,"咳嗽, 哮病, 喘病",麻黄，紫苏子，桑白皮，芥子，陈皮,葶苈子
TCMF9875,心悸失眠，健忘多梦，心烦口渴，大便干燥。,天冬，柏子仁，酸枣仁，当归，丹参，党参，茯苓，玄参，远志，石菖蒲，朱砂，五味子，桔梗，甘草,麦冬
TCMF10004,胸痹心痛，心悸气短，胸闷乏力。,黄精，甘松，三七,党参
TCMF307,"肺气虚热, 咳嗽痰盛, 气促作喘, 夜卧不安",罂粟壳，知母，陈皮，甘草，石膏，紫苏叶，款冬花，玄参，密蒙花，五味子，瓜蒌子，木香，桑叶，桔梗，大黄，川贝母，苦杏仁，葶苈子，百部，麦冬，天冬，枳壳，半夏，马兜铃,前胡
TCMF4544,"健忘, 不寐, 眩晕, 心悸, 阳痿, 遗精",黄精，淫羊藿，苍耳子，麦冬，远志，酸枣仁，五味子，枸杞子，鹿茸，龟甲，茯苓，大枣，熟地黄，鹿角胶,红参
TCMF307,"肺气虚热, 咳嗽痰盛, 气促作喘, 夜卧不安",罂粟壳，知母，陈皮，甘草，石膏，款冬花，玄参，密蒙花，五味子，瓜蒌子，木香，桑叶，桔梗，前胡，大黄，川贝母，苦杏仁，葶苈子，百部，麦冬，天冬，枳壳，半夏，马兜铃,紫苏叶
TCMF10491,鼻塞，流涕，头痛，过敏性鼻炎。,苍耳子，麻黄，辛夷，白芷，冰片,威灵仙
TCMF8659,咳嗽，气喘，痰多，胸闷。,甘草，茯苓，苦杏仁，桑白皮，西洋参，白果，陈皮，地龙,白前
TCMF3,"活血化瘀, 行气通络之功效。用于高脂血症属气滞血瘀证者",川芎，桃仁，降香，三棱，莪术，枳壳，大黄,丹参
TCMF11257,肺虚咳嗽，气喘，痰多,蛤蚧，冬虫夏草，五味子，白果，平贝母,白前
TCMF1912,"血劳, 月经失调, 闭经",阿胶，党参，茯苓，黄芪，白芍，熟地黄，川芎，甘草,当归
TCMFx6424,感冒,天竺黄，天花粉，川贝母，天南星，僵蚕，天麻，薄荷，桔梗，半夏，石菖蒲，朱砂,陈皮
TCMF2423,"阳痿, 眩晕, 耳鸣, 腰痛",枸杞子，芡实，当归，何首乌，牛膝，山药，泽泻，狗脊，菟丝子，党参，杜仲，甘草，韭菜子，肉苁蓉，天花粉，远志，白术，熟地黄,巴戟天
TCMF3129,牙痛,升麻，川芎，藁本，石膏，白芷，细辛，荜茇，雄黄，皂角刺，地骨皮，高良姜，冰片,乳香
TCMF4501,"眩晕, 痞满",香附，乌药，荜茇，广藿香，冰片，柴胡，雄黄，荆芥，砂仁，薄荷，丁香，陈皮，豆蔻，独活，甘草，川芎，天花粉，朱砂，紫苏叶，天麻，白芷，檀香，半夏，防风,细辛
TCMF11218,痛经，月经不调，盆腔炎等。,车前子，泽兰，红花，赤芍，炮姜，海藻，柴胡，香附，延胡索,川芎
TCMF12039,疮疡肿毒，皮肤溃烂，湿疹瘙痒。,甘草，当归，紫草，血竭，轻粉,白芷
TCMF9082,胃寒疼痛，脘腹胀满，食欲不振，呕吐泄泻。,炮姜，黄芪，白芍，丹参，延胡索，砂仁，肉桂，白及，五倍子,甘草
TCMF8474,脾胃虚弱，食积不化，脘腹胀满，大便溏泄。,党参，茯苓，山药，莲子，白扁豆，薏苡仁，芡实，山楂，谷芽，鸡内金，陈皮,白术
TCMF10811,小儿惊风，痰热咳嗽，高热惊厥，抽搐。,天竺黄，钩藤，防风，白附子，胆南星，冰片，牛黄，全蝎，蝉蜕，僵蚕，朱砂，珍珠,天麻
TCMF12056,小儿惊风，痰热咳嗽，食积停滞，脾胃虚弱。,朱砂，天竺黄，胆南星，山药，木香，枳壳，人参，甘草,茯苓
TCMF10997,脾肾两虚，气血不足，腰膝酸软，食欲不振，神疲乏力。,黄芪，党参，杜仲，补骨脂，麦冬，茯苓，白术，苍术，乳香，没药，砂仁，木香，红花，制何首乌，肉苁蓉，白芍，木瓜，枸杞子,黄芩
TCMF12112,风寒感冒，头痛鼻塞，恶寒发热，肢体酸痛。,细辛，防风，香附，土木香，白芷，川芎，薄荷，羌活，桔梗，甘草,荆芥
TCMF11466,中风偏瘫，肢体麻木，言语不清，口眼歪斜，头痛眩晕。,丹参，黄芪，红参，天麻，葛根，穿山龙，甘草,红花
TCMF4718,"咳嗽, 喉痹",山豆根，连翘，桔梗，栀子，黄芩，玄参，牛蒡子，芒硝，知母，防风，薄荷，黄柏，甘草,大黄
TCMF10855,心悸失眠，心慌气短，心神不宁。,枫香脂，广枣，肉豆蔻，丁香,木香
TCMFx3254,痹病,昆布，骨碎补，党参，桂枝，威灵仙，牡蛎，杜仲叶，附子，川乌，草乌，延胡索，白芍，三七，马钱子,鸡血藤
TCMF8552,感冒初期，发热恶寒，头痛鼻塞，咳嗽痰多。,生姜，金银花，山楂,防风
TCMF407,"不寐, 眩晕, 崩漏, 便血",党参，白术，黄芪，甘草，远志，酸枣仁，龙眼肉，当归，木香，大枣,茯苓
TCMF11862,肝气郁结，胸胁胀痛，食欲不振，情绪抑郁。,延胡索，木香,佛手
TCMF11575,肝郁气滞，胸胁胀痛，月经不调，痛经。,姜黄，桔梗，乌梅，香附，枳壳，乌药，凌霄花,郁金
TCMF8672,风湿痹痛，筋骨疼痛，腰膝酸软，肢体麻木。,没药，乳香，红花，香加皮，马钱子，伸筋草，骨碎补，牛膝，地龙,防己
TCMFx5095,痹病,黄芪，杜仲，续断，肉苁蓉，川芎，没药，淫羊藿，牛膝，骨碎补，补骨脂，熟地黄，细辛，桂枝，血竭，三七，当归，乳香，香加皮，羌活,苏木
TCMFx3781,"月经失调, 眩晕, 崩漏, 血劳, 不孕",当归，白术，熟地黄，川芎，白芍，香附，益母草，黄芪，杜仲，艾叶，麦冬，阿胶，甘草，茯苓，砂仁,陈皮
TCMFx1470,腹痛,金银花，大青叶，蒲公英，大血藤，川楝子，大黄，木香，桃仁，黄芩,赤芍
TCMFx5247,虚劳,人参，白术，茯苓，甘草，当归，熟地黄，白芍，陈皮，远志，肉桂，五味子，大枣，生姜,黄芪
TCMF9603,痔疮，肛裂，便秘。,黄芪，红花，大黄,丹参
TCMF8129,清热解毒，用于治疗感冒、咽喉肿痛、扁桃体炎等。,板蓝根，人工牛黄,金银花
TCMF8085,气血两虚，心悸失眠，头晕目眩，腰膝酸软。,丹参，鸡血藤，制何首乌，忍冬藤，山茱萸，太子参，酸枣仁,黄芪
TCMF823,心绞痛,广枣，丹参，冰片，天竺黄,丁香
TCMF10911,湿疹，皮炎，皮肤瘙痒。,苦参，紫花地丁，黄连，苍术，地肤子，虎杖，蛇床子，花椒，黄柏，冰片,茵陈
TCMF11920,咽喉肿痛，声音嘶哑，咳嗽痰多。,麦冬，浙贝母，玄参，茯苓，瓜蒌皮，桔梗，甘草，青果,诃子
TCMF11661,清热解毒，安神镇惊。,金银花，珍珠，甘草,牛黄
TCMF12064,小儿感冒，发热，咳嗽，头痛，身痛，惊风，痰多。,薄荷，紫苏叶，黄芩，黄连，白术，天竺黄，胆南星，天麻，钩藤，白芍，厚朴，枳实，独活，羌活，山药，白附子，甘草,茯苓
TCMF8692,心悸，失眠，多梦，健忘，神疲乏力。,人参，茯苓，酸枣仁，天冬，五味子，熟地黄，延胡索，肉桂,远志
TCMF8634,目赤肿痛，眼干眼涩，视力模糊。,薄荷，金银花，密蒙花，冰片，珍珠,野菊花
TCMF8468,脾胃虚弱，食少便溏，腹胀腹泻，肢倦乏力。,黄芪，党参，白术，茯苓，车前子，茵陈，肉豆蔻，黄柏，牡蛎,苍术
TCMF8599,湿热淋证，尿频尿急，尿痛，腰痛。,金钱草，海金沙，石韦，白茅根,忍冬藤
TCMF9211,前列腺炎，前列腺增生，尿频，尿急，尿痛，腰膝酸软。,黄芪，茯苓，冬葵果，虎杖，桃仁，柴胡，川牛膝，淫羊藿，枳壳，桂枝,土鳖虫
TCMFx3781,"月经失调, 眩晕, 崩漏, 血劳, 不孕",当归，白术，熟地黄，川芎，白芍，香附，益母草，黄芪，杜仲，艾叶，阿胶，甘草，陈皮，茯苓，砂仁,麦冬
TCMF8181,肺肾两虚，久咳虚喘，气短乏力。,麦冬，补骨脂，炙甘草，党参，白术，五味子,茯苓
TCMFx4380,"咳嗽, 哮病, 喘病",陈皮，橘红，法半夏，葶苈子，瓜蒌子，紫苏子，紫苏叶，桑白皮，苦杏仁，桔梗，前胡，马兜铃，款冬花，紫菀，远志，百合，天冬，麦冬，北沙参，知母，麻黄，黄芩，白芍，石膏，甘草,五味子
TCMF5554,"口疮, 鼻疮, 痔疮, 褥疮, 肛裂",石膏，冰片,朱砂
TCMF8407,痛经，闭经，月经不调，产后瘀血腹痛。,益母草，紫苏子，降香，苏木，没药，乳香，三棱，姜黄，艾叶，红花，白芍，两头尖，苦杏仁，桃仁，阿魏，川芎，当归，小茴香，香附,大黄
TCMF7622,口腔溃疡，牙龈肿痛，皮肤湿疹。,黄连，黄柏,儿茶
TCMF10430,心悸，气短，失眠，多梦，自汗盗汗，肢冷。,炙甘草，红参，桂枝，生姜，大枣，黑芝麻，阿胶,麦冬
TCMF7633,血劳,党参，黄芪，茯苓，白术，当归，龙眼肉，远志，木香，甘草,酸枣仁
TCMF9140,肝肾不足，腰膝酸软，筋骨痿弱，头晕目眩。,丹参，骨碎补，郁金，野菊花，牡丹皮，枸杞子，熟地黄,鸡血藤
TCMFx98,流感,黄芩，金银花，人工牛黄，珍珠母,连翘
TCMFx1186,"心绞痛, 心肌梗死",麝香，人参，牛黄，蟾酥，肉桂，冰片,苏合香
TCMFx3266,"感冒, 咳嗽",黄芩，黄连，胆南星，天竺黄，前胡，浙贝母，桔梗，苦杏仁，陈皮，化橘红，法半夏，茯苓，甘草，紫苏叶，木香，枳壳，冰片，党参，朱砂，羌活,葛根
TCMF7478,小儿外感风热，发热重，恶寒轻，汗出而热不解，头痛鼻塞，咳嗽痰黄，咽喉肿痛。,连翘，大青叶，板蓝根，石膏，知母，地骨皮，淡竹叶，重楼，龙胆，甘草,金银花
TCMFx4632,痹病,蕲蛇，防风，当归，羌活，秦艽，香加皮,红花
TCMF8311,鼾症，气喘，呼吸困难。,红景天，牛蒡子，麻黄，甘草,半边莲
TCMF3094,"疳病, 夜啼",太子参，茯苓，薏苡仁，白术，甘草，芡实，北沙参，山楂，陈皮，山药，麦芽，石菖蒲，莲子,白扁豆
TCMFx764,痹病,川乌，白芷，草乌，香附，甘草，白术，没药，麻黄，川芎，乳香，秦艽，地龙，当归，茯苓，赤小豆，羌活，天麻，赤芍，细辛，天南星，桂枝，甘松,防风
TCMF9746,咽喉肿痛，口腔溃疡，牙龈肿痛。,麦冬，黄芩，西瓜霜，金银花，防风，玄参，射干，甘草，冰片,山豆根
TCMF9429,脾胃虚弱，腹泻，消化不良，食欲不振。,茯苓，苍术，五倍子，乌梅，肉豆蔻，红参，鹿角霜,木香
TCMF512,"咳嗽, 感冒",苦杏仁，陈皮，紫苏叶，桔梗，甘草,前胡
TCMF10957,感冒，头痛，发热，恶寒，胸闷，恶心，呕吐，腹痛，腹泻。,薄荷，广藿香，紫苏叶，干姜，茯苓，麦芽，片姜黄，桔梗，白术，苍术，木香，厚朴，白芍，山楂，白芷，羌活，檀香，半夏,草果
TCMF8379,湿热下注，皮肤瘙痒，湿疹，疮疡肿毒。,黄连，黄芩，黄柏，栀子，大黄，苦参，地肤子，蛇床子，花椒，冰片,白鲜皮
TCMF12215,脾胃虚寒，脘腹冷痛，呕吐泄泻。,丁香，肉桂,吴茱萸
TCMF8494,肝肾阴虚，头晕目眩，腰膝酸软，须发早白。,黄精，麦冬，天冬，侧柏叶，黑豆，黄芪，茯苓，制何首乌，山药，芡实，西洋参，黑芝麻，珍珠,熟地黄
TCMF10622,痛经，月经不调，产后腹痛。,益母草，桃仁，干姜，川芎，当归，甘草,红花
TCMFx7181,急、慢性肝炎，迁延性肝炎，慢性活动性肝炎，对血清谷丙转氨酶、麝香草酚浊度、黄疸指数均有显著的降低作用，对乙型肝炎表面抗原转阴有较好的效果。,板蓝根，茵陈，郁金，黄芪，五味子，刺五加，甘草,当归
TCMF10015,气血两虚，月经不调，崩漏带下，腰膝酸软。,人参，黄芪，丹参，白芍，香附，牡蛎，鹿角霜，鳖甲，甘草,银柴胡
TCMF9391,脾胃虚弱，食欲不振，四肢乏力，腰膝酸软，失眠多梦。,人参，白术，茯苓，泽泻，山药，白芍，肉苁蓉，锁阳，巴戟天，狗脊，酸枣仁，远志，石菖蒲，熟地黄，豆蔻，丹参,黄芪
TCMFx4128,痹病,当归，木香，玉竹，黄芪，党参，重楼，虎杖，桂枝，枸杞子，秦艽，川乌，草乌，续断，红花,肉桂
TCMF7252,用于妇人宿有瘢块，或血瘀经闭，经行腹痛，产后恶露不尽。,桂枝，桃仁，牡丹皮，赤芍,茯苓
TCMF9407,肾虚腰痛，阳痿早泄，神疲乏力。,蛤蚧，黄芪，淫羊藿，肉苁蓉，韭菜子，虎杖,鹿茸
TCMF9232,风寒湿痹，筋骨疼痛，腰膝酸软，四肢麻木。,党参，石斛，马钱子，草乌，钩藤，木瓜，半夏，天南星，川牛膝，续断,川乌
TCMF11833,血虚，崩漏，带下,阿胶，肉桂,海螵蛸
TCMF539,骨关节炎,熟地黄，狗脊，淫羊藿，莱菔子，牛膝，肉苁蓉，女贞子，鸡血藤,骨碎补
TCMF257,感冒,柴胡，黄芩，葛根，水牛角，板蓝根，连翘，大黄,金银花
TCMF8382,肝火旺盛，目赤肿痛，视物昏花，头痛眩晕。,黄连，黄芩，龙胆，决明子，石决明，茺蔚子，密蒙花，木贼，柴胡，胡黄连,黄柏
TCMF9295,血虚眩晕，失眠多梦，腰膝酸软。,鸡血藤，首乌藤，熟地黄,金樱子
TCMF9470,风湿痹痛，筋骨疼痛，跌打损伤。,马钱子，白芷，当归，防风，羌活，胆南星，花椒，冰片,川芎
TCMF11623,寒凝气滞引起的胸腹胀痛，胃脘疼痛，呕吐泄泻，疝气疼痛。,广藿香，姜黄，乳香，川木香，木香，八角茴香，沉香，小茴香,丁香
TCMF9976,月经不调，经期腹痛，气血两虚，腰膝酸软。,茯苓，白术，墨旱莲，女贞子，白芍，牡丹皮，枳壳，当归,益母草
TCMFx4014,咳嗽,牛黄，茯苓，川贝母，白前，沉香，黄芩，胆南星，水牛角，百部，清半夏，冰片,石膏
TCMF8061,湿热下注，尿路感染，小便不利，淋漓涩痛，尿血，尿频，尿急，尿痛。,车前子，夏枯草，决明子，茯苓，瞿麦，石斛，黄连，牡丹皮，女贞子，墨旱莲，山茱萸，山药，熟地黄，菟丝子，槟榔，菊花，木通,泽泻
TCMF739,"呕吐, 痞满",木香，白术，茯苓，香附，豆蔻，砂仁，陈皮，半夏，厚朴，广藿香，甘草,枳实
TCMF9609,湿热淋证，尿路结石，小便不利，腰腹疼痛。,金钱草，丹参，海金沙，木香，萹蓄，瞿麦，牛膝，延胡索，鸡内金,王不留行
TCMF8142,风湿痹痛，筋骨疼痛，跌打损伤。,甘草，葛根，没药，乳香，红花，白芍，桃仁，伸筋草，续断,牛膝
TCMF8745,肝肾不足，瘀血阻络所致的骨性关节炎，症见关节疼痛、肿胀、屈伸不利、腰膝酸软。,鸡血藤，肉苁蓉，女贞子，骨碎补，狗脊，淫羊藿，熟地黄，莱菔子,牛膝
TCMF12412,食欲不振，脘腹胀满，恶心呕吐，肢体困重,草果，陈皮，甘草,生姜
TCMFx1251,"月经不调, 经期腹痛",香附，当归，大枣，熟地黄，赤芍，延胡索，白术，白芍，甘草,川芎
TCMF11009,急慢性鼻炎，鼻窦炎，过敏性鼻炎,苍耳子，广藿香，黄芩，鹅不食草，菊花，野菊花，白芷,荆芥
TCMF10231,小儿感冒发热，咳嗽痰多，消化不良，食积停滞。,广藿香，荆芥，甘草，麦芽，天花粉，砂仁，桔梗，苍术，木香，大黄，川木通，黄连，厚朴，山楂，陈皮，枳壳，冰片，蜂蜜，朱砂,清半夏
TCMF11647,脾胃虚寒，脘腹冷痛，呕吐泄泻，手足不温。,吴茱萸，砂仁，干姜，肉桂，丁香，花椒，白术，陈皮，甘草,小茴香
TCMFx2960,"痹病, 跌打损伤",桑枝，何首乌，熟地黄，茯苓，独活，当归，防己，白芍，党参，牡丹皮，威灵仙，木瓜，地龙，红花，赤芍，杜仲，甘草，香附，川芎，桃仁,黄芪
TCMF12109,清热解毒，镇惊安神。用于热入心包、热盛动风证，症见高热烦燥、神昏谵语、惊风抽搐、舌红绛、脉数。,麦冬，黄芩，大豆黄卷，甘草，干姜，白术，白芍，白蔹，柴胡,桔梗
TCMF12304,肝郁气滞，胸胁胀痛，消化不良，食欲不振。,丁香，西红花，牛黄,诃子
TCMF6411,"腹泻, 痢疾, 脱肛, 腹胀, 腹痛",人参，白术，茯苓，甘草，陈皮，肉豆蔻，白芍，诃子,罂粟壳
TCMF11351,阳虚体弱，四肢不温，脾胃虚寒，心悸气短。,附子，干姜，党参，炙甘草，桂枝,川芎
TCMF11771,肺肾阴虚，痰瘀阻络，咳嗽气喘，胸胁疼痛。,冬虫夏草，紫苏子，郁金，水蛭，地龙，龟甲,地骨皮
TCMFx178,疳病,太子参，茯苓，山药，山楂，麦芽，陈皮，白芍，白扁豆，麦冬，葛根,北沙参
TCMF9949,风寒湿痹，筋骨疼痛，腰膝酸软，四肢麻木。,海风藤，威灵仙，木瓜，川芎，当归，牛膝，人参,白芷
TCMF8190,肾虚腰痛，阳痿早泄，遗精盗汗，神疲乏力。,红参，补骨脂，肉苁蓉，锁阳，丹参，当归，川芎，党参，白术，茯苓，砂仁，白芍，枸杞子，陈皮，甘草,鹿茸
TCMF11437,脾胃虚弱，食少便溏，气短咳嗽，肢倦乏力。,黄芩，桔梗，清半夏，陈皮，枳实,白术
TCMF9108,脾肾阳虚，腰膝酸软，畏寒肢冷，神疲乏力，食少便溏。,人参，巴戟天，锁阳，茯苓，菟丝子，枸杞子，韭菜子，肉苁蓉，淫羊藿，天冬，酸枣仁，柴胡，蛇床子，熟地黄,鹿茸
TCMF10829,肾虚精亏，腰膝酸软，头晕耳鸣，失眠多梦，神疲乏力。,沙苑子，制何首乌，肉苁蓉，冬虫夏草，五味子，枸杞子，桑椹，红参，淫羊藿，海马，蛤蚧,核桃仁
TCMF10015,气血两虚，月经不调，崩漏带下，腰膝酸软。,人参，黄芪，丹参，白芍，银柴胡，牡蛎，鹿角霜，鳖甲，甘草,香附
TCMFx489,"恶露不净症见恶露不止, 小腹疼痛, 口燥咽干; 人工流产及产后子宫复位不全见上述证候者",益母草,马齿苋
TCMF7702,月经不调，崩漏，气虚血弱。,黄芪，党参，白术，当归，熟地黄，白芍，川芎，阿胶，艾叶,炙甘草
TCMFx3369,"温病, 发热",金银花，蝉蜕，石膏，滑石，黄芩，大黄，赤芍，板蓝根，广藿香,羚羊角
TCMF9695,脾胃虚弱，食欲不振，心悸失眠，健忘多梦。,黄精，茯苓，明党参，石菖蒲，远志，陈皮,山楂
TCMF2934,"怔忡, 惊悸, 健忘, 遗精",柏子仁，玄参，枸杞子，甘草，当归，石菖蒲，麦冬，茯苓,熟地黄
TCMF8659,咳嗽，气喘，痰多，胸闷。,甘草，白前，苦杏仁，桑白皮，西洋参，白果，陈皮，地龙,茯苓
TCMF7182,跌打损伤，闪腰岔气，伤筋动骨，皮肤青肿，血瘀疼痛。,当归，血竭，土鳖虫，自然铜，麝香,朱砂
TCMFx3812,"眩晕, 耳鸣",熟地黄，山茱萸，菟丝子，茯苓，当归，山药，杜仲,枸杞子
TCMF9630,脾胃虚弱，食欲不振，肢倦乏力，大便溏泄。,黄精，天冬，玉竹，荜茇，天花粉，枳壳，益智，冬葵果，红花,肉桂
TCMF10593,风热感冒，发热头痛，咳嗽口干，咽喉疼痛。,薄荷，荆芥，金银花，连翘，淡豆豉，桔梗，甘草,牛蒡子
TCMF7986,肝肾不足，头晕目眩，失眠多梦，腰膝酸软。,枸杞子，桑椹，大枣，石菖蒲，远志，人参,制何首乌
TCMF11353,脾胃虚弱，食积不化，脘腹胀满，呕吐泄泻，肢体倦怠。,薄荷，广藿香，紫苏叶，赤小豆，谷芽，麦芽，苍术，川木香，青蒿，厚朴，山楂，白芷，香附，陈皮，枳壳，肉桂，槟榔,苦杏仁
TCMFx4380,"咳嗽, 哮病, 喘病",陈皮，橘红，法半夏，葶苈子，瓜蒌子，紫苏子，紫苏叶，桑白皮，苦杏仁，前胡，马兜铃，款冬花，紫菀，远志，百合，天冬，麦冬，北沙参，知母，五味子，麻黄，黄芩，白芍，石膏，甘草,桔梗
TCMF11094,清热解毒，用于治疗感冒发热，咽喉肿痛，口腔溃疡，疮疖肿毒。,黄连，黄芩，黄柏，栀子，金银花，连翘，大青叶，蒲公英，紫花地丁，甘草,板蓝根
TCMF12064,小儿感冒，发热，咳嗽，头痛，身痛，惊风，痰多。,薄荷，黄芩，黄连，茯苓，白术，天竺黄，胆南星，天麻，钩藤，白芍，厚朴，枳实，独活，羌活，山药，白附子，甘草,紫苏叶
TCMF533,鼻炎,细辛，黄芩，荆芥，防风，白芷，黄芪，白术，桂枝，石菖蒲,苍耳子
TCMF10260,小儿泄泻，湿热内蕴，脾虚湿盛。,黄芩，地锦草，葛根，升麻，诃子,车前子
TCMF10978,肝肾不足，气血两虚，头晕目眩，腰膝酸软，月经不调，崩漏带下。,人参，黄芪，当归，熟地黄，白术，炙甘草，砂仁，延胡索，鹿茸，桑寄生，续断,川芎
TCMF568,"腹泻, 脱肛, 阴挺",黄芪，甘草，当归，柴胡，党参，升麻，陈皮,白术
TCMF12178,脾胃虚弱，食少腹胀，大便溏泄，肢倦乏力。,人参，白术，茯苓，山药，白扁豆，薏苡仁，芡实，麦芽，山楂，砂仁，木香，陈皮，青皮，枳壳，当归，甘草,莲子
TCMF6682,"活血, 止痛。用于跌打损伤, 瘀血肿痛。",桃仁，陈皮，红花，白芷，防风，木香，当归，香附，延胡索,甘草
TCMF7795,湿热下注，痔疮肿痛，肛裂出血，肠风下血。,苦参，红花，白芍，黄连，五倍子，乌梅，川芎，丁香，射干，人参，白矾,五味子
TCMF7583,恶虫叮咬伤,重楼，雄黄，大黄，黄芩，黄连，半边莲，白芷，天花粉，乳香，甘草,没药
TCMF12212,风湿痹痛，肢体麻木，关节不利，皮肤瘙痒。,麻黄，桂枝，苍术，威灵仙，川芎，红花，当归，防风，蝉蜕，地肤子，白鲜皮，火麻仁，甘草,苦参
TCMF11321,脾胃虚弱，消化不良，脘腹胀痛，便秘。,大黄，小茴香，肉桂，滑石,砂仁
TCMFx3844,"痛经, 经行乳房胀痛",黄芪，当归，枸杞子，香附，柴胡，茯苓，续断，白芍，甘草，陈皮,白术
TCMF12097,脑血栓形成，脑栓塞，脑出血后遗症，脑动脉硬化，高血压等引起的头痛，眩晕，肢体麻木，半身不遂，语言障碍等症状。,丹参，赤芍，红花，当归，地龙，水蛭，桃仁，牛膝，葛根，天麻，钩藤，石决明，羚羊角，人工牛黄，冰片,川芎
TCMF11790,冠心病，心绞痛，脑血栓，脑栓塞，高血压等心脑血管疾病。,丹参，郁金，红花，三七，淫羊藿，冰片，麝香,葛根
TCMF7427,免疫力低下，疲劳乏力，久病体虚，气血两亏。,冬虫夏草，人参，黄芪，枸杞子，灵芝，茯苓，白术，甘草,当归
TCMF13,"小便黄赤, 尿频尿急, 尿道灼热涩痛",木通，车前子，茯苓，猪苓，黄柏，大黄，萹蓄，瞿麦，知母，泽泻，栀子，甘草，滑石,黄芩
TCMF12352,黄疸，湿热黄疸，身热，心中懊憹，小便不利。,黄柏，甘草,栀子
TCMF104,"腹痛, 腹泻, 腹胀, 腹部不适等症, 肠易激综合征等见上述证候者",白芍，青皮，薤白,白术
TCMF8004,胃脘疼痛，胃酸过多，消化不良。,金果榄，全蝎，吴茱萸,徐长卿
TCMF12124,气血两虚，头晕目眩，腰膝酸软，四肢无力。,丹参，炙黄芪，党参，补骨脂，鸡血藤，制何首乌，熟地黄，白术，漏芦，虎杖，赤芍，牡丹皮，连翘，女贞子，川芎，当归，狗脊，刺五加,枸杞子
TCMF5335,"感冒, 风温",苦杏仁，菊花，桑叶，荆芥，桔梗，芦根，甘草，连翘，紫苏叶,薄荷
TCMF11974,脾胃虚寒，四肢不温，脘腹冷痛，呕吐泄泻。,黄芪，炙甘草，生姜，白芍，大枣,桂枝
TCMF8868,食积停滞，脘腹胀满，消化不良。,麦芽，山楂，白术，莱菔子，陈皮，佛手,茯苓
TCMF8178,脾胃虚弱，食少便溏，气短乏力，面色萎黄。,黄芪，党参，白术，甘草，茯苓，当归，升麻，柴胡,陈皮
TCMF12108,高血压，头痛，眩晕，失眠。,羚羊角，珍珠母，黄芩，郁金，黄连，栀子，冰片，朱砂，雄黄,辛夷
TCMF8089,肝癌，肝硬化，肝腹水，肝区疼痛，消化不良。,重楼，白蔹，半枝莲，黄芪，党参，白术，茯苓，薏苡仁，苏木，郁金，茵陈，大黄，木通，沉香，柴胡，香附，陈皮，土鳖虫，牡蛎,桃仁
TCMF9165,气滞血瘀所致的胸痹心痛，心悸气短，冠心病心绞痛。,黄芪，丹参，当归，红花，赤芍，桃仁，地龙,川芎
TCMF9869,肾虚腰痛，头晕耳鸣，遗精早泄，阳痿不育，尿频尿急。,韭菜子，补骨脂，巴戟天，枸杞子，桑椹，山茱萸，仙茅，熟地黄，莲须，芡实，淫羊藿，白果，海马,菟丝子
TCMF7332,风热感冒，发热头痛，咳嗽咽痛。,金银花，连翘，板蓝根，大青叶，桔梗，薄荷，甘草,牛蒡子
TCMF10693,肝肾不足，气血两虚，腰膝酸软，头晕耳鸣，失眠多梦，月经不调。,熟地黄，山茱萸，当归，白芍，知母，黄柏，丹参，鸡血藤，肉苁蓉，女贞子，枸杞子，牡丹皮，酸枣仁，淫羊藿，续断,川芎
TCMF11998,跌打损伤，骨折，筋骨疼痛。,丹参，杜仲，肿节风，牛膝，自然铜,延胡索
TCMF9622,瘀血阻滞所致的痛经、闭经、月经不调、产后瘀血腹痛。,益母草，瓜子金,水蛭
TCMFx7044,"痔疮, 大便燥结, 便秘, 痔核疼痛",当归，黄芩，甘草，升麻，大黄,柴胡
TCMF6429,健忘,龟甲，鹿角，楮实子，枸杞子，茯苓,人参
TCMF7338,消化性溃疡，胃脘疼痛，嗳气反酸，食欲不振。,黄芪，党参，白术，茯苓，丹参，白芍，黄连，蒲公英，甘草,三七
TCMF10398,脾胃虚寒，胃脘疼痛，呕吐泄泻。,干姜，黄芩，半夏，延胡索，人参，甘草,黄连
TCMF9623,气血两虚，肢体麻木，腰膝酸软，头晕目眩。,黄芪，党参，熟地黄，茯苓，白术，枸杞子，山茱萸，独活，羌活，甘草,当归
TCMF3390,"虚劳, 心悸",红参，鹿茸，白术，五味子，当归，陈皮，白芍，熟地黄，甘草，党参，肉桂，黄芪，茯苓,远志
TCMF10341,产后恶露不行，少腹疼痛，产后血晕。,益母草，桃仁，川芎，当归，干姜，炙甘草,红花
TCMFx4058,"咳嗽, 喘病, 哮喘",桔梗，地龙，知母，蒲公英，黄芩，瓜蒌，麦冬，苦杏仁，款冬花，百部，甘草，赤芍，丹参,紫菀
TCMF11290,消化不良，食欲不振，脘腹胀满，呕吐泄泻。,甘草，麦芽，草果，苍术，厚朴，山楂，陈皮，槟榔，鸡内金,枳实
TCMF11475,感冒发热，头痛，咳嗽，咽痛。,北豆根，白薇，五味子，枳实,泽兰
TCMF9098,皮肤瘙痒，湿疹，荨麻疹，皮炎等皮肤病。,荆芥穗，益母草，鸡血藤，皂角刺，浮萍，白茅根，土贝母，桔梗，苍耳子，红花，地肤子，大黄，白芍，赤芍，牡丹皮，天葵子，连翘，茜草,牛蒡子
TCMF10991,肾虚腰痛，腰膝酸软，遗精早泄，阳痿不举，小便频数。,韭菜子，补骨脂，杜仲，白术，木香，附子，巴戟天，覆盆子，枸杞子，川芎，锁阳，牛膝，续断，熟地黄，菟丝子，肉桂，人参，鹿茸，大青盐,淫羊藿
TCMF8298,表虚自汗，易感风邪，体虚感冒。,黄芪，白术，防风，桂枝，生姜，大枣,白芍
TCMF7917,肾阳不足，腰膝酸软，气短乏力，脾胃虚弱。,巴戟天，瓜蒌，黄芪，当归，茯苓，甘草,白术
TCMF10162,消渴，口渴多饮，多尿，消瘦乏力。,白术，麻黄，枇杷叶，银杏叶,桔梗
TCMF9304,高血压，头痛，眩晕，失眠。,槐花，菊花，女贞子，钩藤，桃仁，天南星，三七，牛膝，地龙，羚羊角，石膏,玄参
TCMF8836,湿热泄泻，腹痛，里急后重。,黄芩，黄连，茯苓，白芍,广藿香
TCMF8636,口腔溃疡，牙龈肿痛，咽喉炎,黄芩，苦参，金银花,栀子
TCMF10311,气血两虚，月经不调，崩漏下血，体弱乏力。,阿胶，当归，白芍，黄芪，党参，茯苓，甘草,熟地黄
TCMF10096,肾虚腰痛，腰膝酸软，头晕耳鸣，遗精盗汗，畏寒肢冷。,鹿茸，鹿角胶，制何首乌，熟地黄，龟甲，巴戟天，锁阳，淫羊藿，白术，菊花，蒲公英，沉香，山药，红参，海马，海龙，鸡内金，鳖甲,茯苓
TCMF12397,头痛，头晕，目眩，口苦，舌红苔黄，脉弦数,蔓荆子，黄连，羌活，防风，黄芩,甘草
TCMF12107,肝肾不足，腰膝酸软，头晕耳鸣，神疲乏力。,杜仲，巴戟天，淫羊藿，黄芪，党参，白术，茯苓，砂仁，山药，莲子，柏子仁，肉苁蓉，当归，白芍，牡丹皮，女贞子，枸杞子，山茱萸,金樱子
TCMFx178,疳病,太子参，北沙参，茯苓，山药，山楂，麦芽，陈皮，白芍，白扁豆，葛根,麦冬
TCMF11864,风湿痹痛，筋骨疼痛，肢体麻木，跌打损伤。,儿茶，苏木，乳香，红花，大黄，马钱子，赤芍，枳实，桃仁，白芷，当归，骨碎补，三七，牛膝，续断，熟地黄，冰片，土鳖虫，自然铜,桂枝
TCMF7459,胎动不安，先兆流产，习惯性流产。,黄芪，白术，砂仁，续断，桑寄生，阿胶，艾叶，菟丝子，黄芩,杜仲
TCMF11137,风寒咳嗽，哮喘，胸闷气短。,干姜，麻黄，川乌，洋金花，芥子，丁香，半夏，吴茱萸，冰片,花椒
TCMF9835,妇人月经不调，痛经，闭经，产后腹痛，症瘕积聚。,人参，当归，白术，甘草，没药，延胡索，香附，藁本，黄柏，鳖甲，赤石脂,茯苓
TCMF10767,脾胃虚弱，消化不良，食欲不振，脘腹胀满。,人参，白术，甘草，砂仁，陈皮，枳壳，山楂，香附，石斛，桔梗,茯苓
TCMF11946,湿疹，皮炎，手足癣，体癣，股癣，花斑癣。,苦参，黄柏，蛇床子，花椒，土荆皮，白鲜皮，地肤子，蝉蜕，防风，荆芥，冰片,百部
TCMF9748,湿热下注所致的阴痒、带下量多、色黄味臭；霉菌性阴道炎、滴虫性阴道炎见上述证候者。,土茯苓，苦参，皂角刺，苍术，蛇床子，花椒，黄柏，蝉蜕,重楼
TCMF12288,跌打损伤，瘀血肿痛，骨折筋伤。,泽兰，红花，没药，乳香，麻黄，马钱子，赤芍，桃仁，骨碎补，蒲黄，土鳖虫，自然铜,香附
TCMFx676,"月经过多, 痛经",熟地黄，车前子，茯苓，柴胡，牛膝，五味子，泽泻，三七，附子，山药，黄连，牡丹皮,肉桂
TCMF8619,跌打损伤，瘀血肿痛，筋骨疼痛。,泽兰，三棱，莪术，郁金，红花，木香，大黄，续断，川芎，天南星，三七，蒲黄，朱砂根，土鳖虫，蜂蜜,降香
TCMF8476,脾胃虚弱，食欲不振，消化不良，脘腹胀满。,党参，白术，麦芽，陈皮，枳实,山楂
TCMF8661,气血两虚，头晕目眩，腰膝酸软，食欲不振，失眠多梦。,黄精，黄芪，枸杞子，山楂，刺五加，人参,制何首乌
TCMF9530,脾胃虚弱，食欲不振，消化不良，气血不足。,茯苓，白术，何首乌，山楂，大枣，龙眼肉，枳实，牡蛎,山药
TCMFx5328,"月经失调, 腹痛",白术，香附，熟地黄，益母草，木香，续断，丹参，鸡血藤,当归
TCMF11861,肝气郁结，胸胁胀痛，胃脘疼痛，月经不调。,柴胡，香附，川芎，当归，白芍，赤芍，延胡索，郁金，木香，姜黄，薄荷，黄芩，半夏，莱菔子，生姜，甘草,陈皮
TCMF7483,血瘀证，肢体麻木，瘫痹不遂，关节疼痛。,当归，川芎，赤芍，桃仁，丹参，鸡血藤，地龙，黄芪，桂枝,红花
TCMF10755,脾胃虚弱，消化不良，食欲不振。,草果，木香,枳实
TCMF12424,皮肤溃疡，久不愈合，腐肉不脱，疼痛,麝香，轻粉，冰片,儿茶
TCMF4097,"胎动不安, 胃脘痛, 腰痛",香附，白术，陈皮，当归，枳壳，党参，荆芥，白芍，厚朴，黄芪，羌活，艾叶，甘草，川贝母，川芎，砂仁,菟丝子
TCMF7478,小儿外感风热，发热重，恶寒轻，汗出而热不解，头痛鼻塞，咳嗽痰黄，咽喉肿痛。,金银花，连翘，大青叶，石膏，知母，地骨皮，淡竹叶，重楼，龙胆，甘草,板蓝根
TCMF10474,风热感冒，发热头痛，咳嗽咽痛。,薄荷，荆芥穗，大黄，绵马贯众，僵蚕,柴胡
TCMF8293,肾虚腰痛，阳痿早泄，遗精滑精，腰膝酸软。,黄芪，巴戟天，枸杞子，淫羊藿，大枣，海龙,海马
TCMFx904,缺乳,黄芪，天花粉，漏芦，当归，白芍，柴胡，鹿角霜，熟地黄，瞿麦，路路通，党参，川芎，王不留行，穿山甲,通草
TCMF11614,肝气郁结，胁肋胀痛，胸闷不舒，情绪抑郁。,广藿香，茯苓，没药，乳香，天竺黄，豆蔻，砂仁，木香，白及，制何首乌，细辛，黄连，厚朴，钩藤，木瓜，沉香，白芷，柴胡，川芎,白术
TCMF8983,风湿性关节炎，类风湿性关节炎，痛风性关节炎，强直性脊柱炎等。,甘草，苍术，薏苡仁，白芍，当归，玄参，黄柏，金银花，水蛭，全蝎，蜈蚣,黄芪
TCMF7367,脘腹胀满，大便秘结，腹痛拒按。,木香，枳实，厚朴，槟榔，大黄，芒硝,砂仁
TCMF8193,咳嗽，痰多，气喘。,桑白皮，枇杷叶，陈皮，甘草,百部
TCMF12319,风湿痹痛，筋骨疼痛，肢体麻木，跌打损伤。,羌活，独活，防风，杜仲，川牛膝，乳香，没药，自然铜，木瓜，马钱子，千年健，桂枝，甘草,地枫皮
TCMF9727,风湿痹痛，筋骨疼痛，腰膝酸软，四肢麻木。,独活，羌活，防风，川芎，玉竹，白术，木瓜，当归，桑寄生，川牛膝，续断,红花
TCMF8688,外感风寒湿邪，头痛身痛，恶寒发热，鼻塞流涕。,羌活，防风，苍术，细辛，白芷，川芎，甘草,黄芩
TCMF11419,风湿痹痛，筋骨痿软，腰膝酸软，肢体麻木。,丹参，当归，天麻，威灵仙，葛根，何首乌，枸杞子，山药,黄芪
TCMF8533,胆结石、肾结石、膀胱结石、尿路结石等。,黄芪，海金沙，三棱，威灵仙，郁李仁，延胡索，广金钱草，鸡内金,乌药
TCMF9878,高血压，头痛，眩晕，失眠。,黄芩，益母草，槐花，杜仲，天麻，首乌藤，钩藤，桑寄生，川牛膝，石决明,栀子
TCMF11106,肝肾阴虚，腰膝酸软，头晕耳鸣，须发早白，失眠多梦。,黄精，熟地黄，女贞子，金樱子，五味子，桑椹，大枣，锁阳，淫羊藿,菟丝子
TCMFx6004,"喉痹, 咳嗽",羚羊角，牛黄，黄芩，柴胡，板蓝根，水牛角，冰片,金银花
TCMF11991,跌打损伤，瘀血肿痛，外伤出血。,儿茶，没药，乳香，红花，三七，血竭，冰片，朱砂,当归
TCMF9071,心悸，失眠，头晕，目眩，胸痹心痛，心烦易怒，口苦咽干，舌红苔黄，脉弦数。,麦冬，黄芩，茯苓，白术，干姜，桔梗，白芍，白蔹，苦杏仁，柴胡，川芎，当归，防风，大枣，蒲黄，肉桂，冰片,山药
TCMF7654,妇人癥瘕，痛经，闭经，产后恶露不尽，瘀血腹痛。,桂枝，茯苓，牡丹皮，赤芍，桃仁，红花，当归，白术，甘草,川芎
TCMFx5,"寒凝气滞, 脘腹疼痛",川木香，木香，沉香，降香，八角茴香，丁香，乳香，广藿香,小茴香
TCMF11497,肝肾阴虚，腰膝酸软，头晕目眩，耳鸣耳聋，潮热盗汗。,枸杞子，熟地黄，山茱萸，山药，茯苓，牡丹皮，淫羊藿，牡蛎,泽泻
TCMF12407,局部红肿热痛，发热，恶寒，头痛,雄黄，巴豆,大黄
TCMF7620,缺乳,穿山甲，天花粉，甘草，鹿角霜，漏芦，通草，木通，当归，川芎,王不留行
TCMF11412,中风，口眼歪斜，言语不清，手足拘挛，瘫痹，半身不遂。,天竺黄，胆南星，天麻，僵蚕，苍术，细辛，白芷，大黄，蟾酥，朱砂，雄黄,全蝎
TCMFx5718,"感冒, 咳嗽",荆芥穗，薄荷，前胡，陈皮，苦杏仁，桔梗，枳壳，旋覆花，竹茹，法半夏，瓜蒌子，黄芩，甘草,紫苏梗
TCMF10801,肝郁气滞，胁肋疼痛，胸闷腹胀，食欲不振。,郁金，柴胡，木香，香附，川芎，三七，厚朴，青皮，枳实，鳖甲,当归
TCMFx1014,神经根型颈椎病,三七，当归，川芎，红花，天麻，人工牛黄,肉桂
TCMF11349,癥瘕积聚，痞块，瘰疬，痰核。,没药，乳香，三棱,莪术
TCMFx4554,"健忘, 不寐, 眩晕, 心悸, 阳痿, 遗精",黄精，苍耳子，五味子，淫羊藿，大枣，熟地黄，远志，龟甲，麦冬，酸枣仁，鹿角胶，茯苓，人参，鹿茸,枸杞子
TCMF8144,风湿痹痛，筋骨痿软，跌打损伤。,葛根，没药，红花，桃仁，白芍，伸筋草，狗脊，牛膝，续断，甘草,乳香
TCMF10379,气滞血瘀所致的胸痹、头痛、眩晕、心悸、失眠、月经不调、痛经。,红花，桃仁，赤芍，柴胡，枳壳，当归，牛膝，桔梗，甘草,川芎
TCMF9072,头痛眩晕，目赤耳鸣，咽喉肿痛，口舌生疮，牙龈肿痛，大便燥结。,黄连，荆芥穗，菊花，大黄，栀子，连翘，川芎，当归，人工牛黄,黄芩
TCMF11614,肝气郁结，胁肋胀痛，胸闷不舒，情绪抑郁。,广藿香，茯苓，没药，乳香，天竺黄，豆蔻，砂仁，白术，木香，白及，细辛，黄连，厚朴，钩藤，木瓜，沉香，白芷，柴胡，川芎,制何首乌
TCMF8072,水肿，臌胀，便秘，胸腹胀满。,大黄，香附，牵牛子，槟榔,甘遂
TCMFx4333,"感冒, 中暑, 呕吐, 腹泻",广藿香，紫苏叶，白术，陈皮，半夏，厚朴，茯苓，桔梗，甘草，大腹皮，大枣，生姜,白芷
TCMFx3872,"阳痿, 早泄, 滑精, 梦遗, 腰痛",龟甲胶，鹿角胶，巴戟天，补骨脂，续断，杜仲，熟地黄，当归，白芍，枸杞子，五味子，山药，山茱萸，麦冬，芡实，肉桂，附子，牡丹皮，茯苓,泽泻
TCMF3808,"虚劳, 眩晕, 健忘, 失眠, 血劳",白术，当归，黄芪，女贞子，党参，五味子，甘草，茯苓,何首乌
TCMF5947,"虚劳, 心悸, 不寐",人参，麦冬，五味子，黄芪，当归，龙眼肉，灵芝，鸡血藤，茯苓，山楂，丹参，酸枣仁，阿胶,肉桂
TCMF7425,"具有开胃健脾。开胃健脾。用于脾胃不和引起的饮食无味, 嗳气倒呃, 胃脘胀满。",人参，白术，茯苓，甘草，半夏，木香，砂仁，生姜，大枣,陈皮
TCMF8291,肾虚腰痛，头晕耳鸣，遗精盗汗，四肢乏力。,人参，黄芪，黄精，何首乌，枸杞子，肉苁蓉，冬虫夏草，淫羊藿，茯苓，白术，五味子，海马，鹿茸，三七，菟丝子，黑芝麻,天冬
TCMF9265,肾虚腰痛，腰膝酸软，头晕耳鸣。,补骨脂，杜仲，大蒜,核桃仁
TCMF8222,风湿痹痛，筋骨疼痛，跌打损伤,乳香，赤芍，威灵仙，伸筋草，延胡索,当归
TCMF10066,高脂血症，动脉硬化，脂肪肝。,丹参，浮萍，水飞蓟，何首乌，赤芍，五味子，金樱子，枸杞子，蛇床子，石菖蒲，蒲黄，菟丝子，泽泻,淫羊藿
TCMF12348,暑湿感冒，头痛发热，鼻塞流涕，咳嗽咽痛。,甘草，薄荷,滑石
TCMF11869,心悸，胸闷，气短，心痛。,黄芪，党参，当归，川芎，三棱，蒲黄,红花
TCMF4089,痹病,苍术，当归，何首乌，石斛，全蝎，防风，羌活，麻黄，细辛，川乌，草乌，天麻，荆芥，雄黄，甘草,川芎
TCMFx3119,"痈疽, 发背, 痹病, 瘫痪, 偏头痛, 头痛, 疝气",荆芥，防风，羌活，麻黄，细辛，川芎，川乌，草乌，天麻，当归，苍术，甘草，石斛，全蝎，雄黄，朱砂,何首乌
TCMF9102,脾胃虚弱，胸腹胀满，食积不化，呕吐泄泻。,茯苓，砂仁，木香，肉豆蔻，沉香，香附，延胡索，青皮，枳实，槟榔,白术
TCMFx1710,"阳明病脉迟, 虽汗出不恶寒者, 其身必重, 短气, 腹满而喘也",大黄，枳实,厚朴
TCMF7275,肝郁血虚、肝脾不和引起的两胁胀痛，头晕目眩，倦怠食少，月经不调，脐腹胀痛。,柴胡，当归，白芍，牡丹皮，栀子，茯苓，甘草,白术
TCMF12366,目赤肿痛，畏光流泪，视物模糊，眼翳,当归，黄连，细辛，甘草,防风
TCMF12045,风湿痹痛，跌打损伤，肢体麻木，关节疼痛。,荆芥，黄藤，三棱，莪术，木香，徐长卿，细辛，枳实，沉香，川芎，防风，五加皮，牛膝，两面针，桂枝,白芷
TCMF11268,肝硬化，肝脾肿大，肝区疼痛，脘腹胀满，食欲不振。,黑豆，昆布，三棱，莪术，郁金，半边莲，白术，红花，茵陈，虎杖，制何首乌，海藻，白芍，木瓜，桃仁，柴胡，当归，香附，熟地黄,大黄
TCMF7711,"紫斑, 髓劳",黄芪，人参，熟地黄，白芍，川芎，阿胶，鹿角胶，龟甲胶，枸杞子，鸡血藤，白术，茯苓，甘草,当归
TCMF6898,"具有活血化於, 软坚, 止痒的功效。用于减轻和辅助治疗烧烫伤创面愈合后的瘢痕增生。",丹参，当归，川芎，桃仁，红花，山慈菇，五倍子，苦参，乳香，没药，冰片,甘草
TCMF9191,肾虚精亏，腰膝酸软，头晕耳鸣，阳痿早泄，遗精滑精。,韭菜子，鹿茸，黄芪，人参，杜仲，附子，枸杞子，当归，淫羊藿，熟地黄，菟丝子,肉苁蓉
TCMF3252,"滑胎, 小产, 难产",艾叶，川芎，甘草，菟丝子，厚朴，羌活，川贝母，当归，黄芪，白芍，枳壳,荆芥炭
TCMFx551,急性支气管炎及慢性支气管炎急性发作,暴马子皮，黄芩,满山红
TCMFx6135,"破伤风, 跌打损伤",白附子，防风，天南星，白芷，天麻,羌活
TCMF8141,风湿痹痛，筋骨疼痛，跌打损伤。,葛根，红花，桃仁，乳香，没药，白芍，伸筋草，续断，甘草,牛膝
TCMFx6120,"伤食, 积滞, 疳病",三棱，黄芩，莪术，厚朴，槟榔，青皮，陈皮，大黄，牵牛子，香附，木香，巴豆霜，朱砂,枳壳
TCMF11683,气血两虚，月经不调，面色萎黄，四肢乏力。,当归，白芍，川芎，黄芪，党参,熟地黄
TCMF8250,肾阳不足，腰膝酸软，畏寒肢冷，阳痿早泄，精冷不育。,肉苁蓉，鹿茸，枸杞子，仙茅，淫羊藿，刺五加，肉桂,红参
TCMF11989,风寒湿痹，关节疼痛，跌打损伤。,没药，乳香，莪术，姜黄，红花，细辛，草乌，川乌，赤芍，丁香，冰片,天南星
TCMF9133,肾虚，阳痿早泄，腰膝酸软，头晕耳鸣，失眠多梦。,鹿茸，鹿角胶，鹿角霜，韭菜子，淫羊藿，肉苁蓉，附子，黄芪，当归，酸枣仁，熟地黄,人参
TCMFx328,"咽喉肿痛, 牙龈肿痛, 口舌生疮, 目赤肿痛",人工牛黄，雄黄，石膏，大黄，黄芩，桔梗，冰片,甘草
TCMF11405,风湿性关节炎，类风湿性关节炎，骨关节炎，跌打损伤。,乳香，红花，蒲公英，桃仁，当归，羌活，骨碎补，天南星，五加皮，续断，冰片，土鳖虫,没药
TCMF9427,乳癖，乳痈，乳腺增生，乳房胀痛。,夏枯草，柴胡，香附，当归，赤芍，茜草，丝瓜络，郁金，漏芦，橘核，甘草,浙贝母
TCMF12400,皮肤红肿，瘙痒，水疱，糜烂，渗出,泽泻，木通，茯苓，金银花，连翘，牛蒡子，白芍，防风，苍术，荆芥，蝉蜕，甘草,知母
TCMF10626,风热感冒，咽喉肿痛，咳嗽痰黄，尿黄便结。,穿心莲，栀子，玄参，人工牛黄,鱼腥草
TCMFx817,"胁痛, 眩晕, 月经失调",柴胡，白芍，白术，茯苓，甘草，薄荷，生姜,当归
TCMF9021,清热解毒，养阴润肺，活血化瘀。,百合，麦冬，茯苓，茵陈，泽泻，白芍，地榆，川芎，当归，三七，蒲黄，玄参，延胡索，乌药，鸡内金,白术
TCMF10361,肾虚腰痛，阳痿早泄，遗精，遗尿，带下，不孕不育,补骨脂，肉苁蓉，人参，熟地黄，当归，枸杞子，菟丝子，蛇床子，仙茅，淫羊藿,白术
TCMF12406,高热惊厥，神昏抽搐，痰涎壅盛,青黛，天麻，全蝎，白附子,麝香
TCMF669,"喉痹, 喉喑",马勃，玄参，红花，板蓝根，浙贝母，鸡内金，木蝴蝶，莪术，桃仁，三棱，丹参，麦冬，泽泻，蝉蜕，蒲公英,金银花
TCMFx5338,虚劳,鸡血藤，骨碎补，何首乌，黄芪，麦芽，党参，佛手,女贞子
TCMF10744,咳嗽，气喘，痰多，胸闷。,麻黄，石膏，桑白皮，茯苓，陈皮，甘草,苦杏仁
TCMF7775,肺心病，气喘，咳嗽，心悸，乏力。,西洋参，熟地黄，天冬，川贝母，丹参，土鳖虫，茯苓，葛根，蛤蚧，补骨脂,麦冬
TCMF569,"便溏久泻, 肛门下坠或脱肛, 子宫脱垂",黄芪，党参，甘草，当归，白术，升麻，柴胡，生姜，大枣,陈皮
TCMF9273,暑热伤津，气阴两虚，症见口渴、汗多、乏力、心悸等。,何首乌，肉苁蓉，火麻仁，枳实,黄芪
TCMF9734,湿热下注所致的阴部瘙痒，带下量多。,苦参，黄柏，花椒，白矾，冰片,蛇床子
TCMF11622,胸痹心痛，心悸怔忡，胸闷不舒。,没药，丁香，牛黄，蟾酥，麝香，雄黄,乳香
TCMF9308,热病发热，咽喉肿痛，口舌生疮，牙龈肿痛。,石膏，麦冬，红花，檀香，胡黄连，苦地丁，人工牛黄,瞿麦
TCMF12282,痔疮，肛裂，肛周炎等。,儿茶，苦参，黄柏，冰片,白矾
TCMF8382,肝火旺盛，目赤肿痛，视物昏花，头痛眩晕。,黄连，黄芩，黄柏，龙胆，决明子，茺蔚子，密蒙花，木贼，柴胡，胡黄连,石决明
TCMF9183,肾虚精亏，腰膝酸软，头晕耳鸣，失眠多梦，遗精早泄。,韭菜子，枸杞子，菟丝子，黄芪，人参，杜仲，肉苁蓉，淫羊藿，当归，熟地黄，附子，蜂蜜,鹿茸
TCMFx4551,"胸痹, 真心痛",灵芝，桑寄生,香附
TCMF11622,胸痹心痛，心悸怔忡，胸闷不舒。,没药，乳香，牛黄，蟾酥，麝香，雄黄,丁香
TCMF11551,肾虚腰痛，阳痿早泄，神疲乏力，畏寒肢冷。,肉苁蓉，当归，熟地黄，淫羊藿，人参，甘草,补骨脂
TCMF11234,肝肾不足，腰膝酸软，头晕耳鸣，失眠多梦，须发早白，遗精早泄。,麦冬，柏子仁，丹参，杜仲，肉苁蓉，茯苓，木香，五味子，巴戟天，覆盆子，地骨皮，枸杞子，山茱萸，牛膝，远志,天冬
TCMF11336,咳嗽气喘，痰多色黄，胸膈满闷。,知母，炙甘草，桔梗，款冬花，旋覆花，马兜铃，五味子，苦杏仁，葶苈子，清半夏，陈皮，阿胶,麻黄
TCMF10473,胆囊炎，胆石症,蒲公英，大黄，赤芍，柴胡，延胡索，牡蛎,姜黄
TCMF10507,脑动脉硬化，脑血栓形成，脑栓塞，脑出血后遗症，冠心病，心绞痛。,灯盏细辛，三七，丹参，川芎，槐花，决明子，葛根，银杏叶，何首乌,山楂
TCMFx764,痹病,川乌，草乌，香附，甘草，白术，没药，麻黄，川芎，乳香，秦艽，地龙，当归，茯苓，赤小豆，羌活，天麻，赤芍，细辛，防风，天南星，桂枝，甘松,白芷
TCMF10563,心悸，胸闷，心痛，失眠，多梦,附子，细辛，当归，牛膝，甘草,桂枝
TCMF11071,中风后遗症，瘫痿痹痛，肢体麻木，口眼歪斜，言语不利。,穿山甲，僵蚕，地龙，胆南星，白附子，蜈蚣，天麻，钩藤，丹参，赤芍，红花，桃仁，川芎，当归，黄芪，党参，白术，茯苓，甘草,全蝎
TCMF8578,妊娠腹痛，先兆流产，习惯性流产。,黄芪，当归，白芍，川芎，艾叶，川贝母，荆芥，菟丝子，厚朴，枳壳，甘草,羌活
TCMF8032,月经不调，肾虚腰痛，气血两虚。,益母草，当归，川芎，熟地黄，山茱萸，巴戟天，淫羊藿，知母，牡丹皮，白芍，人参,丹参
TCMF10342,高热，惊厥，神昏，中风，偏瘫，高血压，头痛，眩晕。,穿心莲，栀子，人工牛黄，沉香，石膏，滑石，冰片，磁石,芒硝
TCMF3669,带下病,白术，苍术，党参，陈皮，山药，甘草，荆芥，柴胡，白芍,车前子
TCMF7572,疮疡肿毒，发热，便秘，腹胀，口渴，苔黄腻，脉数实。,黄连，黄芩，栀子，大黄，芒硝，当归，白芍，木香，桔梗，薄荷，甘草,连翘
TCMF9335,热病，邪入心包，高热惊厥，神昏谵语；中风昏迷及脑炎、脑膜炎、中毒性脑病、脑出血、败血症见上述证候者。,牛黄，黄芩，黄连，栀子，麝香，冰片，朱砂，珍珠，雄黄,郁金
TCMF11852,风寒湿痹，筋骨疼痛，腰膝酸软，肢体麻木。,玉竹，甘草，白术，红花，木瓜，川芎，当归，独活，防风，羌活，桑寄生，牛膝，续断，鹿角胶,鳖甲
TCMF4575,"丹毒, 疮痈",麝香，蟾酥，牛黄，乳香，没药，雄黄,丁香
TCMF3598,"眩晕, 心悸, 不寐",菊花，山楂,罗布麻叶
TCMF11409,清热解毒，凉血消肿，用于火热内盛，咽喉肿痛，牙龈肿痛，口舌生疮，目赤肿痛。,黄芩，黄连，黄柏，栀子，大黄，连翘，薄荷，荆芥穗，菊花，蔓荆子，白芷，川芎，防风，桔梗，甘草，牛黄，石膏,冰片
TCMF4736,"积滞, 症积",龟甲，鳖甲，鸡内金,穿山甲
TCMF11777,风湿痹痛，肢体麻木，关节屈伸不利，跌打损伤。,桔梗，木香，牛蒡子，秦艽，细辛，白芍，威灵仙，全蝎,半边莲
TCMF12125,血虚萎黄，头晕目眩，心悸失眠，月经不调，崩漏下血。,熟地黄，当归，川芎，白芍，炙黄芪，茯苓，泽泻，天花粉，墨旱莲，大黄，牡丹皮，女贞子，川牛膝，甘草,山药
TCMF10256,小儿外感风热所致的咳嗽，症见咳嗽、痰黄、咽痛、发热。,黄芩，百部，知母，荆芥，桔梗，紫菀，苦杏仁，地骨皮，桑白皮，陈皮，甘草,川贝母
TCMF7806,月经不调，痛经，带下病，不孕症,黄芩，益母草，黄芪，党参，白术，补骨脂，何首乌，茯苓，砂仁，陈皮，郁金，柴胡，秦艽，威灵仙，白芍，牡丹皮，黄连，苍术,白芷
TCMF12066,小儿食积，脘腹胀满，不思饮食，呕吐酸腐，大便溏泄。,广藿香，白术，苍术，茯苓，厚朴，陈皮，山楂，半夏，甘草,泽泻
TCMF7456,肝气郁结，胸胁胀痛，脘腹疼痛，月经不调。,柴胡，白芍，香附，延胡索，甘草,枳壳
TCMFx6368,"痢疾, 腹泻, 腹痛",人参，白术，茯苓，白扁豆，苍术，广藿香，木香，丁香，檀香，砂仁，肉豆蔻，肉桂，吴茱萸，芡实，薏苡仁，车前草，滑石，诃子，天冬，麦冬，槟榔,黄连
TCMF12062,小儿消化不良，食欲不振，脘腹胀满，恶心呕吐。,麦芽，苍术，石斛，龙胆，石菖蒲，佛手，枳壳，九香虫,山楂
TCMF805,青少年假性近视,天然冰片,夏天无
TCMF8340,头痛，眩晕，高血压,钩藤,虎杖
TCMF10719,湿热泄泻，腹痛腹胀，消化不良。,黄连，黄柏，砂仁，木香，山楂，肉豆蔻，甘草,苍术
TCMF11957,血虚头晕，面色苍白，心悸失眠，月经不调。,鸡血藤，墨旱莲，白芍，太子参,熟地黄
TCMF7311,黄疸，湿热内蕴，腹胀便秘。,栀子，大黄，枳实，厚朴，芒硝，甘草,茵陈
TCMF10356,跌打损伤，瘀血肿痛，筋骨疼痛。,重楼，没药，乳香，红花，马钱子，升麻，白芷，川芎，当归，防风，羌活，胆南星，狗脊，三七，血竭，冰片，土鳖虫,石菖蒲
TCMF11302,痰湿阻滞，咳嗽痰多，胸闷不舒，口渴咽干。,半夏，橘红，茯苓，枳壳，竹茹，天花粉，知母，苦杏仁，甘草,桔梗
TCMFx122,"风温, 感冒",川芎，黄芩，蔓荆子，薄荷，荆芥穗，防风，白芷，菊花，栀子，黄连，连翘，羌活，桔梗，甘草,藁本
TCMF8363,慢性盆腔炎，附件炎，子宫肌瘤，卵巢囊肿等。,丹参，三棱，莪术，红花，赤芍，桃仁，金银花，川芎，当归，鳖甲,川牛膝
TCMF9590,胸闷心痛，心悸气短，中风痰厥，中暑吐泻，寒闭神昏。,苏合香，安息香，乳香，木香，沉香，香附，白术，丁香,冰片
TCMF498,胃脘痛,北沙参，石斛，玉竹，麦冬，川楝子，白芍,甘草
TCMF9286,肝热头痛，目赤肿痛，胃脘疼痛，呕吐吞酸。,土木香，全蝎，制草乌，翻白草，诃子，胡黄连,北沙参
TCMF9655,湿热瘀阻所致的慢性结肠炎、肠易激综合征等。,半枝莲，丹参，白扁豆，补骨脂，苦参，防己，三棱，莪术，苦杏仁，乌梅,山豆根
TCMF7265,寒热往来，胸胁苦满，心烦喜吐，口苦咽干。,柴胡，黄芩，姜半夏，党参，大枣，甘草,生姜
TCMF9671,便秘，腹胀，消化不良。,郁李仁，决明子，乳香，木香，毛诃子,诃子
TCMF12186,冠心病，心绞痛，胸闷，心悸。,丹参，三七，红花，降香，赤芍，苏合香，麝香，人参，冰片,川芎
TCMF7477,"人有患半边头风者, 或痛在右, 或痛在左, 大约痛于左者为多, 百药治之罔效, 人不知其故此病得之郁气不宣, 又加风邪袭之于少阳之经, 遂致半边头痛也其病有时重有时轻, 大约遇顺境则痛轻, 遇逆境则痛重, 遇拂抑之事而更加之风寒之天, 则大痛而不能出户痛至岁久, 则眼必缩小, 十年之后, 必至坏目, 而不可救药矣治法急宜解其肝胆之郁气虽风入于少阳之胆, 似乎解郁宜解其胆, 然而胆与肝为表里, 治胆者必须治肝况郁气先伤肝而后伤胆, 肝舒而胆亦舒也方用散偏汤",川芎，香附，白芷，郁李仁，柴胡，甘草,白芍
TCMF7907,感冒，头痛，发热，鼻塞，流涕。,黄芩，荆芥，细辛，羌活,防风
TCMFx3088,"痹病, 偏枯",川乌，草乌，当归，川芎，白芍，乳香，没药，香附，胆南星,地龙
TCMF8099,肝肾阴虚，腰膝酸软，头晕耳鸣，失眠多梦，须发早白。,黄精，制何首乌，熟地黄，五味子，女贞子，当归，山药,炙甘草
TCMF7465,早衰症,人参，鹿茸，珍珠，枸杞子，黄芪，当归，丹参，五味子，麦冬，茯苓，白术，甘草,淫羊藿
TCMF9283,黄疸，肝胆湿热，胁痛，口苦，尿黄。,茵陈，栀子，金银花,大黄
TCMF8693,脾胃虚弱，食少便溏，脘腹胀痛，湿热泄泻。,白术，茯苓，甘草，木香，陈皮，鸦胆子，黄连，厚朴，当归，枳壳,党参
TCMF1903,"发热, 痉病",人工牛黄，水牛角，麝香，珍珠，朱砂，黄连，黄芩，栀子，郁金，冰片,雄黄
TCMF11733,风寒湿痹，关节疼痛，肌肉酸痛，肢体麻木。,荆芥，麻黄，杜仲，独活，羌活，川乌，川芎，当归，血竭，苍术，秦艽，防风，乳香，没药，甘草,草乌
TCMF10949,肾虚阳痿，腰膝酸软，神疲乏力，畏寒肢冷。,韭菜子，玉竹，当归，仙茅，锁阳，狗脊，淫羊藿，人参，海马,鹿茸
TCMF8662,肝肾阴虚，头晕目眩，腰膝酸软，须发早白。,黄精，墨旱莲，制何首乌,女贞子
TCMF407,"不寐, 眩晕, 崩漏, 便血",党参，白术，黄芪，甘草，茯苓，远志，酸枣仁，龙眼肉，当归，大枣,木香
TCMF11212,失眠，心悸，烦躁不安，头晕耳鸣。,柏子仁，酸枣仁，知母，玄参，合欢皮，首乌藤，当归,栀子
TCMF11606,气血两虚，心脾不足，腰膝酸软，失眠多梦，食欲不振。,炙黄芪，炙甘草，当归，熟地黄，麦冬，北沙参，杜仲，核桃仁，茯苓，白术，白芍，五味子，陈皮，远志，酸枣仁，山茱萸，龙眼肉，艾叶，砂仁,川芎
TCMF11552,肾虚腰痛，头晕耳鸣，遗精早泄，阳痿不育，尿频尿急。,黄精，黄芪，杜仲，冬虫夏草，茯苓，党参，牡丹皮，巴戟天，覆盆子，金樱子，枸杞子，当归，骨碎补，莲须，锁阳，菟丝子，泽泻，龟甲胶，桑螵蛸,山药
TCMF9429,脾胃虚弱，腹泻，消化不良，食欲不振。,茯苓，苍术，木香，乌梅，肉豆蔻，红参，鹿角霜,五倍子
TCMF10283,风寒感冒，发热恶寒，咳嗽痰稀，鼻塞流涕，头痛身痛。,桂枝，干姜，细辛，五味子，法半夏，白芍，炙甘草,麻黄
TCMF10574,风热咳嗽，痰多粘稠，咽痛，发热。,川贝母，黄芩，瓜蒌，连翘，金银花，枇杷叶，前胡,甘草
TCMF11540,肾阳不足，腰膝酸软，畏寒肢冷，神疲乏力。,黄芪，红参，肉苁蓉，附子，茯苓，山药，鹿茸，五味子，牛膝，菟丝子，远志,当归
TCMF7080,"头痛发热, 心烦不眠, 眶痛鼻燥, 嗌干耳聋, 恶寒无汗",柴胡，葛根，羌活，黄芩，白芍，桔梗，甘草，石膏，生姜，大枣,白芷
TCMF7402,早衰症,人参，当归，枸杞子，淫羊藿，女贞子，茯苓，白术，甘草,黄芪
TCMF10737,感冒发热，咳嗽痰多，气喘。,连翘，苦杏仁，洋金花,麻黄
TCMF8402,疮疡肿毒，丹毒，蜂窝组织炎，急性淋巴结炎，急性扁桃体炎，急性阑尾炎。,黄芪，黄连，黄芩，黄柏，栀子，大黄，连翘，金银花，蒲公英，紫花地丁，甘草,芒硝
TCMF12200,小儿感冒，发热，咳嗽，痰多，消化不良。,薄荷，广藿香，黄芩，巴豆霜，茯苓，猪苓，天竺黄，天花粉，厚朴，苦杏仁，山楂，防风，制天南星，陈皮，槟榔，甘草，朱砂,麦芽
TCMFx4826,"咳嗽, 喘病",西青果，款冬花，麦冬，桑白皮，半夏，石膏，苦杏仁，白果，川贝母，百合，甘草，马兜铃，黄芩,麻黄
TCMF10873,心悸失眠，头晕目眩，健忘多梦，腰膝酸软。,黄精，制何首乌，合欢皮，茯苓，远志，酸枣仁，墨旱莲，女贞子，当归，桑叶,朱砂
TCMF8712,咳嗽痰多，气喘，胸闷,浙贝母，麦冬，瓜蒌皮，紫苏子，桔梗，款冬花，紫菀，苦杏仁，法半夏，陈皮，化橘红，甘草,石膏
TCMF12243,清热解毒，消肿止痛,薄荷，三七，牛黄，珍珠,冰片
TCMF11521,跌打损伤，瘀血肿痛，骨折。,儿茶，降香，没药，乳香，红花，大黄，当归，三七，血竭，冰片，土鳖虫,骨碎补
TCMFx6312,牙痛,荜茇，高良姜，丁香，冰片,细辛
TCMF8302,高血压病，眼底出血，视网膜病变,车前子，茺蔚子，丹参，赤芍，牡丹皮，黄芩，决明子，菊花，墨旱莲，蒲黄,女贞子
TCMF12141,气血两虚，心悸失眠，食欲不振，肢冷乏力。,黄芪，党参，熟地黄，当归，白术，茯苓，生姜，大枣，白芍，五味子，远志，陈皮,炙甘草
TCMF8619,跌打损伤，瘀血肿痛，筋骨疼痛。,降香，三棱，莪术，郁金，红花，木香，大黄，续断，川芎，天南星，三七，蒲黄，朱砂根，土鳖虫，蜂蜜,泽兰
TCMF7614,虚劳发热，骨蒸潮热，盗汗自汗，咳嗽痰少，心悸失眠，食欲不振。,黄芪，鳖甲，地骨皮，秦艽，柴胡，知母，当归，白芍，天冬，茯苓，桑白皮，紫菀，甘草,半夏
TCMF7551,胆石症，泌尿系结石，肝胆湿热，胁痛，黄疸。,柴胡，郁金，金钱草，海金沙，鸡内金，石韦，瞿麦，滑石，木通，甘草,萹蓄
TCMF11154,气血两虚，月经不调，痛经，崩漏。,当归，熟地黄，白芍，阿胶，川芎，甘草,艾叶
TCMF10989,肾虚腰痛，阳痿早泄，神疲乏力，畏寒肢冷。,鹿茸，附子，黄芪，人参，熟地黄，杜仲，肉苁蓉，韭菜子，菟丝子，淫羊藿，枸杞子,当归
TCMF10528,糖尿病，气阴两虚，口渴多饮，消谷善饥，尿多，消瘦，乏力。,黄芪，天冬，北沙参，天花粉，茯苓，土茯苓，柏子仁，五味子，枸杞子，红花，香附，山药，玄参,覆盆子
TCMF12136,癫痫，惊风，抽搐，口眼歪斜。,郁金，黄连，乌梅，白矾，金礞石,全蝎
TCMF8496,火热内盛，口舌生疮，咽喉肿痛，牙龈肿痛。,黄连，黄芩，黄柏，栀子，石膏，甘草,连翘
TCMF10684,寒湿痹痛，脾胃虚寒，心悸失眠。,制草乌，肉豆蔻，沉香，丁香，石菖蒲，珍珠,磁石
TCMF9101,瘫痿瘫痹，肢体麻木，腰膝酸软，头晕目眩。,黄芪，杜仲，茯苓，白术，当归，天麻，秦艽，钩藤，安息香，沉香，甘草,丹参
TCMFx6292,咳嗽,紫菀，白前，荆芥，百部，桔梗，陈皮,甘草
TCMF10551,心悸，气短，失眠，健忘，面色苍白，倦怠乏力。,麦冬，五味子，当归,人参
TCMF7327,肝气虚弱，胁肋胀痛，食欲不振，神疲乏力。,黄芪，白术，茯苓，甘草，当归，白芍，柴胡，升麻，陈皮，生姜,大枣
TCMF3275,"痹病, 腰痛, 痿病",青风藤，桂枝，独活，羌活，牛膝，桑寄生，茯苓，附子，秦艽，鹿茸，威灵仙，薏苡仁，党参，黄芪，枸杞子，白术，当归，赤芍，延胡索，黄芩,木香
TCMF9239,感冒引起的咳嗽，支气管炎。,桔梗，远志，百部，白前，紫菀，款冬花，陈皮，荆芥，薄荷，罂粟壳，甘草,麻黄
TCMF9511,外感风寒，内热炽盛，发热恶寒，头痛身痛，咳嗽，咽痛。,麻黄，桂枝，葛根，生姜，白芍，大枣，甘草,苦杏仁
TCMF7398,乳腺增生病。,黄芪，夏枯草，瓜蒌，牡蛎，乳香，没药，三棱，浙贝母，海藻，丹参，天冬，玄参，白术，鸡内金,莪术
TCMF12468,食欲不振，消化不良，腹胀便溏，面色萎黄，神疲乏力,芡实，莲子，北沙参，薏苡仁，白扁豆，山楂，白术，麦芽，茯苓,山药
TCMF6381,痹病,荆芥，防风，白芷，桂枝，川乌，草乌，续断，白芍，白附子，僵蚕，胆南星，法半夏，雄黄，石膏，甘草，川芎，当归,地龙
TCMF9106,高脂血症，头晕目眩，胸闷心悸，肢体麻木。,决明子，泽泻，荷叶，制何首乌,山楂
TCMF5680,"虚劳, 心悸, 眩晕, 月经过多",党参，白术，茯苓，甘草，当归，川芎，白芍，熟地黄，肉桂,黄芪
TCMF4097,"胎动不安, 胃脘痛, 腰痛",白术，陈皮，当归，枳壳，党参，荆芥，白芍，厚朴，菟丝子，黄芪，羌活，艾叶，甘草，川贝母，川芎，砂仁,香附
TCMF10241,小儿感冒夹滞，发热恶寒，咳嗽痰多，脘腹胀满，食少纳呆，大便不调。,茯苓，天麻，沉香，川芎，羌活，太子参，胆南星，橘红，枳壳,青果
TCMF8180,慢性支气管炎，肺气肿，支气管哮喘，慢性阻塞性肺疾病等属肺肾两虚者。,党参，补骨脂，麦冬，茯苓，五味子，炙甘草,白术
TCMF4736,"积滞, 症积",龟甲，穿山甲，鸡内金,鳖甲
TCMF7369,治疗心肾阳虚，心脉瘀阻引起的慢性心功能不全；窦房结功能不全引起的心动过缓、病窦综合征以及缺血性心脏病引起的心绞痛及心电图缺血性改变。,鹿茸，人参，肉桂，洋金花，三七，麝香，冰片,附子
TCMF12534,经行不畅，经色紫暗，有血块，小腹胀痛，舌质紫暗或有瘀斑，脉涩,当归，白芍，熟地黄，桃仁，红花，香附，延胡索,川芎
TCMF7321,气虚血弱，崩漏下血，月经不调，面色苍白，神疲乏力。,黄芪，党参，白术，当归，升麻，柴胡，炙甘草，生姜，大枣,陈皮
TCMF10639,急慢性肝炎，胆囊炎，肝功能不全。,黄芩，蒲公英，茵陈，紫草,柴胡
TCMF10563,心悸，胸闷，心痛，失眠，多梦,细辛，桂枝，当归，牛膝，甘草,附子
TCMFx3178,癫痫,郁金，全蝎，香附，蜈蚣,巴豆
TCMF4584,虚劳,黄芪，白术，防风，甘草，淫羊藿，补骨脂,黄精
TCMF8710,咳嗽痰多，气喘胸闷，痰稠色黄，不易咳出。,麦冬，浙贝母，紫苏子，苦杏仁，瓜蒌皮，法半夏，茯苓，陈皮，化橘红，桔梗，款冬花，甘草，石膏,紫菀
TCMF4019,"眩晕, 心悸, 不寐",熟地黄,党参
TCMFx5276,虚劳,黄芪，当归，白芍，熟地黄，川芎，茯苓，白术，甘草，人参，砂仁，鹿角胶，香附,党参
TCMF260,咳嗽,紫苏叶，菊花，葛根，川贝母，苦杏仁，枇杷叶，紫苏子，前胡，射干，栀子，黄芩，知母，板蓝根，人工牛黄，冰片,桑白皮
TCMF8277,肾虚腰痛，遗精早泄，头晕耳鸣，腰膝酸软。,肉苁蓉，茯苓，巴戟天，山药，熟地黄，小茴香，石菖蒲，牛膝,杜仲
TCMF10240,感冒发热，咳嗽咽痛，腮腺炎。,金银花，连翘，柴胡，葛根，山豆根，甘草,大青叶
TCMF11849,中风后遗症，脑动脉硬化，脑血栓形成，脑栓塞，短暂性脑缺血发作。,灯盏细辛，红花，川芎，当归，赤芍，桃仁，鸡血藤，牛膝，桑寄生，地龙，全蝎,丹参
TCMF11418,颈椎病，肩周炎，腰椎间盘突出，风湿性关节炎。,丹参，黄芪，没药，乳香，党参，苍术，红花，秦艽，白芍，威灵仙，桃仁，川芎，羌活，王不留行，黄柏，土鳖虫，地龙，石决明，滑石,葛根
TCMF11856,肝郁气滞，胸胁胀痛，胃脘疼痛，食欲不振。,柴胡，香附，白芍，延胡索，豆蔻，檀香，陈皮，青皮，香橼，枳壳，牵牛子，槟榔，鸡内金,厚朴
TCMF11638,慢性肝炎，肝硬化，肝功能不全。,黄芪，党参，黄精，山药，丹参，当归，郁金，茵陈，板蓝根，白芍，山楂，泽泻，甘草,秦艽
TCMF9200,脾肾两虚，带下量多，色白清稀，腰膝酸软，倦怠乏力。,杜仲，续断，党参，砂仁，木香，陈皮，白芍，川芎，当归，小茴香，香附，鸡冠花，延胡索，牡蛎，青黛,白术
TCMF11792,痔疮，肛裂，肛周炎等肛肠疾病。,五倍子，三七，人工牛黄，炉甘石，珍珠,冰片
TCMF12295,血热妄行所致的吐血、衄血、便血、崩漏下血，血色鲜红，或兼有发热、烦躁、口渴、便秘、尿赤等症。,荆芥穗，没药，乳香，大黄，桃仁，郁李仁，当归，胡黄连，石决明，芒硝，雄黄，滑石,槐花
TCMF10530,气血两虚，头晕目眩，心悸失眠，四肢乏力。,人参，熟地黄，山茱萸，麦冬，五味子，茯苓，当归，川芎，牡丹皮，忍冬藤,沉香
TCMF8544,感冒咳嗽，痰多气喘，胸膈满闷。,浙贝母，紫苏叶，葛根，茯苓，天花粉，桔梗，苦杏仁，前胡，半夏，玄参，陈皮，枳壳,木香
TCMF7315,"肩背痛不可回顾者, 此手太阳气郁而不行, 以风药散之脊痛项强, 腰似折, 项似拨, 此足太阳经不通行, 以羌活胜湿汤主之",羌活，藁本，防风，川芎，蔓荆子，甘草,独活
TCMFx4826,"咳嗽, 喘病",西青果，款冬花，麦冬，桑白皮，半夏，石膏，苦杏仁，麻黄，川贝母，百合，甘草，马兜铃，黄芩,白果
TCMFx5832,感冒,金银花，连翘，薄荷，荆芥，淡豆豉，牛蒡子，桔梗，淡竹叶，芦根,甘草
TCMF10468,风寒湿痹，头痛，身痛，关节疼痛。,细辛，川芎，当归,羌活
TCMF12143,脾胃虚弱，食欲不振，脘腹胀满，大便溏泄。,党参，白术，茯苓，甘草，苍术，陈皮，木香，香附，砂仁，豆蔻，麦芽,厚朴
TCMF9362,脾胃虚弱，中气下陷，久泻脱肛，子宫脱垂，崩漏下血，眩晕耳鸣，气短乏力。,炙黄芪，党参，炙甘草，升麻，柴胡，当归，陈皮，生姜，大枣,白术
TCMF7309,气滞血瘀引起的胃脘痛以及慢性胃炎等见有上述症状者。,荜澄茄，川楝子，延胡索，香附，大黄，黄连，吴茱萸，佛手，海螵蛸，瓦楞子,香橼
TCMF8994,咽炎，喉炎，口腔炎，扁桃体炎。,麦冬，浙贝母，太子参，薄荷，玄参,蒲公英
TCMF10911,湿疹，皮炎，皮肤瘙痒。,紫花地丁，黄连，苍术，茵陈，地肤子，虎杖，蛇床子，花椒，黄柏，冰片,苦参
TCMF10145,胃脘疼痛，痞满，纳差，暖气，嘈杂，胃及十二指肠溃疡，慢性胃炎。,苏木，没药，莪术，红花，木香，枳实，当归，五加皮，蒲黄，青皮，枳壳，肉桂，乌药，血竭,乳香
TCMF11265,中风昏迷，痰涎壅盛，关窍不利，神志不清。,麝香，牛黄，生姜，珍珠，雄黄,冰片
TCMF7958,感冒咳嗽，咽喉肿痛，支气管炎。,前胡，板蓝根,平贝母
TCMF10002,脾胃虚寒，脘腹冷痛，呕吐泄泻，四肢不温。,厚朴，川芎，当归，丁香，延胡索，吴茱萸，肉桂,白术
TCMF11495,脾胃虚弱，食欲不振，消化不良，体倦乏力。,黄芪，白扁豆，葛根，茯苓，麦芽，苍术，车前子，泽兰，赤小豆，薄荷，广藿香，香薷,甘草
TCMFx4850,"偏枯, 痹病",川芎，草乌，石斛，半夏，川牛膝，天南星，党参，木瓜，钩藤，续断，马钱子,陈皮
TCMF9168,肾虚腰痛，头晕耳鸣，神疲乏力，失眠多梦。,补骨脂，肉苁蓉，当归，玉竹，枸杞子，何首乌，茯苓，灵芝，甘草，大枣,黄芪
TCMF11644,肝肾不足，精血亏虚，腰膝酸软，头晕耳鸣，须发早白，遗精早泄，月经不调。,丹参，枸杞子，菟丝子，淫羊藿，肉苁蓉，巴戟天，鹿角胶，龟甲胶，人参，黄芪，当归，白芍，川芎，茯苓，泽泻，牡丹皮,熟地黄
TCMF11255,气血两虚，头晕目眩，心悸失眠，食欲不振。,党参，何首乌，女贞子，龙眼肉，陈皮,茯苓
TCMF7444,风寒湿痹，关节疼痛，肢体麻木，腰膝酸软。,独活，防己，苍术，白术，当归，川芎，赤芍，牛膝，杜仲，薏苡仁，甘草,羌活
TCMF11629,肾虚腰痛，阳痿早泄，遗精滑精，神疲乏力。,肉苁蓉，锁阳，五味子，金樱子，女贞子，蛇床子，菟丝子,枸杞子
TCMF12048,小儿感冒，发热，咳嗽，痰多，呕吐，泄泻。,薄荷，广藿香，桔梗，茯苓，木香，天麻，细辛，黄连，甘草,苍术
TCMF12270,咳嗽痰多，气喘胸闷，痰稠不易咳出。,百合，川贝母，紫苏子，麻黄，款冬花，法半夏，白果，陈皮，甘草,瓜蒌子
TCMFx6248,痹病,草乌，当归，川乌，川芎，红花，桂枝，牛膝，木瓜，威灵仙，香加皮，茜草，千年健，杜仲，地枫皮,老鹳草
TCMF11132,鼻渊，鼻塞，流涕，头痛。,苍耳子，蒺藜，防风，甘草，鹅不食草，墨旱莲，白芍，白芷，胆南星,野菊花
TCMF11980,气血两虚，心悸失眠，食欲不振，四肢乏力。,黄芪，当归，龙眼肉，香加皮,玉竹
TCMF11836,湿热痹证，关节红肿热痛，屈伸不利，肢体沉重，步履艰难。,防己，薏苡仁，威灵仙，连翘，忍冬藤，防风，桑枝，粉萆薢，川牛膝，黄柏，地龙,苍术
TCMF8807,感冒发热，咽喉肿痛，咳嗽痰多。,连翘，金银花，板蓝根，大青叶，石膏，知母，玄参，甘草,麦冬
TCMF12257,妇人月经不调，经期腹痛，腰膝酸软，气血两虚。,党参，炙黄芪，当归，白芍，川芎，麦冬，黄芩，荆芥，益母草，杜仲，肉苁蓉，茯苓，陈皮，艾叶，炙甘草,砂仁
TCMFx5806,"积滞, 胃脘痛, 腹胀",苍术，甘草，厚朴，香附，砂仁,陈皮
TCMF10430,心悸，气短，失眠，多梦，自汗盗汗，肢冷。,炙甘草，麦冬，红参，桂枝，生姜，黑芝麻，阿胶,大枣
TCMFx864,缺血性中风,蒲黄，赤芍，郁金，漏芦,天麻
TCMF8486,气阴两虚，肺肾不足，症见神疲乏力，心悸气短，失眠多梦，腰膝酸软，咳喘痰多。,人参，黄芪，党参，麦冬，五味子，丹参，当归，冬虫夏草，枸杞子,鹿茸
TCMFx140,"慢性鼻炎, 过敏性鼻炎, 鼻窦炎",苍耳子，辛夷，薄荷，防风，白芷，白术,黄芪
TCMF7440,外寒内热，表里俱实，恶寒壮热，头痛咽干，小便短赤，大便秘结，瘰疬初起，风疹湿疮。,麻黄，荆芥，防风，薄荷，大黄，芒硝，滑石，栀子，石膏，黄芩，连翘，桔梗，当归，川芎，白芍，甘草,白术
TCMF10032,小儿疮疖、痱毒、咽喉肿痛、口舌生疮、牙龈出血。,黄连，连翘，赤芍，牛蒡子，桔梗，甘草,玄参
TCMF9319,湿热内蕴所致的感冒、咽喉肿痛、口舌生疮、湿热泄泻等。,鱼腥草,野菊花
TCMF7460,心力衰竭，气短心悸，肢肿乏力。,黄芪，党参，丹参，麦冬，葶苈子，泽泻，猪苓，茯苓，桂枝，甘草,五味子
TCMF11152,月经不调，痛经，带下病，腰膝酸软，气血两虚。,益母草，黄芩，补骨脂，炙黄芪，杜仲，茯苓，豆蔻，砂仁，益智，郁金，党参，艾叶，白术，苍术，陈皮，制何首乌，秦艽，白芍，黄连,甘草
TCMF7380,脾胃虚寒，呕吐泄泻，脘腹冷痛。,人参，半夏，炙甘草,干姜
TCMFx4820,"产后血晕, 中风, 腹痛, 类霍乱",苏合香，广藿香，甘草，天麻，防风，羌活，乳香，半夏，檀香，木香，豆蔻，乌药，没药，香附，肉豆蔻，诃子，砂仁，荜茇，沉香，薄荷，猪牙皂，白术，冰片，细辛，麝香，朱砂，水牛角,丁香
TCMF11885,寒湿痹痛，肢体麻木，跌打损伤，风寒感冒。,肉桂，干姜，细辛，吴茱萸，花椒，丁香，草果，荜茇，高良姜,附子
TCMF8419,跌打损伤，瘀血肿痛，风湿痹痛。,红花，川芎，当归,冰片
TCMF8469,心悸失眠，健忘多梦，头晕目眩，腰膝酸软。,黄精，红参，五味子，酸枣仁，枸杞子，熟地黄，苍耳子，龟甲，鹿角胶，鹿角霜，鹿茸，淫羊藿，大枣,远志
TCMF12508,"发热, 恶寒, 咳嗽, 鼻塞流涕, 头痛, 无汗, 肢体痠痛",紫苏叶，桔梗，苦杏仁，麻黄，甘草，陈皮，姜半夏，茯苓，枳壳，黄芩,前胡
TCMF11525,高血压，头痛，眩晕，耳鸣，失眠，肢体麻木。,丹参，决明子，赤芍，牡丹皮，栀子，川芎，桑寄生，火麻仁，牛膝，淫羊藿,天麻
TCMFx4787,"腹痛, 腹胀, 腹泻, 腰痛, 疝气, 带下病",八角茴香，小茴香，乌药，香附，当归，白芷，母丁香，肉桂，沉香，乳香，木香,没药
TCMF8386,脾胃虚弱，脘腹疼痛，食欲不振，肢冷乏力。,黄芪，白术，人参，当归，升麻，炙甘草,柴胡
TCMF8748,湿热下注，尿路感染，淋证，小便不利，尿频尿急尿痛。,白术，知母，金钱草，大黄，金银花，大青叶,黄芩
TCMF12276,肝郁气滞，胸胁胀痛，胃脘疼痛，嗳气吞酸，恶心呕吐，食欲不振。,紫苏梗，香附，豆蔻，木香，陈皮，青皮，香橼，党参，白术，白芍，延胡索，川楝子，郁金，玫瑰花，梅花，沉香，小茴香，甘草,砂仁
TCMF12054,小儿感冒，发热头痛，鼻塞流涕，咳嗽痰多，咽喉肿痛。,黄芩，荆芥穗，葛根，苍术，苦杏仁，川芎，防风，羌活，牛黄,白芷
TCMF12127,血瘀证，症见胸痹心痛，头痛眩晕，月经不调，闭经痛经。,三七，丹参，红花，当归，赤芍，桃仁，牛膝，枳壳，甘草,川芎
TCMF12097,脑血栓形成，脑栓塞，脑出血后遗症，脑动脉硬化，高血压等引起的头痛，眩晕，肢体麻木，半身不遂，语言障碍等症状。,丹参，川芎，赤芍，红花，当归，地龙，水蛭，桃仁，葛根，天麻，钩藤，石决明，羚羊角，人工牛黄，冰片,牛膝
TCMFx7147,肠燥便秘。胶囊更适应于老年人无力性便秘，习惯性便秘，痔疮便秘等。,火麻仁，白芍，苦杏仁，枳实，大黄,厚朴
TCMF11004,脾胃虚弱，食少腹胀，消化不良，呕吐泄泻。,党参，白术，茯苓，甘草，砂仁，山楂，半夏，陈皮,厚朴
TCMF9041,中风，半身不遂，肢体麻木，口眼歪斜，言语不清，胸痹心痛，冠心病，心绞痛。,丹参，黄芪，鸡血藤，没药，乳香，红花，桃仁，川芎，当归，桑枝，牛膝，桂枝，水蛭，地龙，全蝎,赤芍
TCMF7771,感冒发热，咳嗽，咽痛。,麻黄，石膏，苦杏仁，桔梗，金银花，连翘，板蓝根，甘草,黄芩
TCMF11637,感冒，发热，头痛，咳嗽，胸闷，消化不良,广藿香，荆芥，香薷，紫苏叶，茯苓，甘草，麦芽，苍术，木香，青蒿，山楂，白芷，香附，莱菔子，法半夏，牵牛子，陈皮，青皮，枳实,大黄
TCMF10774,湿热下注所致的阴部瘙痒、灼痛、带下量多、色黄等症。,儿茶，黄柏，冰片,苦参
TCMF9112,肝郁气滞，心神不宁所致的失眠、心悸、胸闷、胁痛等症。,苦参，郁金，白芍，厚朴，五味子，酸枣仁，石菖蒲，枳壳，牡蛎,柴胡
TCMF12127,血瘀证，症见胸痹心痛，头痛眩晕，月经不调，闭经痛经。,三七，丹参，红花，当归，川芎，赤芍，桃仁，枳壳，甘草,牛膝
TCMF10741,咳嗽，痰多，气喘，胸闷。,麦冬，知母，苦杏仁，瓜蒌皮，法半夏，茯苓，陈皮，化橘红，桔梗，款冬花，紫菀，甘草，石膏,紫苏子
TCMF12144,心悸失眠，心烦不安，头晕耳鸣，健忘多梦。,黄精，知母，丹参，首乌藤，五味子，当归，酸枣仁，远志，磁石,合欢花
TCMFx7176,小儿风寒外束，肺经痰热，面赤身热，咳嗽气促，痰多粘稠，咽痛声哑。,麻黄，紫苏叶，细辛，薄荷，橘红，法半夏，浙贝母，前胡，白前，瓜蒌皮，枇杷叶，桑白皮，苦杏仁，葶苈子，青礞石，石菖蒲，石膏，黄芩，天花粉，板蓝根,紫苏子
TCMF7634,"清热利湿, 活血止痛。用于湿热蕴结所致的带下异常, 腰腹疼痛的辅助治疗。",黄柏，苍术，薏苡仁，川芎，当归，白芍，泽泻，香附，赤芍，丹参，延胡索,车前子
TCMF5310,痹病,马钱子，秦艽，麻黄，木瓜，虎杖，菝葜，防风，桂枝，桑寄生,甘草
TCMF10629,眼疾，目赤肿痛，视物模糊。,甘草，苦参，木香，川楝子，广枣，沉香，北沙参，瞿麦，诃子，檀香，丁香，石膏,肉豆蔻
TCMF11988,风寒湿痹，腰腿疼痛，肢体麻木，筋骨无力。,黄精，黄芪，丹参，杜仲，肉苁蓉，葛根，秦艽，细辛，乳香，没药，三棱，丝瓜络，白术，赤芍，牡丹皮，女贞子，覆盆子，金樱子，桃仁,木瓜
TCMF10947,肾阴虚，腰膝酸软，头晕耳鸣，潮热盗汗，遗精早泄。,熟地黄，天冬，知母，枸杞子，白芍，五味子，黄柏，龟甲，干姜,锁阳
TCMF3777,"痞满, 痢疾, 腰痛",柴胡，白芍，枳壳,甘草
TCMF7836,更年期综合征，月经不调，心悸失眠，潮热汗出，头晕耳鸣，腰膝酸软。,熟地黄，枸杞子，山茱萸，五味子，赤芍，知母，黄柏，茯苓，远志，淫羊藿，人参,当归
TCMF12269,咳嗽痰多，气喘胸闷，咽喉肿痛。,浙贝母，黄芩，紫苏叶，紫苏子，款冬花，麻黄，苦杏仁，桑白皮，西青果，白果，冰片，石膏,半夏
TCMF450,感冒,桂枝，白芷，防风，荆芥穗，白芍，桔梗，甘草，柴胡，羌活，葛根，苦杏仁,生姜
TCMFx7194,心脾两虚，气短心悸，失眠多梦，头昏头晕，肢倦乏力，食欲不振，崩漏便血。,黄芪，党参，白术，甘草，茯苓，远志，酸枣仁，龙眼肉，当归，木香，大枣,生姜
TCMF11225,风湿痹痛，跌打损伤，筋骨疼痛，腰腿疼痛。,乳香，郁金，红花，木香，秦艽，独活，牛膝，马钱子，白芍，三七，延胡索，桂枝，血竭,没药
TCMF6677,"养血, 调经, 止痛。用于月经量少, 后错, 经期腹痛。",川芎，香附，白术，白芍，赤芍，延胡索，熟地黄，大枣，甘草,当归
TCMF10026,心悸失眠，健忘多梦，头晕目眩，腰膝酸软。,人参，麦冬，五味子，柏子仁，远志，石菖蒲，杜仲，山茱萸，何首乌，川贝母，茯苓，丹参，三七，甘草,防风
TCMF11923,咳嗽，痰多，气喘，胸膈满闷。,葶苈子，桑白皮，枳壳，紫苏子，法半夏，茯苓，橘红，大枣，甘草,莱菔子
TCMF5660,"腹泻, 腹痛",车前子，肉豆蔻，诃子，白扁豆，莲子，薏苡仁，山药，甘草，木香，罂粟壳，党参,白术
TCMFx1162,痛经,当归，三七，白芍，香附,益母草
TCMF10947,肾阴虚，腰膝酸软，头晕耳鸣，潮热盗汗，遗精早泄。,熟地黄，天冬，知母，枸杞子，锁阳，白芍，五味子，黄柏，龟甲,干姜
TCMF973,痛经,当归，赤芍，延胡索，柴胡，桃仁，益母草，白芍，香附，陈皮，牛膝,牡丹皮
TCMF12014,风湿痹痛，筋骨痿软，腰膝酸楚，四肢麻木。,丁公藤，黄精，补骨脂，菟丝子，猪牙皂，白术，苍术，木香，麻黄，厚朴，苦杏仁，白芷，川芎，当归，羌活，小茴香，香附，山药,乳香
TCMF8557,肾虚腰痛，腰膝酸软，阳痿早泄，遗精滑精。,杜仲，绵萆薢，菟丝子,肉苁蓉
TCMF7272,纳呆、胁痛、疲倦乏力、尿黄、苔腻、脉弦、肝郁气滞、肝胆湿热未清等症。,茵陈，栀子，厚朴，防己,金银花
TCMFx7278,跌打损伤，瘀血肿痛。,当归，土鳖虫，自然铜，三七，乳香,冰片
TCMF11590,脾胃虚弱，消化不良，胸腹疼痛。,丹参，木香，金樱子,高良姜
TCMF11911,疮疡肿毒，湿疹瘙痒，口舌生疮。,黄连，黄柏，黄芩，大黄，冰片,栀子
TCMF8443,气血两虚兼有血瘀所致的月经不调，症见月经周期错后、行经量少、淋漓不净、精神不振、肢体乏力。,人参，当归，白术，茯苓，甘草，丹参，益母草，泽兰，红花，赤芍，川芎,熟地黄
TCMF11911,疮疡肿毒，湿疹瘙痒，口舌生疮。,黄连，黄柏，大黄，栀子，冰片,黄芩
TCMFx7050,"肺痈吐脓, 其气腥臭, 咽喉肿痛",甘草,桔梗
TCMFx6099,"盗汗, 耳鸣, 遗精",知母，熟地黄，黄柏，山茱萸，山药，牡丹皮，茯苓,泽泻
TCMF10981,气血两虚，头晕目眩，心悸失眠，食欲不振，四肢乏力。,炙黄芪，红参，党参，白术，茯苓，熟地黄，当归，白芍，五味子，陈皮，炙甘草，鹿茸，肉桂,远志
TCMF8075,胃痛，胃酸过多，消化不良，慢性胃炎。,甘草，沙棘，白术，延胡索，枳实，海螵蛸,黄柏
TCMF10997,脾肾两虚，气血不足，腰膝酸软，食欲不振，神疲乏力。,黄芪，党参，杜仲，补骨脂，麦冬，茯苓，白术，苍术，黄芩，乳香，没药，砂仁，木香，红花，制何首乌，肉苁蓉，白芍，枸杞子,木瓜
TCMF994,"痔疮, 便秘",大黄，蒺藜，功劳木，冰片，猪胆粉,白芷
TCMF7681,湿热下注所致的热淋，症见尿频、尿急、尿痛、腰痛、小腹坠胀等。,瞿麦，萹蓄，木通，车前子，栀子，大黄，炙甘草,滑石
TCMF11478,风寒湿痹，关节疼痛，肢体麻木。,广藿香，檀香，三棱，莪术，香加皮，细辛，枳实，香附，石菖蒲，花椒，九里香，两面针，高良姜,黄芩
TCMF8541,湿热泄泻，腹痛，里急后重，大便脓血。,黄连，黄芩，黄柏，秦皮，金银花，连翘，葛根，甘草,白头翁
TCMFx4826,"咳嗽, 喘病",西青果，款冬花，麦冬，桑白皮，半夏，石膏，苦杏仁，白果，麻黄，川贝母，百合，马兜铃，黄芩,甘草
TCMF505,"盆腔炎, 阴痒, 带下病, 热淋",赤芍，三棱，莪术，苦参，黄柏，土茯苓，川楝子，延胡索，当归，香附，丹参，山药,芡实
TCMF9922,风湿痹痛，湿热下注，肢体肿胀，关节疼痛。,车前子，防己，大黄，川牛膝,泽泻
TCMFx3217,"心悸, 不寐, 遗精, 盗汗",淫羊藿，菟丝子，黄芪，灵芝，何首乌，黄精，麦冬，当归，知母，黄柏，天花粉，五味子,人参
TCMF10739,咳嗽，痰多，气喘。,川贝母，薄荷，黄芩，紫苏叶，紫苏子，甘草，茯苓，桔梗，南沙参，白前，麻黄，厚朴，防风，前胡，桑叶，葶苈子，法半夏，银杏叶，陈皮,白果
TCMF9236,肾虚气弱，腰膝酸软，头晕耳鸣，神疲乏力。,黄芪，制何首乌，肉苁蓉，枸杞子，蛇床子，麦冬，五味子,熟地黄
TCMF12032,脾胃虚弱，气血不足，心悸失眠，食欲不振。,黄芪，人参，麦冬，当归，阿胶，丹参，鸡血藤，茯苓，灵芝，五味子，山楂，龙眼肉，肉桂,酸枣仁
TCMFx4744,胎动不安,杜仲，白术，菟丝子，熟地黄，当归，续断，黄芩，厚朴，黄芪，川芎，陈皮，阿胶，艾叶，白芍，枳壳，砂仁，川贝母,甘草
TCMF10740,脾胃虚寒，脘腹疼痛，呕吐泄泻，手足不温。,补骨脂，儿茶，黄芪，党参，白术，干姜，砂仁，木香，葛根，当归，防风，延胡索，罂粟壳，赤石脂,白芍
TCMF11713,咳嗽痰多，气喘，胸闷，呼吸困难。,党参，桔梗，款冬花，麻黄，马兜铃，五味子，苦杏仁，葶苈子，清半夏，陈皮，阿胶,知母
TCMF7375,"益气养血, 扶正固本。适用于贫血患者气血两虚证。",人参，黄芪，当归，枸杞子，阿胶，何首乌，丹参，五味子，酸枣仁,灵芝
TCMF10953,肾阳不足，腰膝酸软，阳痿早泄，畏寒肢冷。,韭菜子，补骨脂，枸杞子，蛇床子，仙茅，红参，牛膝，淫羊藿，肉桂，海龙，鹿茸,锁阳
TCMF3129,牙痛,升麻，川芎，藁本，石膏，白芷，细辛，荜茇，雄黄，乳香，皂角刺，地骨皮，冰片,高良姜
TCMF7605,血劳,当归，黄芪，人参，熟地黄，白芍，川芎，阿胶，枸杞子，鸡血藤,何首乌
TCMFx7194,心脾两虚，气短心悸，失眠多梦，头昏头晕，肢倦乏力，食欲不振，崩漏便血。,黄芪，党参，白术，甘草，远志，酸枣仁，龙眼肉，当归，木香，大枣，生姜,茯苓
TCMF10389,急慢性肾小球肾炎、IgA肾病、隐匿性肾炎、紫癜性肾炎、狼疮性肾炎、高血压肾病、糖尿病肾病等所致的血尿。,白茅根，黄柏，栀子,小蓟
TCMF10666,跌打损伤，风湿痹痛，瘫痹拘挛，腰腿疼痛。,重楼，金铁锁，石菖蒲,三七
TCMF10328,风湿性关节炎，类风湿性关节炎，骨关节炎等引起的疼痛。,白芍，淫羊藿,红参
TCMF10646,胃脘疼痛，嗳气吞酸，脘腹胀满，消化不良。,木香，香附，阿魏，延胡索，鸡内金，海螵蛸,决明子
TCMF10774,湿热下注所致的阴部瘙痒、灼痛、带下量多、色黄等症。,儿茶，苦参，冰片,黄柏
TCMF10968,肝肾阴虚，腰膝酸软，头晕目眩，耳鸣耳聋，潮热盗汗，遗精早泄。,熟地黄，山茱萸，山药，茯苓，牡丹皮，北沙参，麦冬,泽泻
TCMF9394,中风瘫痿，半身不遂，言语不清，口眼歪斜，手足拘挛，肢体麻木，筋骨疼痛，腰膝酸软。,黄芪，何首乌，葛根，川芎，广藿香，茯苓，黄连，赤芍，乳香，麻黄，细辛，香附，檀香，骨碎补，桑寄生，豆蔻，片姜黄,防风
TCMF6022,"感冒, 风温, 喉痹",玄参，蒲公英，牛蒡子，薄荷，蝉蜕，连翘，牡丹皮，青黛,板蓝根
TCMF11500,胆囊炎，胆石症，胆道感染。,金钱草，黄芩，茵陈，木香，白芍，金银花，柴胡，大青叶，大黄，芒硝,知母
TCMF8900,气阴两虚，心悸失眠，神疲乏力，食欲不振。,人参，西洋参，麦冬，女贞子，山茱萸，甘草,陈皮
TCMF5133,胁痛,柴胡，当归，白芍，赤芍，白术，薄荷，甘草，香附，郁金，延胡索，川楝子，木香，陈皮，半夏，黄芩，川芎，莱菔子,生姜
TCMF6434,急惊风,清半夏，厚朴，羌活，郁金，橘红，天南星，天麻，香附，延胡索，细辛，枳壳，三棱，青皮，降香，芥子，沉香，莪术，乌药，防风，羚羊角,天竺黄
TCMF9565,心悸失眠，气短乏力，头晕目眩，腰膝酸软。,人参，鹿茸，蛤蚧，砂仁，莲子心，龙眼肉，三七，地龙，海马，羚羊角,红花
TCMF8751,气血两虚，免疫力低下，疲劳乏力。,人参,天冬
TCMF8367,肝郁脾虚，湿热内蕴所致的胁痛、腹胀、纳呆、乏力、尿黄、便溏等。,陈皮，白术，苍术，猪苓，泽泻，茵陈，大黄，决明子，瓜蒌，墨旱莲，女贞子，小蓟，山楂，枸杞子，甘草,柴胡
TCMF8286,气血两虚，腰膝酸软，头晕目眩，心悸失眠。,黄芪，当归，枸杞子，白芍，川芎，陈皮，肉桂，甘草,肉苁蓉
TCMF9658,湿热瘀阻，脾胃虚弱，食少便溏，气滞血瘀。,丹参，白扁豆，苦参，山豆根，防己，三棱，莪术，苦杏仁，乌梅,补骨脂
TCMF9710,肾虚腰痛，腰膝酸软，神疲乏力，畏寒肢冷。,黄芪，人参，杜仲，巴戟天，淫羊藿，茯苓，肉苁蓉，五味子，枸杞子，菟丝子，黄柏，牡蛎，龟甲，鹿茸,熟地黄
TCMF11224,少阳阳明合病，胸胁苦满，心下痞硬，呕吐，便秘。,黄芩，大黄，枳实，半夏，生姜，大枣,柴胡
TCMF9530,脾胃虚弱，食欲不振，消化不良，气血不足。,茯苓，白术，何首乌，山楂，大枣，山药，龙眼肉，牡蛎,枳实
TCMF9723,脾胃虚弱，食欲不振，消化不良,黄精，豆蔻，沉香,天冬
TCMF4450,"感冒, 偏头痛, 头痛",川芎，薄荷，荆芥，羌活，防风，细辛，白芷，菊花，僵蚕,甘草
TCMF7495,胆石症，胆囊炎，胆道感染。,金钱草，茵陈，大黄，枳壳，木香，槟榔，芒硝,郁金
TCMF9453,乳癖，乳痈，乳腺增生，乳房胀痛。,夏枯草，鸡血藤，天花粉，红花，漏芦，木香，蒲公英，海藻，赤芍，牡丹皮，连翘，三七，玄参，鹿角,昆布
TCMF9632,气血两虚，腰膝酸软，头晕目眩，四肢无力。,当归，补骨脂，枸杞子，麦冬，芦根，鸡血藤，附子，茜草，淫羊藿，甘草,黄芪
TCMF9558,跌打损伤，瘀血肿痛，骨折。,三棱，莪术，郁金，红花，木香，大黄，白芍，牡丹皮，制川乌，柴胡，当归，防风，香附，三七，蒲黄，续断，延胡索，青皮，枳壳,乌药
TCMF8494,肝肾阴虚，头晕目眩，腰膝酸软，须发早白。,黄精，麦冬，天冬，侧柏叶，黄芪，茯苓，制何首乌，山药，芡实，西洋参，熟地黄，黑芝麻，珍珠,黑豆
TCMF7511,缺乳,天花粉，漏芦，黄芪，当归，穿山甲，鹿角霜,王不留行
TCMF9727,风湿痹痛，筋骨疼痛，腰膝酸软，四肢麻木。,独活，羌活，防风，川芎，玉竹，白术，红花，木瓜，当归，桑寄生，续断,川牛膝
TCMF12479,皮肤出现带状疱疹，灼热疼痛，口苦咽干，心烦易怒，尿黄便秘,苦参，蜂胶，牡丹皮,灯盏细辛
TCMFx4945,"腹痛, 腹泻, 积滞",木香，厚朴，白芍，茯苓，甘草，广藿香，赤石脂，丁香,朱砂
TCMF3031,咳嗽,款冬花，陈皮，麦冬，天花粉，北沙参，石膏，五味子，牡丹皮，薄荷，天冬，苦杏仁，前胡，黄芩，百合，麻黄，紫菀,桔梗
TCMF789,"不寐, 健忘, 视瞻昏渺, 耳聋, 脱发症, 白发症",何首乌，淫羊藿，黄精，黄芪，丹参,枸杞子
TCMF10984,肾虚腰痛，腰膝酸软，畏寒肢冷，神疲乏力，头晕耳鸣。,鹿茸，鹿角胶，补骨脂，淫羊藿，肉苁蓉，黄芪，红参，枸杞子，山茱萸，山药，五味子，菟丝子，韭菜子，小茴香，牛膝,熟地黄
TCMF440,"心悸气短, 头晕目眩, 倦怠乏力, 腰膝酸软, 面色苍白, 唇甲色淡, 或伴出血; 再生障碍性贫血, 缺铁性贫血见以上述证候者",菟丝子，红参，鸡血藤，阿胶，当归，女贞子，黄芪，益母草，熟地黄，何首乌，淫羊藿，黄精，党参，麦冬，仙鹤草，白术，补骨脂，枸杞子，墨旱莲,白芍
TCMF505,"盆腔炎, 阴痒, 带下病, 热淋",赤芍，三棱，莪术，芡实，黄柏，土茯苓，川楝子，延胡索，当归，香附，丹参，山药,苦参
TCMF9492,肾阳不足，腰膝酸软，畏寒肢冷，阳痿早泄，夜尿频多。,韭菜子，淫羊藿，黄芪，红参，杜仲，肉苁蓉，锁阳，狗脊，枸杞子，熟地黄，菟丝子，肉桂，牡蛎，海马，鹿茸,补骨脂
TCMF8560,肾虚咳嗽，气喘，腰膝酸软，盗汗遗精。,蛤蚧，川贝母，苦杏仁，黄芪，白芍，茯苓，桑白皮，五味子，当归，甘草,玄参
TCMFx4181,"感冒, 风温",羚羊角，金银花，连翘，薄荷，荆芥穗，淡豆豉，桔梗，淡竹叶，甘草,牛蒡子
TCMF9023,肝肾不足，腰膝酸软，筋骨无力，四肢麻木。,补骨脂，杜仲，黄芪，山药，熟地黄，枸杞子，白芍，五味子，木瓜，川牛膝，锁阳，菟丝子，黄柏，龟甲，当归,蜂蜜
TCMF3682,感冒,麻黄，苦杏仁，桂枝，白芍，紫苏叶，防风，桔梗，谷芽，甘草，生姜，独活,大枣
TCMF1561,"神昏, 发热, 痉病",牛黄，黄连，金银花，珍珠，冰片，栀子，郁金，大青叶，连翘,朱砂
TCMF7625,"具有补血益气, 健脾暖胃, 祛风湿, 壮筋骨。用于男女体弱, 头晕目眩, 食欲不振, 腰酸骨痛。",蛤蚧，党参，黄芪，当归，熟地黄，枸杞子，菟丝子，仙茅，淫羊藿，巴戟天，锁阳，肉苁蓉，狗脊，杜仲，续断，牛膝，桂枝，附子，肉桂，甘草,女贞子
TCMF11778,感冒，流行性感冒，上呼吸道感染。,金银花，板蓝根，大青叶，佩兰，蒲公英，茵陈，柴胡,射干
TCMF3899,感冒,金银花，连翘，黄芩，青蒿，防风，桔梗，甘草，板蓝根,荆芥
TCMF10256,小儿外感风热所致的咳嗽，症见咳嗽、痰黄、咽痛、发热。,黄芩，百部，川贝母，知母，荆芥，桔梗，紫菀，苦杏仁，地骨皮，桑白皮，陈皮,甘草
TCMFx3781,"月经失调, 眩晕, 崩漏, 血劳, 不孕",当归，白术，熟地黄，川芎，白芍，益母草，黄芪，杜仲，艾叶，麦冬，阿胶，甘草，陈皮，茯苓，砂仁,香附
TCMF7558,风热上攻，头痛目眩，口苦咽干，大便干燥。,防风，荆芥，薄荷，桔梗，黄连，黄芩，栀子，石膏，大黄，芒硝，甘草,连翘
TCMF7363,咳嗽，痰多，气喘。,百部，桔梗，桑白皮，薄荷，甘草,枇杷叶
TCMF9576,寒凝气滞所致的脘腹冷痛，胸胁胀痛，痛经。,附子，肉桂，大黄，桃仁，阿魏，当归，防风，丁香，僵蚕，麝香,羌活
TCMF10900,感冒发热，头痛，风湿骨痛，蚊虫咬伤。,黄芩，甘草，草果，豆蔻，艾叶，青蒿，大黄，细辛，厚朴，白芷，柴胡，核桃仁，陈皮，黄柏，紫草,沉香
TCMFx2984,"健忘, 不寐",五味子，党参，枸杞子,麦冬
TCMF8693,脾胃虚弱，食少便溏，脘腹胀痛，湿热泄泻。,党参，白术，茯苓，甘草，木香，陈皮，鸦胆子，厚朴，当归，枳壳,黄连
TCMF9770,脾胃虚弱，脘腹胀满，食欲不振，消化不良。,人参，甘草，葛根，茯苓，砂仁，木香，泽泻，天冬，牡丹皮，枸杞子，肉桂,陈皮
TCMFx7174,肝肾阴虚、风湿阻络引起的筋骨痿软，腰腿酸痛，足膝无力，行步艰难。,熟地黄，龟甲，知母，黄柏，黄芪，当归,白芍
TCMF7355,感冒发热，咳嗽痰多，头痛鼻塞。,桑叶，枇杷叶,人参叶
TCMF11504,脾胃虚弱，食积停滞，脘腹胀满，消化不良。,广藿香，木香，苍术，砂仁，草果，陈皮，青皮，枳壳，厚朴，山楂，莱菔子，麦芽，甘草,大黄
TCMF10402,心悸，胸闷，气短，失眠。,延胡索，人参,北刘寄奴
TCMFx4329,"急惊风, 癫痫, 疟疾",大黄，桔梗，细辛，常山，天麻，地龙，白附子，羌活，薄荷，防风，枳壳，冰片，巴豆霜，猪牙皂，僵蚕，全蝎，胆南星，麻黄，麝香,朱砂
TCMF11485,胃痛，消化不良，胃寒,干姜，丁香，陈皮，海螵蛸，甘草,小茴香
TCMF7625,"具有补血益气, 健脾暖胃, 祛风湿, 壮筋骨。用于男女体弱, 头晕目眩, 食欲不振, 腰酸骨痛。",蛤蚧，党参，黄芪，当归，熟地黄，枸杞子，女贞子，菟丝子，仙茅，淫羊藿，巴戟天，锁阳，肉苁蓉，狗脊，杜仲，续断，牛膝，附子，肉桂，甘草,桂枝
TCMF5180,"虚劳, 不寐, 自汗, 心悸",当归，黄芪,刺五加
TCMF12207,血瘀痹证，症见肢体麻木、疼痛，屈伸不利。,炙黄芪，没药，乳香，姜黄，红花，威灵仙，川芎，当归，香附，川牛膝,丹参
TCMF10178,瘰疬，瘿瘤，乳癖。,丹参，黄芩，夏枯草，昆布，牡蛎，土贝母，山慈菇，白芍，猫爪草，牡丹皮，柴胡，当归，香附，全蝎,玄参
TCMF1903,"发热, 痉病",人工牛黄，麝香，珍珠，朱砂，雄黄，黄连，黄芩，栀子，郁金，冰片,水牛角
TCMFx1159,"妇女湿寒白带, 淋沥不止, 经期腹痛, 身体倦怠",黄柏，椿皮，白芍，香附,当归
TCMF9432,乳腺增生，乳癖，乳房胀痛。,夏枯草，皂角刺，乳香，昆布，海藻，三棱，莪术，郁金，柴胡，党参，白芍，川芎，当归，玄参，枳壳，牡蛎,浙贝母
TCMF7669,"平肝健脾, 化瘀明目。用于脾虚肝旺, 瘀血阻络所引起的目赤干涩, 白内障, 视物凝。",黄芪，白术，茯苓，丹参，枸杞子，菊花，决明子，甘草,石斛
TCMF9301,湿热下注所致的热淋，症见尿频、尿急、尿痛、小腹胀痛、腰痛、发热、畏寒。,车前子，萹蓄，瞿麦，大黄，栀子，滑石，甘草,木通
TCMF9098,皮肤瘙痒，湿疹，荨麻疹，皮炎等皮肤病。,荆芥穗，益母草，鸡血藤，皂角刺，浮萍，白茅根，土贝母，桔梗，苍耳子，红花，牛蒡子，地肤子，大黄，赤芍，牡丹皮，天葵子，连翘，茜草,白芍
TCMF7168,身体虚弱，精神疲乏，腰腿酸软，头晕目眩，肾亏精冷，性欲减退，夜多小便，健忘失眠。,鹿角胶，龟甲胶，淫羊藿，续断，锁阳，狗脊，菟丝子，覆盆子，山药，何首乌，熟地黄，黄芪，陈皮，酸枣仁，炙甘草,金樱子
TCMF8261,咳嗽，气喘，痰多。,百部，紫苏子，郁金，桔梗，麻黄，苦杏仁，前胡，莱菔子，陈皮，地龙，蜂蜜,木香
TCMF5306,"水肿, 眩晕, 耳鸣",金樱子，菟丝子，山药，墨旱莲，女贞子，莲须，黄芪，白术，茯苓，紫苏叶，蝉蜕，益母草,党参
TCMF3124,"癫痫, 咳嗽",牵牛子，大黄,黄芩
TCMF10739,咳嗽，痰多，气喘。,川贝母，薄荷，黄芩，紫苏叶，紫苏子，甘草，茯苓，桔梗，南沙参，白前，麻黄，防风，前胡，桑叶，葶苈子，法半夏，白果，银杏叶，陈皮,厚朴
TCMF11129,肺热咳嗽，痰多粘稠，胸闷气促。,川贝母，知母，黄芩，天花粉，桔梗，大黄，苦杏仁，桑白皮,前胡
TCMFx4355,"中风, 风痱",豨莶草，海风藤，千年健，油松节，川牛膝，续断，桑寄生，白术，狗脊，秦艽，独活，川芎，乳香，肉桂，防己，苍术，陈皮，杜仲，当归，伸筋草，熟地黄，茜草，防风，木瓜，玉竹，地枫皮，没药，红花，麻黄,威灵仙
TCMF9763,冠心病，心绞痛，心肌梗死，脑梗死，中风后遗症等,黄芪，西洋参，丹参，当归，桃仁，麦冬，乳香，西红花，全蝎,地龙
TCMF8237,脾胃虚寒，脘腹冷痛，呕吐泄泻，手足不温。,炮姜，党参，肉桂,炙甘草
TCMF9908,脉管炎，静脉曲张，动脉硬化闭塞症等,党参，当归，牛膝，石斛，玄参，金银花，甘草,黄芪
TCMF12432,咳嗽痰多，色黄黏稠，发热，口渴，咽喉肿痛，呕吐,川贝母，橘红，姜半夏，茯苓，百部，白前，枳壳，五味子，天竺黄，冰片，人工牛黄,胆南星
TCMF10552,心悸，失眠，健忘，心烦，口干咽燥。,麦冬，五味子，当归，石菖蒲，人参,知母
TCMF6939,"外感风寒湿邪, 恶寒发热, 头痛项强, 肢体酸痛, 腮肿",防风，羌活，独活，柴胡，前胡，川芎，枳壳，桔梗，茯苓，甘草，生姜，薄荷,荆芥
TCMF12496,咳嗽痰黄，发热口渴，胸膈满闷，小便短赤，大便干燥，舌红苔黄，脉滑数,羚羊角，平贝母，青礞石，黄芩，甘草，朱砂，石膏，人工牛黄,大黄
TCMF8110,肝郁脾虚，湿热内蕴，症见胁肋胀痛，食欲不振，体倦乏力，大便溏薄。,麦芽，党参，虎杖，柴胡，川牛膝,丹参
TCMF3084,"积滞, 疳病, 夜啼",太子参，芡实，薏苡仁，茯苓，白扁豆，甘草，白术，麦芽，北沙参，山药，陈皮，石菖蒲，莲子,山楂
TCMF10039,更年期综合征，月经不调，心悸失眠，潮热盗汗。,当归，赤芍，刺五加,牡丹皮
TCMF3381,痹病,白芷，川乌，当归，独活，羌活，川芎，威灵仙，防风，鸡血藤，乌梢蛇，熟地黄,豨莶草
TCMF7399,风寒感冒，头痛发热，恶寒身痛，鼻流清涕，咳嗽咽干。,荆芥，防风，紫苏叶，薄荷，柴胡，葛根，桔梗，苦杏仁，白芷，苦地丁,芦根
TCMFx4344,"感冒, 腹痛, 呕吐, 腹泻",广藿香，紫苏叶，白芷，白术，陈皮，法半夏，茯苓，桔梗，甘草，大腹皮，大枣，生姜,厚朴
TCMF9717,肝气郁结，胸胁胀痛，脘腹疼痛，嗳气吞酸，食欲不振。,郁金，白芍，甘草，木香，香附，厚朴，枳实，川芎，延胡索，陈皮，佛手，蜂蜜,柴胡
TCMFx7294,气滞寒凝引起的疝气、腹痛等症。,香附，小茴香，乌药，沉香，丁香，荔枝核，木香，陈皮，泽泻,猪牙皂
TCMF9223,清热解毒，疏风止痛。用于治疗风热感冒、头痛、咽喉肿痛等症状,薄荷，连翘，天麻，羌活，桔梗，牛蒡子，大黄,白术
TCMF11471,咳嗽，气喘，痰多，胸闷。,苦杏仁，桑白皮，荆芥，紫苏子，甘草,麻黄
TCMF8911,肾阳不足，腰膝酸软，畏寒肢冷，阳痿早泄，夜尿频多。,鹿茸，人参，山茱萸，山药，茯苓，白术，牡丹皮，枸杞子，淫羊藿,熟地黄
TCMF9998,肾阳不足，湿热下注所致的尿频、尿急、尿痛、腰膝酸软、畏寒肢冷。,附子，肉桂，山茱萸，山药，车前子，茯苓，泽泻，萹蓄，瞿麦，虎杖，牡丹皮，牛膝，淫羊藿,熟地黄
TCMF9305,痰热咳嗽，痰多黄稠，胸膈痞闷，甚则气急呕恶。,黄芩，茯苓，胆南星，生姜，苦杏仁，半夏，枳实,陈皮
TCMF12230,肝胆火旺所致的耳鸣耳聋，头晕目眩。,黄芩，龙胆，木通，泽泻，当归，羚羊角，甘草,栀子
TCMF7817,气血两虚，月经不调，崩漏带下，经期腹痛。,炙黄芪，熟地黄，当归，白芍，川贝母，知母，黄连，茯苓，干姜，艾叶，青蒿，秦艽，牡丹皮，地骨皮，柴胡，延胡索,香附
TCMF9012,冠心病，心绞痛，脑血栓形成，脑栓塞，血栓闭塞性脉管炎，静脉曲张，静脉炎，动脉硬化，高血脂，高血压等。,丹参，红花，桃仁，赤芍，川芎，地龙，黄芪，当归，牛膝,枳壳
TCMF11202,肝肾不足，头晕目眩，腰膝酸软，须发早白。,黄精，女贞子，五味子，当归，熟地黄，山药，炙甘草,制何首乌
TCMF8061,湿热下注，尿路感染，小便不利，淋漓涩痛，尿血，尿频，尿急，尿痛。,车前子，夏枯草，决明子，茯苓，瞿麦，黄连，牡丹皮，女贞子，墨旱莲，山茱萸，山药，熟地黄，菟丝子，泽泻，槟榔，菊花，木通,石斛
TCMFx4826,"咳嗽, 喘病",西青果，款冬花，麦冬，桑白皮，半夏，石膏，苦杏仁，白果，麻黄，百合，甘草，马兜铃，黄芩,川贝母
TCMF10255,小儿感冒发热，咳嗽痰多，食欲不振。,瓜蒌，连翘，枇杷叶，山楂，莱菔子，葶苈子，枳实，槟榔，蝉蜕,桔梗
TCMFx499,"外寒内热, 表里俱实, 恶寒壮热, 头痛咽干, 小便短赤, 大便秘结, 风疹湿疮",防风，薄荷，大黄，栀子，桔梗，白芍，连翘，白术，荆芥穗，麻黄，芒硝，滑石，石膏，当归，黄芩，甘草,川芎
TCMF7224,用于肝肾不足所致的干涩不舒、单眼复视、腰膝痠软、或轻度视力下降；早、中期老年性白内障见上述症状者,熟地黄，菟丝子，枸杞子，肉苁蓉，白芍，川芎，黄精，黄芪，党参，甘草，决明子，青葙子，蕤仁，密蒙花，蔓荆子，菊花，石菖蒲，车前子，关黄柏，升麻，葛根,山茱萸
TCMF902,"中风, 补气, 活血, 通络",人参，水蛭，全蝎，赤芍，蝉蜕，土鳖虫，檀香，降香，乳香，酸枣仁，冰片,蜈蚣
TCMF9431,乳腺增生，乳痛症，乳腺炎。,香附，丹参，赤芍，海藻，牡蛎，淫羊藿，青皮,柴胡
TCMF5686,"心悸, 不寐, 耳鸣, 眩晕",党参，茯苓，远志，白术，莲子，山药，丹参，大枣，龙眼肉，石菖蒲，陈皮,酸枣仁
TCMF9398,感冒发热，头痛，咳嗽，咽痛。,重楼，山豆根，青蒿，忍冬藤，鱼腥草，白芷，板蓝根,绵马贯众
TCMFx7174,肝肾阴虚、风湿阻络引起的筋骨痿软，腰腿酸痛，足膝无力，行步艰难。,熟地黄，龟甲，知母，黄柏，当归，白芍,黄芪
TCMF9239,感冒引起的咳嗽，支气管炎。,桔梗，远志，百部，白前，紫菀，款冬花，麻黄，荆芥，薄荷，罂粟壳，甘草,陈皮
TCMF11657,目赤肿痛，眼睑红肿，沙眼，结膜炎等眼部炎症。,冰片，炉甘石,西瓜霜
TCMF11149,脾肾两虚，食欲不振，腰膝酸软，遗精早泄。,五味子，山药，莲子，菟丝子,茯苓
TCMF12286,跌打损伤，瘀血肿痛，筋骨疼痛。,没药，红花，赤芍，当归，大黄，麻黄，天花粉，骨碎补，三七，续断，自然铜,乳香
TCMF12177,风湿痹痛，肢体麻木，腰膝酸软。,老鹳草,苍术
TCMF10210,感冒风寒，发热恶寒，头痛鼻塞，咳嗽痰多，胸闷呕逆。,紫苏叶，葛根，生姜，党参，茯苓，桔梗，前胡，木香，陈皮，半夏，大枣，甘草,枳壳
TCMF11814,慢性肾炎，蛋白尿，血尿，水肿，腰膝酸软。,车前子，茯苓，猪苓，大蓟，小蓟，马齿苋，墨旱莲，女贞子，赤芍，茜草，栀子，地榆，川芎，当归，狗脊,山药
TCMF8205,冠心病，心绞痛，胸闷，气短。,丹参，降香，檀香，沙棘，肉豆蔻,广枣
TCMF10285,咳嗽，气喘，痰多，胸闷。,川贝母，知母，紫苏叶，竹茹，麻黄，五味子，苦杏仁，前胡，银杏叶，橘红，枳壳，槟榔，松花粉，石膏,麦冬
TCMF8870,头痛，眩晕，癫痫，中风后遗症。,羚羊角，钩藤，全蝎，蜈蚣，白芍，三七，白芷，僵蚕,川芎
TCMF9746,咽喉肿痛，口腔溃疡，牙龈肿痛。,黄芩，山豆根，西瓜霜，金银花，防风，玄参，射干，甘草，冰片,麦冬
TCMF8412,风寒湿痹，关节疼痛，屈伸不利，瘀血阻络。,没药，乳香，麻黄，威灵仙，制草乌，制川乌，当归,丹参
TCMF12045,风湿痹痛，跌打损伤，肢体麻木，关节疼痛。,荆芥，黄藤，三棱，莪术，徐长卿，细辛，枳实，沉香，白芷，川芎，防风，五加皮，牛膝，两面针，桂枝,木香
TCMF9997,痛经，月经不调，寒凝血瘀所致的腹痛。,肉桂，细辛，丹参，川芎，木香，香附，延胡索，白芍，蒲黄，吴茱萸，冰片,当归
TCMF5123,痹病,枸杞子，地枫皮，玉竹，锁阳，川牛膝，淫羊藿，丹参，红花，狗脊，白术,红参
TCMFx3553,"腹胀, 腹泻",党参，白术，白扁豆，山药，莲子，薏苡仁，陈皮，茯苓，甘草，桔梗,砂仁
TCMF912,"风湿性关节炎, 类风湿关节炎",马钱子，金钱白花蛇，蜈蚣，全蝎，地龙，僵蚕，乌梢蛇，天麻，人参，黄芪，当归，羌活，独活，麻黄，桂枝，附子，川乌，薏苡仁，苍术，白术，桃仁，红花，没药，穿山甲，延胡索，牡丹皮，北刘寄奴，王不留行，鸡血藤，香附，木香，枳壳，路路通，川牛膝，伸筋草，砂仁，木瓜，续断，大黄，朱砂,防风
TCMF11938,风寒湿痹，关节疼痛，肌肉酸痛，肢体麻木。,三棱，莪术，红花，大黄，赤芍，秦艽，麻黄，细辛，草乌，川乌，威灵仙，枳实，桃仁，白芷，当归，独活，防风，羌活，香附,香加皮
TCMF12001,头痛，眩晕，目赤，口苦，心烦，失眠，便秘。,黄连，黄柏，大黄，玄明粉，龙胆，栀子，川芎，玄参，冰片，水牛角，羚羊角,黄芩
TCMF9326,清热解毒，消肿止痛，用于咽喉肿痛，口舌生疮，牙龈肿痛。,黄芩，儿茶，大黄，肉桂，冰片，青果，青黛,丁香
TCMF8645,风湿痹痛，跌打损伤，筋骨疼痛。,红花，马钱子，当归，穿山龙，骨碎补，续断，土鳖虫，地龙，自然铜,威灵仙
TCMFx5016,"积滞, 发颐, 急惊风",僵蚕，蝉蜕，姜黄，天竺黄，冰片，胆南星,大黄
TCMF7278,中风引起的半身不遂，口眼歪斜，语言謇涩，口角流涎，下肢痿废，小便频数。,黄芪，当归，川芎，桃仁，红花，地龙,赤芍
TCMFx3577,"偏枯, 风痱, 痹病",红参，熟地黄，乌梢蛇，羌活，全蝎，当归，蕲蛇，茯苓，两头尖，白术，草乌，血竭，黄连，僵蚕，黄芩，香附，玄参，葛根，大黄，胆南星，防风，甘草，麝香，细辛，肉桂，延胡索，木香，三七，地龙，赤芍，麻黄，威灵仙，乌药,石菖蒲
TCMF7947,感冒咳嗽，支气管炎，咳嗽痰多。,罗汉果，百部，桔梗，枇杷叶，桑白皮,白前
TCMF5660,"腹泻, 腹痛",白术，车前子，肉豆蔻，诃子，白扁豆，莲子，薏苡仁，甘草，木香，罂粟壳，党参,山药
TCMFx2937,"产后身痛, 眩晕",人参，白术，当归，川芎，苍术，何首乌，荆芥穗，防风，麻黄，川乌，草乌，白芷，细辛，八角茴香，木香，两头尖，桔梗，血竭,甘草
TCMF10152,寒湿困脾，脘腹胀满，食欲不振，大便溏泄。,艾叶，苍术，白术，茯苓，陈皮，厚朴,甘草
TCMFx4602,"月经失调, 痛经",当归，川芎，黄芪，甘草，香附，熟地黄，阿胶，白术，砂仁，益母草，白芍，艾叶，茯苓，杜仲,陈皮
TCMF8089,肝癌，肝硬化，肝腹水，肝区疼痛，消化不良。,重楼，白蔹，黄芪，党参，白术，茯苓，薏苡仁，苏木，郁金，桃仁，茵陈，大黄，木通，沉香，柴胡，香附，陈皮，土鳖虫，牡蛎,半枝莲
TCMF83,"肺热咳嗽, 咽喉疼痛, 口干舌燥, 大便秘结肺胃实热, 鼻衄吐血",黄芩，知母，黄柏，桔梗，天花粉，栀子，苦参，前胡，大黄,浙贝母
TCMF11051,跌打损伤，瘀血肿痛，筋骨疼痛。,红花，大黄，升麻，白芷，川芎，血竭，土鳖虫,当归
TCMF7571,心烦腹满，卧起不安,栀子，厚朴,枳实
TCMF11116,肝肾不足，腰膝酸软，肢体麻木，筋骨疼痛。,杜仲，熟地黄，鸡血藤，当归，党参，白术，茯苓，白芍，女贞子，金樱子，狗脊，五加皮，川牛膝，淫羊藿，菟丝子，桂枝,骨碎补
TCMF3275,"痹病, 腰痛, 痿病",青风藤，桂枝，独活，羌活，牛膝，桑寄生，茯苓，附子，秦艽，鹿茸，威灵仙，薏苡仁，党参，枸杞子，白术，当归，赤芍，木香，延胡索，黄芩,黄芪
TCMF10911,湿疹，皮炎，皮肤瘙痒。,苦参，紫花地丁，黄连，苍术，茵陈，地肤子，虎杖，蛇床子，花椒，黄柏,冰片
TCMF8186,气血两虚，心悸失眠，头晕目眩，腰膝酸软，月经不调。,阿胶，熟地黄，人参，山药，天冬，女贞子，枸杞子，木香，制何首乌，肉苁蓉，巴戟天，白芍，当归，泽泻，珍珠,砂仁
TCMF9034,神经衰弱，头晕目眩，心悸失眠，腰膝酸软。,黄精，麦冬，茯苓，苍耳子，五味子，枸杞子，大枣，酸枣仁，红参，熟地黄，远志，龟甲，鹿角胶，鹿茸,淫羊藿
TCMF12131,蛔虫病，蛲虫病，绦虫病，钩虫病。,使君子，苦楝皮，花椒，乌梅，槟榔，雷丸，鹤虱，大黄，芒硝,牵牛子
TCMF7687,气血两虚，面色萎黄，头晕目眩，心悸失眠，食欲不振。,黄芪，当归，白芍，熟地黄，川芎，茯苓，白术，甘草,人参
TCMF8744,湿热下注，尿路感染，皮肤炎症。,黄连，黄芩，栀子，大黄，金银花，蒲公英，紫花地丁，甘草,连翘
TCMF10152,寒湿困脾，脘腹胀满，食欲不振，大便溏泄。,苍术，白术，茯苓，陈皮，厚朴，甘草,艾叶
TCMF8148,清热解毒，用于火热毒邪引起的急性咽喉炎、扁桃体炎、口腔炎等。,黄芩，栀子，黄柏,功劳木
TCMFx6368,"痢疾, 腹泻, 腹痛",人参，白术，茯苓，白扁豆，苍术，广藿香，木香，丁香，檀香，砂仁，肉豆蔻，肉桂，吴茱萸，芡实，车前草，滑石，黄连，诃子，天冬，麦冬，槟榔,薏苡仁
TCMF5608,"眩晕, 耳鸣, 耳聋, 耳疖",柴胡，龙胆，芦荟，熟地黄，黄芩，天南星，木香，青皮，陈皮，当归，栀子,青黛
TCMF9789,痰瘀互结所致的胸痹心痛，心悸怔忡，眩晕头痛，失眠多梦，中风偏瘫，言语謇涩，肢体麻木，口眼歪斜等。,黄芪，川芎，丹参，胆南星，天麻，远志,石菖蒲
TCMF9971,气血两虚，月经不调，产后恢复不良,黄芪，当归，丹参，益母草，川芎，炮姜，香附，通草，路路通，甘草,人参
TCMF10290,火热内盛，咽喉肿痛，口舌生疮，牙龈肿痛，目赤肿痛。,知母，黄芩，大黄，栀子，黄柏，冰片，雄黄，滑石,石膏
TCMF8107,肺虚咳嗽，痰多，气短乏力。,百部，百合，浙贝母，桔梗，白及，三七，功劳木,甘草
TCMF11521,跌打损伤，瘀血肿痛，骨折。,儿茶，降香，没药，乳香，大黄，当归，骨碎补，三七，血竭，冰片，土鳖虫,红花
TCMF217,热淋,瞿麦，车前子，大黄，滑石，川木通，栀子，甘草，灯心草,萹蓄
TCMF11376,感冒风寒，头痛鼻塞，咳嗽痰多，肢体酸痛。,薄荷，广藿香，荆芥，紫苏叶，甘草，荜茇，天花粉，砂仁，天麻，柴胡,豆蔻
TCMF2586,"阳痿, 早泄, 遗精, 遗精, 尿频, 月经失调, 闭经",巴戟天，何首乌，杜仲，肉苁蓉，续断，仙茅，淫羊藿，覆盆子，当归，党参，熟地黄，枸杞子，甘草，黄芪，狗脊,金樱子
TCMF8997,肝气郁结，胸闷胁痛，月经不调，情绪抑郁。,玫瑰花，甘草,大枣
TCMF11071,中风后遗症，瘫痿痹痛，肢体麻木，口眼歪斜，言语不利。,全蝎，穿山甲，僵蚕，地龙，胆南星，白附子，蜈蚣，天麻，钩藤，丹参，赤芍，红花，桃仁，川芎，当归，黄芪，党参，茯苓，甘草,白术
TCMFx3835,"虚劳, 解?, 眩晕, 腰痛",蛤蚧，党参，黄芪，枸杞子，茯苓，熟地黄，女贞子，甘草，山药，木瓜，狗脊，白术，巴戟天，续断，杜仲，黄精，骨碎补,当归
TCMF9876,心悸失眠，健忘多梦，心烦口燥，大便干燥。,麦冬，天冬，当归，玄参，党参，茯苓，甘草，酸枣仁，五味子，石菖蒲，远志，朱砂，桔梗，甘草,丹参
TCMFx3480,"眩晕, 耳鸣, 心悸, 不寐, 月经失调",人参，鹿茸，鹿角胶，龟甲胶，三七，黄芪，党参，熟地黄，枸杞子，五味子，当归，茯苓，白术，山药，白芍，肉桂，砂仁，远志，大枣，陈皮，甘草,香附
TCMF8114,感冒发热，头痛，鼻塞，咳嗽。,葛根，麻黄，生姜，羌活，防风，白术，钩藤，石膏,菊花
TCMF11622,胸痹心痛，心悸怔忡，胸闷不舒。,没药，乳香，丁香，牛黄，蟾酥，雄黄,麝香
TCMFx5247,虚劳,人参，白术，甘草，当归，熟地黄，白芍，黄芪，陈皮，远志，肉桂，五味子，大枣，生姜,茯苓
TCMF9889,中风后遗症，瘫痹，言语不利，肢体麻木。,丹参，天麻，大黄，三七,天竺黄
TCMF11673,头晕目眩，痰多咳嗽，胸闷不舒，头痛,安息香，麦冬，葛根，槐花，丹参，郁金，黄芪，白术，茯苓，决明子，天麻，赤芍，沉香，川芎，桑寄生，香附,黄芩
TCMF11680,外感风寒，内伤饮食，头痛身热，恶寒无汗，胸膈满闷，腹痛吐泻。,薄荷，广藿香，炙甘草，朱砂，没药，乳香，荜茇，豆蔻，砂仁，苏合香，白术，木香，天麻，细辛，肉豆蔻，沉香，防风，羌活，香附,诃子
TCMF10742,咳嗽，痰多，气喘,麦冬，知母，紫苏子，苦杏仁，瓜蒌皮，甘草,陈皮
TCMF9371,感冒发热，咽喉肿痛，咳嗽痰黄。,连翘，蒲公英，板蓝根，甘草,忍冬藤
TCMF12063,脾胃虚寒，腹痛泄泻，四肢不温，食欲不振。,干姜，附子，白术，茯苓，陈皮，半夏，炙甘草，生姜，大枣,党参
TCMF7937,气血两虚，头晕目眩，心悸失眠，食欲不振。,黄芪，大枣,阿胶
TCMF12451,口眼歪斜，言语不利，肢体麻木，半身不遂,桑枝，黑豆，独活，羌活,生姜
TCMF12002,头痛，眩晕，目赤肿痛，口苦咽干，烦躁易怒。,黄芩，黄连，黄柏，大黄，龙胆，栀子，川芎，冰片，水牛角，羚羊角，玄明粉,玄参
TCMF8683,肾虚腰痛，阳痿早泄，神疲乏力，腰膝酸软。,韭菜子，锁阳，制何首乌，熟地黄，当归，丹参，肉苁蓉，蛇床子，人参，川牛膝，九香虫，龟甲胶,淫羊藿
TCMFx4014,咳嗽,牛黄，茯苓，川贝母，白前，沉香，黄芩，胆南星，水牛角，清半夏，石膏，冰片,百部
TCMF11916,眩晕，头痛，失眠，记忆力减退。,黄精，黄芪，茯苓，熟地黄，枸杞子，砂仁，陈皮，法半夏，泽泻，马钱子，刺五加，淫羊藿，桑椹，山楂，山药,党参
TCMF7799,阳虚寒凝，肢体冷痛，风寒湿痹，腰腿疼痛。,附子，干姜，肉桂，细辛，麻黄，桂枝，羌活，防风，白术，甘草,独活
TCMF1065,感冒,荆芥穗，防风，紫苏叶，桔梗，白芷，芦根，薄荷，柴胡，苦地丁,苦杏仁
TCMFx786,胃脘痛,黄芪，白芍，甘草，陈皮，香附，乌梅，山药,党参
TCMF11077,急慢性鼻炎，鼻窦炎，过敏性鼻炎。,广藿香，荆芥，苍耳子，鹅不食草，野菊花，白芷,金银花
TCMFx7176,小儿风寒外束，肺经痰热，面赤身热，咳嗽气促，痰多粘稠，咽痛声哑。,麻黄，紫苏叶，细辛，薄荷，橘红，法半夏，浙贝母，前胡，白前，瓜蒌皮，枇杷叶，桑白皮，苦杏仁，葶苈子，紫苏子，青礞石，石菖蒲，石膏，黄芩，天花粉,板蓝根
TCMF4997,痹病,土鳖虫，地龙，独活，羌活，荆芥，川乌，草乌，威灵仙，防风，香附，桂枝,乌梢蛇
TCMF11947,风寒湿痹，筋骨疼痛，跌打损伤，瘫痹拘挛。,荆芥，猪牙皂，没药，乳香，三棱，海风藤，莪术，苍术，木香，何首乌，大黄，细辛，草乌，赤芍，川乌，附子，威灵仙，连翘，桃仁,麻黄
TCMF9877,气阴两虚，消渴，腰膝酸软，尿频量多。,黄芪，麦冬，茯苓，山药，五味子，覆盆子，枸杞子，泽泻,天花粉
TCMF4848,"痛经, 经行头痛",当归，川芎，白芍，香附,乌药
TCMF7832,湿热下注，瘀血阻滞所致的附件炎、盆腔炎、子宫内膜炎等。,蒲公英，川楝子，延胡索，大黄，赤芍，大血藤，忍冬藤，大青叶，甘草,牡丹皮
TCMF11559,风湿痹痛，跌打损伤，筋骨疼痛，腰腿酸痛。,没药，乳香，木鳖子，红花，大黄，马钱子，草乌，赤芍，川乌，金银花，白芷，黄柏，肉桂，血竭，冰片，乌梢蛇,附子
TCMF9075,皮肤瘙痒，湿疹，皮炎，疮疡肿毒。,苦参，天花粉，茵陈，栀子，蛇床子,蒲公英
TCMF11251,风湿痹痛，筋骨痿软，腰膝酸软，失眠多梦。,黄精，土茯苓，砂仁，白芷，川芎,首乌藤
TCMFx3672,感冒,麻黄，苦杏仁，桂枝，白芍，紫苏叶，防风，独活，甘草，大枣，生姜，谷芽,桔梗
TCMF2239,"月经失调, 胎动不安",益母草，川芎，当归，续断，艾叶，白芍，白术，杜仲，党参，茯苓，砂仁，阿胶，黄芩，陈皮，熟地黄，甘草,香附
TCMFx6472,积滞,丁香，吴茱萸，五倍子，磁石，麝香,冰片
TCMF11947,风寒湿痹，筋骨疼痛，跌打损伤，瘫痹拘挛。,荆芥，猪牙皂，没药，乳香，三棱，海风藤，莪术，苍术，何首乌，大黄，麻黄，细辛，草乌，赤芍，川乌，附子，威灵仙，连翘，桃仁,木香
TCMF1333,"风湿关节, 肌肉痛, 扭伤",草乌，川乌，乳香，没药，马钱子，丁香，肉桂，荆芥，防风，老鹳草，香加皮，积雪草，白芷，山柰,骨碎补
TCMF9347,风湿痹痛，筋骨痿软，肢体麻木，腰膝酸软。,芦荟，乳香，马钱子，全蝎，金钱白花蛇，蛤蚧,西红花
TCMF9748,湿热下注所致的阴痒、带下量多、色黄味臭；霉菌性阴道炎、滴虫性阴道炎见上述证候者。,土茯苓，重楼，苦参，皂角刺，蛇床子，花椒，黄柏，蝉蜕,苍术
TCMFx6441,"眩晕, 口疮, 喉痹",大黄，芒硝，连翘，甘草，栀子，薄荷，淡竹叶,黄芩
TCMF8827,湿疹，皮炎，皮肤瘙痒，疥疮等皮肤病。,土茯苓，苦参，地肤子，何首乌，赤芍，黄连，板蓝根，白鲜皮，花椒，黄柏,蛇床子
TCMF8897,感冒发热，头痛，咳嗽，咽痛。,黄芩，南板蓝根，金银花，石膏，甘草,柴胡
TCMF8429,寒湿内阻，脾胃不和，恶心呕吐，脘腹胀痛，泄泻。,广藿香，干姜，砂仁，苍术，厚朴，丁香，陈皮,吴茱萸
TCMF7721,气血两虚，头晕目眩，心悸失眠，食欲不振，四肢乏力。,阿胶，熟地黄，枸杞子，党参，黄芪，当归，川芎，白芍，白术，甘草,茯苓
TCMF11850,外感风热，发热头痛，咳嗽咽痛，鼻塞流涕。,薄荷，荆芥穗，黄芩，连翘，金银花，桔梗，牛蒡子，甘草，葛根，淡竹叶，天花粉，赤芍，大青叶，白芷，柴胡，防风，羌活，玄参,川芎
TCMFx4183,"感冒, 发颐",荆芥，防风，党参，甘草，桔梗，川芎，薄荷，前胡，柴胡，枳壳，羌活，土茯苓,独活
TCMFx122,"风温, 感冒",川芎，黄芩，蔓荆子，薄荷，荆芥穗，藁本，防风，白芷，菊花，黄连，连翘，羌活，桔梗，甘草,栀子
TCMF7720,筋骨疼痛，肢体拘挛，腰背酸痛，跌打损伤。,羌活，独活，防风，荆芥，当归，红花，续断，杜仲，牛膝，青皮，枳壳,五加皮
TCMF12340,肝郁血虚，肝脾不和所致的两胁胀痛、头晕目眩、倦怠食少、月经不调、脐腹胀痛；更年期综合征见上述证候者。,柴胡，当归，白芍，白术，茯苓，牡丹皮，栀子，薄荷，生姜,甘草
TCMF3809,"盆腔炎, 带下病, 腹痛",忍冬藤，大血藤，甘草，大青叶，蒲公英，牡丹皮，赤芍，大黄，川楝子,延胡索
TCMFx3208,痹病,老鹳草，丁公藤，豨莶草,桑白皮
TCMF9514,乳癖，乳痈，乳岩,急性子，木鳖子，莪术，天葵子，白芷,姜黄
TCMF3103,痹病,红参，肉桂，麻黄，熟地黄，甘草，大黄，防风，片姜黄，乌梢蛇，草豆蔻，独活，白芷，玄参，赤芍，青皮，苍术，僵蚕，粉萆薢，乳香，乌药，香附，桑寄生，骨碎补，葛根，穿山甲，白附子，冰片，红花，威灵仙，厚朴，狗脊，苦参，巴戟天，地龙，鸡血藤，仙鹤草，丹参,没药
TCMF10468,风寒湿痹，头痛，身痛，关节疼痛。,细辛，川芎，羌活,当归
TCMF3028,"痹病, 健忘",淫羊藿，枸杞子,丹参
TCMF9765,气血两虚，免疫力低下，疲劳乏力，腰膝酸软。,人参，熟地黄，杜仲，巴戟天，肉苁蓉，天冬，枸杞子，桑椹，茯苓，白术，五味子，酸枣仁，沙棘，山药，五加皮，牛膝，鹿角胶,猫爪草
TCMFx3119,"痈疽, 发背, 痹病, 瘫痪, 偏头痛, 头痛, 疝气",荆芥，防风，麻黄，细辛，川芎，川乌，草乌，天麻，当归，苍术，甘草，石斛，何首乌，全蝎，雄黄，朱砂,羌活
TCMF9385,心悸失眠，健忘多梦，头晕目眩，腰膝酸软。,人参，枸杞子，桑椹，麦冬，五味子，酸枣仁，远志，石菖蒲，茯苓，甘草,柏子仁
TCMF7361,"调节“赫依”, 健脾胃。用于上行“赫依”, 持命“赫依”之病, “赫依”引起的头痛。尤其对脾虚有显著疗效。",草果，诃子，山柰,土木香
TCMF12068,小儿惊风，痰热内闭，高热惊厥，烦躁不安，神昏抽搐，喉间痰鸣。,黄芩，巴豆霜，天竺黄，胆南星，清半夏，天麻，钩藤，沉香，人工牛黄，水牛角，全蝎，羚羊角，蝉蜕，蟾酥，麝香，朱砂，雄黄,僵蚕
TCMF12236,跌打损伤，瘀血肿痛，筋骨疼痛。,没药，乳香，当归，三七，血竭，人参，麝香，珍珠,牛黄
TCMF7971,跌打损伤，瘀血肿痛，风湿痹痛。,三七，没药，红花，川芎，当归，白芷，土鳖虫,乳香
TCMF9232,风寒湿痹，筋骨疼痛，腰膝酸软，四肢麻木。,党参，石斛，马钱子，草乌，川乌，钩藤，木瓜，天南星，川牛膝，续断,半夏
TCMFx3217,"心悸, 不寐, 遗精, 盗汗",人参，淫羊藿，菟丝子，黄芪，灵芝，何首乌，黄精，麦冬，当归，知母，黄柏，五味子,天花粉
TCMFx5176,痹病,土鳖虫，红花，桃仁，牛膝，骨碎补，续断，熟地黄，白芷，栀子，赤芍，桂枝，三七，苏木，自然铜，大黄，儿茶，马钱子，当归，冰片,乳香
TCMF7699,痰湿阻络，头晕目眩，肢体麻木，胸脘痞闷。,陈皮，茯苓，白术，胆南星，枳实，竹茹，石菖蒲，远志,半夏
TCMF9715,肝气郁结，胸胁胀痛，胃脘疼痛，食欲不振。,豆蔻，姜黄，砂仁，木香，白芍，牡丹皮，厚朴，沉香，川芎，当归，香附，丁香，延胡索，陈皮，青皮，枳实，肉桂,吴茱萸
TCMF8999,气血两虚，头晕目眩，心悸失眠，面色萎黄。,黄芪，当归，熟地黄，川芎，白芍,甘草
TCMF8446,肝气郁结，胸闷胁痛，心烦易怒，失眠多梦，食欲不振。,柴胡，白芍，当归，茯苓，白术，牡丹皮，薄荷，甘草,栀子
TCMF12063,脾胃虚寒，腹痛泄泻，四肢不温，食欲不振。,干姜，附子，党参，白术，茯苓，陈皮，炙甘草，生姜，大枣,半夏
TCMF11053,血瘀证，症见胸闷、心悸、失眠、头晕等。,车前子，茯苓，附子，黄连，牡丹皮，五味子，柴胡，山药，三七，牛膝，泽泻，肉桂,熟地黄
TCMF11007,肾阳不足，腰膝酸软，畏寒肢冷，性功能减退。,补骨脂，肉苁蓉，白术，熟地黄，当归，蛇床子，仙茅，淫羊藿，菟丝子，人参,枸杞子
TCMFx1148,"咽喉炎, 扁桃体炎",丁香，冰片,蟾酥
TCMF12045,风湿痹痛，跌打损伤，肢体麻木，关节疼痛。,荆芥，黄藤，三棱，莪术，木香，徐长卿，细辛，枳实，白芷，川芎，防风，五加皮，牛膝，两面针，桂枝,沉香
TCMFx748,"气滞型胃脘痛, 慢性胃炎",紫苏梗，香附，陈皮，香橼，佛手，枳壳，槟榔,鸡内金
TCMF4952,"咳嗽, 喉痹, 口疮, 鼻疮, 牙痛, 便秘",黄芩，栀子，黄柏，大黄，苦参，知母，桔梗，前胡,天花粉
TCMF11947,风寒湿痹，筋骨疼痛，跌打损伤，瘫痹拘挛。,猪牙皂，没药，乳香，三棱，海风藤，莪术，苍术，木香，何首乌，大黄，麻黄，细辛，草乌，赤芍，川乌，附子，威灵仙，连翘，桃仁,荆芥
TCMF10272,小儿厌食，食欲不振，消化不良，腹胀腹痛。,砂仁，白术，山楂，山药，胡黄连，槟榔，人参,干姜
TCMF10612,小儿消化不良，食欲不振，腹胀腹泻。,川贝母，白术，木香，山药,白扁豆
TCMF83,"肺热咳嗽, 咽喉疼痛, 口干舌燥, 大便秘结肺胃实热, 鼻衄吐血",黄芩，知母，黄柏，天花粉，栀子，浙贝母，苦参，前胡，大黄,桔梗
TCMF8812,气滞血瘀，胸闷胁痛，月经不调。,丹参，泽兰，冬瓜皮，柴胡，珍珠母,黄精
TCMF7412,冠心病，心绞痛，高血压，高脂血症。,丹参，川芎，红花，降香，三七，冰片,赤芍
TCMFx4759,急惊风,全蝎，僵蚕，牛黄，朱砂，冰片，胆南星，天麻，甘草,黄连
TCMF11070,高血脂症，动脉硬化，冠心病，心绞痛。,黄精，何首乌，丹参，川芎，三七，五加皮，淫羊藿，泽泻，肉桂，人参,当归
TCMF8891,消化不良，脘腹胀痛，便秘。,大黄,诃子
TCMF9209,前列腺炎，前列腺增生，尿频，尿急，尿痛，淋漓不尽。,白茅根，丹参，泽兰，茯苓，红花，赤芍，桃仁，金银花，王不留行，延胡索，大枣,泽泻
TCMF11047,感冒咳嗽，支气管炎，哮喘。,桔梗，麻黄，苦杏仁,甘草
TCMF7510,"治上消者, 宜润其肺, 兼清其胃, 二冬汤主之",天冬，天花粉，知母，黄芩，人参，荷叶，甘草,麦冬
TCMF9249,痰热咳嗽，痰多黄稠，胸闷口苦。,黄芩，荆芥，桔梗，苦杏仁，白果，猪胆粉,鱼腥草
TCMF11693,感冒发热，头痛身痛，咳嗽痰多，胸闷不畅。,知母，黄芩，甘松，薄荷，广藿香，荆芥，香薷，泽兰，紫苏叶，紫苏子，白扁豆，赤小豆,甘草
TCMFx3504,"症积, 痛经, 月经失调",香附，益母草，当归，熟地黄，白芍，柴胡，川芎，乌药，红花，干漆，三棱，莪术，艾叶，牡丹皮，丹参，乌梅,延胡索
TCMF10913,小儿脾胃虚弱，食欲不振，大便溏泄，面黄肌瘦，夜寐不安，睡中露睛。,白扁豆，茯苓，白术，炙甘草，山药，莲子，芡实，麦芽，山楂，北沙参，太子参，薏苡仁，石菖蒲,陈皮
TCMF10356,跌打损伤，瘀血肿痛，筋骨疼痛。,重楼，没药，乳香，红花，马钱子，升麻，白芷，川芎，当归，羌活，胆南星，石菖蒲，狗脊，三七，血竭，冰片，土鳖虫,防风
TCMFx22,"头晕, 心悸, 目眩, 耳鸣, 健忘, 失眠, 疲乏无力; 更年期综合征, 病后体虚见上述证候者",人参，金樱子，淫羊藿，甘草，黄精，黄芪，枸杞子，菟丝子，白芍，麦芽,女贞子
TCMF7621,疮疡肿毒，皮肤感染，湿疹瘙痒。,黄连，黄芩，黄柏，大黄，甘草,栀子
TCMF729,喉痹,鱼腥草，黄芩，板蓝根，金银花,连翘
TCMF10333,过敏性鼻炎，鼻塞，流涕，喷嚏，头痛，恶风怕冷。,白术，防风，黄芩，荆芥，苍耳子，细辛，白芷，石菖蒲，桂枝,黄芪
TCMF11662,热病神昏，中风痰迷，惊痫抽搐，癫痼发作，咽喉肿痛，口舌生疮，目赤肿痛。,牛黄，羚羊角，麝香，三七,珍珠
TCMF12489,神疲乏力，少气懒言，畏寒肢冷，纳差便酒，腰膝酸软,淫羊藿，附子，补骨脂，枸杞子，黄芪，鸡血藤，茜草，当归，芦根，甘草,麦冬
TCMF12228,肝胆湿热所致的头晕头痛、耳聋耳鸣、耳内流脓。,黄芩，龙胆，川木通，泽泻，当归，羚羊角，甘草,栀子
TCMF9175,肾虚脱发，须发早白，腰膝酸软，头晕耳鸣。,丹参，黄芪，杜仲，茯苓，蒺藜，红花，墨旱莲，制何首乌，女贞子，枸杞子，白芷，当归，龙眼肉,淫羊藿
TCMF12181,肾虚腰痛，头晕耳鸣，遗精早泄，失眠多梦。,麦冬，柏子仁，补骨脂，炙甘草，党参，白术，五味子，枸杞子，当归，独活，熟地黄，鹿茸,山药
TCMF8817,胆结石，胆囊炎，胆管炎，胆道感染。,金钱草，黄芩，茵陈，郁金，木香，大黄，厚朴，槟榔，芒硝,枳实
TCMF7671,外感风热，发热头痛，咽喉肿痛，咳嗽痰黄。,金银花，连翘，板蓝根，大青叶，栀子，薄荷，甘草,黄芩
TCMF9155,风寒湿痹，肢体麻木，关节疼痛。,葛根，黄芪，川芎，桂枝，菊花，白芍，威灵仙,姜黄
TCMF7288,肝肾阴虚，头晕，目昏，须发早白，高血脂症。,制何首乌，枸杞子，山楂，决明子,黄精
TCMF10630,咽喉肿痛，声音嘶哑，咳嗽痰多。,甘草，苦参，栀子，木香，广枣，肉豆蔻，沉香，北沙参，瞿麦，诃子，檀香，丁香，石膏,川楝子
TCMF11494,食积气滞，脘腹胀痛，便秘。,三棱，莪术，大黄，山楂，牵牛子，青皮，枳实，槟榔,陈皮
TCMF7477,"人有患半边头风者, 或痛在右, 或痛在左, 大约痛于左者为多, 百药治之罔效, 人不知其故此病得之郁气不宣, 又加风邪袭之于少阳之经, 遂致半边头痛也其病有时重有时轻, 大约遇顺境则痛轻, 遇逆境则痛重, 遇拂抑之事而更加之风寒之天, 则大痛而不能出户痛至岁久, 则眼必缩小, 十年之后, 必至坏目, 而不可救药矣治法急宜解其肝胆之郁气虽风入于少阳之胆, 似乎解郁宜解其胆, 然而胆与肝为表里, 治胆者必须治肝况郁气先伤肝而后伤胆, 肝舒而胆亦舒也方用散偏汤",白芍，川芎，白芷，郁李仁，柴胡，甘草,香附
TCMF10185,中风后遗症，肢体麻木，半身不遂，言语不利。,黄芪，赤芍，桃仁，川芎，当归，地龙,红花
TCMF8899,肾虚腰痛，头晕耳鸣，神疲乏力，须发早白。,巴戟天，麦冬，石斛，肉苁蓉，茯苓，白术，沙苑子，山茱萸，鸡血藤，白芍，陈皮，五味子，女贞子，桑椹，墨旱莲,黄芪
TCMF9809,感冒头痛，风湿骨痛，蚊虫叮咬，皮肤瘙痒等。,甘草，木香，八角茴香，枳实，川芎，当归，陈皮，肉桂，血竭,广藿香
TCMF7440,外寒内热，表里俱实，恶寒壮热，头痛咽干，小便短赤，大便秘结，瘰疬初起，风疹湿疮。,荆芥，防风，薄荷，大黄，芒硝，滑石，栀子，石膏，黄芩，连翘，桔梗，当归，川芎，白芍，白术，甘草,麻黄
TCMF8574,附件炎、盆腔炎、子宫内膜炎等引起的带下病，症见带下量多、色黄质稠、小腹疼痛、腰骶酸痛。,黄芩，鸡血藤，皂角刺，三棱，赤芍，紫花地丁，蒲公英，金银花，香附，王不留行，延胡索,川芎
TCMFx5498,"感冒, 痄腮",淡竹叶，黄芩，大青叶，葛根，玄参，天花粉，羌活，牛蒡子，桔梗，白芷，川芎，赤芍，防风，柴胡，甘草,连翘
TCMF9759,心悸失眠，气短乏力，头晕目眩。,人参，党参，麦冬，太子参，枸杞子，当归，蜂蜜,制何首乌
TCMF12512,头晕头昏，健忘失眠，腰膝酸软，夜尿频多，神疲乏力，舌淡苔白，脉沉细,覆盆子，菟丝子，金樱子，枸杞子，黄芪，女贞子，丹参，制何首乌，炙甘草，淫羊藿，肉桂,白芍
TCMFx3025,痹病,防己，白术，茯苓，甘草，肉桂，党参,川乌
TCMF8515,高脂血症，肥胖症。,何首乌，山楂，荷叶,决明子
TCMF9422,风湿性关节炎，类风湿性关节炎，痛风，肢体麻木，关节疼痛。,余甘子，降香，决明子，乳香，荜茇，草果，豆蔻，红花，牛黄，水牛角,木香
TCMF9135,消渴病，症见口渴多饮、多食易饥、尿频量多、形体消瘦、疲乏无力。,黄精，黄芪，天花粉，大黄，枸杞子,葛根
TCMFx7213,用于外感风热所致的咳嗽，症见发热、恶寒、胸膈满闷、咳嗽咽痛；急性支气管炎、慢性支气管炎急性发作见上述证候者,鱼腥草，四季青，麻黄，前胡，紫菀，枳壳，甘草,金荞麦
TCMF9921,痛风，关节疼痛，湿热下注。,土茯苓，车前子，赤芍，延胡索，川牛膝，黄柏,泽泻
TCMF11408,咳嗽痰多，气喘胸闷，慢性支气管炎，支气管哮喘。,百部，川贝母，薤白，浙贝母，黄芩，紫苏子，茯苓，生姜，党参，桔梗，款冬花，紫菀，白前，麻黄，马兜铃，细辛，白芍，五味子，苦杏仁,炙甘草
TCMF8945,心脾两虚，失眠多梦，食欲不振，神疲乏力。,茯苓，山药，鹿衔草，山茱萸，西洋参，莲子，大枣,黄芪
TCMF8416,风寒湿痹，筋骨疼痛，腰腿酸痛，跌打损伤。,苏木，赤芍，荜茇，陈皮，厚朴，大黄，阿魏，白芷，当归，独活，羌活，油松节，丁香，冰片，高良姜，鹿角,玄参
TCMF8554,月经不调，痛经，闭经，不孕症，产后调理。,益母草，何首乌，女贞子，仙茅，淫羊藿，肉桂，人参，阿胶,鹿茸
TCMF11211,高血压，头晕目眩，烦躁易怒，口苦咽干。,芦荟，大黄，黄芩，黄连，天麻，钩藤，菊花，夏枯草，白芍，赤芍，降香，枳壳，炙甘草，天竺黄，茺蔚子，龙胆，白薇，牡丹皮，连翘,麦冬
TCMFx5245,痹病,山药，杜仲，牛膝，甘草，木香，乳香，没药，千年健，自然铜，地枫皮，红花，防风，续断，柴胡，狗脊，麻黄，马钱子,羌活
TCMF3809,"盆腔炎, 带下病, 腹痛",忍冬藤，大血藤，甘草，大青叶，蒲公英，牡丹皮，赤芍，延胡索，川楝子,大黄
TCMF8263,咳嗽，气喘，痰多，胸闷。,炙甘草，瓜蒌皮，生姜，白芍，黄连，大枣，法半夏，桂枝，牡蛎,苦杏仁
TCMF9998,肾阳不足，湿热下注所致的尿频、尿急、尿痛、腰膝酸软、畏寒肢冷。,附子，熟地黄，山茱萸，山药，车前子，茯苓，泽泻，萹蓄，瞿麦，虎杖，牡丹皮，牛膝，淫羊藿,肉桂
TCMF2586,"阳痿, 早泄, 遗精, 遗精, 尿频, 月经失调, 闭经",巴戟天，何首乌，杜仲，肉苁蓉，续断，仙茅，金樱子，覆盆子，当归，党参，熟地黄，枸杞子，甘草，黄芪，狗脊,淫羊藿
TCMF12334,滋肾阴，补肾阳，开窍化痰。,熟地黄，山茱萸，肉苁蓉，附子，肉桂，石斛，麦冬，五味子，石菖蒲，远志，茯苓，生姜，大枣,巴戟天
TCMF10273,小儿厌食，食欲不振，消化不良。,茯苓，麦芽，山楂，三棱，大黄，肉豆蔻，香附，陈皮，枳壳，槟榔,甘草
TCMF10211,小儿感冒，发热，头痛，咳嗽，痰多，惊风。,朱砂，天麻，钩藤，麻黄，细辛，栀子，胆南星，僵蚕，全蝎，蜈蚣，丁香，冰片,麝香
TCMF12319,风湿痹痛，筋骨疼痛，肢体麻木，跌打损伤。,羌活，独活，防风，杜仲，川牛膝，乳香，没药，自然铜，木瓜，千年健，桂枝，地枫皮，甘草,马钱子
TCMF11940,月经不调，黄褐斑,黄芪，当归，红花，桃仁，熟地黄，女贞子，墨旱莲，白芍，柴胡，阿胶,何首乌
TCMF7150,各种颈椎病引起的疼痛。,熟地黄，何首乌，当归，白芍，黑芝麻，枸杞子，鹿茸，骨碎补，狗脊，千年健，地枫皮，威灵仙，蛇蜕，木瓜，丹参，黄芪，葛根，桂枝，牛膝，乳香，没药，甘草,天麻
TCMF10290,火热内盛，咽喉肿痛，口舌生疮，牙龈肿痛，目赤肿痛。,知母，黄芩，大黄，黄柏，冰片，石膏，雄黄，滑石,栀子
TCMF11559,风湿痹痛，跌打损伤，筋骨疼痛，腰腿酸痛。,没药，乳香，木鳖子，红花，大黄，马钱子，草乌，赤芍，附子，金银花，白芷，黄柏，肉桂，血竭，冰片，乌梢蛇,川乌
TCMF8817,胆结石，胆囊炎，胆管炎，胆道感染。,金钱草，黄芩，茵陈，郁金，木香，大黄，厚朴，枳实，芒硝,槟榔
TCMFx3477,"解?, 早泄, 遗精",熟地黄，山茱萸，枸杞子，五味子，覆盆子，石菖蒲，楮实子，山药，金樱子，牛膝，小茴香，杜仲，巴戟天，肉苁蓉，远志，菟丝子，甘草,茯苓
TCMF11803,肾虚腰痛，遗精早泄，阳痿不举，头晕耳鸣，神疲乏力。,补骨脂，肉苁蓉，淫羊藿，黄芪，红参，炙甘草，制何首乌，当归，车前子，茯苓，白术，五味子，覆盆子，金樱子，枸杞子，川芎，蛇床子，小茴香，山药,熟地黄
TCMFx814,上呼吸道感染,柴胡，金银花，黄芩，葛根，荆芥，青蒿，连翘，桔梗，苦杏仁，鱼腥草,薄荷
TCMF11597,清热解毒，镇惊安神，用于高热惊厥，神昏谵语，痰热壅盛，咽喉肿痛。,牛黄，黄芩，黄连，黄柏，麦冬，白芍，茯苓，瓜蒌，桔梗，枳实，枳壳，冰片，甘草,水牛角
TCMF12462,关节疼痛，屈伸不利，腰腿酸软，畏寒肢冷，肢体麻木,制川乌，制草乌，马钱子，麻黄，桂枝，人参，乌梢蛇，牛膝，鹿茸，续断，细辛,刺五加
TCMFx3217,"心悸, 不寐, 遗精, 盗汗",人参，菟丝子，黄芪，灵芝，何首乌，黄精，麦冬，当归，知母，黄柏，天花粉，五味子,淫羊藿
TCMF11521,跌打损伤，瘀血肿痛，骨折。,儿茶，没药，乳香，红花，大黄，当归，骨碎补，三七，血竭，冰片，土鳖虫,降香
TCMF10984,肾虚腰痛，腰膝酸软，畏寒肢冷，神疲乏力，头晕耳鸣。,鹿茸，补骨脂，淫羊藿，肉苁蓉，黄芪，红参，熟地黄，枸杞子，山茱萸，山药，五味子，菟丝子，韭菜子，小茴香，牛膝,鹿角胶
TCMF12107,肝肾不足，腰膝酸软，头晕耳鸣，神疲乏力。,杜仲，巴戟天，淫羊藿，黄芪，党参，白术，茯苓，砂仁，莲子，柏子仁，肉苁蓉，当归，白芍，牡丹皮，女贞子，金樱子，枸杞子，山茱萸,山药
TCMF7705,小儿感冒发热，咽喉肿痛，咳嗽痰多，大便干燥。,人工牛黄，朱砂，黄连，黄芩，石膏，大黄，甘草,冰片
TCMF12059,脾胃虚寒，食欲不振，腹痛泄泻，四肢不温。,人参，白术，防风，干姜，炙甘草,黄芪
TCMF11298,肝肾不足，腰膝酸软，头晕目眩，须发早白。,黄精，苍术，枸杞子，狗脊,天冬
TCMF10649,风湿痹痛，跌打损伤，筋骨疼痛。,重楼，急性子，没药，乳香，莪术，细辛，老鹳草，当归，骨碎补，三七，花椒，血竭，乌梢蛇,延胡索
TCMF11332,外感风寒，内伤湿滞，发热头痛，恶心呕吐，腹痛腹泻。,广藿香，紫苏叶，生姜，陈皮，厚朴，姜半夏，茯苓，白术，桔梗，白芷，大腹皮,大枣
TCMF10232,小儿食积，脘腹胀满，食欲不振，恶心呕吐，大便不调。,砂仁，山楂，沉香，陈皮，牡丹皮，当归，牛膝，泽泻，人参，鸡内金，羚羊角,熟地黄
TCMF12059,脾胃虚寒，食欲不振，腹痛泄泻，四肢不温。,黄芪，白术，防风，干姜，炙甘草,人参
TCMF9689,脾胃虚弱，食少便溏，腹胀肠鸣，四肢无力。,党参，白术，山药，薏苡仁，白扁豆，麦芽，芡实，陈皮，枳壳,茯苓
TCMFx4124,"咳嗽, 喘病",人参，枳实，石膏，川贝母，陈皮，麻黄，玄参，苦杏仁，五味子，甘草，砂仁,罂粟壳
TCMF7912,肝肾不足，头晕目眩，腰膝酸软，食欲不振。,枸杞子，大枣，甘草,山楂
TCMF11940,月经不调，黄褐斑,黄芪，当归，红花，桃仁，何首乌，熟地黄，女贞子，墨旱莲，白芍，阿胶,柴胡
TCMF3424,"腰痛, 眩晕",红参，鹿茸，蛤蚧，当归，熟地黄，山茱萸，肉苁蓉，巴戟天，杜仲，远志，沉香，山药，茯苓，白术，益智，补骨脂,枸杞子
TCMF8064,气血两虚，免疫力低下,白芍,灵芝
TCMF11594,高热惊厥，神昏谵语，头痛眩晕，目赤耳鸣，口舌生疮，咽喉肿痛。,牛黄，黄芩，黄连，金银花，连翘，板蓝根，玄参，麦冬，天花粉，葛根，石决明，珍珠，朱砂，郁金，栀子，大黄，冰片，甘草,蒲公英
TCMF7978,胸痹心痛，胸闷气短，心悸失眠，冠心病心绞痛。,红花，桃仁，柴胡，当归，大黄，甘草,天花粉
TCMF9244,肾虚腰痛，阳痿早泄，心悸失眠，神疲乏力。,杜仲，肉苁蓉，五味子，巴戟天，防风，蛇床子，菟丝子，远志，海龙,海马
TCMF11081,气血两虚，面色萎黄，头晕目眩，心悸失眠，月经不调。,当归，熟地黄，阿胶，党参，茯苓，白芍，川芎，炙甘草,炙黄芪
TCMF11057,肾虚精亏，腰膝酸软，头晕耳鸣，遗精早泄，阳痿不育，尿频遗尿。,韭菜子，补骨脂，沙苑子，茯苓，核桃仁，制何首乌，五味子，覆盆子，金樱子，枸杞子，山药，莲须，莲子，芡实，续断，牡蛎，鹿茸,人参
TCMF8073,热毒炽盛，口舌生疮，咽喉肿痛，便秘尿赤。,甘草，黄芩，黄连，栀子，大黄,黄柏
TCMF8317,肝郁气滞，胸闷胁痛，口苦咽干。,红花，麦冬，木香，川楝子，栀子，人工牛黄,诃子
TCMF7341,"化瘀止血, 消肿止痛。",三七，丹参，红花，桃仁，黄芪，川芎，赤芍，枳壳，甘草,当归
TCMF2229,咳嗽,浙贝母，知母，玄参，麦冬，百合，苦杏仁，款冬花，紫菀,罂粟壳
TCMF3372,痹病,当归，红花，桔梗，独活，牛膝，甘草，茜草，老鹳草,草乌
TCMF176,咳嗽,川贝母，知母，石膏，栀子，黄芩，桑白皮，茯苓，瓜蒌子，陈皮，甘草，五味子,枳实
TCMF11818,气血两虚，头晕目眩，心悸失眠，面色苍白。,炙黄芪，熟地黄，茯苓，炙甘草，白扁豆，大枣，白芍，当归，川芎，赭石,白术
TCMF10951,肾虚引起的头晕耳鸣，失眠健忘，腰膝酸软，神疲乏力。,鹿茸，红参，熟地黄，枸杞子，补骨脂，麦冬，五味子，酸枣仁，茯苓，山药，当归，玄参，远志，朱砂，牛膝,川芎
TCMF10025,月经不调，痛经，闭经，子宫肌瘤，子宫内膜异位症等。,益母草，补骨脂，三棱，莪术，艾叶，白芍，川芎，当归，香附，蒲黄，熟地黄，延胡索，吴茱萸,木香
TCMF12517,面色萎黄，头晕乏力，月经不调，经量过多，色淡，经期延长,熟地黄，白芍，艾叶，川芎，甘草，阿胶,当归
TCMF7638,肝气郁结，胸胁胀痛，心烦易怒，食欲不振。,柴胡，白芍，川芎，香附，枳壳，甘草,陈皮
TCMFx5218,痹病,白芍，柴胡，香附，木香，木瓜，秦艽，防风，独活，羌活，地枫皮，青风藤，海风藤，牛膝，麻黄，乳香，没药，川芎，当归，延胡索，苍术，厚朴，杜仲，甘草，赭石，马钱子,续断
TCMF10810,咽喉肿痛，口舌生疮，牙龈肿痛。,黄连，黄柏，儿茶，冰片，人工牛黄，珍珠，雄黄,西瓜霜
TCMFx4014,咳嗽,牛黄，茯苓，川贝母，白前，沉香，黄芩，水牛角，百部，清半夏，石膏，冰片,胆南星
TCMF9578,糖尿病，消渴症,知母，黄芪，芦根，菟丝子,地骨皮
TCMF9189,肾虚腰痛，腰膝酸软，头晕耳鸣，神疲乏力。,补骨脂，熟地黄，枸杞子，人参，甘草，木香，牛膝，牡蛎，蜂蜜,淫羊藿
TCMF7636,小儿感冒，发热头痛，咳嗽鼻塞，咽喉肿痛。,金银花，连翘，大青叶，菊花，薄荷，桔梗，甘草,板蓝根
TCMF12092,高血压，高血脂，头晕目眩，心悸失眠。,葛根，山楂，珍珠,制何首乌
TCMF9620,肾阳不足，腰膝酸软，畏寒肢冷，尿频尿急，水肿。,黄芪，人参，党参，白术，茯苓，附子，木香，大黄，香加皮，葶苈子,肉桂
TCMFx7005,"气虚痰饮, 呕吐痞闷, 腹胀嗳气",人参，白术，茯苓，甘草，半夏，砂仁，木香，生姜,陈皮
TCMF9309,清热解毒，凉血止血。,红花，瞿麦，檀香，胡黄连，苦地丁，人工牛黄，石膏,麦冬
TCMF11038,痰热咳嗽，胸膈满闷，咽痛声哑。,知母，黄芩，天花粉，桔梗，前胡，白术，大黄，枳实，法半夏，陈皮，黄柏，冰片，甘草,防风
TCMF10922,中风，痰厥，惊风，癫痫等急症,川贝母，天麻，全蝎，僵蚕，大黄，黄连，胆南星，冰片，牛黄,甘草
TCMF7029,"痢疾, 便脓血, 腹痛, 里急后重",白芍，黄芩，黄连，大黄，木香，槟榔，甘草，肉桂,当归
TCMF9765,气血两虚，免疫力低下，疲劳乏力，腰膝酸软。,人参，熟地黄，杜仲，巴戟天，肉苁蓉，天冬，桑椹，茯苓，白术，五味子，酸枣仁，沙棘，猫爪草，山药，五加皮，牛膝，鹿角胶,枸杞子
TCMF7576,"凡病涉虚损, 而大便闭结不通, 则硝, 黄攻击等剂必不可用, 若势有不得不通者, 宜此主之",肉苁蓉，当归，泽泻，枳壳，升麻,牛膝
TCMF7646,白细胞减少症，症见头晕乏力，腰膝酸软，食欲不振。,黄芪，当归，白术，茯苓，鸡血藤，女贞子，枸杞子，菟丝子，甘草,淫羊藿
TCMF11501,胆囊炎，胆石症，胆道感染。,茵陈，姜黄，苍术，蒲公英，川楝子，赤芍，柴胡，板蓝根,甘草
TCMF10122,气血两虚，腰膝酸软，神疲乏力，失眠多梦。,黄精，玉竹，黄芪，杜仲，制何首乌，肉苁蓉，枸杞子，熟地黄，菟丝子，木香，陈皮，佛手，人参,鸡血藤
TCMF11720,肝肾不足，气血两虚，腰膝酸软，头晕目眩，心悸失眠。,人参，龟甲，何首乌，熟地黄，山茱萸，山药，麦冬，丹参，杜仲，灵芝，砂仁，菊花，肉苁蓉，赤芍，牡丹皮，五味子，当归，菟丝子，泽泻,玄参
TCMF10121,失眠，心悸，头晕，头痛,首乌藤，钩藤，茯苓，白术，川芎，甘草，当归,柴胡
TCMFx3555,跌打损伤,三七，乳香，没药，白芷，山柰，川乌，草乌，木香，冰片，红花，儿茶，当归，香附，朱砂，自然铜，血竭，积雪草，陈皮，土鳖虫，细辛,甘松
TCMF7458,"疏风止痒, 燥湿解毒。适用于风邪外来, 湿毒内蕴, 腠理失和所致的皮肤, 阴部瘙痒症。",百部，蛇床子，花椒，白鲜皮，石菖蒲，地肤子，胡黄连，白矾，龙胆,苦参
TCMF10241,小儿感冒夹滞，发热恶寒，咳嗽痰多，脘腹胀满，食少纳呆，大便不调。,茯苓，天麻，沉香，川芎，羌活，太子参，胆南星，枳壳，青果,橘红
TCMF7399,风寒感冒，头痛发热，恶寒身痛，鼻流清涕，咳嗽咽干。,荆芥，紫苏叶，薄荷，柴胡，葛根，桔梗，苦杏仁，白芷，苦地丁，芦根,防风
TCMF10111,肾虚腰痛，头晕耳鸣，阳痿早泄，神疲乏力。,淫羊藿，枸杞子，五味子，桑椹，女贞子，丹参，白芍，牡丹皮，泽泻，茯苓，牛膝，甘草,菟丝子
TCMFx5728,"痞满, 便秘, 痔疮",大黄，独活，火麻仁，车前子，菟丝子，槟榔，郁李仁，牛膝，防风，枳壳,山药
TCMF6546,"不寐, 眩晕, 心悸, 耳鸣, 健忘",五味子，首乌藤，黄精，当归，丹参，酸枣仁，远志，知母，磁石,合欢花
TCMF7793,肾阳不足，腰膝酸软，畏寒肢冷，阳痿早泄，夜尿频多。,杜仲，鹿角胶，当归，山药，淫羊藿，菟丝子,熟地黄
TCMF9465,口腔溃疡，牙龈肿痛，咽喉炎。,侧柏叶，皂角刺，蒲公英，千里光，大血藤，白芷，柴胡，蜂蜜,川木通
TCMF8394,清热解毒，消肿止痛，用于咽喉肿痛，牙龈肿痛，口舌生疮。,浙贝母，大黄，连翘，川芎，胖大海，蝉蜕，甘草,薄荷
TCMF10943,肾虚腰痛，腰膝酸软，头晕耳鸣，遗精早泄，阳痿不举。,杜仲，续断，龟甲，益智，制何首乌，五味子，山茱萸，淫羊藿，熟地黄，黄柏，肉桂，海马,人参
TCMF12398,头项肿痛，发热恶寒，咽喉肿痛，痰多黄稠，脉洪数,黄芩，桔梗，川芎，防风，羌活，枳壳，甘草，连翘，射干，白芷，黄连，荆芥,柴胡
TCMF3237,"耳鸣, 视瞻昏渺, 虚劳",党参，熟地黄，枸杞子，何首乌,黄精
TCMF5340,"喘病, 哮病, 肺胀, 咳嗽",蛤蚧，蟾酥，黄芪，地龙，麻黄，党参，苦杏仁，白果，枳实，天冬，五味子，麦冬，紫菀，百部，枸杞子，熟地黄，远志，葶苈子，洋金花，甘草,石膏
TCMF8725,胸痹心痛，胸闷气短，心悸失眠。,姜黄，木香，大黄，冬虫夏草，阿魏，诃子，丁香,九香虫
TCMF9756,脾肾两虚，气血不足，免疫力低下。,人参，熟地黄，杜仲，巴戟天，天冬，枸杞子，桑椹，五味子，茯苓，白术，肉苁蓉，牛膝，半枝莲，猫爪草，沙棘，五加皮，酸枣仁,鹿角胶
TCMF568,"腹泻, 脱肛, 阴挺",黄芪，甘草，当归，柴胡，党参，白术，升麻,陈皮
TCMF8964,感冒风寒，发热恶寒，头痛身痛，鼻塞流涕，咳嗽痰多。,麻黄，桂枝，薄荷，羌活，桔梗，前胡，苦杏仁，生姜，大枣，白芍，甘草，陈皮，枳壳，蜂蜜,防风
TCMF8261,咳嗽，气喘，痰多。,百部，紫苏子，桔梗，木香，麻黄，苦杏仁，前胡，莱菔子，陈皮，地龙，蜂蜜,郁金
TCMF8847,血热症，表现为发热、口渴、心烦、尿黄、便干等。,胡黄连，红花，紫草，北沙参，瞿麦，木香，土木香，甘草,石膏
TCMF8715,消化不良，脘腹胀满，食欲不振。,槟榔，生姜，葶苈子，陈皮，青皮,大黄
TCMF9351,月经不调，气血两虚，面色萎黄，头晕乏力。,丹参，黄芪，党参，枸杞子,当归
TCMF7705,小儿感冒发热，咽喉肿痛，咳嗽痰多，大便干燥。,朱砂，黄连，黄芩，石膏，大黄，冰片，甘草,人工牛黄
TCMF7069,"湿阻脾胃, 脘腹胀满, 噁心呕吐, 噫气吞酸",陈皮，厚朴，甘草，生姜，大枣,苍术
TCMF8086,皮肤瘙痒，湿疹，皮炎，疮疖等皮肤病。,苦参，蒲公英，地肤子，赤芍，冰片,蛇床子
TCMF9591,跌打损伤，瘀血肿痛，风湿痹痛。,红花，白芷，川芎，当归，三七，延胡索,土鳖虫
TCMF8251,脾肾阳虚，气血不足，肢冷畏寒，腰膝酸软，食少便溏。,党参，白术，甘草，干姜，肉豆蔻，鹿茸，大青盐,红参
TCMF7775,肺心病，气喘，咳嗽，心悸，乏力。,西洋参，麦冬，天冬，川贝母，丹参，土鳖虫，茯苓，葛根，蛤蚧，补骨脂,熟地黄
TCMF709,"伤食泄泻, 心腹胀满, 下泄必臭, 湿气作酸, 先用下法去其积滞之物, 待酸臭去尽, 以本方和之",苍术，陈皮，木香，砂仁，甘草,厚朴
TCMF11311,肝火上炎，目赤肿痛，头痛眩晕，口苦咽干。,黄连，黄芩，龙胆，决明子，胡黄连，黄柏，茺蔚子，密蒙花，木贼，柴胡，青皮，枳壳,石决明
TCMF11300,蛔虫病，蛲虫病，绦虫病，钩虫病。,雷丸，鹤虱，苦楝皮，使君子，大黄，槟榔，玄明粉,牵牛子
TCMF7275,热病，邪入心包，高热惊厥，神昏谵语。,牛黄，冰片，郁金，水牛角，黄芩，黄连，栀子，朱砂，珍珠，雄黄,麝香
TCMF11625,月经不调，痛经，闭经，崩漏，带下，产后腹痛。,人参，阿胶，熟地黄，白芍，当归，川芎，黄芩，茯苓，白术，山茱萸，酸枣仁，益母草，延胡索，小茴香，香附，砂仁，艾叶,天冬
TCMF11330,暑湿感冒，头痛身重，胸闷恶心，呕吐泄泻。,香薷，紫苏叶，生姜，苍术，白芷，茯苓，陈皮，丁香,广藿香
TCMFx5696,"胸痹, 胃脘痛, 腹胀, 腹痛",丁香，乳香，木香，没药，小茴香，冰片，香附，檀香，降香，广藿香，麝香,沉香
TCMF10685,脾胃虚弱，食欲不振，消化不良，脘腹胀满。,山楂，麦芽，太子参，白术，茯苓，山药，鸡内金，莱菔子，陈皮,甘草
TCMF8951,冠心病，心绞痛，高血压，高脂血症。,鹿衔草，丹参，淫羊藿，黄芪，枸杞子，当归，川芎，赤芍，地龙，蝉蜕，僵蚕,五味子
TCMF8812,气滞血瘀，胸闷胁痛，月经不调。,黄精，丹参，泽兰，冬瓜皮，珍珠母,柴胡
TCMF10928,肾阴虚，腰膝酸软，骨蒸潮热，盗汗遗精，消渴。,知母，黄柏，熟地黄，龟甲，锁阳，干姜，陈皮,白芍
TCMF9613,冠心病，心绞痛，高血压，高血脂。,丹参，大黄，茯苓，太子参，黄连，半夏，陈皮，牛膝，甘草,红花
TCMF10551,心悸，气短，失眠，健忘，面色苍白，倦怠乏力。,人参，五味子，当归,麦冬
TCMF569,"便溏久泻, 肛门下坠或脱肛, 子宫脱垂",黄芪，党参，当归，白术，升麻，柴胡，陈皮，生姜，大枣,甘草
TCMF7549,"祛风除湿, 活血通络, 散寒止痛。用于风湿痹痛。",制川乌，制草乌，红花，乌梅，麻黄，牛膝，甘草,木瓜
TCMF7427,感冒病风寒表实证，症见恶寒重，发热轻，无汗，头项强痛，鼻流清涕，咳嗽，痰稀白。,紫苏叶，麻黄，桂枝，防风，白芷，葛根，苦杏仁，陈皮，生姜，甘草,桔梗
TCMF3424,"腰痛, 眩晕",红参，鹿茸，蛤蚧，当归，熟地黄，枸杞子，山茱萸，肉苁蓉，杜仲，远志，沉香，山药，茯苓，白术，益智，补骨脂,巴戟天
TCMFx5169,"血劳, 月经不调, 带下病",党参，川芎，核桃仁，大枣，皂矾，苦杏仁，桃仁，红花,当归
TCMF7922,皮肤感染，疮疡肿毒，湿疹瘙痒。,蒲公英，金银花，黄柏，蜈蚣,连翘
TCMF12276,肝郁气滞，胸胁胀痛，胃脘疼痛，嗳气吞酸，恶心呕吐，食欲不振。,紫苏梗，香附，豆蔻，砂仁，木香，陈皮，青皮，香橼，党参，白术，白芍，延胡索，川楝子，郁金，玫瑰花，梅花，小茴香，甘草,沉香
TCMF12224,风热感冒，咽喉肿痛，头痛发热。,麦冬，薄荷，荆芥，桔梗，苍耳子，赤芍，连翘，栀子，白芷，玄参，甘草,地骨皮
TCMF8713,风寒湿痹，筋骨疼痛，腰膝酸软，四肢麻木。,鸡血藤，肉苁蓉，鹿衔草，莱菔子，骨碎补，淫羊藿,熟地黄
TCMFx258,"小儿饮食积滞, 痰热蕴肺所致的咳嗽, 夜间加重, 喉间痰鸣, 腹胀, 口臭",山楂，瓜蒌，葶苈子，连翘，槟榔，枇杷叶，莱菔子，桔梗，蝉蜕,枳实
TCMF7427,感冒病风寒表实证，症见恶寒重，发热轻，无汗，头项强痛，鼻流清涕，咳嗽，痰稀白。,紫苏叶，麻黄，桂枝，防风，白芷，苦杏仁，桔梗，陈皮，生姜，甘草,葛根
TCMF254,外感发热,柴胡，桂枝，葛根，黄芩，白芍，蝉蜕,浮萍
TCMF5916,"急惊风, 慢惊风, 夜啼",朱砂，天竺黄，胆南星，巴豆霜，全蝎，蜈蚣，雄黄,天麻
TCMF11235,慢性非特异性溃疡性结肠炎，慢性腹泻，腹痛，腹胀，消化不良。,干姜，木香，黄连，乌梅，罂粟壳,延胡索
TCMF7438,寸白虫病,百部，鹤虱，苦参，蛇床子,雄黄
TCMF12503,胸痛胸闷，心悸气短，乏力，口干，舌质紫暗，脉结代,人参，黄芪，五味子，丹参，川芎，山楂,麦冬
TCMF3440,"痹病, 尪痹",川乌，草乌，羌活，独活，附子，没药，当归，川牛膝，木瓜，麻黄，桂枝，蜈蚣，川芎，马钱子,乳香
TCMF12158,湿热痹证，关节疼痛，肢体麻木，湿热黄疸，小便不利。,土茯苓，金银花，茵陈，槐花，广金钱草，龟甲，防风,川木通
TCMF10745,咳嗽痰多，胸闷气促。,百部，桔梗,苦杏仁
TCMF8624,风湿性关节炎，类风湿性关节炎，痛风，跌打损伤，瘀血肿痛。,北豆根，地龙，防己，青风藤，白芷，细辛，川芎，当归，赤芍，丹参，红花，桃仁，牛膝，枳壳，木香，香附，延胡索，乳香，没药，血竭，儿茶，冰片，朱砂，珍珠，羚羊角，人工牛黄，麝香，雄黄,乌药
TCMF6898,"具有活血化於, 软坚, 止痒的功效。用于减轻和辅助治疗烧烫伤创面愈合后的瘢痕增生。",丹参，当归，桃仁，红花，山慈菇，五倍子，苦参，乳香，没药，冰片，甘草,川芎
TCMF10801,肝郁气滞，胁肋疼痛，胸闷腹胀，食欲不振。,郁金，柴胡，木香，川芎，当归，三七，厚朴，青皮，枳实，鳖甲,香附
TCMF7442,少阳湿热证，寒热如疟，寒轻热重，口苦膈闷，吐酸苦水，或呕黄涎而粘，甚则干呕呃逆，胸胁胀疼，小便黄少。,青蒿，黄芩，竹茹，半夏，陈皮，茯苓，甘草,枳壳
TCMF12071,小儿暑湿感冒，症见发热、头痛、呕吐、腹泻、食欲不振。,薄荷，荆芥穗，香薷，佩兰，青蒿，黄连，厚朴，苦杏仁，芦根，滑石，甘草,黄芩
TCMF6845,"解表清热, 泻火解毒。用于风热感冒, 证见发热, 或恶风, 头痛, 鼻塞, 咳嗽, 流涕, 咽痛或红肿, 口渴, 或伴溲赤, 便干等。",大黄，青蒿，金银花，黄芩，大青叶，蒲公英，重楼，草果,柴胡
TCMF6127,胁痛,丹参，郁金，当归，茯苓，板蓝根，白术，陈皮，鸡内金，厚朴，木香，延胡索，三棱，山楂,牡丹皮
TCMF9391,脾胃虚弱，食欲不振，四肢乏力，腰膝酸软，失眠多梦。,人参，黄芪，白术，茯苓，泽泻，山药，白芍，锁阳，巴戟天，狗脊，酸枣仁，远志，石菖蒲，熟地黄，豆蔻，丹参,肉苁蓉
TCMF407,"不寐, 眩晕, 崩漏, 便血",党参，白术，黄芪，甘草，茯苓，远志，酸枣仁，当归，木香，大枣,龙眼肉
TCMF10231,小儿感冒发热，咳嗽痰多，消化不良，食积停滞。,广藿香，荆芥，麦芽，天花粉，砂仁，桔梗，苍术，木香，大黄，川木通，黄连，厚朴，山楂，清半夏，陈皮，枳壳，冰片，蜂蜜，朱砂,甘草
TCMF9851,气血两虚，面色萎黄，头晕目眩，心悸失眠，食欲不振。,黄芪，核桃仁，枸杞子，白术,当归
TCMF7003,"外感咳嗽, 喀痰不畅",桔梗，荆芥，紫菀，百部，白前，陈皮,甘草
TCMF9630,脾胃虚弱，食欲不振，肢倦乏力，大便溏泄。,黄精，天冬，玉竹，荜茇，肉桂，天花粉，益智，冬葵果，红花,枳壳
TCMFx7038,"喉痛声哑, 失音",连翘，桔梗，川芎，诃子，儿茶，薄荷，大黄，甘草,砂仁
TCMF8089,肝癌，肝硬化，肝腹水，肝区疼痛，消化不良。,重楼，白蔹，半枝莲，黄芪，党参，白术，薏苡仁，苏木，郁金，桃仁，茵陈，大黄，木通，沉香，柴胡，香附，陈皮，土鳖虫，牡蛎,茯苓
TCMF7339,气血两虚，面色苍白，头晕目眩，心悸怔忡，食欲不振，四肢倦怠。,人参，白术，当归，川芎，白芍，熟地黄，甘草，生姜，大枣,茯苓
TCMF8094,肝郁气滞，血瘀证，肝肾不足。,柴胡，红花，枸杞子,甘草
TCMF8813,脾胃虚寒，气滞腹痛，消化不良。,高良姜，柴胡，郁金，白芍，枳壳,甘草
TCMF9987,气虚体弱，食欲不振，失眠多梦，疲劳乏力。,黄芪，人参，鹿茸，麦芽，山楂，五味子，甘草,刺五加
TCMFx4313,"烂喉丹痧, 喉痹, 乳蛾, 痈疡, 疔疮, 乳痈, 发背, 无名肿毒",牛黄，石菖蒲,珍珠
TCMF10574,风热咳嗽，痰多粘稠，咽痛，发热。,川贝母，黄芩，瓜蒌，连翘，金银花，前胡，甘草,枇杷叶
TCMF7830,盆腔炎，附件炎，子宫内膜炎等妇科炎症。,蒲公英，丹参，红花，茯苓，党参，白术，秦艽，马齿苋，海藻，赤芍，地骨皮，柴胡，香附，当归，三七，延胡索，鳖甲,车前子
TCMFx1172,"头痛, 口疮, 鼻疮, 痢疾, 腹痛, 带下病, 疮疡",黄芩，连翘，黄柏，赤芍，甘草,黄连
TCMF10330,冠心病，心绞痛，心律失常,丹参，黄芪，赤芍，五味子,桂枝
TCMFx7138,头晕目眩，暴发火眼，牙齿疼痛，口舌生疮，咽喉肿痛，耳痛耳鸣，大便秘结，小便短赤。,黄连，黄芩，黄柏，栀子，大黄，连翘，菊花，荆芥穗，白芷，蔓荆子，川芎，防风，薄荷，旋覆花，桔梗,石膏
TCMF8055,肝郁气滞，胸胁胀痛，月经不调，痛经。,丹参，当归，川芎，黄芪，红花，桃仁，白芍，赤芍，香附,柴胡
TCMF8377,湿热下注，瘀血阻滞所致的痹病，症见关节疼痛，屈伸不利，肌肤麻木，腰膝酸软。,夏枯草，益母草，黄芪，北豆根，薏苡仁，莪术，桔梗，大黄，桃仁，川牛膝，肉桂,土茯苓
TCMF11635,肝肾阴虚，腰膝酸软，头晕目眩，心悸失眠。,丹参，熟地黄，枸杞子，菟丝子，五味子，人参，茯苓，泽泻，牡丹皮,麦冬
TCMF9870,脾胃虚弱，消化不良，食欲不振，脘腹胀满。,黄芪，党参，茯苓，白术，紫苏梗，陈皮，土木香，白芍，山楂，当归，桂枝,蒲公英
TCMFx7200,气虚血滞、脉络瘀阻所致的中风中经络，半身不遂、肢体麻木、口眼歪斜、舌强语謇及胸痹心痛、胸闷、心悸、气短；脑梗塞、冠心病心绞痛属上述证候者,黄芪，丹参，当归，赤芍，川芎，桃仁，红花，乳香，鸡血藤，牛膝，桂枝，桑枝，地龙，全蝎，水蛭,没药
TCMFx4368,痢疾,椿皮，黄连，厚朴，鸦胆子，枳壳，木香，茯苓，白术，甘草，当归,党参
TCMF7475,感冒发热，头痛，咽喉肿痛，咳嗽。,金银花，柴胡，青蒿，淡竹叶，甘草,大青叶
TCMF8569,湿热内蕴，热毒蕴结，疮疡肿毒，湿疹瘙痒。,黄芩，黄连，黄柏，金银花，甘草,大黄
TCMF9614,慢性肾炎，蛋白尿，血尿，水肿。,车前子，茯苓，猪苓，大蓟，小蓟，马齿苋，赤芍，茜草，栀子，地榆，川芎，当归，山药，女贞子,狗脊
TCMF10368,肾阳不足，腰膝酸软，畏寒肢冷，性功能减退。,补骨脂，肉苁蓉，淫羊藿，白术，人参，枸杞子，当归，熟地黄，仙茅，蛇床子,菟丝子
TCMF7369,跌打损伤，瘀血肿痛，筋骨疼痛。,当归，川芎，赤芍，桃仁，红花，丹参，乳香，没药，牛膝，泽兰，甘草,三七
TCMF10115,肾阳不足，腰膝酸软，畏寒肢冷，性功能减退。,鹿茸，肉苁蓉，巴戟天，淫羊藿，何首乌，枸杞子,仙茅
TCMFx6890,"清热凉血, 活血止痛。用于妇女盆腔炎症等引起的带下量多, 腹痛。",忍冬藤，大血藤，甘草，大青叶，蒲公英，赤芍，大黄，丹参，川楝子，延胡索,虎杖
TCMF9802,脾胃虚寒，脘腹冷痛，呕吐泄泻，四肢不温。,胡椒，草果，干姜，益智，红花，黑种草子，诃子，肉桂,荜茇
TCMF8627,风湿痹痛，筋骨痿软，肢体麻木，腰膝酸痛。,鸡血藤，大血藤，防己，木瓜，伸筋草，制川乌，川芎，延胡索，桑寄生，牛膝，绵萆薢，黄柏，乳香，没药，血竭，全蝎，金钱白花蛇,羌活
TCMF7931,风湿痹痛，跌打损伤,没药，红花,乳香
TCMFx4464,"风寒湿痹, 跌打损伤",独活，白芍，槲寄生，杜仲，牛膝，秦艽，桂枝，防风，细辛，党参，甘草，当归，川芎，茯苓,熟地黄
TCMF10610,小儿脾胃虚弱，食少便溏，消化不良，脘腹胀满。,白术，山药，白扁豆，川贝母，木香，人工牛黄,鸡内金
TCMF12355,肾不纳气，虚喘，短气，咳逆，盗汗，遗精，腰膝酸软。,熟地黄，山茱萸，泽泻，牡丹皮，茯苓，五味子,山药
TCMF9461,便秘，失眠，头晕，心悸。,玉竹，肉苁蓉，火麻仁,桑椹
TCMF3103,痹病,红参，肉桂，麻黄，熟地黄，甘草，大黄，防风，片姜黄，乌梢蛇，草豆蔻，独活，白芷，玄参，赤芍，青皮，苍术，僵蚕，粉萆薢，乳香，乌药，香附，桑寄生，没药，骨碎补，葛根，穿山甲，冰片，红花，威灵仙，厚朴，狗脊，苦参，巴戟天，地龙，鸡血藤，仙鹤草，丹参,白附子
TCMF568,"腹泻, 脱肛, 阴挺",黄芪，当归，柴胡，党参，白术，升麻，陈皮,甘草
TCMF7430,脾胃虚弱，气短乏力，食少便溏，久泻脱肛，崩漏下血。,黄芪，人参，白术，甘草，茯苓，当归，升麻，柴胡,陈皮
TCMF11121,感冒发热，头痛，咳嗽，咽喉肿痛。,薄荷，菊花，青蒿，连翘，桔梗，苦杏仁，板蓝根,甘草
TCMF10808,痈疽疮疡，无名肿毒，蛇虫咬伤,大蒜，艾叶，草乌，石菖蒲,重楼
TCMF10484,脾胃虚弱，消化不良，食欲不振，脘腹胀满。,甘草,陈皮
TCMF2978,感冒,麻黄，防风，苍术，细辛，川芎，白芷，荆芥穗，薄荷，当归，甘草,羌活
TCMF8583,风湿痹痛，筋骨痿软，腰膝酸软，四肢麻木。,秦艽，麻黄，黄连，制草乌，秦皮，沉香，柴胡，黑芝麻，甘草,苦杏仁
TCMF10410,火热内盛，咽喉肿痛，口舌生疮，牙龈肿痛。,黄芩，龙胆，栀子，柴胡，玄参，石膏,知母
TCMF8032,月经不调，肾虚腰痛，气血两虚。,益母草，丹参，当归，川芎，熟地黄，山茱萸，巴戟天，淫羊藿，知母，牡丹皮，白芍,人参
TCMF11222,跌打损伤，筋骨疼痛，瘀血肿痛。,泽兰，红花，补骨脂，杜仲，乳香，没药，三棱，莪术，郁金，桔梗，豆蔻，威灵仙，木瓜，桃仁，沉香，白芷，川芎，香附,当归
TCMF8194,气血两虚，面色萎黄，头晕目眩，心悸失眠，食欲不振。,黄芪，当归，熟地黄，茯苓，白芍，川芎，甘草,白术
TCMF11675,咽喉肿痛，声音嘶哑，口干舌燥，痰多咳嗽。,黄芩，黄柏，知母，栀子，薄荷，牛蒡子，山豆根，桔梗，大黄，芒硝，防风，玄参，甘草,连翘
TCMF10292,湿热泄泻，腹痛，里急后重，肛门灼热，大便不爽。,黄连，厚朴，苍术，茯苓，泽泻，木香，槟榔，白芍，陈皮，枳壳，甘草,吴茱萸
TCMF7713,"脱发症, 白发症",何首乌，枸杞子，熟地黄，菟丝子，女贞子，墨旱莲，黑芝麻，桑椹，补骨脂,当归
TCMF8362,黄褐斑，雀斑，面色晦暗,红花，赤芍，薄荷，黄芩，柴胡,当归
TCMF7711,"紫斑, 髓劳",黄芪，人参，当归，熟地黄，白芍，川芎，阿胶，龟甲胶，枸杞子，鸡血藤，白术，茯苓，甘草,鹿角胶
TCMF11286,喉痹，乳蛾，喉风，牙疳，口疮，痄腮。,板蓝根，牛黄，蟾酥，冰片，玄明粉，青黛,雄黄
TCMF11038,痰热咳嗽，胸膈满闷，咽痛声哑。,知母，黄芩，天花粉，桔梗，前胡，白术，大黄，枳实，法半夏，陈皮，黄柏，防风，冰片,甘草
TCMF2316,胃脘痛,延胡索，海螵蛸,白矾
TCMFx1619,"腰痛, 遗精, 带下病",鹿茸，人参，熟地黄，五味子，肉苁蓉，菟丝子，附子，当归，黄芪,牛膝
TCMFx3477,"解?, 早泄, 遗精",熟地黄，山茱萸，枸杞子，五味子，覆盆子，石菖蒲，楮实子，山药，金樱子，茯苓，牛膝，杜仲，巴戟天，肉苁蓉，远志，菟丝子，甘草,小茴香
TCMF8238,外感风寒，内热壅盛，发热恶寒，头痛身痛，咳嗽气喘。,桂枝，麻黄，生姜，大枣，石膏，炙甘草,苦杏仁
TCMF10973,气阴两虚所致的消渴，症见口渴多饮、多食易饥、尿频量多、神疲乏力。,黄芪，人参，麦冬，玉竹，熟地黄，茯苓，白术，山药，泽泻，牛膝，牛蒡子，僵蚕,五味子
TCMF11932,风寒湿痹，肢体麻木，腰腿疼痛，瘫痹拘挛，跌打损伤。,安息香，广藿香，黄芩，甘草，葛根，茯苓，没药，乳香，豆蔻，白术，木香，天麻，制何首乌，绵马贯众，麻黄，细辛，赤芍，附子，黄连,大黄
TCMFx4230,急惊风,僵蚕，天麻，大黄，白芷，雄黄，胆南星，天竺黄，蟾酥，细辛，全蝎，朱砂,苍术
TCMF12141,气血两虚，心悸失眠，食欲不振，肢冷乏力。,黄芪，党参，熟地黄，当归，白术，茯苓，大枣，白芍，五味子，远志，陈皮，炙甘草,生姜
TCMF179,"厌食, 症见食欲不振, 消化不良, 面黄身瘦, 大便稀溏",党参，黄芪，白术，茯苓，山药，薏苡仁，麦冬，何首乌，山楂，麦芽，桑枝,大枣
TCMF11160,湿热瘀阻所致的腹痛、腹泻、胁痛、黄疸等。,甘草，川楝子，延胡索，大黄，赤芍，牡丹皮，大血藤，忍冬藤,大青叶
TCMF6875,"具有活血散瘀, 消肿止痛。用于跌打损伤, 瘀血肿痛。",当归，乳香，土鳖虫，自然铜，冰片,三七
TCMF7585,肾阳不足，腰膝酸软，畏寒肢冷，小便频数。,熟地黄，山茱萸，山药，泽泻，牡丹皮，茯苓，桂枝,附子
TCMF11731,肾虚腰痛，阳痿早泄，遗精滑精，头晕耳鸣，肢冷畏寒。,补骨脂，杜仲，肉苁蓉，附子，麦冬，天冬，枸杞子，山茱萸，白术，川芎，当归，巴戟天，覆盆子，炙甘草,茯苓
TCMF3966,痢疾,白矾,黄芩
TCMF10077,头痛，眩晕，目赤肿痛，口苦咽干，心烦失眠。,黄芩，黄连，黄柏，龙胆，栀子，大黄，川芎，玄参，冰片，羚羊角,玄明粉
TCMF6401,"眩晕, 不寐, 健忘",党参，人参，茯苓，黄芪，白术，山药，何首乌，熟地黄，川芎，泽泻，牡丹皮，牛膝，白芍，杜仲叶，续断，阿胶，红花，三七，甘草，黄精，陈皮,当归
TCMFx3509,"阳痿, 早泄, 遗精",红参，熟地黄，巴戟天，陈皮，菟丝子，山药，黄芪，茯苓，牛膝，肉苁蓉，肉桂，当归，枸杞子，鹿茸，小茴香，白芍，甘草,白术
TCMF510,"月经失调, 痛经",当归，白芍，延胡索，大枣，川芎，白术，赤芍，熟地黄，甘草,香附
TCMF11819,肝肾不足，腰膝酸软，头晕耳鸣，遗精早泄。,杜仲，茯苓，山药，女贞子，枸杞子，芡实，熟地黄，菟丝子，牡蛎,莲子
TCMF10823,风寒湿痹，筋骨疼痛，四肢麻木，腰膝酸软。,杜仲，鹿角，麻黄，威灵仙，制草乌，制川乌，当归，独活，羌活，续断,川牛膝
TCMF6,"疏肝解郁, 理气止痛, 活血破瘀, 消积化痰, 软坚散结, 补气健脾",牡蛎，乳香，瓜蒌，海藻，黄芪，天冬，夏枯草，三棱，玄参，白术，浙贝母，莪术，丹参，鸡内金,没药
TCMF7370,"风寒湿痹, 尪痹",制川乌，制草乌，防己，防风，羌活，独活，桂枝，威灵仙，麻黄，木瓜，川芎，当归，延胡索，细辛,牛膝
TCMF10101,肾虚腰痛，头晕耳鸣，遗精早泄，腰膝酸软。,黄芪，党参，丹参，杜仲，仙茅，枸杞子，熟地黄，菟丝子，延胡索，牡蛎,山药
TCMF12335,消痞除满，健脾和胃,枳实，厚朴，黄连，半夏，麦芽，人参，白术，茯苓,甘草
TCMFx3504,"症积, 痛经, 月经失调",香附，益母草，当归，熟地黄，白芍，柴胡，川芎，延胡索，乌药，干漆，三棱，莪术，艾叶，牡丹皮，丹参，乌梅,红花
TCMF7827,月经不调，痛经，闭经，崩漏，带下，产后腹痛，腰膝酸软，气血两虚。,丹参，益母草，黄芪，杜仲，益智，党参，艾叶，白术，肉苁蓉，秦艽，白芍，女贞子，地榆，覆盆子，川芎，当归，小茴香，香附，山茱萸,茯苓
TCMF9026,脾胃气滞，脘腹胀痛，食欲不振，消化不良。,木香，香附，乌药，陈皮，青皮，枳壳，莱菔子，山楂，麦芽，茯苓，槟榔,甘草
TCMF568,"腹泻, 脱肛, 阴挺",黄芪，甘草，柴胡，党参，白术，升麻，陈皮,当归
TCMFx678,胃脘痛,鸡内金，决明子，海螵蛸，木香，阿魏,牡蛎
TCMF11225,风湿痹痛，跌打损伤，筋骨疼痛，腰腿疼痛。,没药，乳香，郁金，红花，木香，秦艽，独活，马钱子，白芍，三七，延胡索，桂枝，血竭,牛膝
TCMFx6354,痹病,川乌，香附，川芎，麻黄，草乌，秦艽，当归，赤小豆，羌活，赤芍，细辛，天南星，甘草，白术，没药，乳香，地龙，茯苓，桂枝，天麻，甘松，防风，朱砂,白芷
TCMF11199,急慢性肝炎，胆囊炎，胆石症,鸡骨草，广金钱草，人工牛黄,三七
TCMF11839,妇人冲任虚寒、瘀血阻滞所致的月经不调，痛经，崩漏，带下等症。,吴茱萸，肉桂，当归，川芎，白芍，牡丹皮，阿胶，党参，生姜，半夏，炙甘草,麦冬
TCMF7550,肾虚血瘀，腰膝酸软，月经不调，痛经。,熟地黄，当归，白芍，川芎，桃仁，红花，杜仲，牛膝，鸡血藤,续断
TCMFx3499,"眩晕, 头痛",天麻，枸杞子，茯苓，鹿茸，人参，五味子,何首乌
TCMFx5886,"积滞, 急惊风",钩藤，僵蚕，天麻，全蝎，黄连，大黄，胆南星，天竺黄，半夏，橘红，滑石，人工牛黄，朱砂，麝香，冰片,浙贝母
TCMF7747,心脾两虚，气血不足，心悸失眠，食欲不振，肢倦乏力，崩漏便血。,黄芪，党参，白术，茯苓，当归，龙眼肉，远志，酸枣仁，木香，甘草，生姜,大枣
TCMF12137,风寒湿痹，肢体麻木，关节疼痛，痰湿阻络。,降香，天竺黄，三棱，莪术，郁金，细辛，厚朴，沉香，防风，羌活，香附，芥子，清半夏，制天南星，延胡索，橘红，青皮，枳壳,天麻
TCMF11724,肾虚腰痛，腰膝酸软，头晕耳鸣，遗精盗汗。,天冬，熟地黄，肉苁蓉，党参，砂仁，炙甘草,黄柏
TCMF7835,气血两虚，月经不调，崩漏带下，宫寒不孕。,熟地黄，白术，茯苓，当归，白芍，川芎，鹿角胶，甘草,人参
TCMF8459,高热惊厥，神昏谵语，抽搐痉厥，头痛，咽痛。,石膏，水牛角，麝香，玄参，升麻，木香，沉香，丁香，芒硝，滑石，甘草,羚羊角
TCMF11139,风寒感冒，咳嗽痰多，气喘。,麻黄，黄芩，款冬花，苦杏仁，法半夏，甘草,肉桂
TCMF7409,"滋补肝肾, 通经活血。用于肾阳虚所致的腰痛, 转侧不利, 腰膝酸软, 倦怠乏力的辅助治疗。",杜仲，牛膝，补骨脂，枸杞子，当归，川芎，红花，千年健，独活，秦艽，木瓜，桑寄生，鹿角霜，甘草,续断
TCMF10671,再生障碍性贫血，气血两虚，头晕目眩，心悸失眠，腰膝酸软。,党参，白术，黄精，麦冬，熟地黄，鸡血藤，当归，红参，益母草，制何首乌，墨旱莲，补骨脂，淫羊藿，菟丝子，女贞子，枸杞子，白芍，阿胶，鹿茸,黄芪
TCMF781,"头痛, 眩晕眼花, 心烦易怒, 失眠多梦",当归，川芎，白芍，熟地黄，钩藤，鸡血藤，夏枯草，决明子，珍珠母，延胡索,细辛
TCMF3599,腰痛,杜仲，菟丝子，肉苁蓉，远志，当归，莲子，泽泻，牡丹皮，白芍，淫羊藿，黄芪，熟地黄，山药，茯苓，白术，陈皮，砂仁，女贞子，山茱萸，巴戟天，柏子仁，党参，枸杞子，甘草,金樱子
TCMF10304,心悸，胸闷，气短，心烦失眠。,麦冬，丹参，黄芪，当归，葛根，红花，白芍，川芎，金银花，枳壳，甘草，防风,大青叶
TCMF7603,咳嗽痰多，支气管炎，哮喘。,半夏，枇杷叶，远志，紫菀，款冬花，桔梗，甘草,麻黄
TCMFx773,痹病,独活，桑寄生，秦艽，防风，细辛，当归，白芍，川芎，熟地黄，杜仲，川牛膝，党参，茯苓，桂枝,甘草
TCMF10323,心悸失眠，烦躁不安，头晕目眩。,甘草，茯苓，栀子，远志,酸枣仁
TCMF7347,纳呆便溏,黄芪，党参，白术，当归，陈皮，升麻，柴胡,甘草
TCMFx5682,"癫痫, 痴呆",水牛角，珍珠，石菖蒲，黄连，麦冬，远志，胆南星，牛黄，朱砂，酸枣仁，茯苓,甘草
TCMF11234,肝肾不足，腰膝酸软，头晕耳鸣，失眠多梦，须发早白，遗精早泄。,麦冬，天冬，柏子仁，丹参，杜仲，肉苁蓉，木香，五味子，巴戟天，覆盆子，地骨皮，枸杞子，山茱萸，牛膝，远志,茯苓
TCMF11765,口腔溃疡，牙龈炎，咽喉炎,白及，虎杖，地榆，忍冬藤，冰片,黄连
TCMF12159,肾虚腰痛，遗精早泄，小便频数，头晕耳鸣。,核桃仁，黑芝麻，白果，小茴香,甘草
TCMF9363,肾虚腰痛，腰膝酸软，头晕耳鸣，神疲乏力。,炙黄芪，党参，白术，麦冬，天冬，炙甘草，肉苁蓉，五味子，巴戟天，覆盆子，枸杞子，沉香，川芎，当归，小茴香，山药，芡实，锁阳,牛膝
TCMF11715,咽喉肿痛，声音嘶哑，口干舌燥。,胖大海，甘草，桔梗，麦冬，金银花，木蝴蝶，党参，玄参,菊花
TCMFx3896,虚劳,熟地黄，沙苑子，龙眼肉，杜仲，地骨皮，巴戟天，枸杞子，菟丝子，当归，牛膝，韭菜子，山药，补骨脂,楮实子
TCMF7654,妇人癥瘕，痛经，闭经，产后恶露不尽，瘀血腹痛。,桂枝，茯苓，赤芍，桃仁，红花，当归，川芎，白术，甘草,牡丹皮
TCMF11031,胸膈痞满，胃脘疼痛，呕吐恶心，嗳气吞酸，饮食无味，腹痛泄泻。,沉香，木香，砂仁，陈皮，青皮，佛手，郁金，片姜黄，川芎，白芍，山楂，甘草,豆蔻
TCMF11259,肾虚遗精，腰膝酸软，头晕耳鸣，失眠多梦。,熟地黄，山药，茯苓，金樱子，芡实，知母，黄柏，牡丹皮，锁阳，远志，牡蛎,山茱萸
TCMF6278,"鼻渊, 鼻窒",藁本，白芷，苍耳子，蓼大青叶，蒲公英，升麻，甘草,防风
TCMF10188,血瘀型冠心病、心绞痛、高脂血症等。,丹参，槐花，黄芪，郁金，川芎，泽泻，冰片,山楂
TCMFx3849,"积滞, 腹胀",雄黄，甘草，使君子，蜂蜡，郁金，苦杏仁,巴豆霜
TCMF78,"感冒风邪, 身热头痛, 发烧畏寒, 四肢酸痛痄腮, 大头瘟",大青叶，连翘，玄参，天花粉，桔梗，牛蒡子，羌活，防风，葛根，柴胡，黄芩，白芷，川芎，赤芍，甘草,淡竹叶
TCMFx234,"小儿肺卫热盛所致的喉痹, 乳蛾, 症见咽喉肿痛, 咳嗽痰盛, 口舌糜烂; 急性咽炎, 急性扁桃腺炎见上述证候者",金银花，射干，桔梗，玄参，麦冬，人工牛黄，冰片,金果榄
TCMF6164,"急惊风, 咳嗽",天竺黄，僵蚕，薄荷，黄连，血竭，雄黄，山药，全蝎，牛黄，麝香，胆南星，钩藤,朱砂
TCMF11961,胃痛，胃溃疡，十二指肠溃疡，慢性胃炎。,木香，陈皮，没药，延胡索，马齿苋，地榆，白及，马兜铃，威灵仙，沉香,黄芪
TCMFx5247,虚劳,人参，白术，茯苓，甘草，当归，熟地黄，白芍，黄芪，陈皮，远志，五味子，大枣，生姜,肉桂
TCMF10741,咳嗽，痰多，气喘，胸闷。,麦冬，知母，紫苏子，苦杏仁，瓜蒌皮，法半夏，茯苓，陈皮，化橘红，桔梗，款冬花，甘草，石膏,紫菀
TCMF1315,痹病,马钱子，乳香，没药，千年健，自然铜，地枫皮，桂枝，牛膝，木瓜，甘草,麻黄
TCMF10964,气血两虚，腰膝酸软，头晕目眩，月经不调。,红参，熟地黄，当归，白芍，茯苓，白术，续断，菟丝子，阿胶，鹿角胶，甘草,川芎
TCMF8704,咳嗽痰多，胸闷气短，咽喉肿痛。,石膏，桔梗，麦冬，瓜蒌皮，紫苏子，苦杏仁，紫菀，茯苓，法半夏，陈皮，橘红，薄荷，甘草,款冬花
TCMF1903,"发热, 痉病",人工牛黄，水牛角，麝香，珍珠，雄黄，黄连，黄芩，栀子，郁金，冰片,朱砂
TCMF12171,用于治疗慢性肝炎、肝硬化等属肝郁脾虚、湿热内阻者。,沙苑子，何首乌，虎杖，麻黄，当归，石榴皮,丹参
TCMF12307,心悸失眠，健忘多梦，头晕目眩，神疲乏力。,丹参，黄芪，红参，当归，白芍，茯苓，白术，远志，陈皮，牡蛎，朱砂，珍珠,川芎
TCMF10823,风寒湿痹，筋骨疼痛，四肢麻木，腰膝酸软。,杜仲，鹿角，麻黄，威灵仙，制草乌，制川乌，当归，羌活，川牛膝，续断,独活
TCMF11856,肝郁气滞，胸胁胀痛，胃脘疼痛，食欲不振。,柴胡，香附，白芍，豆蔻，厚朴，檀香，陈皮，青皮，香橼，枳壳，牵牛子，槟榔，鸡内金,延胡索
TCMF11484,胸腹胀满，消化不良，食欲不振，恶心呕吐。,广藿香，砂仁，陈皮，青皮，枳壳，苍术，草果，麦芽，山楂，莱菔子，大黄，厚朴，槟榔,木香
TCMF7946,感冒咳嗽，支气管炎，肺热咳嗽。,罗汉果，党参，菊花，苦杏仁，枇杷叶,茯苓
TCMF12212,风湿痹痛，肢体麻木，关节不利，皮肤瘙痒。,麻黄，桂枝，苦参，苍术，威灵仙，川芎，红花，防风，蝉蜕，地肤子，白鲜皮，火麻仁，甘草,当归
TCMFx6978,"脚气疼痛, 风湿流注, 足痛筋脉浮肿",槟榔，木瓜，吴茱萸，紫苏叶，桔梗，生姜,陈皮
TCMF9809,感冒头痛，风湿骨痛，蚊虫叮咬，皮肤瘙痒等。,广藿香，甘草，木香，八角茴香，枳实，川芎，当归，陈皮，血竭,肉桂
TCMF8703,目赤肿痛，眼干涩痛，视力模糊。,马勃，菊花，乌梅,木蝴蝶
TCMFx4528,咳嗽,陈皮，枇杷叶，桔梗，紫苏子，甘草,化橘红
TCMF9103,心脾两虚，失眠多梦，食欲不振，肢倦乏力。,炙甘草，炙黄芪，党参，白术，茯苓，木香，陈皮，当归，白芍，香附，酸枣仁，龙眼肉，远志,蜂蜜
TCMF9696,头痛，眩晕，高血压，肝阳上亢。,莪术，石决明，赭石,天麻
TCMF10899,气血两虚，脾胃虚弱，食欲不振，四肢无力。,炙黄芪，党参，白术，苍术，茯苓，麦芽，侧柏叶，黄芩，白茅根，大蓟，小蓟，大黄，牡丹皮，白芍，附子，厚朴，枳实，茜草，甘草,谷芽
TCMF11,"止嗽, 定喘, 祛痰",罂粟壳，甘草，苦杏仁，莱菔子，桔梗，石膏,麻黄
TCMF11796,风湿痹痛，跌打损伤，筋骨疼痛，腰腿酸痛。,重楼，马钱子，乳香，没药，红花，升麻，白芷，羌活，石菖蒲，狗脊,胆南星
TCMF11006,感冒发热，头痛鼻塞，咳嗽痰多，胸闷呕恶。,葛根，桔梗，麦冬，茯苓，党参，前胡，桑白皮，姜半夏，陈皮，甘草，枳壳,紫苏叶
TCMF9058,湿热下注，小便不利，淋沥涩痛，尿血，尿路结石。,车前草，茯苓，海金沙，石韦，瞿麦，川木通，牛膝，枳实，鸡内金,广金钱草
TCMF7459,胎动不安，先兆流产，习惯性流产。,黄芪，白术，砂仁，杜仲，续断，桑寄生，阿胶，艾叶，黄芩,菟丝子
TCMF11446,急慢性鼻炎，鼻窦炎，过敏性鼻炎。,广藿香，黄芩，穿心莲，麻黄，牡丹皮，辛夷，白芷，防风,苍耳子
TCMF10753,咳嗽痰多，胸闷气喘，痰黄粘稠。,百部，川贝母，麦冬，天冬，知母，紫苏叶，桔梗，款冬花，木香，大黄,瓜蒌子
TCMF7798,肾阳不足，腰膝酸软，畏寒肢冷，夜尿频多。,人参，淫羊藿，天冬，玉竹，土茯苓，苦参，黑芝麻，冰片,麦冬
TCMF12451,口眼歪斜，言语不利，肢体麻木，半身不遂,桑枝，黑豆，独活，生姜,羌活
TCMF7692,风中经络，口眼歪斜。,白附子，全蝎,僵蚕
TCMFx122,"风温, 感冒",川芎，黄芩，蔓荆子，薄荷，荆芥穗，藁本，防风，白芷，栀子，黄连，连翘，羌活，桔梗，甘草,菊花
TCMF12104,清热解毒，凉血消肿，用于治疗热毒瘀血所致的咽喉肿痛、牙痛、口腔溃疡、目赤肿痛等。,重楼，三七，人工牛黄，水牛角,珍珠
TCMF11736,风寒湿痹，肢体麻木，关节疼痛。,荆芥，防风，威灵仙，独活，羌活，制草乌，制川乌，桂枝，土鳖虫，乌梢蛇，地龙,香附
TCMF11931,心悸失眠，健忘多梦，心烦不安，头晕目眩。,柏子仁，酸枣仁，黄芪，当归，熟地黄，茯苓，远志，黄连，甘草,朱砂
TCMF4952,"咳嗽, 喉痹, 口疮, 鼻疮, 牙痛, 便秘",黄芩，黄柏，大黄，苦参，天花粉，知母，桔梗，前胡,栀子
TCMF10134,脾胃虚弱，食欲不振，脘腹胀满，恶心呕吐。,广藿香，甘草，茯苓，豆蔻，砂仁，白术，木香，香附，半夏，陈皮,厚朴
TCMF7916,记忆力减退，失眠多梦，心悸怔忡，神疲乏力。,石菖蒲,远志
TCMF7150,各种颈椎病引起的疼痛。,熟地黄，何首乌，当归，白芍，黑芝麻，枸杞子，鹿茸，骨碎补，狗脊，千年健，地枫皮，威灵仙，蛇蜕，木瓜，丹参，黄芪，天麻，桂枝，牛膝，乳香，没药，甘草,葛根
TCMF7073,"骨蒸潮热, 唇红颊赤, 盗汗咳嗽",秦艽，知母，当归，柴胡，地骨皮，乌梅，青蒿,鳖甲
TCMF8574,附件炎、盆腔炎、子宫内膜炎等引起的带下病，症见带下量多、色黄质稠、小腹疼痛、腰骶酸痛。,黄芩，鸡血藤，皂角刺，三棱，紫花地丁，蒲公英，金银花，川芎，香附，王不留行，延胡索,赤芍
TCMFx6950,"体虚感冒, 恶寒发热, 头痛鼻塞, 咳嗽痰多",陈皮，枳壳，桔梗，甘草，木香，半夏，紫苏叶，前胡，人参，茯苓，生姜，大枣,葛根
TCMF9675,肺癌，肝癌，胃癌等恶性肿瘤,天冬，薤白，浙贝母，莪术，桔梗，人参，蜈蚣，鳖甲,香附
TCMF7276,小儿风热感冒，发热恶风，头痛目赤，咽喉肿痛，痒腮，喉痹。,金银花，连翘，大青叶，板蓝根，栀子，黄芩，牡丹皮，淡竹叶，地龙，重楼，柴胡,白薇
TCMF11814,慢性肾炎，蛋白尿，血尿，水肿，腰膝酸软。,车前子，猪苓，大蓟，小蓟，马齿苋，墨旱莲，女贞子，赤芍，茜草，栀子，地榆，川芎，当归，山药，狗脊,茯苓
TCMF3524,"虚劳, 眩晕",党参，黄芪，熟地黄，狗脊，女贞子，何首乌，牛膝，当归，陈皮，南沙参，杜仲，川芎，百合，茯苓，山药，白术，甘草，泽泻，白芍,覆盆子
TCMF11581,脾胃虚弱，消化不良，食欲不振，脘腹胀满，呕吐泄泻。,甘松，广藿香，黄芩，荆芥，紫苏叶，茯苓，稻芽，麦芽，草豆蔻，桔梗，艾叶，苍术，木香，青蒿，徐长卿，厚朴，白芷，防风,山楂
TCMFx3852,痹病,狗脊，杜仲，川牛膝，木瓜，桑枝，续断，秦艽，桂枝，油松节,海风藤
TCMFx3690,咳嗽,枇杷叶，车前草，百部，苦杏仁，桔梗，麻黄，甘草,浙贝母
TCMF11445,瘀血内阻，症见月经不调，痛经，闭经，产后瘀血腹痛，症瘕积聚。,丹参，黄芪，党参，三棱，莪术，鸡血藤，当归，土茯苓，苦参，白术，山药，炮姜，川楝子，延胡索，鱼腥草，芡实，肉桂，土鳖虫,全蝎
TCMF5620,"痈疽, 疮疡",金银花，穿山甲，防风，陈皮，天花粉，甘草，浙贝母，当归，皂角刺，乳香，没药，赤芍,白芷
TCMF4244,胃脘痛,川楝子，延胡索，木香，陈皮，厚朴，砂仁，豆蔻，枳壳，沉香，白芍，片姜黄，朱砂,茯苓
TCMF11644,肝肾不足，精血亏虚，腰膝酸软，头晕耳鸣，须发早白，遗精早泄，月经不调。,丹参，熟地黄，枸杞子，菟丝子，淫羊藿，巴戟天，鹿角胶，龟甲胶，人参，黄芪，当归，白芍，川芎，茯苓，泽泻，牡丹皮,肉苁蓉
TCMF8262,心气虚寒，心悸易惊，失眠多梦，健忘。,柏子仁，黄芪，党参，茯苓，远志，五味子，酸枣仁，川芎，肉桂，朱砂，甘草,当归
TCMF7430,脾胃虚弱，气短乏力，食少便溏，久泻脱肛，崩漏下血。,黄芪，人参，白术，甘草，陈皮，当归，升麻，柴胡,茯苓
TCMF11144,风寒湿痹，关节疼痛，肢体麻木，腰腿疼痛。,麻黄，桂枝，羌活，独活，川芎，当归，乳香，没药，马钱子，制草乌，制川乌，木瓜，川牛膝,附子
TCMF750,"腹胀, 便秘",枳壳，大黄，蒲公英，莱菔子，木香，赤芍，紫苏梗，黄芪，桃仁,太子参
TCMF8341,小儿惊风，痰热咳嗽，心烦失眠，神昏抽搐。,朱砂，红参，天竺黄，山药，胆南星，枳壳，枳实，甘草,茯苓
TCMF11185,外伤出血，手术出血，消化道出血等,补骨脂，白及,地锦草
TCMF7639,腹泻、消化不良,黄芪，白术，防风，芦根，鸡内金，茯苓，甘草,山药
TCMF3372,痹病,当归，红花，独活，牛膝，甘草，茜草，老鹳草，草乌,桔梗
TCMF282,"外感病, 邪犯少阳证, 症见寒热往来, 胸胁苦满, 食欲不振, 心烦喜呕, 口苦咽干",黄芩，半夏，党参，生姜，甘草，大枣,柴胡
TCMF8185,肺虚久咳，气短乏力，痰多色白。,黄芪，苦杏仁，淫羊藿，矮地茶，蜂蜜,五味子
TCMF10053,清热解毒，止咳祛痰，用于感冒咳嗽，急慢性支气管炎。,甘草，木香,栀子
TCMF5360,"乳癖, 月经失调",浙贝母，当归，赤芍，漏芦，茜草，柴胡，橘核，夏枯草，丝瓜络，郁金，甘草,香附
TCMF5025,"积滞, 急惊风",大黄，僵蚕，冰片，胆南星，朱砂，麝香，天竺黄,蝉蜕
TCMF11187,风热感冒，咽喉肿痛，头痛发热，咳嗽痰黄。,薄荷，荆芥穗，淡豆豉，甘草，淡竹叶，桔梗，牛蒡子，连翘，金银花，水牛角，羚羊角,冰片
TCMF8992,慢性肝炎，肝硬化，肝功能不全。,丹参，郁金，垂盆草，党参，川楝子，制何首乌，枸杞子，北沙参，当归，三七，熟地黄,鸡骨草
TCMF529,"督任俱虚, 精血不足, 虚损遗泄, 瘦弱少气, 目视不明",龟甲，鹿角，枸杞子,党参
TCMF7349,"偏枯, 风痱",黄芪，当归，赤芍，川芎，桃仁，红花，地龙，全蝎，蜈蚣，牛膝，鸡血藤，甘草,水蛭
TCMF11962,月经不调，经期腹痛，经血量少，色暗有块，腰膝酸软，头晕耳鸣。,黄芪，人参，当归，白芍，川芎，香附，艾叶，茯苓，白术，青蒿，牡丹皮，鳖甲,地骨皮
TCMF10426,肾虚腰痛，阳痿早泄，神疲乏力，头晕耳鸣，失眠多梦。,红参，鹿茸，淫羊藿，肉苁蓉，补骨脂，菟丝子，枸杞子，五味子，山茱萸，熟地黄，当归，川芎，白芍，炙甘草,冬虫夏草
TCMF11879,胸痹心痛，胸闷气短，心悸失眠。,沉香，乳香，木棉花，广枣，诃子,木香
TCMF12021,风寒湿痹，头痛，牙痛，关节疼痛，肌肉酸痛。,细辛，川芎，白芷，防风，羌活，独活，麻黄，苍术，甘草,桂枝
TCMF9228,慢性肝炎，早期肝硬化，脂肪肝，中毒性肝炎。,黄芪，党参，黄精，山药，丹参，郁金，茵陈，板蓝根，当归，泽泻,白芍
TCMF8191,肾虚引起的先兆流产、习惯性流产,黄芩，白术，肉苁蓉，白芍，钩藤，桑寄生，续断，菟丝子,制何首乌
TCMFx223,"热毒内蕴, 毒邪未尽所致的口疮肿痛, 疮疡溃烂, 烦躁口渴, 大便秘结",人工牛黄，雄黄，大黄，黄连，甘草，天花粉，川贝母，赤芍，乳香，没药，冰片,珍珠
TCMF10234,小儿脾胃虚弱，食欲不振，消化不良，形体消瘦。,黄芪，白术，山楂，陈皮，山药，莲子，枸杞子，甘草，蜂蜜,大枣
TCMF7654,妇人癥瘕，痛经，闭经，产后恶露不尽，瘀血腹痛。,桂枝，茯苓，牡丹皮，桃仁，红花，当归，川芎，白术，甘草,赤芍
TCMF10821,风寒湿痹，关节疼痛，筋脉拘挛，腰膝酸软。,海风藤，草乌，川乌，川芎，当归，牛膝,青风藤
TCMF11952,脾肾阳虚，腰膝酸软，神疲乏力，畏寒肢冷。,黄芪，附子，熟地黄，刺五加，陈皮,女贞子
TCMFx4380,"咳嗽, 哮病, 喘病",陈皮，橘红，法半夏，葶苈子，瓜蒌子，紫苏子，紫苏叶，桑白皮，苦杏仁，桔梗，前胡，马兜铃，款冬花，紫菀，远志，百合，天冬，麦冬，北沙参，五味子，麻黄，黄芩，白芍，石膏，甘草,知母
TCMF8574,附件炎、盆腔炎、子宫内膜炎等引起的带下病，症见带下量多、色黄质稠、小腹疼痛、腰骶酸痛。,黄芩，皂角刺，三棱，赤芍，紫花地丁，蒲公英，金银花，川芎，香附，王不留行，延胡索,鸡血藤
TCMF7202,用于寒湿闭阻经络所致的痹病，症见腰脊疼痛、四肢关节冷痛；风湿性关节炎见上述证候者,制川乌，制草乌，麻黄，木瓜，红花，甘草,乌梅
TCMFx3499,"眩晕, 头痛",天麻，枸杞子，鹿茸，何首乌，人参，五味子,茯苓
TCMF11065,头痛，眩晕，鼻塞，流涕。,川芎，当归，细辛，白芷，羌活，独活，防风，蔓荆子，黄芩，麦冬，苍术，菊花,甘草
TCMF12329,胃溃疡、十二指肠溃疡、急慢性胃炎、胃痛、胃胀、消化不良。,余甘子，荜茇，干姜，红花，西红花，木香，土木香，沉香，香附，诃子，丁香，肉桂，人工牛黄,天竺黄
TCMF9602,肝肾不足，筋骨痿软，腰膝酸楚，关节疼痛，屈伸不利。,熟地黄，枸杞子，山茱萸，杜仲，补骨脂，续断，牛膝，狗脊，木瓜，独活，鸡血藤，川芎，当归，白芍，延胡索，没药，血竭，三七，骨碎补，自然铜，土鳖虫，冰片,乳香
TCMF7352,急性胰腺炎,柴胡，黄连，白芍，木香，延胡索，大黄，芒硝,黄芩
TCMF7496,风湿痹痛，肢体麻木，关节屈伸不利。,羌活，独活，桂枝，海风藤，川芎，当归，川牛膝，防己，苍术，薏苡仁，炙甘草,秦艽
TCMF10923,感冒风寒，头痛鼻塞，咳嗽痰多，脘腹胀满，肢体酸痛。,薄荷，荆芥，紫苏叶，茯苓，天竺黄，荜茇，砂仁，白术，木香，天麻，白芍，厚朴，白芷，川芎，独活，防风，香附，诃子，山药,广藿香
TCMF6606,"滋肾平肝, 清心安神。用于更年期综合征肝肾阴虚, 心肝火旺证。表现为烘热汗出, 烦躁易怒, 失眠, 头晕耳鸣, 五心烦热, 腰膝酸软, 心悸, 胸闷, 胁痛, 多梦易惊, 口干口苦等。",女贞子，石斛，何首乌，黑芝麻，钩藤，合欢花，桑叶，珍珠,白芍
TCMF9826,心悸失眠，胸闷心痛，气短乏力。,丹参，砂仁，地骨皮,太子参
TCMF9375,外感风寒，内伤湿滞，发热恶寒，头痛身重，胸闷呕吐，腹痛泄泻。,人参，薄荷，生姜，川芎，独活，羌活，茯苓，桔梗，枳壳,柴胡
TCMF11877,肝郁气滞，脾胃虚弱，气血不足。,柴胡，白芍，当归，茯苓，白术，麦冬，阿胶，干姜，桔梗，防风，大豆黄卷，苦杏仁，川芎，大枣，山药，桂枝，人参，甘草,白蔹
TCMF12225,风湿痹痛，筋骨疼痛，腰膝酸软，肢体麻木。,杜仲，牛膝，红花，川芎，香加皮，老鹳草，草乌，川乌，威灵仙，地枫皮，茜草，木瓜，千年健，桂枝,当归
TCMF11291,肝肾阴虚，头晕目眩，耳鸣耳聋，腰膝酸软，视物昏花，口干咽燥。,麦冬，知母，沙苑子，杜仲，茯苓，党参，菊花，石斛，肉苁蓉，黄连，苦杏仁，枸杞子，川芎，当归，山药，青葙子，熟地黄，菟丝子,天冬
TCMF12430,腹部胀痛，积块坚硬，固定不移，面色晦暗，舌质紫暗，脉弦涩,延胡索，青皮，陈皮，木香，当归，雄黄，三棱,生姜
TCMF3707,感冒,麻黄，紫苏叶，苦杏仁，薄荷，前胡，金银花，石膏，菊花，甘草，桔梗，桑叶,黄芩
TCMFx2937,"产后身痛, 眩晕",人参，白术，当归，川芎，苍术，何首乌，荆芥穗，防风，川乌，草乌，白芷，细辛，八角茴香，木香，两头尖，桔梗，血竭，甘草,麻黄
TCMF1025,痹病,苍术，地龙，黄柏，防风，防己，粉萆薢，连翘，薏苡仁，威灵仙，川牛膝，桑枝,忍冬藤
TCMFx3504,"症积, 痛经, 月经失调",香附，益母草，熟地黄，白芍，柴胡，川芎，延胡索，乌药，红花，干漆，三棱，莪术，艾叶，牡丹皮，丹参，乌梅,当归
TCMF48,"头晕, 头痛, 心悸气喘, 乏力, 缺氧引起的红细胞增多症, 见上述证候者",红景天，沙棘,枸杞子
TCMF11038,痰热咳嗽，胸膈满闷，咽痛声哑。,知母，黄芩，天花粉，桔梗，前胡，白术，大黄，法半夏，陈皮，黄柏，防风，冰片，甘草,枳实
TCMF8882,气血两虚，月经不调，痛经。,黄芪，熟地黄，白芍，川芎，紫草,当归
TCMF10606,阴阳两虚，腰膝酸软，头晕耳鸣，失眠多梦，遗精盗汗。,黄芪，当归，白芍，川芎，熟地黄，枸杞子，菟丝子，淫羊藿，巴戟天,肉苁蓉
TCMF7481,呕吐，心悸，眩晕，痰饮内阻。,生姜，茯苓,半夏
TCMF984,感冒,金银花，薄荷，淡豆豉，桔梗，甘草，连翘，荆芥，淡竹叶,牛蒡子
TCMF10694,气血两虚，心悸失眠，头晕目眩，月经不调。,红参，玉竹，灵芝，丹参，益母草，珍珠,制何首乌
TCMF8243,咳嗽，气喘，胸闷，痰多。,炙甘草，瓜蒌皮，生姜，白芍，黄连，苦杏仁，大枣，半夏，牡蛎,桂枝
TCMF10822,肝肾不足，瘀血阻络所致的骨质疏松症，症见腰脊疼痛、足膝酸软、乏力。,补骨脂，女贞子，狗脊，骨碎补，枸杞子，淫羊藿,川牛膝
TCMF5534,"吐血, 衄血, 便血, 崩漏",大黄，地榆，槐花,当归
TCMF12283,肾虚腰痛，腰膝酸软，头晕耳鸣，遗精早泄，月经不调。,鹿茸，杜仲，黄芪，西洋参，当归，熟地黄，麦冬，黄芩，茯苓，白术，川芎，柴胡，牡丹皮，艾叶，续断，肉桂，陈皮，佛手，阿胶,白芍
TCMF11189,热病伤津，口干舌燥，食欲不振，胃脘疼痛。,葛根，三七,石斛
TCMFx4329,"急惊风, 癫痫, 疟疾",大黄，桔梗，细辛，常山，地龙，白附子，羌活，薄荷，防风，枳壳，冰片，巴豆霜，猪牙皂，僵蚕，全蝎，胆南星，麻黄，朱砂，麝香,天麻
TCMF8945,心脾两虚，失眠多梦，食欲不振，神疲乏力。,黄芪，茯苓，山药，鹿衔草，西洋参，莲子，大枣,山茱萸
TCMFx622,感冒,紫苏叶，葛根，白芷，麻黄，防风，桔梗，桂枝，陈皮，生姜，苦杏仁,甘草
TCMF10302,高脂血症，动脉硬化，冠心病，心绞痛。,黄芪，丹参，三七，山楂，泽泻，决明子，葛根，茵陈，桑寄生，牛膝，淫羊藿，车前子，甘草,何首乌
TCMF792,咳嗽,罂粟壳，川贝母，砂仁，麻黄，石膏，五味子，陈皮，枳实，苦杏仁，甘草，西洋参,玄参
TCMF10090,肾虚精亏，腰膝酸软，神疲乏力，头晕耳鸣，失眠多梦，性功能减退。,鹿茸，人参，黄芪，当归，熟地黄，杜仲，枸杞子，韭菜子，菟丝子,肉苁蓉
TCMF8611,急慢性喉炎，声带小结，声带息肉。,浙贝母，丹参，马勃，红花，蒲公英，金银花，板蓝根，玄参，蝉蜕,木蝴蝶
TCMF9073,清热，化痰，止咳。用于热痰咳嗽，痰黄粘稠，胸闷气促。,人工牛黄,川贝母
TCMF7396,乳腺增生症，属肝气郁结，痰瘀阻滞证候者，症见乳腺肿块，胀满疼痛。,牡蛎，海藻，昆布，鸡血藤，柴胡，青皮，淫羊藿，菟丝子，赤芍，丹参，香附,王不留行
TCMFx1460,"虚劳, 心悸",党参，甘草，肉桂，熟地黄，当归，白术，茯苓，川芎，黄芪,白芍
TCMF11550,月经不调，痛经，产后腹痛，血虚头晕。,丹参，益母草，当归，川芎，赤芍，茯苓，白术，香附，小茴香，肉桂，红参，甘草，熟地黄，续断，牛膝，蒲黄，延胡索，地骨皮，莱菔子,木香
TCMF10536,肾虚腰痛，腰膝酸软，骨质疏松，筋骨痿弱。,杜仲，巴戟天，淫羊藿，熟地黄，女贞子，丹参，红花，川芎，当归，人参，白术，甘草，砂仁，千年健，三七,制何首乌
TCMF12263,咳嗽，气喘，痰多。,满山红，炙甘草,桔梗
TCMF8806,肝胃不和，胃脘疼痛，嗳气吞酸，消化不良。,黄连，吴茱萸，白芍，木香，延胡索，大黄，槟榔，甘草,黄芩
TCMFx1077,"胁痛, 腹胀",当归，三棱，茯苓，甘草，丹参，香橼，白芍，柴胡，白术，薄荷，麦芽，川楝子,延胡索
TCMFx7200,气虚血滞、脉络瘀阻所致的中风中经络，半身不遂、肢体麻木、口眼歪斜、舌强语謇及胸痹心痛、胸闷、心悸、气短；脑梗塞、冠心病心绞痛属上述证候者,黄芪，丹参，当归，赤芍，川芎，桃仁，红花，乳香，没药，鸡血藤，牛膝，桂枝，桑枝，全蝎，水蛭,地龙
TCMF10231,小儿感冒发热，咳嗽痰多，消化不良，食积停滞。,广藿香，荆芥，甘草，麦芽，天花粉，砂仁，桔梗，苍术，木香，大黄，川木通，黄连，厚朴，山楂，清半夏，陈皮，枳壳，冰片，朱砂,蜂蜜
TCMF9209,前列腺炎，前列腺增生，尿频，尿急，尿痛，淋漓不尽。,白茅根，丹参，泽兰，茯苓，红花，赤芍，桃仁，王不留行，延胡索，大枣，泽泻,金银花
TCMF7791,湿热下注，痔疮肿痛，大便出血。,决明子，苦参，枫香脂，青葙子，川楝子，枳实，诃子,瞿麦
TCMF7414,"皮水, 四肢肿, 小便不利",麻黄，石膏，生姜，白术，甘草,大枣
TCMF11625,月经不调，痛经，闭经，崩漏，带下，产后腹痛。,人参，阿胶，熟地黄，白芍，当归，川芎，天冬，黄芩，茯苓，白术，山茱萸，酸枣仁，延胡索，小茴香，香附，砂仁，艾叶,益母草
TCMF280,"外感病, 邪犯少阳证, 症见寒热往来, 胸胁苦满, 食欲不振, 心烦喜呕, 口苦咽干",柴胡，黄芩，甘草，半夏，党参，生姜,大枣
TCMFx881,"血脂增高, 脑血栓引起的精神呆滞, 舌质发硬, 言语迟涩, 发音不清, 手足发凉, 活动疼痛",川芎，丹参，黄芪，三七，槐花，桂枝，郁金，木香，冰片，山楂,泽泻
TCMF10304,心悸，胸闷，气短，心烦失眠。,麦冬，丹参，黄芪，当归，葛根，白芍，川芎，金银花，大青叶，枳壳，甘草，防风,红花
TCMF12230,肝胆火旺所致的耳鸣耳聋，头晕目眩。,黄芩，龙胆，栀子，木通，泽泻，当归，甘草,羚羊角
TCMF11116,肝肾不足，腰膝酸软，肢体麻木，筋骨疼痛。,杜仲，鸡血藤，当归，党参，白术，茯苓，白芍，女贞子，金樱子，骨碎补，狗脊，五加皮，川牛膝，淫羊藿，菟丝子，桂枝,熟地黄
TCMF8382,肝火旺盛，目赤肿痛，视物昏花，头痛眩晕。,黄连，黄芩，黄柏，决明子，石决明，茺蔚子，密蒙花，木贼，柴胡，胡黄连,龙胆
TCMF10917,湿疹，皮炎，瘙痒症，手足癣等皮肤病。,苦参，黄连，苍术，茵陈，地肤子，萹蓄，虎杖，蛇床子，白鲜皮，花椒，黄柏，冰片,紫花地丁
TCMF11350,痰湿阻滞，肥胖症，高血压，高血脂。,黄芩，大黄，荆芥，苦参，昆布，桔梗，白术，麻黄，白芍，枳实，川芎，当归，枳壳，石膏，滑石,玄明粉
TCMF8416,风寒湿痹，筋骨疼痛，腰腿酸痛，跌打损伤。,苏木，赤芍，荜茇，陈皮，厚朴，大黄，白芷，当归，独活，羌活，油松节，丁香，玄参，冰片，高良姜，鹿角,阿魏
TCMF11625,月经不调，痛经，闭经，崩漏，带下，产后腹痛。,人参，熟地黄，白芍，当归，川芎，天冬，黄芩，茯苓，白术，山茱萸，酸枣仁，益母草，延胡索，小茴香，香附，砂仁，艾叶,阿胶
TCMF9384,气阴两虚，心悸失眠，头晕目眩，腰膝酸软，视力模糊。,人参，枸杞子，麦冬，五味子，玉竹，石斛，桑椹，菊花，决明子,灵芝
TCMF12470,发热，微恶风寒，头痛，肢体酸痛，咳嗽，咽痛，胸脘闷胀，不思饮食，脉浮数,金银花，柴胡，连翘，葛根，石膏，大青叶，板蓝根，荆芥，薄荷，广藿香，茵陈，芦根,甘草
TCMF10776,消化性溃疡，慢性胃炎，胃出血等。,黄连，大黄，白及，茜草，没药，三七，白芷，海螵蛸,阿胶
TCMF12529,眼干涩痛，视物模糊，头晕耳鸣，口燥咽干，舌红少苔，脉细数,人参，决明子，枸杞子，石决明，茺蔚子，蒺藜，青葙子，麦冬，密蒙花，川楝子，茜草，牛膝，野菊花，当归，五味子，红花，菟丝子，玉竹，车前子，羚羊角，牛黄，珍珠，麝香，三七,土茯苓
TCMF7747,心脾两虚，气血不足，心悸失眠，食欲不振，肢倦乏力，崩漏便血。,黄芪，党参，白术，茯苓，当归，龙眼肉，酸枣仁，木香，甘草，生姜，大枣,远志
TCMF7816,脾虚湿盛引起的带下病，症见带下量多、色白、质稀、乏力、腰酸等。,党参，白术，苍术，山药，车前子，白芍，柴胡，陈皮，甘草,荆芥
TCMF8919,失眠，心悸，烦躁，头晕，头痛。,百合，酸枣仁，丹参，黄芩，黄连，葛根，石菖蒲，人参，牡蛎，合欢花,当归
TCMF10804,跌打损伤，扭伤，挫伤，风湿性关节炎,墨旱莲，大黄,冰片
TCMF8124,感冒咳嗽，支气管炎。,荆芥，防风，桔梗，百部，紫菀，款冬花，白前，前胡，陈皮，半夏，甘草,茯苓
TCMFx7129,妇女气血两虚，体弱无力，月经不调；又治行经腹痛，白带过多，腰酸倦怠，不思饮食。,党参，熟地黄，益母草，白术，茯苓，当归，白芍，甘草,川芎
TCMF8112,急慢性咽炎，扁桃体炎，口腔炎。,黄芩，连翘，板蓝根，浙贝母，桔梗，薄荷，牛蒡子，玄参，甘草,天花粉
TCMF11419,风湿痹痛，筋骨痿软，腰膝酸软，肢体麻木。,丹参，黄芪，当归，天麻，威灵仙，何首乌，枸杞子，山药,葛根
TCMFx4820,"产后血晕, 中风, 腹痛, 类霍乱",苏合香，广藿香，甘草，天麻，防风，丁香，羌活，乳香，半夏，檀香，木香，豆蔻，乌药，没药，香附，肉豆蔻，诃子，砂仁，荜茇，沉香，薄荷，猪牙皂，白术，冰片，细辛，麝香，水牛角,朱砂
TCMF12066,小儿食积，脘腹胀满，不思饮食，呕吐酸腐，大便溏泄。,广藿香，白术，苍术，泽泻，厚朴，陈皮，山楂，半夏，甘草,茯苓
TCMF9582,冠心病，心绞痛，胸闷，气短。,苏合香，川芎，冰片，人参,延胡索
TCMFx3262,痹病,马钱子，麻黄，当归，苍术，续断，桃仁，红花，乳香，没药，千年健，地枫皮，羌活，桂枝，穿山甲，木瓜，牛膝,地龙
TCMF11611,脾胃虚弱，食少腹胀，脘腹疼痛，消化不良。,炙黄芪，白术，草果，白芍，厚朴，乌梅，香附，陈皮，枳实，焦槟榔，鳖甲,川芎
TCMFx4470,"积滞, 疟疾",草果，槟榔，厚朴，青皮，陈皮，甘草,常山
TCMF10863,感冒、流感等病毒性呼吸道感染。,连翘，板蓝根，石膏，麻黄，苦杏仁，浙贝母，法半夏，甘草,广藿香
TCMF11852,风寒湿痹，筋骨疼痛，腰膝酸软，肢体麻木。,玉竹，甘草，白术，红花，木瓜，当归，独活，防风，羌活，桑寄生，牛膝，续断，鹿角胶，鳖甲,川芎
TCMF9305,痰热咳嗽，痰多黄稠，胸膈痞闷，甚则气急呕恶。,茯苓，胆南星，生姜，苦杏仁，半夏，陈皮，枳实,黄芩
TCMF9071,心悸，失眠，头晕，目眩，胸痹心痛，心烦易怒，口苦咽干，舌红苔黄，脉弦数。,麦冬，黄芩，茯苓，白术，干姜，桔梗，白芍，白蔹，苦杏仁，川芎，当归，防风，大枣，山药，蒲黄，肉桂，冰片,柴胡
TCMF11814,慢性肾炎，蛋白尿，血尿，水肿，腰膝酸软。,车前子，茯苓，猪苓，大蓟，小蓟，马齿苋，墨旱莲，女贞子，赤芍，栀子，地榆，川芎，当归，山药，狗脊,茜草
TCMF11610,脾肾两虚，气血不足，腰膝酸软，食欲不振，神疲乏力。,黄芪，党参，白术，茯苓，山药，熟地黄，当归，白芍，枸杞子，山茱萸，麦冬，五味子，川芎，牡丹皮，白扁豆，莲子，芡实，牛膝,薏苡仁
TCMFx290,"肾虚腰痛, 尿后余沥, 遗精早泄, 阳萎不育",枸杞子，覆盆子，菟丝子，五味子,车前子
TCMF10489,心悸，失眠，胸闷，气短，心绞痛。,丹参，红参，五味子，白芍，延胡索，香附，砂仁，酸枣仁，附子，肉桂，全蝎，甘草,当归
TCMF9543,肝肾不足，气血两虚，腰膝酸软，头晕目眩，心悸失眠。,黄芪，党参，熟地黄，山茱萸，枸杞子，麦冬，五味子，茯苓，白术，川芎，当归，羌活，龟甲胶，陈皮,防风
TCMF6195,咳嗽,桔梗，荆芥，百部，紫菀，前胡，款冬花，麻黄，陈皮，苦杏仁，防风,白前
TCMF8897,感冒发热，头痛，咳嗽，咽痛。,黄芩，南板蓝根，金银花，柴胡，甘草,石膏
TCMF5816,"积滞, 便秘",大黄，三棱，莪术，枳实,牵牛子
TCMF11385,肝肾不足，腰膝酸软，筋骨无力，头晕耳鸣。,金樱子，桑寄生，大枣，骨碎补，狗脊,鸡血藤
TCMF11550,月经不调，痛经，产后腹痛，血虚头晕。,丹参，益母草，当归，川芎，赤芍，茯苓，白术，木香，香附，肉桂，红参，甘草，熟地黄，续断，牛膝，蒲黄，延胡索，地骨皮，莱菔子,小茴香
TCMF9762,慢性肾功能衰竭，尿毒症。,黄芪，党参，赤芍，土茯苓，重楼，大黄,丹参
TCMF11550,月经不调，痛经，产后腹痛，血虚头晕。,丹参，益母草，当归，赤芍，茯苓，白术，木香，香附，小茴香，肉桂，红参，甘草，熟地黄，续断，牛膝，蒲黄，延胡索，地骨皮，莱菔子,川芎
TCMF9885,风寒湿痹，关节疼痛，肢体麻木，屈伸不利。,天麻，马钱子，川乌，当归，地龙，全蝎,蜈蚣
TCMF6299,"咳嗽, 喘病",甘草，半夏，马兜铃，青果，紫苏子，百合，桑白皮，川贝母，瓜蒌子，白果，款冬花，麻黄,陈皮
TCMF10918,小儿感冒，发热，咳嗽，食欲不振。,炙黄芪，白术，芦根，防风，山药，鸡内金,茯苓
TCMF7510,"治上消者, 宜润其肺, 兼清其胃, 二冬汤主之",天冬，麦冬，天花粉，黄芩，人参，荷叶，甘草,知母
TCMF10788,痔疮，肛裂，便血,黄芩，槐角，当归，防风，阿胶,枳壳
TCMF10195,眩晕，头痛，恶心呕吐，胸闷不适。,丹参，茯苓，白术，砂仁，天麻，白芍，木瓜，白芷，当归，石菖蒲，枳实,姜半夏
TCMF1272,"太阴温病; 手厥阴暑温; 阳明温病, 斑疹, 温痘, 温疹, 温毒",牛黄，水牛角，麝香，珍珠，雄黄，黄连，黄芩，栀子，郁金，冰片,朱砂
TCMF7677,疝气,小茴香，木香，槟榔，川楝子，橘核，荔枝核，肉桂，炮姜，延胡索,吴茱萸
TCMF7353,风邪头痛，或有恶寒、发热、鼻塞。,川芎，羌活，白芷，荆芥，薄荷，细辛，甘草,防风
TCMFx6602,"清热解毒, 利咽消肿。用于风热外感, 风热乳蛾。证见发热, 微恶风, 头痛, 鼻塞流涕, 咽红而痛或咽喉干燥灼痛",金银花，连翘，板蓝根,穿心莲
TCMF8648,热病高热，昏迷，惊厥，中风痰迷，咽喉肿痛，口舌生疮，牙龈肿痛，大便燥结。,牛黄，黄芩，石膏，大黄，冰片，雄黄，甘草,黄连
TCMF6411,"腹泻, 痢疾, 脱肛, 腹胀, 腹痛",人参，白术，甘草，陈皮，肉豆蔻，白芍，罂粟壳，诃子,茯苓
TCMFx5111,"咳嗽, 便秘",黄芩，大黄，知母，天花粉，麦冬，化橘红，苦杏仁，桑白皮，浙贝母，桔梗，枳壳，甘草，前胡,百部
TCMF9714,肝郁脾虚，胸胁胀痛，食欲不振，神疲乏力。,柴胡，黄芩，郁金，黄芪，茯苓，白芍，当归，麦冬，五味子，枳壳，甘草,党参
TCMF7092,气血两虚证、用于肿瘤放、化疗引起的白细胞减少，免疫功能低下，食欲不振，神疲乏力，头晕气短等。,黄芪，当归，白术，茯苓，鸡血藤，墨旱莲，灵芝，天花粉,女贞子
TCMFx328,"咽喉肿痛, 牙龈肿痛, 口舌生疮, 目赤肿痛",人工牛黄，雄黄，石膏，大黄，黄芩，桔梗，甘草,冰片
TCMFx234,"小儿肺卫热盛所致的喉痹, 乳蛾, 症见咽喉肿痛, 咳嗽痰盛, 口舌糜烂; 急性咽炎, 急性扁桃腺炎见上述证候者",金银花，射干，金果榄，桔梗，麦冬，人工牛黄，冰片,玄参
TCMF8612,肾阳不足，腰膝酸软，畏寒肢冷，阳痿早泄，宫寒不孕。,附子，肉桂，骨碎补，续断，熟地黄，菟丝子，肉苁蓉，甘草，麝香,牛膝
TCMFx3055,腹胀,沉香，砂仁，苍术，枳实，麦芽，青皮，紫苏叶，细辛，川芎，桔梗，茯苓，甘草，栀子，厚朴，香附，木香，山楂，陈皮，广藿香，荆芥，白芷，防风，薄荷，半夏，葛根,白芍
TCMF9656,气血两虚，头晕目眩，心悸失眠，食欲不振，四肢乏力。,人参，党参，太子参，当归，黄精，玉竹，枸杞子，女贞子，茯苓，谷芽，何首乌，五味子，陈皮，阿胶,熟地黄
TCMFx3055,腹胀,沉香，砂仁，苍术，枳实，麦芽，青皮，紫苏叶，细辛，川芎，茯苓，甘草，栀子，厚朴，香附，木香，山楂，陈皮，广藿香，荆芥，白芷，防风，薄荷，半夏，白芍，葛根,桔梗
TCMF8148,清热解毒，用于火热毒邪引起的急性咽喉炎、扁桃体炎、口腔炎等。,黄芩，功劳木，黄柏,栀子
TCMF12219,瘀血阻滞，肢体麻木，关节疼痛，跌打损伤。,郁金，红花，乳香，没药，桃仁，当归，皂角刺，木鳖子，莪术，大黄，秦艽，马钱子，香附，黄柏，土鳖虫，青黛，雄黄,玄明粉
TCMF10945,肾虚腰痛，遗精早泄，阳痿不育，月经不调，带下清稀。,金樱子，狗脊，淫羊藿，菟丝子,女贞子
TCMF8055,肝郁气滞，胸胁胀痛，月经不调，痛经。,柴胡，丹参，川芎，黄芪，红花，桃仁，白芍，赤芍，香附,当归
TCMF9293,感冒发热，咽喉肿痛，头痛目赤，口干舌燥。,夏枯草，蒲公英，牡丹皮，连翘，金银花，柴胡，石膏,金钱草
TCMF10082,气虚体弱，免疫力低下，疲劳乏力，久病虚损。,黄芪，西洋参，人参,冬虫夏草
TCMF12042,瘿瘤，瘰疬，甲状腺肿大，淋巴结肿大。,黄芩，夏枯草，昆布，玄参，陈皮，枳壳，海螵蛸，蛤壳,海藻
TCMF12299,清热解毒，用于治疗感冒发热，咽喉肿痛，口舌生疮，痈肿疮疖。,重楼，黄芩，黄连，黄柏，栀子，金银花，连翘，大青叶，甘草,板蓝根
TCMF12260,咳嗽，痰多，气喘，胸闷。,川贝母，知母，黄芩，茯苓，瓜蒌子，枳实，陈皮，桑白皮，枳壳，石膏,五味子
TCMF8096,肝胆湿热，心烦失眠，口苦咽干，胁痛,郁金，茵陈，栀子，冰片,黄柏
TCMF8793,乳痈，乳癖，乳汁不通。,黄芪，丝瓜络，漏芦，当归，王不留行,白芍
TCMF7496,风湿痹痛，肢体麻木，关节屈伸不利。,羌活，独活，秦艽，海风藤，川芎，当归，川牛膝，防己，苍术，薏苡仁，炙甘草,桂枝
TCMF10099,肾虚腰痛，阳痿早泄，神疲乏力，腰膝酸软。,黄精，黄芪，杜仲，牛膝，茯苓，肉苁蓉，淫羊藿，白芍，菟丝子，枸杞子，蛇床子，山药，红参，土鳖虫，牡蛎，鹿茸,泽泻
TCMF9804,清热解毒，镇惊安神。用于热病高热，烦躁不安，神昏谵语，惊风抽搐，斑疹吐衄，尿赤便秘。,黄芩，黄柏，栀子，大黄，石膏，朱砂，冰片，人工牛黄，甘草,滑石
TCMF9018,肝肾阴虚，目涩畏光，视物模糊，迎风流泪。,熟地黄，山茱萸，山药，茯苓，泽泻，枸杞子，菊花，白芍，当归，石决明，枳壳,牡丹皮
TCMF9449,乳腺增生，乳癖，乳房胀痛。,夏枯草，姜黄，鳖甲,川芎
TCMF9493,心悸失眠，胸闷气短，心神不宁，癫痫惊风。,安息香，沉香，檀香，预知子，天竺黄，红花，乳香，诃子,毛诃子
TCMF1333,"风湿关节, 肌肉痛, 扭伤",草乌，川乌，乳香，没药，马钱子，肉桂，荆芥，防风，老鹳草，香加皮，积雪草，骨碎补，白芷，山柰,丁香
TCMF7652,肝郁气滞，胸腹胀痛，痛经。,香附，木香，延胡索，甘草,乌药
TCMF8639,气阴两虚，心悸失眠，头晕目眩，腰膝酸软。,麦冬，知母，丹参，粉葛，苦参，茯苓，佩兰，何首乌，黄连，地骨皮，山茱萸，荔枝核，淫羊藿，人参,黄精
TCMF9370,感冒发热，头痛，咳嗽，咽痛。,忍冬藤，连翘，青蒿，菊花，板蓝根，甘草,大青叶
TCMFx3262,痹病,马钱子，麻黄，当归，苍术，续断，桃仁，红花，没药，千年健，地枫皮，羌活，地龙，桂枝，穿山甲，木瓜，牛膝,乳香
TCMF10790,痔疮出血，肛裂疼痛，便秘。,槐花，白茅根，紫珠叶，白芍，金银花，火麻仁，三七,地榆
TCMFx4069,痹病,附子，川乌，黄芪，桂枝，麻黄，白术，当归，白芍，威灵仙，细辛，甘草,木瓜
TCMF11259,肾虚遗精，腰膝酸软，头晕耳鸣，失眠多梦。,熟地黄，山茱萸，山药，茯苓，芡实，知母，黄柏，牡丹皮，锁阳，远志，牡蛎,金樱子
TCMF12463,局部肿胀，疼痛拒按，皮下瘀斑，活动受限,大黄，莪术，三棱，三七，川芎，郁金，土鳖虫，徐长卿，天南星，木香，泽兰，降香，朱砂根，蒲黄，蜂蜜,红花
TCMF7224,用于肝肾不足所致的干涩不舒、单眼复视、腰膝痠软、或轻度视力下降；早、中期老年性白内障见上述症状者,熟地黄，菟丝子，枸杞子，肉苁蓉，山茱萸，白芍，川芎，黄精，黄芪，党参，甘草，青葙子，蕤仁，密蒙花，蔓荆子，菊花，石菖蒲，车前子，关黄柏，升麻，葛根,决明子
TCMF11272,肝肾不足，腰膝酸软，头晕耳鸣，遗精盗汗。,麦冬，天冬，熟地黄，续断，人参，五味子，干姜，陈皮，黄柏，牡蛎,牛膝
TCMF9816,肾虚精亏，腰膝酸软，头晕耳鸣，失眠多梦。,鹿茸,三七
TCMF7891,肾虚腰痛，头晕耳鸣，遗精早泄，失眠健忘。,熟地黄，何首乌，杜仲，肉苁蓉，淫羊藿，麦冬，天冬，茯苓，党参，当归，覆盆子，五味子,枸杞子
TCMF11705,气虚咳嗽，哮喘，肺气肿，慢性支气管炎。,黄芪，党参，白术，炙甘草，麦冬，天冬，麻黄，五味子，苦杏仁，枸杞子，熟地黄，洋金花，葶苈子，白果，远志，枳实，地龙，蛤蚧，蟾酥,紫菀
TCMF259,感冒,连翘，淡豆豉，薄荷，荆芥，栀子，大黄，青蒿，柴胡，甘草，槟榔，厚朴，黄芩，半夏,赤芍
TCMF5707,"哮病, 喘病, 咳嗽, 肺胀",芥子，延胡索，甘遂，细辛,生姜
TCMFx5886,"积滞, 急惊风",僵蚕，天麻，全蝎，黄连，大黄，胆南星，浙贝母，天竺黄，半夏，橘红，滑石，人工牛黄，朱砂，麝香，冰片,钩藤
TCMF9449,乳腺增生，乳癖，乳房胀痛。,夏枯草，川芎，鳖甲,姜黄
TCMF12297,心悸失眠，神志不清，头晕目眩，消化不良。,肉豆蔻，余甘子，姜黄，乳香，大蒜，广枣，诃子，丁香,沉香
TCMF8783,湿热下注所致的带下病、阴痒，症见带下量多、色黄、质稠、臭秽，阴部瘙痒；滴虫性阴道炎、霉菌性阴道炎、非特异性阴道炎见上述证候者。,栀子，黄柏,苦参
TCMF8603,清热解毒，消肿止痛。用于治疗疮疡肿毒，丹毒，蜂窝组织炎，乳腺炎等。,黄芩，紫花地丁，蒲公英，野菊花，大黄，赤芍，柴胡，当归，大青叶,连翘
TCMF10879,热毒蕴结，咽喉肿痛，口舌生疮，牙龈肿痛。,西瓜霜，牛黄，青黛，珍珠,冰片
TCMF11038,痰热咳嗽，胸膈满闷，咽痛声哑。,知母，黄芩，天花粉，前胡，白术，大黄，枳实，法半夏，陈皮，黄柏，防风，冰片，甘草,桔梗
TCMF8683,肾虚腰痛，阳痿早泄，神疲乏力，腰膝酸软。,韭菜子，淫羊藿，制何首乌，熟地黄，当归，丹参，肉苁蓉，蛇床子，人参，川牛膝，九香虫，龟甲胶,锁阳
TCMF7628,肝气郁结，胸闷胁痛，乳房胀痛，月经不调。,白芍，当归，茯苓，白术，香附，郁金，川芎，甘草,柴胡
TCMF9807,风寒感冒，头痛发热，鼻塞流涕，咳嗽痰多，肢体酸痛。,荆芥，紫苏叶，防风，香附，连翘，大青叶，桔梗，炙甘草,陈皮
TCMF10342,高热，惊厥，神昏，中风，偏瘫，高血压，头痛，眩晕。,穿心莲，人工牛黄，沉香，石膏，芒硝，滑石，冰片，磁石,栀子
TCMF11856,肝郁气滞，胸胁胀痛，胃脘疼痛，食欲不振。,柴胡，香附，白芍，延胡索，豆蔻，厚朴，檀香，陈皮，青皮，枳壳，牵牛子，槟榔，鸡内金,香橼
TCMF12266,咳嗽痰多，胸闷气促，咽喉肿痛。,百部，川贝母，麦冬，天冬，知母，紫苏叶，炙甘草，桔梗，款冬花，木香，大黄，马兜铃，密蒙花，五味子，苦杏仁，桑叶，葶苈子，姜半夏，玄参,前胡
TCMF8640,阴虚内热，口干咽燥，心悸失眠，头晕耳鸣。,黄精，麦冬，知母，丹参，葛根，苦参，茯苓，苍术，佩兰，何首乌，黄连，地骨皮，山茱萸，荔枝核，人参,淫羊藿
TCMF9628,气血两虚，头晕目眩，面色苍白，四肢无力。,黄芪，党参，麦芽，制何首乌，女贞子，骨碎补，佛手,鸡血藤
TCMF11006,感冒发热，头痛鼻塞，咳嗽痰多，胸闷呕恶。,紫苏叶，葛根，桔梗，麦冬，茯苓，党参，桑白皮，姜半夏，陈皮，甘草，枳壳,前胡
TCMF4566,"腰痛, 阳痿, 遗精, 腹痛",补骨脂，核桃仁，肉苁蓉，杜仲，乳香，没药,巴戟天
TCMF11268,肝硬化，肝脾肿大，肝区疼痛，脘腹胀满，食欲不振。,黑豆，三棱，莪术，郁金，半边莲，白术，红花，茵陈，虎杖，大黄，制何首乌，海藻，白芍，木瓜，桃仁，柴胡，当归，香附，熟地黄,昆布
TCMF7982,急慢性肾炎，水肿，尿路感染，尿血，蛋白尿。,黄芪，车前子，茯苓，半枝莲，黄芩，丹参，益母草，白茅根，芦根，茜草，山楂，蒲黄，牵牛子，土鳖虫,黄精
TCMF11853,肝肾不足，腰膝酸软，头晕目眩，须发早白。,黄芪，白芍，枸杞子，当归，龙眼肉，牛膝,何首乌
TCMF8667,肝肾不足，腰膝酸软，头晕目眩，高血压。,葛根，杜仲，何首乌，鹿衔草，钩藤，莱菔子，骨碎补，三七,熟地黄
TCMF7322,肺气虚弱，咳嗽气短，神疲乏力，面色苍白。,人参，黄芪，白术，茯苓，炙甘草，五味子，麦冬，熟地黄，当归,川芎
TCMFx4921,"感冒, 痄腮",羌活，白芷，荆芥穗，防风，淡豆豉，川芎，薄荷，赤芍，葛根，金银花，连翘，牛蒡子，蓼大青叶，黄芩，淡竹叶，天花粉，柴胡，玄参，甘草，水牛角，牛黄，冰片,桔梗
TCMFx5206,"耳聋, 遗精, 盗汗",人参，鹿茸，补骨脂，巴戟天，当归，杜仲，牛膝，茯苓，菟丝子，黄芪，五味子，黄柏，香附，冬虫夏草,龙眼肉
TCMF9185,肾阳不足，腰膝酸软，畏寒肢冷，性功能减退。,补骨脂，巴戟天，锁阳，淫羊藿，熟地黄，山茱萸，枸杞子，菟丝子，五味子,鹿茸
TCMF7396,头痛，偏头痛，风湿痹痛。,川芎，白芍，熟地黄，羌活，独活，防风，细辛，甘草,当归
TCMFx791,"偏枯, 痹病",川乌，红花，血竭，乳香，没药，土鳖虫，全蝎，川牛膝，桂枝，人参,地龙
TCMF7616,气血两虚，面色萎黄，头晕目眩，心悸失眠，月经不调。,当归，熟地黄，党参，黄芪，茯苓，白术，甘草,白芍
TCMF7651,泌尿系结石，症见腰腹疼痛，排尿困难，尿血等。,黄芪，党参，白术，金钱草，海金沙，鸡内金，石韦，瞿麦，滑石，甘草,茯苓
TCMF11626,脾胃虚弱，食少便溏，气短乏力，肢倦懒言。,黄芪，党参，白术，苍术，葛根，白芍，当归，刺五加，升麻，柴胡，五味子，陈皮,炙甘草
TCMF218,月经过多,党参，白术，茯苓，甘草，当归，川芎，熟地黄,白芍
TCMF11815,慢性肾炎，蛋白尿，血尿，腰膝酸软，神疲乏力。,黄芪，党参，白术，益母草，紫苏叶，墨旱莲，女贞子，金樱子，菟丝子，山药，莲子，蝉蜕,茯苓
TCMF12250,风湿痹痛，筋骨疼痛，腰腿酸痛，肢体麻木。,巴豆，草乌，川乌，红花，桃仁，当归，马钱子，独活，防风，羌活，芥子，天南星，肉桂，冰片，土鳖虫，乌梢蛇,麻黄
TCMF7643,高血压病，头晕目眩，腰膝酸软，头痛失眠。,杜仲，夏枯草，钩藤，牛膝，桑寄生，地龙，丹参，川芎，红花,木香
TCMF11627,风湿痹痛，筋骨疼痛，肢体麻木，腰膝酸软。,蕲蛇，羌活，红花，当归，香加皮，防风,秦艽
TCMF7261,用于火热内盛，咽喉肿痛，牙龈肿痛，口舌生疮，目赤肿痛。,人工牛黄，石膏，大黄，雄黄，冰片，桔梗，甘草,黄芩
TCMF11504,脾胃虚弱，食积停滞，脘腹胀满，消化不良。,广藿香，木香，砂仁，草果，陈皮，青皮，枳壳，大黄，厚朴，山楂，莱菔子，麦芽，甘草,苍术
TCMF11692,痈疽发背，对口疮，搭手，无名肿毒，一切疮疡肿痛。,蓖麻子，没药，乳香，紫花地丁，蒲公英，冰片，血余炭，轻粉,黄柏
TCMF12479,皮肤出现带状疱疹，灼热疼痛，口苦咽干，心烦易怒，尿黄便秘,苦参，蜂胶，灯盏细辛,牡丹皮
TCMF9305,痰热咳嗽，痰多黄稠，胸膈痞闷，甚则气急呕恶。,黄芩，茯苓，生姜，苦杏仁，半夏，陈皮，枳实,胆南星
TCMF6418,"腹泻, 痢疾",地锦草，秦皮，地榆,黄芩
TCMF10985,脾胃虚弱，食少便溏，脘腹胀满，肢倦乏力。,党参，白术，山药，莲子，芡实，白扁豆，薏苡仁，砂仁，陈皮，枳壳，炙甘草,茯苓
TCMFx4856,"头痛, 眩晕, 耳鸣, 不寐",杜仲，野菊花，杜仲叶，川芎,天麻
TCMF9458,风湿痹痛，跌打损伤，瘀血肿痛。,乳香，血竭，麝香,没药
TCMFx4329,"急惊风, 癫痫, 疟疾",大黄，桔梗，细辛，常山，天麻，地龙，白附子，羌活，薄荷，防风，枳壳，冰片，巴豆霜，猪牙皂，僵蚕，全蝎，胆南星，朱砂，麝香,麻黄
TCMF10838,肾阳不足，腰膝酸软，畏寒肢冷，阳痿早泄，尿频遗尿。,杜仲，制何首乌，肉苁蓉，鸡血藤，仙茅，淫羊藿，泽泻，桂枝，甘草，蜈蚣,菟丝子
TCMF3392,咳嗽,石膏，麻黄，桔梗，苦杏仁，前胡，半夏，黄芩，款冬花，葶苈子，橘红，桑白皮，紫苏子，甘草,白果
TCMF8561,先兆流产，习惯性流产，肾虚型不孕症。,杜仲，续断，菟丝子，白术，山药，熟地黄，枸杞子，白芍，五味子，牡蛎，阿胶,巴戟天
TCMF11736,风寒湿痹，肢体麻木，关节疼痛。,荆芥，防风，威灵仙，独活，羌活，制草乌，制川乌，香附，土鳖虫，乌梢蛇，地龙,桂枝
TCMFx3781,"月经失调, 眩晕, 崩漏, 血劳, 不孕",当归，白术，熟地黄，川芎，白芍，香附，益母草，黄芪，杜仲，麦冬，阿胶，甘草，陈皮，茯苓，砂仁,艾叶
TCMF5504,感冒,天花粉，葛根，白芷，桔梗，连翘，玄参，大青叶，柴胡，羌活，川芎，赤芍，防风，黄芩，牛蒡子，淡竹叶,甘草
TCMFx3477,"早泄, 遗精",熟地黄，山茱萸，枸杞子，五味子，覆盆子，石菖蒲，楮实子，山药，金樱子，茯苓，小茴香，杜仲，巴戟天，肉苁蓉，远志，菟丝子，甘草,牛膝
TCMF8334,肝肾不足，腰膝酸软，头晕目眩，神疲乏力。,熟地黄，淫羊藿，巴戟天，菟丝子，鹿角胶，龟甲胶，狗脊，杜仲，续断，牛膝，党参，白术，茯苓，甘草,枸杞子
TCMF9840,咳嗽，痰多，气喘。,甘草，桔梗，五味子，苦杏仁，远志,冰片
TCMF11673,头晕目眩，痰多咳嗽，胸闷不舒，头痛,安息香，黄芩，麦冬，葛根，槐花，丹参，郁金，黄芪，白术，茯苓，决明子，天麻，赤芍，沉香，桑寄生，香附,川芎
TCMF9428,乳癖，乳痈，乳腺增生,夏枯草，甘草，丝瓜络，山慈菇，赤芍，柴胡，当归，香附，青皮,郁金
TCMF7535,绝经前后诸症,淫羊藿，仙茅，知母，黄柏，牡蛎，车前子,金樱子
TCMF9464,湿热下注，淋证，尿频尿急，尿道涩痛，腰痛。,侧柏叶，蒲公英，千里光，川木通，大血藤，白芷，柴胡,皂角刺
TCMF9699,中风，半身不遂，口眼歪斜，言语不利，瘫痿不用，手足拘挛，肢体麻木。,细辛，三七，西洋参，人工牛黄，全蝎，蜈蚣，朱砂，珍珠,人参
TCMF9470,风湿痹痛，筋骨疼痛，跌打损伤。,马钱子，白芷，川芎，当归，防风，羌活，胆南星，冰片,花椒
TCMF8695,冠心病，心绞痛，心肌梗死，高脂血症,红花，三七，泽泻,丹参
TCMFx611,"乳癖结节, 乳痈初起, 乳腺囊性增生病及乳腺炎前期",鹿角，蒲公英，昆布，鸡血藤，三七，赤芍，海藻，漏芦，木香，玄参，牡丹皮，夏枯草，连翘，红花,天花粉
TCMF11559,风湿痹痛，跌打损伤，筋骨疼痛，腰腿酸痛。,乳香，木鳖子，红花，大黄，马钱子，草乌，赤芍，川乌，附子，金银花，白芷，黄柏，肉桂，血竭，冰片，乌梢蛇,没药
TCMF8365,癥瘕积聚，痛经，闭经，产后瘀血腹痛。,益母草，紫苏子，姜黄，苏木，没药，乳香，三棱，莪术，艾叶，红花，大黄，白芍，两头尖，苦杏仁，桃仁，阿魏，川芎，小茴香，香附,当归
TCMF10481,肝肾阴虚，血瘀阻络所致的胁痛、眩晕、腰膝酸软、乏力等。,黄精，麦冬，泽兰，黄芪，川楝子，何首乌，白芍，五味子，女贞子，北沙参，当归，橘红，牡蛎,丹参
TCMF8647,咳嗽痰多，气喘，胸闷，呼吸困难。,百部，川贝母，薤白，浙贝母，黄芩，紫苏子，茯苓，党参，桔梗，款冬花，旋覆花，紫菀，白前，麻黄，马兜铃，细辛，白芍，五味子,生姜
TCMF11508,湿热瘀阻所致的带下病、月经不调、痛经、慢性盆腔炎等。,蒲公英，牡丹皮，桃仁，忍冬藤，枳实，白芍，甘草,柴胡
TCMF11959,脾肾两虚，气血不足，腰膝酸软，神疲乏力，头晕耳鸣，失眠多梦。,人参，黄芪，党参，白术，茯苓，甘草，熟地黄，当归，白芍，川芎，杜仲，鹿茸，枸杞子，山药，丹参，砂仁，远志，肉桂,陈皮
TCMF7818,月经不调，痛经，带下，产后恶露不绝。,川贝母，黄芪，茯苓，当归，干姜，艾叶，青蒿，白芍，黄连，牡丹皮，地骨皮，柴胡，香附，牛膝，延胡索,熟地黄
TCMF6414,"腹胀, 水肿",车前子，菟丝子，苘麻子，甘草，肉桂，大枣，化橘红，葶苈子,楮实子
TCMF8710,咳嗽痰多，气喘胸闷，痰稠色黄，不易咳出。,麦冬，浙贝母，紫苏子，苦杏仁，瓜蒌皮，茯苓，陈皮，化橘红，桔梗，款冬花，紫菀，甘草，石膏,法半夏
TCMF8150,子宫肌瘤，月经不调，痛经，带下过多。,半枝莲，三棱，全蝎，党参，山药,甘草
TCMF8667,肝肾不足，腰膝酸软，头晕目眩，高血压。,葛根，何首乌，鹿衔草，钩藤，莱菔子，骨碎补，三七，熟地黄,杜仲
TCMF11302,痰湿阻滞，咳嗽痰多，胸闷不舒，口渴咽干。,半夏，橘红，茯苓，竹茹，天花粉，知母，苦杏仁，桔梗，甘草,枳壳
TCMF8179,骨折，筋骨损伤，瘀血肿痛,三七，骨碎补，续断，自然铜，蜂蜜,没药
TCMFx5725,"虚劳, 月经失调, 痛经",当归，熟地黄，茯苓，甘草，党参，黄芪，川芎,白芍
TCMF7619,疮疡肿毒，丹毒，蜂窝组织炎，急性淋巴结炎等。,金银花，连翘，蒲公英，天花粉，赤芍，当归，甘草,紫花地丁
TCMF8546,高热惊厥，头痛眩晕，中风痰厥，小儿急惊风。,薄荷，麻黄，天麻，钩藤，防风，羌活，胆南星，天竺黄，陈皮，茯苓，牛黄，全蝎，僵蚕，珍珠，麝香，冰片，甘草,朱砂
TCMF7937,气血两虚，头晕目眩，心悸失眠，食欲不振。,黄芪，阿胶,大枣
TCMFx268,感冒,金银花，牛蒡子，蒲公英，黄芩，防风，紫苏叶，荆芥穗，葛根，人工牛黄,连翘
TCMF8116,感冒发热，头痛，咳嗽，鼻塞流涕。,薄荷，麻黄，黄芩，金银花，紫苏叶，菊花，前胡，桑叶，桔梗，石膏，甘草,苦杏仁
TCMF11416,风湿痹痛，筋骨痿软，腰膝酸软，四肢麻木。,五加皮，党参，白术，茯苓，麦冬，玉竹，豆蔻，砂仁，姜黄，红花，菊花，木香，檀香，丁香，肉豆蔻，木瓜，陈皮,牛膝
TCMF7468,慢性肝炎，肝硬化，肝功能异常。,白术，茯苓，丹参，赤芍，柴胡，郁金，茵陈，板蓝根，甘草,黄芪
TCMF12478,头痛眩晕，目赤肿痛，牙龈红肿，口舌生疮，大便干燥，小便短赤,黄连，石膏，甘草，黄芩，大黄，赤芍，栀子，连翘，当归，川芎，薄荷，荆芥，菊花，玄参，桔梗,天花粉
TCMF8278,肝肾不足，腰膝酸软，头晕耳鸣，遗精早泄。,杜仲，熟地黄，山药，肉苁蓉，巴戟天，山茱萸，牛膝，石菖蒲，小茴香,茯苓
TCMF5073,"感冒, 风温",桑叶，菊花，连翘，苦杏仁，桔梗，芦根，甘草,薄荷
TCMFx3345,"哮病, 喘病, 肺心病, 肺胀",白果，苦杏仁，地龙，桑白皮，陈皮，白前，苦参，甘草，茯苓,黄芩
TCMF9875,心悸失眠，健忘多梦，心烦口渴，大便干燥。,麦冬，天冬，柏子仁，酸枣仁，当归，丹参，党参，茯苓，远志，石菖蒲，朱砂，五味子，桔梗，甘草,玄参
TCMF8723,带下病，阴痒，阴蚀，症见带下量多，色黄质稠，气味秽臭，阴部瘙痒，或有灼热感。,土木香，蛇床子，花椒，冰片,白芷
TCMF10566,阴痒，带下量多，皮肤瘙痒，湿疹。,苦参，花椒，黄柏，白矾,蛇床子
TCMF11156,痛经，月经不调，产后瘀血腹痛，消化不良。,益母草，乳香，没药，三棱，川芎，党参，白术，茯苓，苍术，木香，大黄，白芍，地榆，桃仁，当归，羌活，香附，山楂,木瓜
TCMF7314,疝气,小茴香，吴茱萸，川楝子，陈皮，荔枝核，橘核，肉桂，延胡索，甘草,木香
TCMF341,胸痹,丹参，川芎，红花，赤芍，槐花，三七,降香
TCMF8679,泌尿系结石，尿路感染，小便不利，腰痛。,车前子，夏枯草，茯苓，海金沙，萹蓄，赤芍，巴戟天，桃仁，当归，淫羊藿，广金钱草，鸡内金，滑石,黄芪
TCMF8284,肾阳不足，腰膝酸软，畏寒肢冷，头晕耳鸣。,海龙，黄芪，白芍，枸杞子，川芎，当归，陈皮，肉桂，甘草,肉苁蓉
TCMF6063,眩晕,泽泻，白术，茯苓，半夏，女贞子，墨旱莲，菊花，牛膝，甘草,陈皮
TCMFx753,"腹胀, 腹痛",黄芪，甘草，白芍，桂枝，生姜,大枣
TCMF12102,风湿痹痛，腰膝酸软，筋骨无力，肢体麻木。,益母草，黄芪，巴戟天，白薇，赤芍，当归，伸筋草，淫羊藿,石菖蒲
TCMF3619,胸痹,野菊花，川芎，延胡索，珍珠母，茯苓，桂枝，首乌藤，牛膝，降香，半夏，大枣，甘草，柴胡，冰片,三七
TCMF9590,胸闷心痛，心悸气短，中风痰厥，中暑吐泻，寒闭神昏。,苏合香，安息香，冰片，乳香，木香，沉香，香附，白术,丁香
TCMF11938,风寒湿痹，关节疼痛，肌肉酸痛，肢体麻木。,三棱，莪术，红花，大黄，赤芍，秦艽，香加皮，麻黄，细辛，草乌，川乌，枳实，桃仁，白芷，当归，独活，防风，羌活，香附,威灵仙
TCMF10983,肝肾不足，腰膝酸软，头晕耳鸣，须发早白，遗精早泄，失眠多梦。,麦冬，天冬，浙贝母，柏子仁，黄芩，补骨脂，炙甘草，炙黄芪，杜仲，茯苓，麦芽，鸡内金，砂仁，党参，白术,黑豆
TCMFx6310,"咳嗽, 喘病",麻黄，苦杏仁，石膏，甘草，紫苏子，紫苏叶，半夏，浙贝母，桑白皮，白果，黄芩，款冬花，冰片,西青果
TCMF10232,小儿食积，脘腹胀满，食欲不振，恶心呕吐，大便不调。,砂仁，山楂，陈皮，牡丹皮，当归，牛膝，熟地黄，泽泻，人参，鸡内金，羚羊角,沉香
TCMFx678,胃脘痛,鸡内金，决明子，海螵蛸，牡蛎，阿魏,木香
TCMF12418,肛门疼痛，肿胀，便血,没药,麝香
TCMF11988,风寒湿痹，腰腿疼痛，肢体麻木，筋骨无力。,黄精，丹参，杜仲，肉苁蓉，葛根，秦艽，细辛，乳香，没药，三棱，丝瓜络，白术，赤芍，牡丹皮，女贞子，覆盆子，金樱子，木瓜，桃仁,黄芪
TCMF9632,气血两虚，腰膝酸软，头晕目眩，四肢无力。,黄芪，当归，补骨脂，枸杞子，麦冬，芦根，鸡血藤，附子，淫羊藿，甘草,茜草
TCMF10246,心悸失眠，健忘多梦，头晕目眩，神疲乏力。,制何首乌，石菖蒲，红参,蛤蚧
TCMF3669,带下病,白术，党参，陈皮，山药，甘草，荆芥，车前子，柴胡，白芍,苍术
TCMFx7101,肺肾阴虚，咳嗽，气促喘急，咽干舌红，胸膈满闷。,橘红，锦灯笼，苦杏仁，罂粟壳，五味子，白矾，甘草,川贝母
TCMF12139,气血两虚，月经不调，腰膝酸软，头晕目眩。,麦冬，当归，熟地黄，白芍，川芎，杜仲，桑寄生，甘草，陈皮，香附，茯苓，阿胶,黑豆
TCMF3382,虚劳,人参，鹿茸，熟地黄，山药，牛膝，甘草，肉桂，桑寄生，当归，党参，白术，川芎，白芍，何首乌,龙眼肉
TCMF10326,冠心病，心绞痛，心律失常，高血压，高脂血症。,麦冬，丹参，黄芪，党参，葛根，皂角刺，昆布，何首乌，海藻，当归，淫羊藿，牡蛎,枳实
TCMF8627,风湿痹痛，筋骨痿软，肢体麻木，腰膝酸痛。,鸡血藤，大血藤，防己，木瓜，羌活，伸筋草，制川乌，川芎，延胡索，牛膝，绵萆薢，黄柏，乳香，没药，血竭，全蝎，金钱白花蛇,桑寄生
TCMFx5072,胁痛,当归，白芍，白术，香附，柴胡，薄荷，栀子，牡丹皮，甘草,茯苓
TCMF12317,肾阳不足，腰膝酸软，畏寒肢冷，神疲乏力。,海龙，黄芪，人参，熟地黄，当归，玉竹，石斛，丹参，白芍，牡丹皮，豆蔻，小茴香，桑寄生，狗脊，菟丝子，泽泻，甘草,海马
TCMF10498,急慢性肝炎，肝功能异常,郁金，五味子，柴胡，板蓝根,垂盆草
TCMF3677,带下病,白术，苍术，陈皮，荆芥，党参，甘草，柴胡，车前子，白芍,山药
TCMF9102,脾胃虚弱，胸腹胀满，食积不化，呕吐泄泻。,茯苓，砂仁，白术，木香，沉香，香附，延胡索，青皮，枳实，槟榔,肉豆蔻
TCMF10088,中风后遗症，肢体麻木，言语不利，口眼歪斜。,丹参，红花，天麻，秦艽，川芎，桃仁，胆南星，姜半夏，三七，土鳖虫，水蛭，人工牛黄，麝香,冰片
TCMF11206,感冒风寒，头痛鼻塞，身体酸痛。,荆芥，麻黄，苍术，白芷，陈皮,甘草
TCMF12266,咳嗽痰多，胸闷气促，咽喉肿痛。,百部，川贝母，天冬，知母，紫苏叶，炙甘草，桔梗，款冬花，木香，大黄，马兜铃，密蒙花，五味子，苦杏仁，前胡，桑叶，葶苈子，姜半夏，玄参,麦冬
TCMF12494,胃脘冷痛，得温痛减，呕吐清水，食欲不振，腹胀,紫萁贯众，肉桂，甘草，八角茴香,草果
TCMFx1077,"胁痛, 腹胀",当归，三棱，茯苓，甘草，丹参，香橼，延胡索，白芍，柴胡，薄荷，麦芽，川楝子,白术
TCMF10383,血瘀证，月经不调，痛经，闭经，产后瘀血腹痛。,熟地黄，川芎，白芍，牡丹皮，黄芪，山药，茯苓，泽泻，天花粉，墨旱莲，大黄，女贞子，川牛膝，甘草,当归
TCMFx496,"发热, 急惊风",知母，何首乌，丹参，川芎，麦冬，五味子，茯苓,酸枣仁
TCMF10123,肝郁气滞，月经不调，痛经，乳房胀痛。,香附，当归，白芍，川芎，熟地黄，砂仁，白术，陈皮,黄芩
TCMF11904,痛经，月经不调，寒凝血瘀型腹痛。,当归，桂枝，艾叶，香附，白芍，熟地黄，吴茱萸，小茴香，延胡索,川芎
TCMF8606,咽喉肿痛，声音嘶哑，发热咳嗽。,黄芩，菊花，赤芍，连翘，金银花，板蓝根，胖大海，玄参，木蝴蝶，蝉蜕，僵蚕,牛蒡子
TCMFx7214,用于小儿外感风热咳嗽，见症：咳嗽，咯痰，发热或鼻塞，流涕，微恶风寒，咽红或痛，苔薄黄等,桑叶，薄荷，苦杏仁，桔梗，枳壳，紫菀，白芍，甘草,陈皮
TCMF8365,癥瘕积聚，痛经，闭经，产后瘀血腹痛。,益母草，紫苏子，姜黄，苏木，乳香，三棱，莪术，艾叶，红花，大黄，白芍，两头尖，苦杏仁，桃仁，阿魏，川芎，当归，小茴香，香附,没药
TCMF7980,皮肤干燥，瘙痒，皲裂,人参，珍珠,冰片
TCMF7378,肥胖病,大黄，芒硝，滑石，当归，白芍，川芎，薄荷，麻黄，防风，荆芥，桔梗，黄芩，连翘，石膏，甘草,栀子
TCMF12398,头项肿痛，发热恶寒，咽喉肿痛，痰多黄稠，脉洪数,黄芩，柴胡，桔梗，川芎，防风，羌活，枳壳，甘草，连翘，射干，白芷，荆芥,黄连
TCMFx573,慢性阻塞性肺疾病,黄芪，赤芍,补骨脂
TCMF3275,"痹病, 腰痛, 痿病",青风藤，桂枝，独活，羌活，桑寄生，茯苓，附子，秦艽，鹿茸，威灵仙，薏苡仁，党参，黄芪，枸杞子，白术，当归，赤芍，木香，延胡索，黄芩,牛膝
TCMFx4697,"咳嗽, 喘病",川贝母，桔梗，茯苓，橘红，谷芽，紫苏子，苦杏仁，桑白皮，石斛，薄荷，甘草,半夏
TCMF9687,肝肾两亏，阴虚火旺，内障目暗，视物昏花。,石斛，熟地黄，天冬，枸杞子，肉苁蓉，菟丝子，决明子，菊花，青葙子，黄连，五味子，茯苓，山药，川芎，防风，牛膝，甘草,麦冬
TCMF10978,肝肾不足，气血两虚，头晕目眩，腰膝酸软，月经不调，崩漏带下。,人参，黄芪，当归，熟地黄，白术，炙甘草，川芎，延胡索，鹿茸，桑寄生，续断,砂仁
TCMF11826,阳痿早泄，腰膝酸软，精神萎靡，畏寒肢冷。,韭菜子，淫羊藿，鹿茸，马钱子，人参，蟾酥,蛇床子
TCMF10617,瘀血痹阻，肢体麻木，关节疼痛。,丹参，没药，乳香，姜黄，威灵仙，川芎，当归，香附，川牛膝,红花
TCMF609,"乳癖, 乳核",柴胡，香附，青皮，赤芍，丹参，王不留行，牡蛎，海藻，昆布，淫羊藿，菟丝子,鸡血藤
TCMF8507,糖尿病，消渴症,黄精，麦冬，知母，丹参，葛根，黄芪，枸杞子，山药，芡实，荔枝核，刺五加，熟地黄，玄参，枳壳，乌药，人参，牡蛎,天花粉
TCMF2939,"月经失调, 痛经, 带下病",当归，川芎，党参，白术，熟地黄，香附，白芍，黄芩，茯苓，牡丹皮，陈皮，白薇，甘草，续断，杜仲，桑寄生，砂仁，延胡索，肉桂，阿胶，荆芥，艾叶,菟丝子
TCMFx326,"喉痈, 疮疡, 疔疮",人工牛黄，珍珠母，蟾酥，青黛，天花粉，雄黄,大黄
TCMF516,癫痫,附子，半夏，蜈蚣，白矾，朱砂，天南星，猪牙皂，乌梢蛇，全蝎，雄黄,僵蚕
TCMF10569,湿热黄疸，肝胆湿热，胁痛口苦，尿黄便秘。,茵陈，大黄，龙胆，苦参，山楂,郁金
TCMF12342,疮疡溃后，伤口感染，属阳证者,连翘，黄柏，金银花，蒲公英,蜈蚣
TCMFx3055,腹胀,沉香，砂仁，苍术，枳实，麦芽，青皮，紫苏叶，细辛，川芎，桔梗，茯苓，甘草，栀子，厚朴，香附，木香，山楂，陈皮，广藿香，荆芥，白芷，防风，半夏，白芍，葛根,薄荷
TCMF772,痹病,独活，熟地黄，牛膝，细辛，秦艽，茯苓，肉桂，防风，川芎，党参，甘草，当归，白芍，杜仲,桑寄生
TCMF7827,月经不调，痛经，闭经，崩漏，带下，产后腹痛，腰膝酸软，气血两虚。,丹参，益母草，黄芪，杜仲，茯苓，益智，党参，艾叶，白术，肉苁蓉，白芍，女贞子，地榆，覆盆子，川芎，当归，小茴香，香附，山茱萸,秦艽
TCMF9277,肺热咳嗽，痰多粘稠，气短胸闷，呼吸困难。,甘草，降香，红花，木香，全蝎，草乌叶，肉豆蔻，沉香，北沙参，诃子，檀香，牛黄，麝香，石膏,苦参
TCMF11916,眩晕，头痛，失眠，记忆力减退。,黄芪，党参，茯苓，熟地黄，枸杞子，砂仁，陈皮，法半夏，泽泻，马钱子，刺五加，淫羊藿，桑椹，山楂，山药,黄精
TCMF4501,"眩晕, 痞满",香附，细辛，乌药，荜茇，广藿香，冰片，柴胡，雄黄，荆芥，砂仁，薄荷，丁香，陈皮，豆蔻，独活，甘草，川芎，天花粉，朱砂，天麻，白芷，檀香，半夏，防风,紫苏叶
TCMF4501,"眩晕, 痞满",香附，细辛，乌药，荜茇，广藿香，冰片，柴胡，雄黄，荆芥，砂仁，薄荷，丁香，陈皮，豆蔻，独活，甘草，川芎，天花粉，朱砂，紫苏叶，白芷，檀香，半夏，防风,天麻
TCMF10204,乳癖，乳痈，乳腺增生，乳房胀痛。,浙贝母，莪术，大黄，白芍，柴胡，川芎，当归，香附，青皮，土鳖虫,王不留行
TCMF8000,头晕目眩，健忘失眠，心悸怔忡，肢体麻木。,制何首乌，茯苓，白术，天麻，钩藤，五味子，当归，人参,麦冬
TCMFx5255,"月经失调, 带下病, 恶露不绝",益母草，当归，人参，川芎，白术，白芍，甘草，茯苓,熟地黄
TCMFx3369,"温病, 发热",金银花，蝉蜕，石膏，滑石，黄芩，大黄，赤芍，广藿香，羚羊角,板蓝根
TCMF11731,肾虚腰痛，阳痿早泄，遗精滑精，头晕耳鸣，肢冷畏寒。,补骨脂，杜仲，肉苁蓉，附子，麦冬，天冬，山茱萸，茯苓，白术，川芎，当归，巴戟天，覆盆子，炙甘草,枸杞子
TCMF10375,肾阳不足，腰膝酸软，畏寒肢冷，阳痿早泄，精冷不育。,补骨脂，肉苁蓉，枸杞子，熟地黄，当归，白术，蛇床子，仙茅，淫羊藿，菟丝子,人参
TCMF10609,痛经，月经不调，产后腹痛。,益母草，红花，桃仁，川芎，当归，甘草,炮姜
TCMF8468,脾胃虚弱，食少便溏，腹胀腹泻，肢倦乏力。,黄芪，党参，白术，苍术，茯苓，车前子，肉豆蔻，黄柏，牡蛎,茵陈
TCMF10067,肾虚精亏，腰膝酸软，遗精早泄，阳痿不育。,菟丝子，五味子，车前子,枸杞子
TCMF7747,心脾两虚，气血不足，心悸失眠，食欲不振，肢倦乏力，崩漏便血。,黄芪，党参，白术，茯苓，当归，龙眼肉，远志，酸枣仁，木香，生姜，大枣,甘草
TCMF7407,阳痿,淫羊藿，巴戟天，肉苁蓉，蛇床子，菟丝子，五味子，覆盆子，山茱萸，熟地黄，当归，黄芪，人参，鹿茸，海马,枸杞子
TCMF261,"咳嗽, 痉病",麻黄，黄芩，葶苈子，前胡，紫苏子，苦杏仁，竹茹,石膏
TCMF7466,血劳,黄芪，白术，茯苓，当归，龙眼肉，酸枣仁，木香，甘草,党参
TCMF9087,咳嗽，气喘，痰多，胸闷。,百部，天冬，紫苏叶，紫苏子，甘草，茯苓，桔梗，款冬花，紫菀，麻黄，苦杏仁，枇杷叶，北沙参，前胡，芥子，法半夏，陈皮，枳壳,浙贝母
TCMF10830,风湿痹痛，筋骨痿软，腰膝酸楚，关节疼痛。,羌活，独活，杜仲，骨碎补，桑寄生，茯苓，苍术，甘草,薏苡仁
TCMF11838,湿疹，皮炎，皮肤瘙痒，疮疡肿毒。,侧柏叶，苦参，大黄，黄柏，蛇床子，冰片，白矾，炉甘石，珍珠母,马齿苋
TCMFx6560,"益气健脾, 和胃运中。用于小儿脾胃虚弱, 消化不良, 腹满胀痛, 面黄肌瘦。",党参，白术，麦冬，薏苡仁，白芍，稻芽，诃子,南沙参
TCMF9971,气血两虚，月经不调，产后恢复不良,人参，黄芪，当归，丹参，川芎，炮姜，香附，通草，路路通，甘草,益母草
TCMF9639,肾虚腰痛，腰膝酸软，头晕耳鸣，阳痿早泄，遗精滑精，夜尿频多。,黄精，补骨脂，杜仲，何首乌，沙苑子，人参,马鞭草
TCMF10426,肾虚腰痛，阳痿早泄，神疲乏力，头晕耳鸣，失眠多梦。,红参，鹿茸，冬虫夏草，淫羊藿，肉苁蓉，补骨脂，枸杞子，五味子，山茱萸，熟地黄，当归，川芎，白芍，炙甘草,菟丝子
TCMF10085,月经不调，痛经，产后瘀血，腰膝酸软，脾胃虚弱。,丹参，荆芥穗，益母草，杜仲，白芍，茯苓，白术，豆蔻，砂仁，木香，厚朴，红花，赤芍，附子，牡丹皮，木瓜，山楂，甘草,苍术
TCMF9309,清热解毒，凉血止血。,麦冬，红花，瞿麦，檀香，苦地丁，人工牛黄，石膏,胡黄连
TCMF10395,头痛，眩晕，肢体麻木，中风后遗症。,葛根，黄芪，升麻，当归，羌活,川芎
TCMF5314,"不寐, 健忘, 心悸, 阳痿, 早泄",鹿茸，枸杞子，红参,蜂蜜
TCMF10497,肝郁脾虚，湿热内蕴所致的胁痛、腹胀、纳呆、乏力等症。,丹参，茯苓，白术，三棱，郁金，厚朴，山楂，鸡内金，牡丹皮，当归，板蓝根，延胡索，陈皮,木香
TCMF7722,气虚下陷，血崩血脱，亡阳垂危等症。,人参，黄芪，升麻，炙甘草,白术
TCMF8364,血瘀证，筋骨疼痛，跌打损伤，月经不调。,川芎，当归，延胡索,白芍
TCMF8777,湿疹，皮炎，皮肤瘙痒。,黄柏，蛇床子，白鲜皮，地肤子，花椒，冰片,苦参
TCMF10952,肾虚，腰膝酸软，头晕耳鸣，神疲乏力，失眠多梦。,黄精，丹参，灵芝，枸杞子，淫羊藿，红参，甘草,制何首乌
TCMF9407,肾虚腰痛，阳痿早泄，神疲乏力。,鹿茸，蛤蚧，黄芪，淫羊藿，肉苁蓉，虎杖,韭菜子
TCMF12298,水肿，腹胀，小便不利，湿热内蕴。,知母，黄芩，茯苓，猪苓，姜黄，砂仁，党参，白术，黄连，厚朴，半夏，陈皮，枳实,泽泻
TCMF11684,风湿痹痛，筋骨痿软，腰膝酸冷，肢体麻木。,补骨脂，锁阳，淫羊藿，党参，白术，茯苓，何首乌，秦艽，威灵仙，独活，桑寄生，川芎，木瓜，甘草,当归
TCMFx6332,痹病,川乌，地龙，草乌，乳香，威灵仙，没药，黄柏，黄芩，马钱子，甘草,栀子
TCMF11941,风湿痹痛，肢体麻木，寒湿内阻。,制川乌，防风，赤小豆，桔梗，大黄，粉萆薢，肉桂,花椒
TCMFx4921,"感冒, 痄腮",白芷，荆芥穗，防风，淡豆豉，川芎，薄荷，赤芍，葛根，金银花，连翘，牛蒡子，蓼大青叶，黄芩，淡竹叶，天花粉，桔梗，柴胡，玄参，甘草，水牛角，牛黄，冰片,羌活
TCMF335,腹胀,党参，白术，茯苓，陈皮，甘草,半夏
TCMF8282,慢性胃炎，胃溃疡，十二指肠溃疡，胃痛，胃胀，消化不良等症状。,半枝莲，苍术，木香，白及，黄连，肉桂，海螵蛸,三七
TCMF7642,寒饮咳喘，症见咳嗽气喘，喉中痰鸣，痰多清稀，胸膈满闷，舌苔白滑，脉弦滑或弦紧。,射干，麻黄，生姜，细辛，款冬花，半夏，大枣，五味子,紫菀
TCMF9192,脾胃虚弱，食少便溏，气短乏力，心悸失眠。,人参，莲子，茯苓，泽泻，陈皮，甘草,山药
TCMF10805,胃痛，胃胀，消化不良，食欲不振。,砂仁，白芍，小茴香，延胡索，高良姜，牡蛎,肉桂
TCMF7381,"痄腮, 颜面丹毒",黄连，黄芩，栀子，连翘，玄参，天花粉，牛蒡子，僵蚕，柴胡，防风，羌活，麻黄，薄荷，蝉蜕，甘草,黄柏
TCMF8228,肾阳不足，腰膝酸软，畏寒肢冷，阳痿早泄，夜尿频多。,鹿茸，海马，红参，补骨脂，锁阳，淫羊藿，肉苁蓉，天冬，熟地黄，枸杞子，杜仲，牛膝，丁香，大青盐,砂仁
TCMF9111,泌尿系统感染，前列腺炎，尿频尿急，腰膝酸软。,车前子，夏枯草，丹参，川芎，杜仲，蒲公英，三七,土茯苓
TCMF8099,肝肾阴虚，腰膝酸软，头晕耳鸣，失眠多梦，须发早白。,黄精，制何首乌，熟地黄，女贞子，当归，山药，炙甘草,五味子
TCMF12196,气虚血瘀，肢体麻木，腰膝酸软，头晕目眩。,黄芪，麦冬，山药，茯苓，薏苡仁，制何首乌，桑枝，大枣,党参
TCMF6434,急惊风,清半夏，厚朴，天竺黄，羌活，郁金，橘红，天南星，天麻，香附，延胡索，细辛，枳壳，三棱，青皮，降香，芥子，沉香，莪术，乌药，羚羊角,防风
TCMF12464,局部肿胀，疼痛拒按，活动受限，肌肤青紫,骨碎补，地龙，威灵仙，续断，红花，当归，苏木，土鳖虫，自然铜，马钱子，蜂蜜,穿山龙
TCMF7499,水肿，腹胀，小便不利，脾胃虚弱。,白术，苍术，茯苓皮，猪苓，泽泻，陈皮，厚朴，生姜，桂枝,大腹皮
TCMF9321,湿热下注所致的热淋，症见小便频急、涩痛、淋漓不畅、尿色黄赤、口干苦等。,苦参，白茅根,瞿麦
TCMF12409,呕吐，口干口苦，胃脘灼热，舌红苔黄，脉数,石膏,黄连
TCMF9638,肾虚腰痛，头晕耳鸣，遗精早泄，阳痿不育，腰膝酸软，须发早白。,黄精，杜仲，何首乌，冬虫夏草，鹿茸，沙苑子，覆盆子，金樱子，枸杞子，桑椹，仙茅，骨碎补，淫羊藿，菟丝子，银杏叶，马鞭草，大血藤，人参,补骨脂
TCMF10109,肾虚腰痛，阳痿早泄，遗精，尿频，腰膝酸软。,淫羊藿，杜仲，巴戟天，肉苁蓉，菟丝子，熟地黄，当归，茯苓，泽泻，牡丹皮，牛膝,枸杞子
TCMFx6004,"喉痹, 咳嗽",羚羊角，牛黄，金银花，黄芩，柴胡，水牛角，冰片,板蓝根
TCMF10030,湿疹，皮炎，瘙痒症。,五倍子，黄柏，苦参，蛇床子,花椒
TCMF10396,高脂血症，肥胖症，动脉硬化。,决明子，何首乌，泽泻,山楂
TCMF8074,胃溃疡，十二指肠溃疡，慢性胃炎。,黄芪，乳香，没药，白及，白芍，香附，鸡内金，海螵蛸,三七
TCMF10367,风湿痹痛，筋骨痿软，腰膝酸痛，肢体麻木。,重楼，老鹳草，千年健，三七,黄芪
TCMF10302,高脂血症，动脉硬化，冠心病，心绞痛。,黄芪，丹参，三七，山楂，泽泻，决明子，何首乌，葛根，茵陈，桑寄生，牛膝，车前子，甘草,淫羊藿
TCMF11871,风湿痹痛，肢体麻木，关节屈伸不利。,巴戟天，虎杖，秦艽，麻黄，马钱子，木瓜，防风，桑寄生，甘草,桂枝
TCMF11165,暑湿感冒，肢酸乏力，胸闷腹胀，吐泻。,广藿香，苍术，茯苓，白术，土木香，丁香，半夏，肉桂，冰片，朱砂，金礞石，雄黄,陈皮
TCMF10875,咳嗽，痰多，气喘。,枇杷叶，蜂蜜,川贝母
TCMF8197,冠心病，心绞痛，胸闷，心悸，气短。,丹参，红花，当归，郁金，乳香，没药，黄精，何首乌，葛根，鸡血藤，冰片,延胡索
TCMF10890,风湿痹痛，瘫痹不遂，筋骨疼痛，腰膝酸软。,巴豆，蓖麻子，黄芪，甘草，生姜，艾叶，麻黄，细辛，草乌，川乌，威灵仙，当归，地龙，鳖甲，血余炭,马钱子
TCMF10503,气血两虚，脾肾不足，症见神疲乏力，腰膝酸软，头晕目眩，食欲不振。,黄芪，当归，川芎，赤芍，桃仁，苍术，桔梗，墨旱莲，牛膝，枳壳,红花
TCMF8347,跌打损伤，瘀血肿痛，风湿痹痛。,没药，天花粉，白芷，冰片,乳香
TCMF8724,鼻渊，鼻塞，流脓涕，头痛，嗅觉减退。,苍耳子，辛夷，薄荷，黄芩，白芷，川芎，细辛，桔梗，甘草,栀子
TCMF6606,"滋肾平肝, 清心安神。用于更年期综合征肝肾阴虚, 心肝火旺证。表现为烘热汗出, 烦躁易怒, 失眠, 头晕耳鸣, 五心烦热, 腰膝酸软, 心悸, 胸闷, 胁痛, 多梦易惊, 口干口苦等。",白芍，女贞子，石斛，何首乌，黑芝麻，钩藤，合欢花，珍珠,桑叶
TCMF10254,脑动脉硬化，脑供血不足，记忆力减退，失眠多梦，头痛头晕，神经衰弱。,人参，黄芪，党参，麦冬，枸杞子，制何首乌，丹参，白芍，葛根，黄芩，菊花，香附，山药，石菖蒲，熟地黄，远志,酸枣仁
TCMF8007,气血两虚，脾肾不足，头晕目眩，腰膝酸软，食欲不振，神疲乏力。,黄芪，党参，白术，茯苓，当归，白芍，山药，熟地黄，川芎，牡丹皮,五味子
TCMF2217,"不孕, 痛经, 月经失调",乌药，白芷，木通，当归，赤芍，大黄，续断，椿皮，川牛膝，杜仲，附子，锁阳，红花，巴戟天，艾叶，肉桂，益母草，金樱子，血竭，乳香，没药，儿茶,香附
TCMF7090,阴虚火旺，潮热盗汗，口干咽痛，耳鸣遗精，小便短赤。,熟地黄，知母，山茱萸，山药，牡丹皮，茯苓，泽泻,黄柏
TCMF10193,心悸，失眠，健忘，头晕，心慌气短。,麦冬，人参，丹参，甘松，黄连，南五味子，桑寄生，山茱萸，酸枣仁，土鳖虫,赤芍
TCMF11751,肝肾阴虚，头晕目眩，耳鸣耳聋，腰膝酸软，视物昏花。,山茱萸，熟地黄，山药，枸杞子，当归，白芍，川芎，泽泻，茯苓，菊花,牡丹皮
TCMF847,积滞,太子参，陈皮，麦芽，山楂,山药
TCMFx80,"眩晕, 偏头痛, 头痛, 牙痛",川芎，石膏，白芷，荆芥穗,薄荷
TCMF9113,胃痛，胃胀，消化不良，慢性胃炎。,甘草，乳香，蒲公英，香附，白矾,延胡索
TCMF9528,脾胃虚弱，消化不良，咳嗽痰多。,沙棘,蜂蜜
TCMF11380,湿热黄疸，胆囊炎，胆石症。,金钱草，虎杖,龙胆
TCMF10436,气血两虚，头晕目眩，心悸失眠，月经不调。,黄芪，当归，熟地黄，白芍，川芎，茯苓，炙甘草,党参
TCMF10480,急慢性肝炎，肝硬化，肝功能异常。,半枝莲，茵陈，红花，黄芪，鸡骨草，虎杖，当归，板蓝根，泽泻，水牛角,丹参
TCMF12045,风湿痹痛，跌打损伤，肢体麻木，关节疼痛。,黄藤，三棱，莪术，木香，徐长卿，细辛，枳实，沉香，白芷，川芎，防风，五加皮，牛膝，两面针，桂枝,荆芥
TCMF12455,腹痛腹泻，大便溏泄，脘腹胀满，食欲不振,黄连，肉豆蔻,厚朴
TCMF8712,咳嗽痰多，气喘，胸闷,石膏，麦冬，瓜蒌皮，紫苏子，桔梗，款冬花，紫菀，苦杏仁，法半夏，陈皮，化橘红，甘草,浙贝母
TCMF10868,气血两虚，头晕目眩，心悸失眠，月经不调。,黄芪，党参，当归，白术，茯苓，川芎，丹参，甘草,熟地黄
TCMFx6327,"腰痛, 跌打损伤",骨碎补，何首乌，茯苓，白芍，当归，党参，熟地黄，黄精，枸杞子，自然铜，陈皮,续断
TCMF12493,月经不调，经血色紫有块，小腹胀痛，拒按，舌质紫黯或有瘀点，脉弦涩,川牛膝，牡丹皮，当归，白芍，木香，桃仁，桂枝,延胡索
TCMFx7432,感冒风寒，头痛身痛，恶寒无汗，鼻塞流涕，咳嗽。,荆芥，防风，羌活，独活，川芎，柴胡，前胡，枳壳，茯苓，甘草,桔梗
TCMF9391,脾胃虚弱，食欲不振，四肢乏力，腰膝酸软，失眠多梦。,人参，黄芪，白术，茯苓，泽泻，山药，白芍，肉苁蓉，锁阳，巴戟天，狗脊，酸枣仁，石菖蒲，熟地黄，豆蔻，丹参,远志
TCMF9968,胃痛，胃溃疡，十二指肠溃疡，慢性胃炎。,茯苓，白及，白芍，三七，延胡索，海螵蛸,甘草
TCMFx3843,"眩晕, 健忘, 不寐",菟丝子，淫羊藿，续断，锁阳，狗脊，酸枣仁，甘草，陈皮，鹿角胶，熟地黄，龟甲胶，金樱子，黄芪，山药，覆盆子,何首乌
TCMF8442,心绞痛，胸闷，气短，心悸。,丹参，豆蔻，干姜，红花，桃仁，木香，沉香，附子，川芎，当归，延胡索，肉桂，人参,洋金花
TCMF9422,风湿性关节炎，类风湿性关节炎，痛风，肢体麻木，关节疼痛。,余甘子，降香，决明子，乳香，荜茇，草果，豆蔻，木香，牛黄，水牛角,红花
TCMF8858,肝肾不足，气血两虚，免疫力低下。,灵芝,枸杞子
TCMF12362,腹痛腹泻，里急后重，便下脓血，舌质淡，苔腻，脉濡,当归，白芍，槟榔，甘草,枳壳
TCMF10256,小儿外感风热所致的咳嗽，症见咳嗽、痰黄、咽痛、发热。,黄芩，百部，川贝母，知母，荆芥，桔梗，紫菀，苦杏仁，地骨皮，桑白皮，甘草,陈皮
TCMF8224,肝肾不足，腰膝酸软，头晕耳鸣，四肢无力。,黄芪，杜仲，补骨脂，麦冬，天冬，玉竹，熟地黄，茯苓，白术，木香，肉苁蓉，五味子，巴戟天，山茱萸，仙茅，狗脊，红参，川牛膝，淫羊藿,覆盆子
TCMF9770,脾胃虚弱，脘腹胀满，食欲不振，消化不良。,甘草，葛根，茯苓，砂仁，木香，陈皮，泽泻，天冬，牡丹皮，枸杞子，肉桂,人参
TCMF7449,"治阴虚滑泄, 带浊淋遗, 及经水因虚不固等证此方专主肝肾",熟地黄，山茱萸，山药，五味子，远志，菟丝子,人参
TCMF11374,跌打损伤，骨折，瘀血肿痛,红花，苏木，血竭，乳香，没药，儿茶，安息香，芦荟，白矾,当归
TCMF8485,气血两虚，肝肾不足，头晕目眩，腰膝酸软，食欲不振，心悸失眠。,黄芪，红参，当归，熟地黄，制何首乌，茯苓，枸杞子，女贞子，白芍，川芎，桑椹，半夏，陈皮,白术
TCMF7943,肾阳不足，腰膝酸软，畏寒肢冷，性功能减退。,肉苁蓉，巴戟天，枸杞子，仙茅，淫羊藿，沉香，肉桂,人参
TCMF8345,肝肾不足，腰膝酸软，筋骨无力，四肢麻木。,杜仲，制何首乌，当归，山药，骨碎补，淫羊藿，续断，龟甲,巴戟天
TCMF9999,肾阳不足，湿热下注所致的前列腺炎、前列腺增生等症。,附子，肉桂，熟地黄，山茱萸，山药，车前子，茯苓，虎杖，牡丹皮，瞿麦，牛膝，淫羊藿,泽泻
TCMFx207,"阳痿, 遗精, 眩晕, 耳鸣, 心悸, 不寐",人参，鹿茸，当归，山药，龟甲，砂仁，山茱萸，灵芝，熟地黄，丹参，五味子，菟丝子，肉苁蓉，何首乌，菊花，牡丹皮，赤芍，杜仲，麦冬，玄参,泽泻
TCMFx6602,"清热解毒, 利咽消肿。用于风热外感, 风热乳蛾。证见发热, 微恶风, 头痛, 鼻塞流涕, 咽红而痛或咽喉干燥灼痛",金银花，穿心莲，板蓝根,连翘
TCMF3318,"痹病, 跌打损伤, 项痹",乳香，没药，白芍，延胡索，三七，红花，郁金，独活，牛膝，秦艽，桂枝，血竭，马钱子,木香
TCMF4736,"积滞, 症积",鳖甲，穿山甲，鸡内金,龟甲
TCMF11319,风寒湿痹，关节疼痛，肌肉酸痛，屈伸不利。,丹参，没药，乳香，麻黄，两头尖，威灵仙，制草乌，制川乌,当归
TCMF9492,肾阳不足，腰膝酸软，畏寒肢冷，阳痿早泄，夜尿频多。,韭菜子，补骨脂，淫羊藿，黄芪，红参，杜仲，肉苁蓉，锁阳，狗脊，枸杞子，熟地黄，菟丝子，肉桂，牡蛎，鹿茸,海马
TCMF11421,感冒风寒，咳嗽痰多，胸闷不畅，头痛发热。,紫苏叶，麻黄，葛根，前胡，法半夏，陈皮，枳壳，枳实，木香，麦芽，甘草,桔梗
TCMFx5728,"痞满, 便秘, 痔疮",大黄，山药，独活，火麻仁，车前子，菟丝子，槟榔，郁李仁，防风，枳壳,牛膝
TCMF11931,心悸失眠，健忘多梦，心烦不安，头晕目眩。,柏子仁，酸枣仁，当归，熟地黄，茯苓，远志，黄连，朱砂，甘草,黄芪
TCMF7407,阳痿,淫羊藿，巴戟天，肉苁蓉，蛇床子，枸杞子，五味子，覆盆子，山茱萸，熟地黄，当归，黄芪，人参，鹿茸，海马,菟丝子
TCMF9710,肾虚腰痛，腰膝酸软，神疲乏力，畏寒肢冷。,黄芪，人参，杜仲，巴戟天，茯苓，肉苁蓉，五味子，枸杞子，熟地黄，菟丝子，黄柏，牡蛎，龟甲，鹿茸,淫羊藿
TCMFx7125,肌肉关节疼痛，局部触之发热，但自觉怕冷畏寒，或触之不热但自觉发热，全身热象不显，以及风湿和类风湿性关节炎见上述证候者。,附子，桂枝，麻黄，生姜，白术，防风，知母，地龙，甘草,白芍
TCMF7259,小儿感冒风寒内热停食引起：头痛身热，咳嗽痰盛，气促作喘，咽喉肿痛，烦躁不安。,前胡，天南星，苦杏仁，天花粉，麻黄，紫苏叶，桑叶，青黛，黄芩，山楂，枳壳，陈皮，甘草,浙贝母
TCMF9185,肾阳不足，腰膝酸软，畏寒肢冷，性功能减退。,鹿茸，补骨脂，巴戟天，锁阳，淫羊藿，熟地黄，山茱萸，枸杞子，菟丝子,五味子
TCMF8112,急慢性咽炎，扁桃体炎，口腔炎。,黄芩，连翘，板蓝根，浙贝母，桔梗，薄荷，玄参，天花粉，甘草,牛蒡子
TCMF10838,肾阳不足，腰膝酸软，畏寒肢冷，阳痿早泄，尿频遗尿。,杜仲，肉苁蓉，鸡血藤，仙茅，淫羊藿，菟丝子，泽泻，桂枝，甘草，蜈蚣,制何首乌
TCMF8511,糖尿病及其并发症，如糖尿病肾病、糖尿病视网膜病变等。,麦冬，天冬，丹参，益母草，鸡血藤，葛根，黄芪，天花粉，苍术，赤芍，黄连，威灵仙，川芎，太子参，荔枝核，川牛膝，玄参，水蛭,黄精
TCMF12073,小儿脾胃虚弱，食积停滞，脘腹胀满，食欲不振，呕吐泄泻。,茯苓，砂仁，厚朴，连翘，山楂，莱菔子，清半夏，陈皮，枳壳,广藿香
TCMF12463,局部肿胀，疼痛拒按，皮下瘀斑，活动受限,大黄，莪术，三棱，红花，三七，川芎，郁金，土鳖虫，徐长卿，天南星，木香，泽兰，降香，蒲黄，蜂蜜,朱砂根
TCMF8320,肝气不舒，胸胁胀痛，头晕目眩，食欲不振，月经不调。,当归，白芍，茯苓，白术，红花，薄荷，栀子，甘草,柴胡
TCMF9607,气血两虚，免疫力低下，疲劳乏力。,黄芪，冬虫夏草，红参，淫羊藿,当归
TCMF11927,高脂血症，动脉硬化，冠心病。,川芎，三七，荷叶,花椒
TCMF3094,"疳病, 夜啼",太子参，茯苓，薏苡仁，白术，白扁豆，甘草，芡实，山楂，陈皮，山药，麦芽，石菖蒲，莲子,北沙参
TCMF7645,风寒感冒，头痛，鼻塞，咳嗽。,防风，白芷，川芎，细辛，薄荷，荆芥，甘草，生姜，大枣,羌活
TCMF12535,咳嗽痰多，胸闷气短，呼吸困难,甘草，桔梗，冰片，远志,苦杏仁
TCMF10546,肾阳不足，腰膝酸软，畏寒肢冷，阳痿早泄。,肉苁蓉，丁香，当归，细辛，蛇床子，甘草,仙茅
TCMF8639,气阴两虚，心悸失眠，头晕目眩，腰膝酸软。,黄精，麦冬，知母，丹参，粉葛，苦参，茯苓，佩兰，何首乌，黄连，地骨皮，山茱萸，荔枝核，淫羊藿,人参
TCMF10802,感冒发热，头痛，鼻塞，咳嗽。,薄荷，荆芥，黄芩，白芍，当归，防风，甘草,桂枝
TCMFx7158,气虚血滞，风痰阻络引起的中风后遗症，肢体偏瘫，半身不遂，口眼歪斜，言语障碍，胸中郁闷等症。,血竭，没药，赤芍，丹参，川芎，牛膝，骨碎补，杜仲，枳壳，沉香，桂枝，豆蔻，郁金,三七
TCMF7466,血劳,党参，白术，茯苓，当归，龙眼肉，酸枣仁，木香，甘草,黄芪
TCMF10029,失眠多梦，头晕目眩，记忆力减退，心悸怔忡。,制何首乌，补骨脂，五味子，女贞子，酸枣仁，石菖蒲,丹参
TCMF9968,胃痛，胃溃疡，十二指肠溃疡，慢性胃炎。,甘草，茯苓，白及，白芍，延胡索，海螵蛸,三七
TCMF11806,心悸失眠，头晕目眩，心烦易怒，胸闷气短。,丹参，甘草，酸枣仁，茯苓，白芍，川芎，当归，黄芪，党参,远志
TCMFx863,缺血性中风,红参，三七，当归，丹参，鸡血藤，银杏叶，山楂，菊花，石决明，何首乌，葛根,红花
TCMF7252,用于妇人宿有瘢块，或血瘀经闭，经行腹痛，产后恶露不尽。,桂枝，桃仁，牡丹皮，茯苓,赤芍
TCMF8207,冠心病，心绞痛，胸闷，心悸，气短。,黄芪，人参，麦冬，五味子，丹参，川芎，益母草，当归，乳香，路路通，石菖蒲，川牛膝,没药
TCMF7271,湿热凝结引起：红白痢疾，腹痛下坠。,黄芩，黄柏，木香，厚朴，枳壳，延胡索，槟榔，当归，白芍，吴茱萸，甘草,黄连
TCMF11240,小儿急惊风，高热神昏，惊厥抽搐，痰涎壅盛。,黄芩，黄连，天竺黄，胆南星，钩藤，全蝎，羚羊角，栀子，牛黄，麝香，朱砂，雄黄，冰片,天麻
TCMF10025,月经不调，痛经，闭经，子宫肌瘤，子宫内膜异位症等。,益母草，补骨脂，三棱，莪术，艾叶，木香，川芎，当归，香附，蒲黄，熟地黄，延胡索，吴茱萸,白芍
TCMF11354,小儿疳积，虫积腹痛，消化不良，食欲不振。,雷丸，榧子，使君子，苦楝皮，徐长卿，小茴香，莲子，海螵蛸，炉甘石,鸡内金
TCMF10925,风寒湿痹，筋骨疼痛，腰膝酸软，四肢麻木。,补骨脂，茯苓，苍术，红花，当归，麻黄，威灵仙，制草乌，制川乌，秦艽，独活，羌活，甘草,杜仲
TCMF11416,风湿痹痛，筋骨痿软，腰膝酸软，四肢麻木。,五加皮，党参，白术，茯苓，麦冬，玉竹，豆蔻，砂仁，姜黄，红花，菊花，木香，檀香，肉豆蔻，木瓜，牛膝，陈皮,丁香
TCMF437,"肾水不足, 虚火上升, 头眩目晕, 耳聋耳鸣",磁石，熟地黄，山茱萸，山药，茯苓，泽泻，柴胡,牡丹皮
TCMF12269,咳嗽痰多，气喘胸闷，咽喉肿痛。,浙贝母，黄芩，紫苏子，款冬花，麻黄，苦杏仁，桑白皮，西青果，半夏，白果，冰片，石膏,紫苏叶
TCMF10922,中风，痰厥，惊风，癫痫等急症,天麻，全蝎，僵蚕，大黄，黄连，胆南星，冰片，牛黄，甘草,川贝母
TCMF7432,风痱,黄芪，当归，川芎，赤芍，桃仁，红花，地龙，水蛭，土鳖虫，全蝎，天麻，胆南星，石菖蒲，远志，丹参，鸡血藤，钩藤，决明子，牛膝，枳壳，甘草,僵蚕
TCMFx321,疮疡,天南星，甘草，没药，连翘，白芷，乳香，人工牛黄,金银花
TCMF11806,心悸失眠，头晕目眩，心烦易怒，胸闷气短。,丹参，甘草，酸枣仁，远志，茯苓，白芍，川芎，当归，党参,黄芪
TCMF7683,缺乳,黄芪，当归，熟地黄，漏芦，王不留行，穿山甲，天花粉，鹿角霜，川芎，白芍，路路通,通草
TCMF7550,肾虚血瘀，腰膝酸软，月经不调，痛经。,熟地黄，当归，白芍，川芎，桃仁，杜仲，续断，牛膝，鸡血藤,红花
TCMFx5235,"关节痛, 腰痛, 痹病",天麻，黄芪，穿山龙，红花，人参,川牛膝
TCMF8694,胃痛，痞满，消化不良。,槟榔,木香
TCMF7816,脾虚湿盛引起的带下病，症见带下量多、色白、质稀、乏力、腰酸等。,白术，苍术，山药，车前子，荆芥，白芍，柴胡，陈皮，甘草,党参
TCMF7482,中风后遗症，瘫痹不遂，肢体麻木，言语不利,黄芪，当归，川芎，赤芍，红花，地龙，全蝎，蜈蚣，僵蚕,桃仁
TCMF11425,清热解毒，镇惊安神。,黄芩，牛黄，大黄，朱砂，桔梗，丁香，冰片，麝香，雄黄,山药
TCMF8947,肾虚腰痛，阳痿早泄，遗精滑精，神疲乏力，畏寒肢冷。,鹿茸，淫羊藿，补骨脂，肉苁蓉，仙茅，蛇床子，菟丝子，人参，当归,韭菜子
TCMF8251,脾肾阳虚，气血不足，肢冷畏寒，腰膝酸软，食少便溏。,红参，党参，白术，甘草，干姜，肉豆蔻，鹿茸,大青盐
TCMF11407,风湿痹痛，跌打损伤，筋骨疼痛。,草乌，徐长卿，桑枝，生姜，丁香，冰片,肉桂
TCMF11310,肝肾阴虚，腰膝酸软，头晕目眩，须发早白，失眠多梦。,黄精，玉竹，枸杞子，女贞子，墨旱莲，菟丝子，五味子，党参，白术，甘草,茯苓
TCMF1,"风寒袭肺证, 证见咳嗽声重, 咳嗽痰多, 痰白清稀; 急性支气管炎病情轻者见上述症候者",苦杏仁，甘草，生姜,麻黄
TCMF3031,咳嗽,款冬花，麦冬，天花粉，北沙参，石膏，五味子，桔梗，牡丹皮，薄荷，天冬，苦杏仁，前胡，黄芩，百合，麻黄，紫菀,陈皮
TCMF8246,咳嗽，气喘，胸闷，痰多。,黄连，生姜，法半夏，白芍，苦杏仁，甘草，大枣，牡蛎,桂枝
TCMF8190,肾虚腰痛，阳痿早泄，遗精盗汗，神疲乏力。,鹿茸，红参，肉苁蓉，锁阳，丹参，当归，川芎，党参，白术，茯苓，砂仁，白芍，枸杞子，陈皮，甘草,补骨脂
TCMF9512,寒湿内阻，脘腹冷痛，呕吐泄泻。,荜茇，草果，枳实，小茴香，丁香，肉桂,高良姜
TCMF10399,胸痹心痛，心悸失眠，冠心病，心绞痛。,乳香，瓜蒌，白芍，柴胡，延胡索，枳壳,丹参
TCMF7520,风湿痹痛，筋脉拘挛，跌打损伤。,当归，川芎，白芍，红花，牛膝，鸡血藤,甘草
TCMF7701,风痱，偏瘫痿痹,人参，黄芪，当归，川芎，天麻，全蝎,炙甘草
TCMF9057,前列腺炎，前列腺增生，尿路感染，尿频，尿急，尿痛，小便不利。,丹参，泽兰，红花，赤芍，桃仁，川楝子，白芷，王不留行，陈皮，黄柏，泽泻,小茴香
TCMF7351,风湿痹痛，腰腿疼痛，肢体麻木，关节屈伸不利。,威灵仙，独活，桑寄生，秦艽，防己，川芎，白芍，熟地黄，牛膝，甘草,当归
TCMF9098,皮肤瘙痒，湿疹，荨麻疹，皮炎等皮肤病。,荆芥穗，益母草，鸡血藤，皂角刺，浮萍，白茅根，土贝母，桔梗，苍耳子，红花，牛蒡子，地肤子，大黄，白芍，赤芍，天葵子，连翘，茜草,牡丹皮
TCMF11844,气血两虚，面色苍白，气短心悸，头晕自汗，四肢不温。,炙甘草，党参，白术，茯苓，当归，白芍，熟地黄，川芎，肉桂,炙黄芪
TCMF10187,瘀血闭阻所致的胸痹心痛、中风、半身不遂、舌强语謇；冠心病、心绞痛、脑血栓形成、脑栓塞见上述证候者。,丹参，槐花，黄芪，郁金，木香，山楂，三七，泽泻，桂枝，冰片,川芎
TCMF12101,鼻渊，鼻塞，流脓涕，头痛，嗅觉减退。,薄荷，荆芥穗，龙胆，菊花，蔓荆子，细辛，辛夷，白芷，柴胡，川芎，防风，桔梗，枳壳，水牛角,黄芩
TCMF12306,气血两虚，头晕目眩，心悸失眠，腰膝酸软。,党参，当归，熟地黄，麦冬，茯苓，白术，五味子，枸杞子，川芎，防风，羌活，山茱萸，大枣，陈皮，肉桂，龟甲胶,炙黄芪
TCMF8380,肾虚腰痛，遗精早泄，头晕耳鸣，神疲乏力。,黄精，何首乌，熟地黄，党参，丹参，枸杞子，五味子，续断，车前子，白茅根，蒲公英，蛇床子，菟丝子，水蛭，牡蛎，蜂房,淫羊藿
TCMF6214,"月经不调, 痛经, 崩漏, 带下病",益母草，白术，茺蔚子，当归，丹参，川芎，白芍，香附,熟地黄
TCMF12345,脾胃虚寒，湿邪内阻，症见脘腹痞满，食欲不振，大便溏泄，肢体沉重，舌苔白腻，脉濡缓。,甘草，茯苓，白术,干姜
TCMF9332,胸膈痞闷，脘腹胀痛，呕吐痰涎，食欲不振。,茯苓，桔梗，苍术，木香，沉香，川芎，香附，清半夏，枳实,陈皮
TCMF11867,风湿痹痛，筋骨痿软，腰膝酸痛，肢体麻木。,当归，青风藤，海风藤，秦艽，独活，麻黄，防风，苍术，厚朴，木香，柴胡，乳香，没药，白芍，木瓜，甘草,杜仲
TCMF9358,痔疮，肛裂，肛周湿疹。,乳香，蛇床子，花椒，白矾，雄黄,血竭
TCMF12214,肺燥咳嗽，痰多粘稠，胸膈满闷，气短乏力。,麦冬，浙贝母，丹参，黄芩，紫苏叶，甘草，黄芪，沙苑子，杜仲，茯苓，砂仁，艾叶，白术，肉苁蓉，白芍，厚朴，山楂，沉香，川芎,木香
TCMF6924,"脾胃虚弱, 食欲不振, 消化不良, 大便溏泄, 气虚有痰",人参，白术，茯苓，半夏，甘草，陈皮，大枣,生姜
TCMF7450,肾阳不足，腰膝酸软，畏寒肢冷，夜尿频多。,熟地黄，山茱萸，山药，泽泻，牡丹皮，茯苓，附子,肉桂
TCMF8144,风湿痹痛，筋骨痿软，跌打损伤。,没药，乳香，红花，桃仁，白芍，伸筋草，狗脊，牛膝，续断，甘草,葛根
TCMF9854,骨质疏松，腰膝酸软，筋骨疼痛。,鸡血藤，肉苁蓉，骨碎补，莱菔子,鹿衔草
TCMF9972,慢性胃炎，胃脘痛，消化不良。,莪术，延胡索，党参，甘草，木香，枳壳，大黄，赤芍，黄连，柴胡，吴茱萸,丹参
TCMF9181,肾虚腰痛，头晕耳鸣，神疲乏力，失眠多梦。,黄精，黄芪，当归，巴戟天，枸杞子，三七，淫羊藿,丹参
TCMF12493,月经不调，经血色紫有块，小腹胀痛，拒按，舌质紫黯或有瘀点，脉弦涩,牡丹皮，当归，白芍，延胡索，木香，桃仁，桂枝,川牛膝
TCMF12137,风寒湿痹，肢体麻木，关节疼痛，痰湿阻络。,降香，天竺黄，三棱，莪术，郁金，天麻，细辛，厚朴，沉香，防风，羌活，香附，清半夏，制天南星，延胡索，橘红，青皮，枳壳,芥子
TCMFx2937,"产后身痛, 眩晕",人参，白术，当归，川芎，苍术，何首乌，荆芥穗，防风，麻黄，川乌，草乌，白芷，细辛，八角茴香，木香，两头尖，桔梗，甘草,血竭
TCMF2424,"带下病, 腹泻",白术，泽泻，车前子，椿皮,茯苓
TCMF8685,脾胃虚弱，气滞腹痛，久泻久痢,木香，五倍子，肉桂,黄芪
TCMF11289,清热解毒，消肿止痛。用于治疗疮疡肿毒，咽喉肿痛，口舌生疮等。,薄荷，甘草，金银花，板蓝根，冰片，牛黄，蟾酥，雄黄，朱砂,珍珠母
TCMF11336,咳嗽气喘，痰多色黄，胸膈满闷。,炙甘草，桔梗，款冬花，旋覆花，麻黄，马兜铃，五味子，苦杏仁，葶苈子，清半夏，陈皮，阿胶,知母
TCMF3130,腹泻,茯苓，白术，山药，白扁豆，莲子，薏苡仁，砂仁，桔梗，甘草，陈皮,党参
TCMF10056,消化不良，胃脘胀痛，食欲不振。,红花,诃子
TCMF9817,气虚体弱，食欲不振，四肢无力，面色萎黄。,黄芪，党参，甘草,白术
TCMFx2982,"腹泻, 脱肛, 阴挺",黄芪，升麻，甘草，柴胡，党参，白术，当归，生姜，大枣,陈皮
TCMFx167,"咽炎, 扁桃体炎, 牙龈炎",黄连，大黄,黄芩
TCMF10008,痰热阻肺，咳嗽痰多，胸闷气促，咽痛声哑。,浙贝母，泽兰，旋覆花，黄芪，薏苡仁，大黄，川木通，栀子，甘草,金银花
TCMF12260,咳嗽，痰多，气喘，胸闷。,川贝母，知母，黄芩，茯苓，瓜蒌子，五味子，枳实，陈皮，枳壳，石膏,桑白皮
TCMFx6368,"痢疾, 腹泻, 腹痛",人参，白术，茯苓，白扁豆，苍术，广藿香，丁香，檀香，砂仁，肉豆蔻，肉桂，吴茱萸，芡实，薏苡仁，车前草，滑石，黄连，诃子，天冬，麦冬，槟榔,木香
TCMF11958,感冒发热，头痛，咳嗽，咽喉肿痛，瘟疫初起。,麦冬，黄芩，荆芥穗，紫苏叶，甘草，竹茹，天花粉，桔梗，苦杏仁，柴胡，玄参，冰片，水牛角，羚羊角，僵蚕，朱砂，雄黄,薄荷
TCMF10693,肝肾不足，气血两虚，腰膝酸软，头晕耳鸣，失眠多梦，月经不调。,熟地黄，山茱萸，白芍，川芎，知母，黄柏，丹参，鸡血藤，肉苁蓉，女贞子，枸杞子，牡丹皮，酸枣仁，淫羊藿，续断,当归
TCMF10020,肝肾阴虚，腰膝酸软，头晕耳鸣，失眠多梦，潮热盗汗。,熟地黄，山茱萸，龟甲胶，阿胶，黄芪，太子参，丹参，当归，茺蔚子，白芍，砂仁,枸杞子
TCMFx5367,"带下病, 月经失调",熟地黄，香附，远志，川芎，赤石脂，当归，白芍，椿皮，牡蛎，黄柏,海螵蛸
TCMF1254,"陈旧性胃肠炎, 溃疡; 各种中毒症, 梅毒, 麻风, 陈旧热病, 糖尿病炭疽, 坏疽, 疖痛, 干黄水, 化脓",珍珠，朱砂，檀香，降香，诃子，牛黄，麝香，西红花,沉香
TCMFx5696,"胸痹, 胃脘痛, 腹胀, 腹痛",丁香，乳香，木香，没药，小茴香，冰片，沉香，香附，檀香，广藿香，麝香,降香
TCMF7625,"具有补血益气, 健脾暖胃, 祛风湿, 壮筋骨。用于男女体弱, 头晕目眩, 食欲不振, 腰酸骨痛。",蛤蚧，党参，当归，熟地黄，枸杞子，女贞子，菟丝子，仙茅，淫羊藿，巴戟天，锁阳，肉苁蓉，狗脊，杜仲，续断，牛膝，桂枝，附子，肉桂，甘草,黄芪
TCMF4106,咳嗽,赭石，蛤壳，瓦楞子，紫苏子，知母，枇杷叶，桑白皮，百部，桑叶，紫菀，白前，麻黄，苦杏仁,南沙参
TCMF8114,感冒发热，头痛，鼻塞，咳嗽。,葛根，麻黄，生姜，防风，白术，菊花，钩藤，石膏,羌活
TCMF12160,风寒湿痹，关节疼痛，肢体麻木，腰腿疼痛。,野木瓜，白芷，川芎，细辛，羌活，独活，防风，苍术，当归，赤芍，白芍,甘草
TCMF11188,心悸失眠，惊风癫痫，烦躁不安，头晕目眩。,重楼，桔梗，木香，马钱子，制草乌，广枣，肉豆蔻，沉香，檀香，丁香，远志，青皮，石膏,菊花
TCMFx3262,痹病,马钱子，麻黄，当归，苍术，桃仁，红花，乳香，没药，千年健，地枫皮，羌活，地龙，桂枝，穿山甲，木瓜，牛膝,续断
TCMF7588,中暑,金银花，菊花，连翘，荷叶，淡竹叶，薄荷，佩兰，甘草,滑石
TCMFx5578,"积滞, 胃脘痛",檀香，木香，肉桂，赤小豆，鸡内金，甘草，山楂，乌梅，薏苡仁,细辛
TCMF9754,血瘀证，胸闷心痛，跌打损伤，瘀血肿痛。,三七，丹参，红花，白术，茯苓，川芎，赤芍，桃仁，甘草,当归
TCMF8790,胃溃疡，十二指肠溃疡，慢性胃炎。,薏苡仁，白及，天仙子，延胡索，泽泻，海螵蛸,黄芩
TCMF10242,小儿湿热泄泻，症见大便稀溏、色黄或绿、有粘液、肛门灼热、腹痛、食欲不振、小便短赤。,车前子，猪苓，砂仁，苍术，山楂，诃子，儿茶,乌梅
TCMF8299,湿热泄泻，腹痛，里急后重。,车前子，茯苓，苍术，木香，黄连，山楂，白芷，防风，大青叶，诃子，罂粟壳，乌药,麝香
TCMF12001,头痛，眩晕，目赤，口苦，心烦，失眠，便秘。,黄芩，黄连，黄柏，大黄，玄明粉，龙胆，栀子，川芎，玄参，冰片，水牛角,羚羊角
TCMFx6318,"痹病, 腰痛, 关节痛",骨碎补，川乌，牛膝，肉桂，海龙，秦艽，乳香，没药，香附，马钱子，防风，当归，红花，草乌，木香，桃仁,赤芍
TCMF11782,热病神昏，中风痰迷，惊风抽搐，癫痫发狂，头痛，眩晕，目赤，咽喉肿痛，口舌生疮，牙龈肿痛，大便燥结。,牛黄，麝香，黄芩，黄连，黄柏，冰片，石膏，大黄，钩藤，防风，赤芍，当归，麦冬，连翘，金银花，桔梗，朱砂，雄黄，甘草,栀子
TCMF3361,"月经失调, 痛经, 带下病",当归，益母草，川芎，丹参，白芍，香附，泽兰，附子，小茴香，红花，吴茱萸，延胡索，艾叶，乌药，莪术，三棱，牛膝，胡椒，肉桂，没药，甘草,木香
TCMF7482,中风后遗症，瘫痹不遂，肢体麻木，言语不利,黄芪，当归，川芎，赤芍，桃仁，红花，全蝎，蜈蚣，僵蚕,地龙
TCMF10897,气血两虚，腰膝酸软，神疲乏力，头晕耳鸣。,人参，黄芪，黄精，何首乌，丹参，冬虫夏草，枸杞子，山茱萸,鸡血藤
TCMF9964,脾胃虚弱，食欲不振，消化不良，脘腹胀满。,党参，天花粉，山楂，木香，马钱子，乌梅,五味子
TCMF12432,咳嗽痰多，色黄黏稠，发热，口渴，咽喉肿痛，呕吐,川贝母，橘红，茯苓，百部，白前，胆南星，枳壳，五味子，天竺黄，冰片，人工牛黄,姜半夏
TCMF7854,湿热下注所致的带下病、阴痒，症见带下量多、色黄味臭、阴部瘙痒；滴虫性阴道炎、霉菌性阴道炎、非特异性阴道炎见上述证候者。,苦参，野菊花，金银花，黄柏,蛇床子
TCMF10178,瘰疬，瘿瘤，乳癖。,丹参，黄芩，夏枯草，昆布，土贝母，山慈菇，白芍，猫爪草，牡丹皮，柴胡，当归，香附，玄参，全蝎,牡蛎
TCMF8697,咳嗽，痰多，气喘。,川贝母，甘草,桔梗
TCMF3669,带下病,白术，苍术，党参，陈皮，山药，荆芥，车前子，柴胡，白芍,甘草
TCMF11310,肝肾阴虚，腰膝酸软，头晕目眩，须发早白，失眠多梦。,黄精，玉竹，女贞子，墨旱莲，菟丝子，五味子，党参，白术，茯苓，甘草,枸杞子
TCMF7339,气血两虚，面色苍白，头晕目眩，心悸怔忡，食欲不振，四肢倦怠。,人参，白术，茯苓，当归，川芎，白芍，甘草，生姜，大枣,熟地黄
TCMF7046,"湿热带下, 热淋",川芎，茯苓，木通，陈皮，土茯苓，金银花，大黄,当归
TCMF7735,"补肾益气。用于脾肾不足证的辅助治疗, 症见神疲乏力, 气短自汗, 腹胀纳差, 腰膝酸软。",肉苁蓉，人参，黄芪，白术，茯苓，甘草,枸杞子
TCMF12445,寒热往来，口干舌燥，小便短赤，脘腹胀满，恶心呕吐,柴胡，黄芩，半夏，苍术，青皮，厚朴，槟榔，草果，乌梅，甘草，泽泻,猪苓
TCMF11657,目赤肿痛，眼睑红肿，沙眼，结膜炎等眼部炎症。,西瓜霜，炉甘石,冰片
TCMF11638,慢性肝炎，肝硬化，肝功能不全。,黄芪，党参，黄精，山药，丹参，当归，郁金，板蓝根，秦艽，白芍，山楂，泽泻，甘草,茵陈
TCMF280,"外感病, 邪犯少阳证, 症见寒热往来, 胸胁苦满, 食欲不振, 心烦喜呕, 口苦咽干",柴胡，甘草，大枣，半夏，党参，生姜,黄芩
TCMF7272,纳呆、胁痛、疲倦乏力、尿黄、苔腻、脉弦、肝郁气滞、肝胆湿热未清等症。,茵陈，金银花，栀子，防己,厚朴
TCMFx5391,跌打损伤,马钱子，红花，延胡索，丁香，大黄，血竭,三七
TCMF7971,跌打损伤，瘀血肿痛，风湿痹痛。,三七，乳香，没药，红花，川芎，当归，白芷,土鳖虫
TCMF9787,风湿痹痛，肢体麻木，腰腿疼痛。,鸡血藤，红花，川芎，秦艽，威灵仙，木瓜，当归，独活，伸筋草，三七，两面针，桂枝,羌活
TCMF11178,咳嗽，痰多，气喘，胸闷。,百部，浙贝母，天冬，玉竹，紫苏叶，紫苏子，白茅根，瓜蒌子，桔梗，南沙参，款冬花，紫菀，白及，麻黄，白芍，枳实，苦杏仁，枇杷叶,茯苓
TCMFx5338,虚劳,鸡血藤，骨碎补，何首乌，黄芪，女贞子，党参，佛手,麦芽
TCMF11864,风湿痹痛，筋骨疼痛，肢体麻木，跌打损伤。,儿茶，苏木，乳香，红花，大黄，马钱子，赤芍，枳实，桃仁，当归，骨碎补，三七，牛膝，续断，熟地黄，桂枝，冰片，土鳖虫，自然铜,白芷
TCMF7390,疮疡肿毒，疼痛不止，气血两虚。,当归，熟地黄，川芎，乳香，没药，茯苓，白术，人参，甘草,白芍
TCMF9946,肾阳虚引起的腰膝酸软、畏寒肢冷、阳痿早泄等。,人参，黄芪，蛇床子，淫羊藿，皂角刺，续断，枳壳，桂枝，甘草,益母草
TCMFx7205,用于疮疖溃烂，灼热发烧，流脓流水，丹毒疱疹，疥癣痛痒,金银花，连翘，蒲公英，紫花地丁，栀子，大黄，黄芩，木通，天花粉，玄参，浙贝母，白鲜皮，蝉蜕，防风，白芷，桔梗，甘草,赤芍
TCMF10041,肾阳不足，腰膝酸软，畏寒肢冷，神疲乏力。,红参，杜仲，肉苁蓉，鹿茸，附子，五味子，山茱萸，肉桂,黄芪
TCMF10304,心悸，胸闷，气短，心烦失眠。,麦冬，黄芪，当归，葛根，红花，白芍，川芎，金银花，大青叶，枳壳，甘草，防风,丹参
TCMF11014,肝气郁结，胸胁胀痛，脘腹胀满，食欲不振，大便不畅。,黄芩，薄荷，紫苏梗，香附，茯苓，甘草，三棱，莪术，豆蔻，木香，大黄，白芍，厚朴，山楂，当归，防风，姜半夏，陈皮,柴胡
TCMF8604,急性咽炎，慢性咽炎急性发作，风热外束、痰热内盛所致的咽喉肿痛、声音嘶哑、咽干口渴、发热、恶风、咳嗽有痰、舌红苔黄、脉弦数或滑数。,黄芩，金银花，连翘，牛蒡子，板蓝根，玄参，胖大海，木蝴蝶，蝉蜕，僵蚕，赤芍,菊花
TCMF11071,中风后遗症，瘫痿痹痛，肢体麻木，口眼歪斜，言语不利。,全蝎，穿山甲，僵蚕，地龙，胆南星，白附子，天麻，钩藤，丹参，赤芍，红花，桃仁，川芎，当归，黄芪，党参，白术，茯苓，甘草,蜈蚣
TCMFx4632,痹病,防风，当归，红花，羌活，秦艽，香加皮,蕲蛇
TCMF8682,心悸，失眠，胸闷，心绞痛。,丹参，当归，川楝子，白芍，黄连，五味子，枸杞子，菟丝子，牡蛎，鸡内金,麦冬
TCMF9959,脾胃虚寒，脘腹冷痛，食欲不振，呕吐泄泻。,党参，白术，茯苓，甘草，砂仁，木香，白芍，厚朴，木瓜，枸杞子，川芎，千年健，续断，肉桂,干姜
TCMF12021,风寒湿痹，头痛，牙痛，关节疼痛，肌肉酸痛。,川芎，白芷，防风，羌活，独活，麻黄，桂枝，苍术，甘草,细辛
TCMFx6768,"舒肝解郁, 清热调经。用于肝郁化火, 胸胁胀痛, 烦闷急躁, 颊赤口干, 食欲不振或有潮热, 以及妇女月经先期, 经行不畅, 乳房与少腹胀痛。",牡丹皮，柴胡，白芍，当归，白术，茯苓，薄荷，甘草,栀子
TCMF9995,肾虚腰痛，腰膝酸软，头晕耳鸣，遗精早泄。,杜仲，巴戟天，熟地黄，菟丝子，枸杞子，人参，当归，柏子仁，川牛膝，地骨皮,石菖蒲
TCMFx1135,心悸,人参，麦冬,五味子
TCMF7789,风湿痹阻、瘀血阻络所致的痹病，症见关节疼痛、肿胀、屈伸不利、局部畏风寒、肢体麻木、腰膝酸软。,鸡血藤，没药，乳香，苍术，红花，土鳖虫，乌梢蛇，地龙，全蝎，金钱白花蛇，蜈蚣，蜂房，蕲蛇,威灵仙
TCMF7467,肝郁气滞，胸胁胀痛，脘腹胀满，食欲不振。,柴胡，白芍，当归，茯苓，白术，陈皮，香附，枳壳，甘草,川芎
TCMF11521,跌打损伤，瘀血肿痛，骨折。,儿茶，降香，没药，乳香，红花，大黄，当归，骨碎补，三七，冰片，土鳖虫,血竭
TCMFx7432,感冒风寒，头痛身痛，恶寒无汗，鼻塞流涕，咳嗽。,荆芥，防风，羌活，川芎，柴胡，前胡，枳壳，茯苓，桔梗，甘草,独活
TCMFx3322,急惊风,大黄，甘草,朱砂
TCMF11921,跌打损伤，瘀血肿痛，风湿痹痛。,赤小豆，白及，草乌，川乌，五倍子,半夏
TCMF8590,食积停滞，脘腹胀满，大便秘结。,大黄，厚朴，枳实，苍术，鸡内金，甘草,陈皮
TCMF3669,带下病,白术，苍术，党参，陈皮，甘草，荆芥，车前子，柴胡，白芍,山药
TCMF3857,喉痹,板蓝根，山豆根，连翘，黄芩，大黄，玄参，麦冬,青果
TCMF7369,跌打损伤，瘀血肿痛，筋骨疼痛。,当归，川芎，赤芍，桃仁，红花，丹参，乳香，没药，泽兰，三七，甘草,牛膝
TCMF3524,"虚劳, 眩晕",党参，黄芪，熟地黄，狗脊，女贞子，覆盆子，何首乌，牛膝，当归，陈皮，南沙参，杜仲，川芎，百合，茯苓，山药，白术，甘草，泽泻,白芍
TCMF9194,气滞血瘀所致的胸痹心痛，头痛眩晕，月经不调，痛经。,丹参，当归，川芎，红花，桃仁，柴胡，香附，乌药，枳壳，升麻，桔梗，牛膝，延胡索,甘草
TCMF8746,骨质疏松，腰膝酸软，四肢无力，头晕目眩。,肉苁蓉，女贞子，莱菔子，骨碎补，狗脊，牛膝，淫羊藿，熟地黄,鸡血藤
TCMF8072,水肿，臌胀，便秘，胸腹胀满。,甘遂，大黄，香附，牵牛子,槟榔
TCMF12529,眼干涩痛，视物模糊，头晕耳鸣，口燥咽干，舌红少苔，脉细数,人参，决明子，土茯苓，枸杞子，石决明，茺蔚子，蒺藜，青葙子，麦冬，密蒙花，川楝子，茜草，牛膝，野菊花，当归，五味子，红花，玉竹，车前子，羚羊角，牛黄，珍珠，麝香，三七,菟丝子
TCMF9621,肾阳不足，腰膝酸软，畏寒肢冷，阳痿早泄，夜尿频多。,附子，肉桂，杜仲，补骨脂，锁阳，淫羊藿，党参，白术，鹿衔草，女贞子，覆盆子，五味子，柏子仁，远志，车前子，沙苑子，葛根，蛇床子，甘草,山茱萸
TCMF11246,肾虚腰痛，遗精早泄，阳痿不举，头晕耳鸣，四肢无力。,炙甘草，炙黄芪，制何首乌，熟地黄，覆盆子，金樱子，菟丝子，山药，锁阳，狗脊，淫羊藿，续断，酸枣仁，龟甲胶，鹿角胶,陈皮
TCMF10455,泌尿系结石，尿路感染，小便不利，淋漓涩痛。,金钱草，海金沙，石韦，瞿麦，滑石，木通，栀子，大黄，甘草,车前子
TCMF7224,用于肝肾不足所致的干涩不舒、单眼复视、腰膝痠软、或轻度视力下降；早、中期老年性白内障见上述症状者,熟地黄，菟丝子，枸杞子，肉苁蓉，山茱萸，白芍，川芎，黄精，黄芪，党参，甘草，决明子，青葙子，蕤仁，密蒙花，菊花，石菖蒲，车前子，关黄柏，升麻，葛根,蔓荆子
TCMF6052,"痛证, 头痛, 牙痛, 癌痛",细辛，当归，川芎，羌活，独活，防风,白芷
TCMF12079,小儿支气管炎，咳嗽痰多，气喘。,川贝母，侧柏叶，黄芩，紫苏子，橘红，苦参，麻黄，细辛，北刘寄奴，射干，白鲜皮，地龙，僵蚕，甘草,冰片
TCMFx320,"小儿惊风高热, 手足抽搐, 痰涎壅盛, 神昏谵语",全蝎，冰片，胆南星，甘草，僵蚕，朱砂，黄连，天麻,牛黄
TCMF9146,气虚血瘀所致的胸痹心痛，心悸气短，神疲乏力，少气懒言，头晕目眩。,黄芪，三七,丹参
TCMF7806,月经不调，痛经，带下病，不孕症,黄芩，益母草，黄芪，党参，白术，补骨脂，何首乌，茯苓，砂仁，陈皮，郁金，柴胡，秦艽，威灵仙，白芍，牡丹皮，苍术，白芷,黄连
TCMF9669,糖尿病，消渴，口渴多饮，多食易饥，尿频量多，形体消瘦，疲乏无力。,黄芪，人参，知母，天花粉，五味子，地骨皮，山药，鸡内金,葛根
TCMF9592,肾虚腰痛，遗精早泄，阳痿不举，头晕耳鸣，腰膝酸软。,补骨脂，淫羊藿，黄芪，红参，炙甘草，制何首乌，熟地黄，当归，茯苓，白术，车前子，五味子，覆盆子，金樱子，枸杞子，川芎，蛇床子，小茴香，山药,肉苁蓉
TCMF7685,肾阳不足，腰膝酸软，精神萎靡，畏寒肢冷，夜尿频多。,海龙，蛤蚧，人参，鹿茸，肉苁蓉，熟地黄，当归，川芎，白芍，甘草,淫羊藿
TCMF12149,血虚发热，头晕目眩，心悸失眠，月经不调。,麦冬，丹参，茯苓，谷芽，牡丹皮，山楂，地骨皮，酸枣仁，山药，熟地黄，陈皮，牡蛎，鳖甲,党参
TCMF12071,小儿暑湿感冒，症见发热、头痛、呕吐、腹泻、食欲不振。,薄荷，荆芥穗，香薷，佩兰，黄芩，黄连，厚朴，苦杏仁，芦根，滑石，甘草,青蒿
TCMF9715,肝气郁结，胸胁胀痛，胃脘疼痛，食欲不振。,豆蔻，姜黄，砂仁，白芍，牡丹皮，厚朴，沉香，川芎，当归，香附，丁香，延胡索，陈皮，青皮，吴茱萸，枳实，肉桂,木香
TCMF8837,清热解毒，活血止痛。用于热毒瘀血所致的胃痛、腹痛、胁痛、泄泻、痢疾。,黄连，蒲公英，大黄，黄芩，丹参，赤芍，甘草,木香
TCMF8181,肺肾两虚，久咳虚喘，气短乏力。,麦冬，补骨脂，茯苓，党参，白术，五味子,炙甘草
TCMF9735,心悸失眠，头晕目眩，胸闷气短，心烦口渴。,麦冬，甘草，葛根，黄连，羌活，人参，地龙,莲子心
TCMF3096,腹胀,陈皮，半夏，党参，白术，甘草,茯苓
TCMF10868,气血两虚，头晕目眩，心悸失眠，月经不调。,黄芪，党参，当归，熟地黄，白术，茯苓，川芎，丹参,甘草
TCMF9354,风寒湿痹，关节疼痛，肢体麻木，腰膝酸软。,丹参，黄芪，人参，杜仲，五加皮，茯苓，秦艽，防风，白芍，当归,白术
TCMF9405,肾虚腰痛，阳痿早泄，神疲乏力，畏寒肢冷。,鹿茸，肉苁蓉，炙黄芪，人参，熟地黄，当归，沙苑子，山茱萸，山药,巴戟天
TCMF8246,咳嗽，气喘，胸闷，痰多。,黄连，生姜，法半夏，白芍，苦杏仁，桂枝，大枣，牡蛎,甘草
TCMF9168,肾虚腰痛，头晕耳鸣，神疲乏力，失眠多梦。,肉苁蓉，黄芪，当归，玉竹，枸杞子，何首乌，茯苓，灵芝，甘草，大枣,补骨脂
TCMF11230,骨关节炎，风湿性关节炎，类风湿性关节炎,黄芪，当归，川芎，白芷，延胡索，紫花地丁，蒲公英，川楝子，枸杞子，骨碎补，玄参，菟丝子,甘草
TCMF8191,肾虚引起的先兆流产、习惯性流产,黄芩，白术，制何首乌，肉苁蓉，白芍，钩藤，桑寄生，续断,菟丝子
TCMF12522,下肢肿胀，疼痛，肤色暗红，条索状物，肢体沉重，乏力,黄芪，金银花，黄柏，苍术，薏苡仁，玄参，当归，白芍，甘草，水蛭，蜈蚣,全蝎
TCMF7689,冠心病，心绞痛，心肌梗死，心律失常等。,黄芪，桂枝，当归，川芎，赤芍，丹参，桃仁，炙甘草,红花
TCMF10971,气阴两虚，免疫力低下，疲劳乏力，腰膝酸软，头晕耳鸣，失眠多梦。,黄芪，人参，黄精，麦冬，知母，灵芝，天花粉，制何首乌，五味子，淫羊藿，菟丝子，黄柏,当归
TCMFx3610,"感冒, 咳嗽",党参，紫苏叶，葛根，前胡，茯苓，半夏，陈皮，枳壳，桔梗，甘草，木香，大枣,生姜
TCMF8471,头痛，眩晕，记忆力减退，失眠多梦。,葛根，黄芪，菊花，蔓荆子，山楂，白芷,黄柏
TCMF9158,气血两虚，心悸失眠，头晕目眩，肢体麻木。,黄精，黄芪，当归，丹参，黄柏,赤芍
TCMF10897,气血两虚，腰膝酸软，神疲乏力，头晕耳鸣。,人参，黄芪，黄精，何首乌，丹参，鸡血藤，枸杞子，山茱萸,冬虫夏草
TCMF3669,带下病,白术，苍术，陈皮，山药，甘草，荆芥，车前子，柴胡，白芍,党参
TCMF8565,慢性胃炎，胃溃疡，十二指肠溃疡，慢性胆囊炎，胆石症等引起的胃脘疼痛。,木香，川楝子,延胡索
TCMF9678,糖尿病，口渴多饮，消谷善饥，尿多，消瘦，乏力。,人参，黄芪，五味子，乌梅，茯苓，天花粉，葛根，甘草,麦冬
TCMF11816,清热解毒，疏肝理气，用于治疗肝郁气滞，胸闷胁痛，口苦咽干，心烦失眠。,知母，黄芩，黄连，木香，厚朴，朱砂,郁金
TCMFx4235,热淋,柴胡，五味子，萹蓄，白芷，续断，桑寄生，甘草,黄柏
TCMF7219,用于气滞血瘀引起的胸闷、心悸、头晕、头痛、颈项疼痛；冠心病心绞痛、高血脂、高血压、心律失常见上述证候者,葛根，三七，山楂，木香,丹参
TCMF10331,心悸，失眠，多梦，健忘，头晕，乏力。,炙甘草，党参，茯苓，干姜，白芍，石菖蒲，牡蛎,桂枝
TCMF7911,肾虚，腰膝酸软，阳痿早泄，遗精遗尿，头晕耳鸣，须发早白。,巴戟天，淫羊藿，杜仲，续断，何首乌，熟地黄，党参，黄芪，当归，枸杞子，肉苁蓉，仙茅，金樱子，甘草,覆盆子
TCMF7277,风热咳嗽，鼻流稠涕，发热头昏，咽干舌燥。,桑叶，菊花，薄荷，桔梗,黄芩
TCMFx5367,"带下病, 月经失调",熟地黄，香附，远志，川芎，海螵蛸，赤石脂，当归，白芍，椿皮，黄柏,牡蛎
TCMF9401,肾虚腰痛，阳痿早泄，神疲乏力,鹿茸，淫羊藿，红参，黄芪，当归，枸杞子，山楂,菟丝子
TCMFx6487,腹泻,党参，白术，甘草，丁香，砂仁，肉豆蔻，山药，豆蔻,茯苓
TCMF9101,瘫痿瘫痹，肢体麻木，腰膝酸软，头晕目眩。,黄芪，杜仲，白术，丹参，当归，天麻，秦艽，钩藤，安息香，沉香，甘草,茯苓
TCMF10206,风湿性关节炎，类风湿性关节炎，跌打损伤，肌肉疼痛。,红花，麻黄，川芎，茜草，当归，青皮,冰片
TCMF9384,气阴两虚，心悸失眠，头晕目眩，腰膝酸软，视力模糊。,人参，灵芝，枸杞子，五味子，玉竹，石斛，桑椹，菊花，决明子,麦冬
TCMF12124,气血两虚，头晕目眩，腰膝酸软，四肢无力。,丹参，炙黄芪，党参，补骨脂，鸡血藤，制何首乌，熟地黄，白术，漏芦，虎杖，牡丹皮，连翘，女贞子，枸杞子，川芎，当归，狗脊，刺五加,赤芍
TCMFx3477,"解?, 早泄, 遗精",熟地黄，山茱萸，枸杞子，五味子，覆盆子，石菖蒲，楮实子，山药，金樱子，茯苓，牛膝，小茴香，杜仲，巴戟天，肉苁蓉，远志，甘草,菟丝子
TCMFx140,"慢性鼻炎, 过敏性鼻炎, 鼻窦炎",苍耳子，黄芪，辛夷，防风，白芷，白术,薄荷
TCMFx4213,"急惊风, 积滞",天麻，白附子，胆南星，天竺黄，钩藤，全蝎，蝉蜕，麝香，冰片,僵蚕
TCMF7566,产后缺乳，乳络不通，乳房胀痛。,黄芪，当归，白芍，川芎，穿山甲，通草，甘草,王不留行
TCMF10074,气血两虚，头晕目眩，心悸失眠，食欲不振。,黄芪，丹参，女贞子，山楂，大枣，甘草,枸杞子
TCMF9568,口腔溃疡，牙龈炎，咽喉炎,儿茶，虎杖，紫珠叶，牡丹皮，五味子，连翘，蒲黄，黄柏，冰片,忍冬藤
TCMF9573,痰热壅肺所致的咳嗽、痰多稠黄、胸闷憋气、气促作喘、舌红苔黄、脉滑数等症。,黄芩，石膏，麻黄，白前，苦杏仁，桑白皮，莱菔子，胆南星，射干,五味子
TCMF10831,脾胃虚弱，食欲不振，消化不良，脘腹胀满。,炙甘草，党参，白术，茯苓，麦芽，山楂，豆蔻，黄连，山药,薏苡仁
TCMF9405,肾虚腰痛，阳痿早泄，神疲乏力，畏寒肢冷。,鹿茸，肉苁蓉，炙黄芪，人参，熟地黄，当归，巴戟天，山茱萸，山药,沙苑子
TCMF7780,风寒湿痹，关节疼痛，肢体麻木。,乳香，没药,千年健
TCMF8724,鼻渊，鼻塞，流脓涕，头痛，嗅觉减退。,苍耳子，辛夷，薄荷，黄芩，栀子，白芷，川芎，桔梗，甘草,细辛
TCMF9772,气滞血瘀所致的胸痹，症见胸闷、胸痛、心悸、气短；冠心病心绞痛见上述证候者。,黄芪，苏木，红景天，川芎，当归，丹参，牛膝，地龙,西红花
TCMF7980,皮肤干燥，瘙痒，皲裂,冰片，人参,珍珠
TCMF9958,气虚乏力，心悸失眠，自汗盗汗。,五味子,黄芪
TCMF10196,清热解毒，用于治疗疮疖肿毒，皮肤感染，咽喉肿痛等。,黄芩，蒲公英，野菊花,紫花地丁
TCMF10138,脾胃虚弱，食少便溏，脘腹胀满，呕吐吞酸。,广藿香，白术，豆蔻，砂仁，木香，厚朴，香附，半夏，陈皮，枳实，甘草,茯苓
TCMF9580,冠心病，心绞痛，脑血栓形成，脑栓塞。,丹参，葛根，郁金，红花，川芎，三七，淫羊藿，冰片，水蛭，麝香,桃仁
TCMF7775,肺心病，气喘，咳嗽，心悸，乏力。,熟地黄，麦冬，天冬，川贝母，丹参，土鳖虫，茯苓，葛根，蛤蚧，补骨脂,西洋参
TCMFx5098,眩晕,黑芝麻,桑叶
TCMF8830,风湿性关节炎，类风湿性关节炎，骨关节炎，腰腿疼痛。,丹参，补骨脂，黄芪，杜仲，防己，没药，乳香，秦艽，威灵仙，木瓜，桃仁，当归，桑寄生，牛膝，续断，桂枝，乌梢蛇，地龙,红花
TCMF8910,肾虚腰痛，阳痿早泄，遗精盗汗，神疲乏力。,补骨脂，巴戟天，淫羊藿，黄芪，续断，麦冬，茯苓，白术，肉苁蓉，锁阳，附子，牡丹皮，五味子，覆盆子，枸杞子，山茱萸，熟地黄，当归，山药,杜仲
TCMF7817,气血两虚，月经不调，崩漏带下，经期腹痛。,炙黄芪，熟地黄，当归，白芍，香附，川贝母，知母，黄连，茯苓，干姜，青蒿，秦艽，牡丹皮，地骨皮，柴胡，延胡索,艾叶
TCMF9194,气滞血瘀所致的胸痹心痛，头痛眩晕，月经不调，痛经。,丹参，当归，川芎，桃仁，柴胡，香附，乌药，枳壳，升麻，桔梗，牛膝，延胡索，甘草,红花
TCMF7857,月经不调，痛经，产后恶露不绝,红花，桃仁，川芎，干姜，当归，续断，炙甘草,益母草
TCMF7321,气虚血弱，崩漏下血，月经不调，面色苍白，神疲乏力。,黄芪，党参，白术，当归，柴胡，陈皮，炙甘草，生姜，大枣,升麻
TCMF11915,气血两虚，头晕目眩，心悸失眠，月经不调。,党参，白术，墨旱莲，女贞子，当归，山药，三七，熟地黄,香附
TCMF12262,痔疮出血，肛裂疼痛，大便带血。,黄芩，槐花，荆芥穗，白芍，黄连，栀子，地榆，乌梅，当归，阿胶,侧柏叶
TCMF11685,肝胆火旺，心烦不宁，头晕目眩，大便秘结。,芦荟，龙胆，黄芩，黄连，栀子，大黄，当归，木香,黄柏
TCMF8998,月经不调，经行腹痛，经色暗淡，面色无华。,玫瑰花，当归，川芎，熟地黄,白芍
TCMF9633,气血两虚，腰膝酸软，头晕耳鸣，失眠多梦，面色苍白。,黄芪，当归，枸杞子，补骨脂，淫羊藿，鸡血藤，芦根，附子，茜草，甘草,麦冬
TCMF12490,面色无华，头晕发枯，疲乏无力，失眠多梦，月经不调,制何首乌，当归，丹参，桑椹，墨旱莲，杜仲，肉苁蓉，黑芝麻，枸杞子，黄芪，山药，知母，天花粉，山楂，蜂蜜,太子参
TCMF8210,风湿痹痛，筋骨疼痛，腰膝酸软，四肢麻木。,丹参，红花，威灵仙，制草乌，穿山龙，千年健，川牛膝，桂枝，甘草,当归
TCMF6168,"腹泻, 痢疾",葛根，黄连，厚朴，白芍，茯苓，山楂，乌梅，甘草，滑石,黄芩
TCMFx360,"胸痹, 眩晕, 症见胸闷, 心前区刺痛, 眩晕, 头疼, 冠心病, 心绞痛, 脑动脉硬化见上述证候者",丹参，何首乌，枸杞子，葛根，川芎，红花，泽泻，牛膝，地龙，郁金，远志,赤芍
TCMF12181,肾虚腰痛，头晕耳鸣，遗精早泄，失眠多梦。,麦冬，柏子仁，补骨脂，炙甘草，党参，五味子，枸杞子，当归，独活，山药，熟地黄，鹿茸,白术
TCMF11803,肾虚腰痛，遗精早泄，阳痿不举，头晕耳鸣，神疲乏力。,补骨脂，肉苁蓉，淫羊藿，黄芪，红参，炙甘草，熟地黄，制何首乌，当归，车前子，茯苓，五味子，覆盆子，金樱子，枸杞子，川芎，蛇床子，小茴香，山药,白术
TCMF7747,心脾两虚，气血不足，心悸失眠，食欲不振，肢倦乏力，崩漏便血。,党参，白术，茯苓，当归，龙眼肉，远志，酸枣仁，木香，甘草，生姜，大枣,黄芪
TCMF8469,心悸失眠，健忘多梦，头晕目眩，腰膝酸软。,黄精，红参，五味子，酸枣仁，枸杞子，熟地黄，苍耳子，远志，龟甲，鹿角胶，鹿角霜，淫羊藿，大枣,鹿茸
TCMF9008,肝肾不足，腰膝酸软，头晕目眩，耳鸣耳聋。,桑寄生，续断，五味子，萹蓄，白芷，柴胡，黄柏,甘草
TCMF956,"风温, 感冒",山银花，连翘，牛蒡子，桔梗，芦根，淡豆豉，甘草，淡竹叶，荆芥，人工牛黄,薄荷
TCMF11043,头痛，鼻塞，流涕，恶寒发热。,川芎，薄荷，荆芥，羌活，白芷，细辛，甘草,防风
TCMF7497,阴虚火旺，梦遗失精，头晕目眩，腰膝酸软，心悸失眠。,天冬，熟地黄，人参，黄柏，甘草,砂仁
TCMF7606,中暑,滑石，朱砂,甘草
TCMF8246,咳嗽，气喘，胸闷，痰多。,黄连，生姜，白芍，苦杏仁，桂枝，甘草，大枣，牡蛎,法半夏
TCMF8766,口腔溃疡，咽喉肿痛，口干舌燥。,薄荷，山豆根，黄连，冰片，儿茶，僵蚕，玄明粉，青黛,甘草
TCMF1734,"病腹满, 发热十日, 脉浮而数, 饮食如故, 厚朴七物汤主之",厚朴，甘草，大黄，枳实，桂枝，生姜,大枣
TCMF11358,脾胃虚弱，食欲不振，消化不良，脘腹胀满。,麦芽，山楂，太子参，陈皮,山药
TCMF8457,火热内盛，咽喉肿痛，牙龈肿痛，口舌生疮，目赤肿痛。,黄芩，大黄，人工牛黄，石膏，桔梗，冰片,甘草
TCMF8798,小儿感冒，发热，咳嗽，咽喉肿痛。,儿茶，胡黄连，冰片，玄明粉，青黛，滑石粉,石膏
TCMF10824,跌打损伤，筋骨疼痛，骨折愈合,炙黄芪，杜仲，党参，白芍，木瓜，川芎，当归，骨碎补，三七，五加皮，续断，熟地黄，菟丝子，自然铜,桂枝
TCMF7573,肾虚腰痛，头晕耳鸣，遗精早泄，神疲乏力。,黄芪，山茱萸，泽泻，牡丹皮，茯苓，山药，枸杞子，菊花,熟地黄
TCMF8961,气血两虚，头晕目眩，心悸失眠，食欲不振，四肢乏力。,党参，白术，当归，阿胶,黄芪
TCMF7834,崩漏，月经过多，淋漓不断，色淡质稀，面色苍白，气短乏力，腰膝酸软，舌淡苔薄，脉沉细无力。,白术，白芍，地榆，当归，牡蛎，海螵蛸,山药
TCMF10322,心悸，气短，胸闷，失眠多梦。,赤芍，五味子，桂枝,麦冬
TCMF9417,脑血栓形成，脑梗死恢复期，脑动脉硬化，脑萎缩等,三七，冬虫夏草，山药，地龙,甘草
TCMF7305,高血压，头痛，眩晕，耳鸣，失眠。,珍珠母，石决明，钩藤，菊花，夏枯草，牛膝，白芍，桑寄生，杜仲，磁石，甘草,黄芩
TCMF10983,肝肾不足，腰膝酸软，头晕耳鸣，须发早白，遗精早泄，失眠多梦。,麦冬，天冬，浙贝母，柏子仁，黄芩，补骨脂，黑豆，炙甘草，炙黄芪，茯苓，麦芽，鸡内金，砂仁，党参，白术,杜仲
TCMF7527,血虚寒凝，月经不调，痛经，肢体麻木。,当归，川芎，桂枝，细辛，通草，甘草，生姜，大枣,白芍
TCMFx389,感冒,陈皮，青皮，麻黄，五味子，甘草，苦杏仁，紫苏叶，桑白皮，生姜,法半夏
TCMF9402,肾虚腰痛，神疲乏力，头晕耳鸣，失眠多梦，遗精早泄。,人参，鹿茸，炙黄芪，肉苁蓉，巴戟天，沙苑子，山药，熟地黄，当归,山茱萸
TCMF8576,泌尿系结石，胆结石，肾结石，膀胱结石。,车前子，广金钱草，皂角刺，三棱，莪术，没药，乳香，赤芍，厚朴，薏苡仁，桃仁，白芷，川牛膝，青皮,枳壳
TCMF10530,气血两虚，头晕目眩，心悸失眠，四肢乏力。,熟地黄，山茱萸，麦冬，五味子，茯苓，当归，川芎，牡丹皮，忍冬藤，沉香,人参
TCMF11264,风寒湿痹，关节疼痛，四肢麻木，腰腿酸痛。,荆芥，防风，全蝎，羌活，川芎，制草乌，制川乌，麻黄，细辛，苍术，当归，制何首乌，石斛，甘草,天麻
TCMF3671,胸痹,川芎,丹参
TCMF3424,"腰痛, 眩晕",红参，鹿茸，蛤蚧，当归，熟地黄，枸杞子，山茱萸，肉苁蓉，巴戟天，杜仲，远志，沉香，茯苓，白术，益智，补骨脂,山药
TCMF11510,火热内盛，口舌生疮，咽喉肿痛，牙痛，便秘。,黄连，黄芩，黄柏，栀子，天花粉，知母，石膏，甘草,玄参
TCMF254,外感发热,柴胡，桂枝，葛根，浮萍，白芍，蝉蜕,黄芩
TCMFx704,乳疬,香附，当归，川芎，白芍，熟地黄，砂仁，陈皮，黄芩,白术
TCMF8182,肾阳不足，腰膝酸软，畏寒肢冷，神疲乏力，头晕耳鸣。,韭菜子，补骨脂，黄芪，沙苑子，炙甘草，杜仲，菊花，何首乌，肉苁蓉，女贞子，巴戟天，枸杞子，当归，蛇床子，山茱萸，仙茅，大枣，丁香，三七,锁阳
TCMF10911,湿疹，皮炎，皮肤瘙痒。,苦参，黄连，苍术，茵陈，地肤子，虎杖，蛇床子，花椒，黄柏，冰片,紫花地丁
TCMF8836,湿热泄泻，腹痛，里急后重。,广藿香，黄芩，茯苓，白芍,黄连
TCMF10230,小儿外感风热所致的咳嗽，症见咳嗽、痰黄黏稠、发热、咽痛。,麻黄，苦杏仁，石膏，桔梗，百部，甘草,紫菀
TCMF994,"痔疮, 便秘",大黄，功劳木，白芷，冰片，猪胆粉,蒺藜
TCMF8227,阴虚内热，头晕目眩，腰膝酸软，遗精盗汗。,龟甲，鳖甲，制何首乌，熟地黄，女贞子，枸杞子，茯苓，泽泻，牡丹皮，车前子，丹参，五味子，覆盆子，桑椹，山楂，当归，狗脊，牛膝,山药
TCMF7223,用于跌打损伤，瘀血肿痛，吐血、咳血、便血、痔血、崩漏下血，手术出血，疮疡肿毒及软组织挫伤，闭合性骨折，支气管扩张及肺结核咳血，溃疡病出血，以及皮肤感染性疾病,三七，重楼，冰片，麝香,草乌
TCMF4544,"健忘, 不寐, 眩晕, 心悸, 阳痿, 遗精",黄精，淫羊藿，苍耳子，麦冬，红参，远志，酸枣仁，五味子，枸杞子，鹿茸，茯苓，大枣，熟地黄，鹿角胶,龟甲
TCMF12188,气血两虚，头晕目眩，心悸失眠，腰膝酸软。,党参，麦冬，制何首乌，当归，枸杞子，女贞子，五味子，牡丹皮，牛膝，菟丝子,甘草
TCMF11144,风寒湿痹，关节疼痛，肢体麻木，腰腿疼痛。,麻黄，桂枝，羌活，独活，川芎，当归，没药，马钱子，附子，制草乌，制川乌，木瓜，川牛膝,乳香
TCMF10947,肾阴虚，腰膝酸软，头晕耳鸣，潮热盗汗，遗精早泄。,熟地黄，天冬，枸杞子，锁阳，白芍，五味子，黄柏，龟甲，干姜,知母
TCMF10532,产后缺乳，乳少，乳汁不通。,黄芪，当归，川芎，漏芦，路路通，王不留行，通草,柴胡
TCMFx5610,"虚劳, 解?",党参，山药，白术，熟地黄，川芎，杜仲叶，茯苓，当归，黄芪，玉竹，甘草,白芍
TCMFx5827,麻疹,羚羊角，天竺黄，朱砂，甘草，冰片，金银花，紫草，连翘，牛蒡子，浮萍，赤芍，西河柳，牛黄，黄连，葛根，川贝母,水牛角
TCMF11363,脾胃虚弱，食欲不振，脘腹胀满，四肢乏力，大便溏泄。,炙黄芪，党参，白术，砂仁，川贝母，荆芥，艾叶，白芍，厚朴，川芎，当归，羌活，香附，菟丝子，枳壳,陈皮
TCMF6063,眩晕,泽泻，白术，茯苓，陈皮，半夏，女贞子，墨旱莲，牛膝，甘草,菊花
TCMF11758,跌打损伤，瘀血肿痛，风湿痹痛。,大蒜，芦荟，苏木，没药，乳香，三棱，莪术，砂仁，生姜，苍耳子,侧柏叶
TCMF3779,"不寐, 眩晕, 解?, 崩漏, 便血",党参，白术，甘草，茯苓，远志，酸枣仁，龙眼肉，当归，木香，大枣，生姜,黄芪
TCMF10273,小儿厌食，食欲不振，消化不良。,甘草，茯苓，麦芽，山楂，三棱，大黄，肉豆蔻，香附，枳壳，槟榔,陈皮
TCMF11532,跌打损伤，筋骨疼痛，肌肉酸痛。,没药，乳香，川芎，乌药,郁金
TCMF10427,失眠，健忘，头晕，头痛，神经衰弱。,鹿茸，制何首乌，淫羊藿，甘草，大枣,干姜
TCMF7292,头晕心悸，目眩耳鸣，健忘无力。亦可用于脑动脉硬化，冠心病，前列腺增生，更年期综合征，病后虚弱等症。,人参，黄芪，黄精，枸杞子，女贞子，淫羊藿，丹参，麦冬，菟丝子，酸枣仁，甘草,茯苓
TCMF12317,肾阳不足，腰膝酸软，畏寒肢冷，神疲乏力。,海龙，海马，黄芪，人参，熟地黄，当归，玉竹，石斛，丹参，白芍，牡丹皮，小茴香，桑寄生，狗脊，菟丝子，泽泻，甘草,豆蔻
TCMF4190,"疳病, 腹泻",白术，茯苓，诃子，车前子，莲子，白扁豆，鸡内金，山药，薏苡仁，石榴皮，木香,党参
TCMF10138,脾胃虚弱，食少便溏，脘腹胀满，呕吐吞酸。,广藿香，茯苓，白术，豆蔻，木香，厚朴，香附，半夏，陈皮，枳实，甘草,砂仁
TCMF10791,痔疮出血，肛门肿痛，大便干燥。,槐花，白茅根，茵陈，白芍，地榆，金银花，火麻仁，三七，枳壳,紫珠叶
TCMF8586,肾虚腰痛，阳痿早泄，遗精滑精，头晕耳鸣，神疲乏力，腰膝酸软。,海马，人参，枸杞子，淫羊藿，肉苁蓉，巴戟天，锁阳，牛膝，杜仲，续断，狗脊，骨碎补，当归，白芍，熟地黄，川芎,鹿茸
TCMF9616,肾精不足，腰膝酸软，头晕耳鸣，神疲乏力。,黄精，鹿茸,人参
TCMF9891,风湿性关节炎，类风湿性关节炎，骨关节炎等引起的关节疼痛、肿胀、活动不利。,马钱子粉，当归，全蝎,川牛膝
TCMFx572,"气血两亏, 阳虚气弱, 心跳气短, 失眠健忘, 遗精盗汗, 腰腿酸软, 耳聋耳鸣",鹿茸，红参，茯苓，山药，熟地黄，当归，川芎，补骨脂，牛膝，枸杞子，麦冬，五味子，酸枣仁，远志，朱砂,玄参
TCMF8603,清热解毒，消肿止痛。用于治疗疮疡肿毒，丹毒，蜂窝组织炎，乳腺炎等。,黄芩，紫花地丁，蒲公英，野菊花，大黄，连翘，柴胡，当归，大青叶,赤芍
TCMF8667,肝肾不足，腰膝酸软，头晕目眩，高血压。,葛根，杜仲，何首乌，钩藤，莱菔子，骨碎补，三七，熟地黄,鹿衔草
TCMFx858,"脑梗塞, 冠心病, 心绞痛",黄芪，赤芍，丹参，川芎，桃仁，红花，乳香，没药，鸡血藤，牛膝，桂枝，桑枝，地龙，全蝎，水蛭,当归
TCMF10610,小儿脾胃虚弱，食少便溏，消化不良，脘腹胀满。,白术，山药，白扁豆，木香，鸡内金，人工牛黄,川贝母
TCMF10617,瘀血痹阻，肢体麻木，关节疼痛。,没药，乳香，姜黄，红花，威灵仙，川芎，当归，香附，川牛膝,丹参
TCMF7292,头晕心悸，目眩耳鸣，健忘无力。亦可用于脑动脉硬化，冠心病，前列腺增生，更年期综合征，病后虚弱等症。,人参，黄芪，黄精，枸杞子，女贞子，淫羊藿，丹参，麦冬，菟丝子，酸枣仁，茯苓,甘草
TCMF9118,气血两虚，心悸失眠，食欲不振，肢倦乏力。,人参，黄芪，白术，茯苓，甘草，当归，川芎，白芍，熟地黄，五味子，远志，石菖蒲，肉桂，陈皮，生姜，大枣,麦冬
TCMF11341,感冒发热，头痛鼻塞，咳嗽痰多，咽喉肿痛。,薄荷，荆芥穗，黄芩，赤小豆，麻黄，白茅根，淡竹叶，芦根，天花粉，桔梗，苍耳子，菊花，牛蒡子，佩兰，青蒿，紫菀，蓼大青叶，蔓荆子，甘草,紫苏子
TCMF11938,风寒湿痹，关节疼痛，肌肉酸痛，肢体麻木。,三棱，莪术，红花，赤芍，秦艽，香加皮，麻黄，细辛，草乌，川乌，威灵仙，枳实，桃仁，白芷，当归，独活，防风，羌活，香附,大黄
TCMF9274,湿热蕴结，小便不利，淋沥涩痛，口苦咽干，舌苔黄腻。,知母，黄柏，侧柏叶，车前子，川木通，泽泻，茯苓，猪苓，薏苡仁，石斛，大黄，牡丹皮，连翘，地骨皮，玄参，陈皮，甘草,当归
TCMF7329,喑痱证，舌强不能言，足废不能用，口干不欲饮，足冷面赤，脉沉细弱。,熟地黄，山茱萸，石斛，肉苁蓉，附子，五味子，茯苓，石菖蒲，远志，生姜，大枣,麦冬
TCMF666,"喉痹, 喉喑",金银花，连翘，玄参，板蓝根，赤芍，黄芩，桑叶，菊花，前胡，苦杏仁，牛蒡子，泽泻，胖大海，僵蚕，蝉蜕,木蝴蝶
TCMF8048,咳嗽，痰多，气喘。,百部，桑白皮，桔梗，连翘，远志，陈皮，甘草,黄芩
TCMF10555,冠心病，心绞痛，心肌梗死，胸闷，心悸。,丹参，川芎，赤芍，降香，乳香，没药，冰片，三七，人参,红花
TCMF9135,消渴病，症见口渴多饮、多食易饥、尿频量多、形体消瘦、疲乏无力。,黄精，葛根，黄芪，天花粉，枸杞子,大黄
TCMF10535,慢性肾小球肾炎，蛋白尿，水肿，腰膝酸软。,黄芪，炙甘草，茯苓，白术，生姜，白芍，黄连，独活，防风，羌活，大枣，清半夏，陈皮，泽泻，人参,柴胡
TCMF9747,肾虚阳痿，腰膝酸软，头晕耳鸣，神疲乏力,韭菜子，淫羊藿，丹参，枸杞子，蛇床子，鹿茸,人参
TCMF8356,咽喉肿痛，口舌生疮，牙龈肿痛，便秘。,桔梗，龙胆，黄连，连翘，金银花，芒硝,牛蒡子
TCMF8254,妇人宿有癥块，或血瘀经闭，行经腹痛，产后恶露不尽。,桂枝，茯苓，赤芍，牡丹皮,桃仁
TCMF12098,高血压，头痛，眩晕，心悸，失眠。,黄芩，夏枯草，甘草，槐花，淡竹叶，木香，龙胆，钩藤，制天南星，黄柏，冰片，牛黄，朱砂，珍珠母,莲子心
TCMF11751,肝肾阴虚，头晕目眩，耳鸣耳聋，腰膝酸软，视物昏花。,山茱萸，熟地黄，山药，当归，白芍，川芎，牡丹皮，泽泻，茯苓，菊花,枸杞子
TCMF10169,消渴，口渴多饮，多食易饥，尿频量多，形体消瘦，气短乏力。,麦冬，天花粉，黄连，茯苓，牡丹皮，五味子，枸杞子，红参，石膏,黄芪
TCMFx877,上呼吸道感染,大青叶，蒲公英，紫花地丁,甘草
TCMFx6258,"眩晕, 耳聋, 耳鸣",葛根，黄柏，白芍，蔓荆子，党参，黄芪，甘草,升麻
TCMF11197,气虚自汗，盗汗，面色苍白，四肢无力。,黄芪，白术，麻黄根，五味子，牡蛎,党参
TCMFx3047,"腹胀, 胁痛",沉香，木香，柴胡，厚朴，豆蔻，砂仁，郁金，防风，葛根，乌药，枳壳，陈皮，槟榔，麦芽，谷芽，前胡，青皮，白芷，檀香，降香，羌活，广藿香，甘草,桔梗
TCMF7418,"肝肾不足, 阴虚有热, 头晕目眩, 视物昏花",熟地黄，山茱萸，山药，泽泻，牡丹皮，茯苓，枸杞子,菊花
TCMFx7334,病毒性心肌炎，心肌损伤,玉竹，麦冬，丹参，苦参，黄连，人工牛黄，蟾酥，冰片,降香
TCMFx5865,"急惊风, 积滞",钩藤，僵蚕，天麻，全蝎，黄连，大黄，胆南星，浙贝母，天竺黄，法半夏，化橘红，滑石，牛黄，朱砂，冰片,麝香
TCMF10711,风湿痹痛，肢体麻木，腰腿疼痛，跌打损伤。,苏木，路路通，大黄，草乌，川乌，栀子，木瓜，独活，羌活，半夏，花椒,天南星
TCMF8412,风寒湿痹，关节疼痛，屈伸不利，瘀血阻络。,丹参，没药，乳香，麻黄，制草乌，制川乌，当归,威灵仙
TCMF8817,胆结石，胆囊炎，胆管炎，胆道感染。,金钱草，黄芩，茵陈，郁金，木香，大黄，枳实，槟榔，芒硝,厚朴
TCMF9172,气血两虚，心悸失眠，食欲不振，肢倦乏力。,黄芪，龙眼肉,当归
TCMF10147,肝郁脾虚所致的郁闷不舒、胸胁胀痛、头晕目眩、食欲减退、月经不调。,柴胡，当归，白芍，白术，茯苓，炙甘草，生姜,薄荷
TCMF510,"月经失调, 痛经",当归，香附，白芍，延胡索，大枣，川芎，赤芍，熟地黄，甘草,白术
TCMF12536,头痛，身痛，发热恶寒，胸膈痞闷，恶心呕吐，腹痛泄泻,当归，川芎，白芍，熟地黄，苍术，陈皮，半夏，茯苓，枳壳，桔梗，前胡，羌活，独活，香附，白芷，防风，甘草,厚朴
TCMF12436,背部或四肢疔疮，红肿疼痛，或有脓头,木香，沉香，乳香，没药，血竭，巴豆,丁香
TCMF3094,"疳病, 夜啼",太子参，茯苓，薏苡仁，白术，白扁豆，甘草，芡实，北沙参，山楂，陈皮，山药，麦芽，莲子,石菖蒲
TCMF12479,皮肤出现带状疱疹，灼热疼痛，口苦咽干，心烦易怒，尿黄便秘,蜂胶，牡丹皮，灯盏细辛,苦参
TCMFx6354,痹病,川乌，香附，川芎，麻黄，草乌，秦艽，当归，赤小豆，羌活，赤芍，细辛，天南星，白芷，甘草，白术，没药，乳香，地龙，茯苓，桂枝，天麻，防风，朱砂,甘松
TCMF8625,胃痛，痞满，消化不良,木香，延胡索，金荞麦，黄连,砂仁
TCMF10868,气血两虚，头晕目眩，心悸失眠，月经不调。,黄芪，当归，熟地黄，白术，茯苓，川芎，丹参，甘草,党参
TCMF8185,肺虚久咳，气短乏力，痰多色白。,黄芪，五味子，淫羊藿，矮地茶，蜂蜜,苦杏仁
TCMF9848,血热瘀滞所致的皮肤紫斑、荨麻疹、皮肤瘙痒等。,桃仁，紫草，白薇，苍术，降香，甘草,红花
TCMF9426,乳腺增生，乳痛症，乳腺囊性增生病等。,浙贝母，夏枯草，郁金，丝瓜络，漏芦，赤芍，茜草，甘草,柴胡
TCMFx1441,"发热, 神昏, 痉病, 咳嗽",羚羊角，浙贝母，大黄，甘草，青礞石，石膏，黄芩，牛黄,朱砂
TCMF11699,脾胃虚寒，脘腹冷痛，呕吐泄泻，食欲不振。,肉桂，草豆蔻，木香，桔梗，儿茶，冰片，甘草,小茴香
TCMF11781,跌打损伤，骨折，瘀血肿痛。,自然铜，朱砂，儿茶，苏木，没药，乳香，红花，赤芍，川芎，当归，骨碎补，三七，牛膝，续断，桂枝，血竭，土鳖虫，麻黄，马钱子,麝香
TCMF7531,慢性肝炎，肝硬化，肝功能不全。,黄芪，当归，白芍，丹参，郁金，茵陈，板蓝根，甘草,柴胡
TCMF12266,咳嗽痰多，胸闷气促，咽喉肿痛。,百部，川贝母，麦冬，天冬，知母，紫苏叶，炙甘草，桔梗，款冬花，木香，大黄，马兜铃，密蒙花，五味子，苦杏仁，前胡，桑叶，葶苈子，姜半夏,玄参
TCMFx5250,胃脘痛,黄精，高良姜，莱菔子，鹿角胶，白术，人参，苍术，陈皮，淫羊藿，肉桂，红花，黄芪，五味子,丁香
TCMF7611,癫狂病,牛黄，朱砂，黄连，黄芩，栀子，郁金，胆南星，冰片，雄黄，巴豆霜,珍珠
TCMF8077,急性咽炎，慢性咽炎急性发作，咽痛，咽干，咽痒。,薄荷，荆芥，桔梗，牛蒡子，赤芍，玄参，射干，蝉蜕,甘草
TCMF11645,风热感冒，头痛，发热，咽喉肿痛。,薄荷，石膏,甘草
TCMF11285,咽喉肿痛，口腔溃疡，牙龈肿痛。,细辛，黄连，五倍子，牛黄，水牛角，蟾酥，麝香，珍珠,冰片
TCMFx6120,"伤食, 积滞, 疳病",枳壳，三棱，黄芩，莪术，厚朴，青皮，陈皮，大黄，牵牛子，香附，木香，巴豆霜，朱砂,槟榔
TCMF10806,热毒壅盛所致的疮疡肿毒，咽喉肿痛，丹毒，淋巴结炎。,黄芩，夏枯草，天花粉，紫花地丁，蒲公英，虎杖，赤芍，白芷，柴胡，当归，防风，板蓝根，胆南星，玄参，人工牛黄,皂角刺
TCMF8949,气血两虚，月经不调，痛经，闭经，产后瘀血腹痛。,人参，黄芪，麦冬，益母草，麦芽，郁金，当归，通草,路路通
TCMF12314,肾阳不足，脾胃虚弱，腰膝酸软，四肢无力，畏寒肢冷，食欲不振。,附子，人参，炙甘草，杜仲，肉苁蓉，锁阳，制何首乌，茯苓，山药，枸杞子，远志，沉香，肉桂，鹿角胶,鹿茸
TCMF6675,"清热解毒, 燥湿止泻。用于腹泻, 痢疾, 伤食泄泻, 脘腹疼痛, 口臭, 嗳气, 急慢性肠炎等症。",金果榄，苦参，地榆,功劳木
TCMF9752,感冒发热，咽喉肿痛，咳嗽痰黄。,大青叶，桑叶，芦根，甘草,石膏
TCMF10849,热病神昏，高热惊厥，烦躁不安，口渴引饮，尿赤便秘，小儿惊风。,石膏，羚羊角，玄参，升麻，甘草，沉香，丁香，芒硝，滑石，朱砂，磁石，麝香,木香
TCMF11087,鼻塞，流涕，头痛，过敏性鼻炎，鼻窦炎。,黄芩，苍耳子，蒲公英，麻黄，辛夷，白芷，石菖蒲,细辛
TCMF8021,血瘀证，症见肢体麻木，疼痛，肿胀等。,土茯苓，重楼，金钱草，泽兰，皂角刺，猪苓，三棱，莪术，虎杖，大黄，王不留行，三七，淫羊藿，牵牛子，地龙，海马,蒲公英
TCMF8976,肺肾阴虚，潮热盗汗，咽干咳血，眩晕耳鸣，腰膝酸软，消渴。,熟地黄，山药，泽泻，茯苓，牡丹皮，麦冬，五味子,山茱萸
TCMF11475,感冒发热，头痛，咳嗽，咽痛。,泽兰，北豆根，白薇，五味子,枳实
TCMF10109,肾虚腰痛，阳痿早泄，遗精，尿频，腰膝酸软。,淫羊藿，枸杞子，杜仲，巴戟天，肉苁蓉，菟丝子，熟地黄，当归，茯苓，泽泻，牛膝,牡丹皮
TCMF10552,心悸，失眠，健忘，心烦，口干咽燥。,麦冬，知母，五味子，当归，人参,石菖蒲
TCMF10251,感冒发热，头痛，咳嗽，咽痛。,广藿香，白薇，连翘，地骨皮，金银花，石膏,青黛
TCMF9308,热病发热，咽喉肿痛，口舌生疮，牙龈肿痛。,石膏，麦冬，红花，瞿麦，檀香，苦地丁，人工牛黄,胡黄连
TCMF11117,冠心病，心绞痛。,三七，冰片，甘草,丹参
TCMF10176,脾胃虚弱，食欲不振，消化不良，体倦乏力。,人参，白术，山楂，五味子,麦芽
TCMF10419,肾阳不足，腰膝酸软，畏寒肢冷，性功能减退。,巴戟天，淫羊藿，山茱萸，锁阳，熟地黄，砂仁，蛇床子，海马，蛤蚧,九香虫
TCMF11585,风寒感冒，头痛，鼻塞，肢体酸痛。,木香，荆芥，防风，独活，川芎，白芷，细辛，薄荷，甘草,羌活
TCMF12171,用于治疗慢性肝炎、肝硬化等属肝郁脾虚、湿热内阻者。,丹参，沙苑子，虎杖，麻黄，当归，石榴皮,何首乌
TCMF11929,心绞痛，胸闷，气短，心悸。,三七，冰片，麝香，人参，牛黄，珍珠,蟾酥
TCMF11002,跌打损伤，瘀血肿痛，风湿痹痛。,三七，红花，乳香，没药，甘松，木香，香附，细辛，白芷，制草乌，制川乌，朱砂，冰片,血竭
TCMF5427,胃脘痛,厚朴，豆蔻，陈皮，青皮，枳壳，郁金，山楂，柴胡，木香，香附，片姜黄，甘草,砂仁
TCMFx6226,"咳嗽, 便秘",玄参，知母，麦冬，竹茹，紫苏子，槟榔，桔梗，胆南星，桑白皮，川贝母，天花粉，瓜蒌子，甘草，紫苏叶,苦杏仁
TCMF10206,风湿性关节炎，类风湿性关节炎，跌打损伤，肌肉疼痛。,红花，麻黄，川芎，当归，青皮，冰片,茜草
TCMF11751,肝肾阴虚，头晕目眩，耳鸣耳聋，腰膝酸软，视物昏花。,山茱萸，熟地黄，山药，枸杞子，当归，白芍，牡丹皮，泽泻，茯苓，菊花,川芎
TCMF9296,月经不调，崩漏，带下病，功能性子宫出血。,墨旱莲，赤芍，牡丹皮，女贞子，茜草，地榆，地骨皮，枸杞子，黄柏，海螵蛸,白芍
TCMF12357,脘腹胀满，食欲不振，恶心呕吐，嗳气吞酸，脉弦,半夏，槟榔,雄黄
TCMF8298,表虚自汗，易感风邪，体虚感冒。,黄芪，白术，防风，白芍，桂枝，生姜,大枣
TCMF11808,冠心病，心绞痛，心律失常，高血压，高脂血症,丹参，黄芪，茯苓，附子，山药，锁阳，泽泻,益母草
TCMF11123,小儿惊风，高热抽搐，神昏惊厥，痰热壅盛。,薄荷，天竺黄，天麻，钩藤，防风，白附子，牛膝，牛黄，全蝎，蝉蜕，甘草,冰片
TCMFx366,"心血淤阻所致胸痹心痛, 心绞痛, 冠心病",牡丹皮,丹参
TCMF9594,肾虚，腰膝酸软，头晕耳鸣，阳痿早泄，遗精盗汗。,黄芪，红参，制何首乌，熟地黄，肉苁蓉，茯苓，白术，车前子，菟丝子，覆盆子，金樱子，川芎，当归，蛇床子，小茴香，山药，淫羊藿,五味子
TCMF11743,小儿惊风，痰热壅盛，神昏抽搐，咽喉肿痛。,朱砂，牛黄，麻黄，冰片，灯心草，蟾酥，白矾，青黛，珍珠，雄黄,麝香
TCMFx4820,"产后血晕, 中风, 腹痛, 类霍乱",苏合香，广藿香，甘草，天麻，防风，丁香，羌活，乳香，半夏，檀香，木香，豆蔻，乌药，没药，香附，肉豆蔻，诃子，砂仁，荜茇，沉香，薄荷，白术，冰片，细辛，麝香，朱砂，水牛角,猪牙皂
TCMFx7083,脾胃虚弱，食少便溏，气短咳嗽，肢倦乏力。,山药，白术，茯苓，薏苡仁，白扁豆，莲子，砂仁，桔梗，甘草,人参
TCMF11545,湿热蕴结，脾胃不和，胸腹胀满，大便不通。,天花粉，白术，大黄，山楂，前胡，半夏，陈皮，枳实,槟榔
TCMF9249,痰热咳嗽，痰多黄稠，胸闷口苦。,黄芩，桔梗，苦杏仁，鱼腥草，白果，猪胆粉,荆芥
TCMFx3603,感冒,党参，紫苏叶，桔梗，半夏，葛根，茯苓，陈皮，前胡，甘草，麦冬，桑白皮,枳壳
TCMF7456,肝气郁结，胸胁胀痛，脘腹疼痛，月经不调。,柴胡，枳壳，香附，延胡索，甘草,白芍
TCMF9808,感冒发热，头痛，咳嗽，鼻塞，流涕，咽痛，乏力等。,薄荷，荆芥，紫苏叶，菊花，连翘，芦根，桔梗，鱼腥草，桑叶，甘草,苦杏仁
TCMF9159,便秘，肠燥便秘，老年性便秘。,决明子，何首乌，核桃仁，肉苁蓉，黑芝麻，当归，枳实，苦杏仁，桃仁,黄芪
TCMF10296,肾阳不足，腰膝酸软，畏寒肢冷，夜尿频多，阳痿早泄。,附子，肉桂，杜仲，补骨脂，淫羊藿，党参，白术，鹿衔草，山茱萸，女贞子，覆盆子，五味子，柏子仁，远志，车前子，沙苑子，葛根，蛇床子,锁阳
TCMF8690,肝风内动，头晕目眩，耳鸣，肢体麻木。,天麻，龙胆，法半夏，熟地黄，龟甲，僵蚕，青礞石,钩藤
TCMFx5206,"耳聋, 遗精, 盗汗",人参，鹿茸，补骨脂，巴戟天，当归，牛膝，茯苓，菟丝子，黄芪，龙眼肉，五味子，黄柏，香附，冬虫夏草,杜仲
TCMF8769,口腔溃疡，口舌生疮，牙龈肿痛,冰片，青黛,白矾
TCMF10170,糖尿病，口渴多饮，多食易饥，尿频量多。,知母，地锦草，黄连，蒲黄,苍术
TCMF9403,风寒感冒，咳嗽痰多，脾胃虚弱。,干姜，党参,浙贝母
TCMF12228,肝胆湿热所致的头晕头痛、耳聋耳鸣、耳内流脓。,黄芩，龙胆，栀子，川木通，泽泻，当归，羚羊角,甘草
TCMF10752,咳嗽，痰多，气喘,百部，薄荷，荆芥，桔梗，鱼腥草，罂粟壳，陈皮，甘草,前胡
TCMF11648,咳嗽，痰多，气喘。,百合，川贝母，麦冬，款冬花，麻黄，马兜铃，苦杏仁，桑白皮，西青果，姜半夏，白果，石膏,黄芩
TCMF9479,气血两虚，心悸失眠，食欲不振，腰膝酸软。,黄芪，黄精，丹参，当归，女贞子，山楂，陈皮，龟甲胶，鹿角胶,枸杞子
TCMF10657,痛经，月经不调，寒凝血瘀型腹痛。,细辛，当归，小茴香，肉桂,延胡索
TCMF11050,清热解毒，润肺止咳，用于肺热咳嗽，痰多喘促。,知母，何首乌，马兜铃，五味子,甘草
TCMFx344,"雀斑, 酒糟鼻, 粉刺",柴胡，红花，薄荷，当归，赤芍,黄芩
TCMF8910,肾虚腰痛，阳痿早泄，遗精盗汗，神疲乏力。,补骨脂，巴戟天，淫羊藿，黄芪，杜仲，续断，茯苓，白术，肉苁蓉，锁阳，附子，牡丹皮，五味子，覆盆子，枸杞子，山茱萸，熟地黄，当归，山药,麦冬
TCMF128,感冒,白芍，甘草，生姜，麻黄，桂枝，大枣,葛根
TCMF7350,冠状动脉硬化引起的心绞痛，胸闷气短，心气不足，瘀血作痛。,丹参，川芎，三七，桃仁，红花，赤芍，黄精，麦冬，枸杞子，郁金，降香，木香，陈皮,人参
TCMF8510,糖尿病及其并发症，如糖尿病周围神经病变、糖尿病肾病等。,黄精，太子参，玄参,黄芪
TCMFx3345,"哮病, 喘病, 肺心病, 肺胀",白果，苦杏仁，桑白皮，陈皮，黄芩，白前，苦参，甘草，茯苓,地龙
TCMF8032,月经不调，肾虚腰痛，气血两虚。,益母草，丹参，当归，川芎，熟地黄，山茱萸，巴戟天，淫羊藿，牡丹皮，白芍，人参,知母
TCMF10120,月经不调，痛经，经行腹痛，乳房胀痛，带下量多。,香附，当归，白芍，党参，白术，茯苓，黄芩，天冬，益母草，山茱萸，酸枣仁，熟地黄，延胡索，陈皮，阿胶，艾叶，砂仁，甘草,川芎
TCMF11877,肝郁气滞，脾胃虚弱，气血不足。,柴胡，白芍，当归，白术，麦冬，阿胶，干姜，桔梗，防风，大豆黄卷，苦杏仁，川芎，白蔹，大枣，山药，桂枝，人参，甘草,茯苓
TCMF7324,高脂血症，肝郁脾虚。,黄芪，白术，茯苓，泽泻，山楂，柴胡，丹参,决明子
TCMF11890,气滞血瘀所致的胸痹心痛，胸闷，心悸，眩晕，脘腹胀痛。,丹参，没药，乳香，郁金，血竭，川楝子，香附，白芍，陈皮，甘草,木香
TCMF12454,胃脘冷痛，恶心呕吐，食欲不振，四肢不温,高良姜，木香，陈皮，人参，茯苓，白术，胡椒，丁香，甘草,草果
TCMF7701,风痱，偏瘫痿痹,人参，黄芪，川芎，天麻，全蝎，炙甘草,当归
TCMF7150,各种颈椎病引起的疼痛。,熟地黄，何首乌，白芍，黑芝麻，枸杞子，鹿茸，骨碎补，狗脊，千年健，地枫皮，威灵仙，蛇蜕，木瓜，丹参，黄芪，天麻，葛根，桂枝，牛膝，乳香，没药，甘草,当归
TCMF5355,跌打损伤,土鳖虫，乳香，没药，血竭，半夏，当归，砂仁，雄黄，甜瓜子,巴豆霜
TCMF9750,风热感冒，发热头痛，咳嗽咽痛，鼻塞流涕。,薄荷，荆芥，淡豆豉，金银花，连翘，桔梗，牛蒡子，淡竹叶，甘草,栀子
TCMF11338,跌打损伤，瘀血肿痛，筋骨疼痛。,鸡血藤，丹参，赤芍，川芎，桃仁，红花，三棱，莪术，乳香，没药，牛膝，土鳖虫，血竭，自然铜，骨碎补，续断，桑寄生，木香，香附，延胡索，甘草,当归
TCMF8290,风湿性关节炎，类风湿性关节炎，风寒湿痹，关节疼痛，肢体麻木。,荆芥，防风，防己，苍术，秦艽，威灵仙，制川乌，川芎，当归，羌活，香附，延胡索，桂枝，土鳖虫，地龙,独活
TCMF7846,湿热下注、气血瘀滞所致的带下病、腹痛。,丹参，苦参，三棱，莪术，川楝子，香附，当归，山药，芡实，延胡索，黄柏，蜂蜜,赤芍
TCMFx6261,"腰痛, 痹病",淫羊藿，巴戟天，穿山龙，地龙，威灵仙，狗脊，川牛膝，豨莶草，乌梅，鹿角胶，鹿衔草，木瓜，没药，海龙，杜仲,枸杞子
TCMF10557,肾虚腰痛，头晕目眩，失眠多梦，遗精早泄。,黄精，当归，淫羊藿,枸杞子
TCMFx1174,"月经失调, 痛经, 症积",益母草，当归，白芍，柴胡，川芎,木香
TCMF1121,百日咳,天冬,麦冬
TCMF11759,心血瘀阻引起的胸痹心痛、冠心病、心绞痛。,丹参，三七，川芎，红花，葛根,冰片
TCMF7285,产后气血亏损，乳少，无乳，乳汁不通等症。,黄芪，熟地黄，党参，当归，川芎，白芍，穿山甲，通草，路路通，瞿麦，漏芦，天花粉，柴胡，鹿角霜,王不留行
TCMF11540,肾阳不足，腰膝酸软，畏寒肢冷，神疲乏力。,黄芪，红参，肉苁蓉，附子，茯苓，山药，当归，鹿茸，五味子，牛膝，远志,菟丝子
TCMF8152,子宫肌瘤，子宫内膜异位症，盆腔炎性包块。,黄芩，桃仁，白芍，蒲黄，枳实，土鳖虫，水蛭，牡蛎,甘草
TCMF9250,湿热黄疸，胆道感染，胆囊炎，胆石症。,大黄，黄连，栀子，冰片，人工牛黄,郁金
TCMF3382,虚劳,人参，熟地黄，山药，牛膝，甘草，肉桂，桑寄生，当归，党参，白术，川芎，白芍，何首乌，龙眼肉,鹿茸
TCMFx5610,虚劳,党参，山药，白术，熟地黄，川芎，杜仲叶，茯苓，黄芪，玉竹，白芍，甘草,当归
TCMF7456,肝气郁结，胸胁胀痛，脘腹疼痛，月经不调。,白芍，枳壳，香附，延胡索，甘草,柴胡
TCMF11624,胆石症，胆囊炎，胆道感染。,金钱草，黄芩，茵陈，大黄，栀子，三棱，郁金，乳香，没药，甘草，白矾,陈皮
TCMF11703,气滞血瘀所致的胸胁胀痛，月经不调，痛经。,丹参，木香，柴胡，香附，大黄，赤芍，牡丹皮，桃仁，川芎，当归，牛膝，延胡索，枳壳,红花
TCMF10862,湿热蕴结所致的胃痛、痞满、纳呆、便秘、腹痛、胁痛。,大黄，川木香，陈皮，甘草,石菖蒲
TCMF485,"两胁胀痛, 心烦易怒, 倦怠食少, 月经不调, 更年期综合征",柴胡，白芍，茯苓，甘草，当归，白术，牡丹皮，薄荷，生姜,栀子
TCMF7636,小儿感冒，发热头痛，咳嗽鼻塞，咽喉肿痛。,金银花，连翘，板蓝根，大青叶，薄荷，桔梗，甘草,菊花
TCMF12270,咳嗽痰多，气喘胸闷，痰稠不易咳出。,百合，川贝母，紫苏子，瓜蒌子，麻黄，法半夏，白果，陈皮，甘草,款冬花
TCMF11873,中风瘫痹，肢体拘挛，言语不利，口眼歪斜。,黄精，制何首乌，广藿香，葛根，茯苓，白术，乳香，红花，大黄，秦艽，麻黄，细辛，赤芍，茜草，附子，两头尖，草豆蔻，木瓜,黄芩
TCMF12493,月经不调，经血色紫有块，小腹胀痛，拒按，舌质紫黯或有瘀点，脉弦涩,川牛膝，当归，白芍，延胡索，木香，桃仁，桂枝,牡丹皮
TCMF7440,外寒内热，表里俱实，恶寒壮热，头痛咽干，小便短赤，大便秘结，瘰疬初起，风疹湿疮。,麻黄，荆芥，防风，薄荷，大黄，芒硝，滑石，栀子，石膏，黄芩，桔梗，当归，川芎，白芍，白术，甘草,连翘
TCMF10761,心悸失眠，头晕目眩，脾胃虚弱，腰膝酸软。,当归，川芎，白术，甘草，干姜，鹿衔草，淫羊藿，泽泻，半夏,酸枣仁
TCMF5133,胁痛,柴胡，当归，白芍，赤芍，白术，薄荷，甘草，生姜，郁金，延胡索，川楝子，木香，陈皮，半夏，黄芩，川芎，莱菔子,香附
TCMF9160,肺结核，慢性支气管炎，肺气肿，哮喘等呼吸系统疾病。,百部，川贝母，黄芩，夏枯草，白及，冬虫夏草，连翘，地骨皮，鱼腥草，乌梢蛇，蛤蚧，鳖甲，珍珠,黄芪
TCMF10884,肾虚腰痛，腰膝酸软，头晕耳鸣，遗精早泄，阳痿不育。,巴戟天，肉苁蓉，杜仲，狗脊，牛膝，党参，白术，炙甘草，制何首乌，熟地黄，枸杞子，韭菜子，天花粉，远志，泽泻，当归，山药，芡实,菟丝子
TCMF9244,肾虚腰痛，阳痿早泄，心悸失眠，神疲乏力。,杜仲，肉苁蓉，巴戟天，防风，蛇床子，菟丝子，远志，海马，海龙,五味子
TCMF7633,血劳,党参，黄芪，茯苓，白术，当归，龙眼肉，酸枣仁，木香，甘草,远志
TCMF8034,肾阳不足，腰膝酸软，畏寒肢冷，神疲乏力。,淫羊藿，杜仲，山茱萸，山药，熟地黄，枸杞子，甘草,肉桂
TCMF10152,寒湿困脾，脘腹胀满，食欲不振，大便溏泄。,艾叶，苍术，白术，茯苓，厚朴，甘草,陈皮
TCMF9950,冠心病，心绞痛，脑梗死，血栓闭塞性脉管炎。,丹参，川芎，赤芍，红花，三七，水蛭，黄芪，当归，甘草,地龙
TCMF11409,清热解毒，凉血消肿，用于火热内盛，咽喉肿痛，牙龈肿痛，口舌生疮，目赤肿痛。,黄芩，黄连，黄柏，栀子，大黄，连翘，薄荷，荆芥穗，菊花，白芷，川芎，防风，桔梗，甘草，冰片，牛黄，石膏,蔓荆子
TCMF7046,"湿热带下, 热淋",当归，川芎，茯苓，木通，陈皮，土茯苓，金银花,大黄
TCMF7708,骨蒸劳热，午后潮热，夜间盗汗，口干咽燥，烦躁失眠，舌红少苔，脉细数。,秦艽，鳖甲，地骨皮，柴胡，当归，青蒿，乌梅,知母
TCMF7485,乳腺增生，乳房胀痛，乳癖。,柴胡，白芍，当归，丹参，天花粉，鹿角霜，夏枯草，牡蛎，昆布,王不留行
TCMF4232,"月经失调, 痛经",香附，党参，白术，茯苓，当归，白芍，川芎，茺蔚子，甘草,熟地黄
TCMF10585,支气管哮喘，慢性支气管炎，喘息性支气管炎。,苦参，麻黄，白果,黄芩
TCMF9674,肾阳不足，腰膝冷痛，阳痿早泄，气短乏力。,肉桂，天冬，刀豆，荜茇，豆蔻，红花,麝香
TCMFx1033,腰痛,杜仲叶，白术，肉桂，狗脊，泽泻，补骨脂，当归，牛膝，乳香，赤芍，土鳖虫,续断
TCMF7029,"痢疾, 便脓血, 腹痛, 里急后重",当归，黄芩，黄连，大黄，木香，槟榔，甘草，肉桂,白芍
TCMF11457,脑萎缩，记忆力减退，头晕耳鸣，失眠多梦，腰膝酸软。,人参，黄芪，党参，麦冬，枸杞子，制何首乌，丹参，白芍，黄芩，菊花，香附，酸枣仁，山药，熟地黄，石菖蒲，远志,葛根
TCMF9792,便秘，肠燥津亏。,郁李仁，火麻仁，蜂蜜,桑椹
TCMF4106,咳嗽,赭石，蛤壳，瓦楞子，紫苏子，知母，枇杷叶，桑白皮，南沙参，桑叶，紫菀，白前，麻黄，苦杏仁,百部
TCMF10767,脾胃虚弱，消化不良，食欲不振，脘腹胀满。,人参，白术，茯苓，甘草，砂仁，陈皮，枳壳，山楂，石斛，桔梗,香附
TCMF8021,血瘀证，症见肢体麻木，疼痛，肿胀等。,土茯苓，重楼，金钱草，泽兰，皂角刺，猪苓，三棱，莪术，蒲公英，虎杖，大黄，王不留行，三七，淫羊藿，牵牛子，海马,地龙
TCMF7384,疮疡肿毒，丹毒，乳痈，疖肿等。,金银花，蒲公英，紫花地丁，天葵子,野菊花
TCMF10370,血瘀证，胸痹心痛，月经不调，痛经。,丹参，苏木，红花，川芎，当归，赤芍，桃仁，牛膝，枳壳,甘草
TCMF12237,疮疡肿毒，瘰疬痰核，乳痈，丹毒，无名肿毒。,巴豆，蓖麻子，木鳖子，白芷，冰片，血余炭,大黄
TCMF9352,肩关节周围炎，风寒湿痹，筋脉拘挛，肩部疼痛，活动受限。,威灵仙，羌活，三七，淫羊藿，夏天无，延胡索，桂枝，地龙,黄芪
TCMF11391,风寒湿痹，腰腿疼痛，肢体麻木，屈伸不利,杜仲，狗脊，海风藤，秦艽，木瓜，桑枝，油松节，川牛膝，桂枝,续断
TCMF8182,肾阳不足，腰膝酸软，畏寒肢冷，神疲乏力，头晕耳鸣。,韭菜子，补骨脂，黄芪，沙苑子，炙甘草，杜仲，菊花，何首乌，肉苁蓉，女贞子，巴戟天，枸杞子，蛇床子，山茱萸，仙茅，大枣，锁阳，丁香，三七,当归
TCMF10247,小儿感冒发热，咽喉肿痛，咳嗽痰多。,黄芩，龙胆，连翘，栀子，金银花，板蓝根，麦冬，知母，玄参，苦地丁,石膏
TCMF10588,肝胆湿热，黄疸，胁痛，口苦，尿黄。,茵陈，龙胆，金银花,积雪草
TCMF7490,月经不调，气血两虚，面色萎黄，头晕心悸。,当归，川芎，白芍，熟地黄，黄芪，党参，白术，茯苓,甘草
TCMFx2923,"恶露不绝, 产后腹痛, 痛经",当归，川芎，赤芍，香附，延胡索，熟地黄，红花，桃仁,益母草
TCMF11521,跌打损伤，瘀血肿痛，骨折。,儿茶，降香，没药，红花，大黄，当归，骨碎补，三七，血竭，冰片，土鳖虫,乳香
TCMF11222,跌打损伤，筋骨疼痛，瘀血肿痛。,泽兰，红花，补骨脂，杜仲，乳香，没药，三棱，莪术，桔梗，豆蔻，威灵仙，木瓜，桃仁，沉香，白芷，川芎，当归，香附,郁金
TCMFx7214,用于小儿外感风热咳嗽，见症：咳嗽，咯痰，发热或鼻塞，流涕，微恶风寒，咽红或痛，苔薄黄等,桑叶，薄荷，苦杏仁，陈皮，枳壳，紫菀，白芍，甘草,桔梗
TCMFx1286,"积年气块, 脐腹疼痛",当归，川芎，白芷，威灵仙，狗脊，牛膝，鸡血藤，海风藤，人参，附子，草乌,木瓜
TCMF7987,感冒发热，咽喉肿痛，咳嗽痰黄。,连翘，金银花，板蓝根,穿心莲
TCMF7717,胎动不安，胎漏下血，妊娠腹痛，习惯性流产。,当归，川芎，黄芪，菟丝子，川贝母，荆芥穗，厚朴，艾叶，枳壳，羌活，甘草,白芍
TCMF8232,气血两虚，肝肾不足，腰膝酸软，筋骨无力。,黄芪，当归，杜仲，补骨脂，龟甲，丹参，红花，白术，何首乌，女贞子，核桃仁，川芎，山茱萸，山药，熟地黄，柴胡,枸杞子
TCMFx550,"慢性肝炎, 迁延性肝炎及早期肝硬化",丹参，虎杖，灵芝,垂盆草
TCMFx4831,月经失调,香附，艾叶，甘草，当归，川芎，白芍，熟地黄，黄芪，白术,党参
TCMF11225,风湿痹痛，跌打损伤，筋骨疼痛，腰腿疼痛。,没药，乳香，郁金，红花，木香，秦艽，独活，牛膝，马钱子，三七，延胡索，桂枝，血竭,白芍
TCMF11231,风湿痹痛，筋骨痿软，腰膝酸痛。,鸡血藤，红花，威灵仙，制川乌，防风，续断，延胡索，蝉蜕,制何首乌
TCMFx7251,用于痰热互结所致的乳癖、乳痈，症见乳房结节、数目不等、大小形态不一、质地柔软，或产后乳房结块、红热疼痛；乳腺增生，乳腺炎早期见上述证候者,鹿角，鸡血藤，三七，牡丹皮，赤芍，蒲公英，连翘，天花粉，玄参，漏芦，海藻，木香,红花
TCMF10668,肝肾不足，腰膝酸软，肢冷乏力，头晕目眩。,补骨脂，杜仲，黄芪，党参，白术，茯苓，当归，桑寄生，狗脊，续断，菟丝子,山药
TCMFx4554,"健忘, 不寐, 眩晕, 心悸, 阳痿, 遗精",枸杞子，黄精，苍耳子，五味子，淫羊藿，大枣，熟地黄，龟甲，麦冬，酸枣仁，鹿角胶，茯苓，人参，鹿茸,远志
TCMF7536,"益气健脾, 养血安神, 补益心脾。",黄芪，党参，白术，当归，龙眼肉，茯苓，酸枣仁，远志，木香,甘草
TCMF11223,胃溃疡，十二指肠溃疡，慢性胃炎。,黄芪，洋金花，川芎，海螵蛸,白及
TCMF7611,癫狂病,牛黄，珍珠，黄连，黄芩，栀子，郁金，胆南星，冰片，雄黄，巴豆霜,朱砂
TCMF9916,感冒咳嗽，发热恶寒，鼻塞流涕，头痛无汗，肢体酸痛。,麻黄，紫苏叶，黄芩，桔梗，茯苓，半夏，陈皮，枳壳，苦杏仁，甘草,前胡
TCMF12181,肾虚腰痛，头晕耳鸣，遗精早泄，失眠多梦。,麦冬，柏子仁，补骨脂，炙甘草，党参，白术，五味子，枸杞子，当归，独活，山药，熟地黄,鹿茸
TCMFx4355,"中风, 风痱",豨莶草，海风藤，千年健，威灵仙，油松节，川牛膝，续断，桑寄生，白术，狗脊，秦艽，独活，川芎，乳香，肉桂，防己，苍术，陈皮，杜仲，当归，伸筋草，熟地黄，防风，木瓜，玉竹，地枫皮，没药，红花，麻黄,茜草
TCMF7795,湿热下注，痔疮肿痛，肛裂出血，肠风下血。,苦参，红花，白芍，黄连，五味子，五倍子，乌梅，川芎，丁香，射干，白矾,人参
TCMF11743,小儿惊风，痰热壅盛，神昏抽搐，咽喉肿痛。,朱砂，牛黄，冰片，灯心草，蟾酥，麝香，白矾，青黛，珍珠，雄黄,麻黄
TCMF11550,月经不调，痛经，产后腹痛，血虚头晕。,丹参，益母草，当归，川芎，赤芍，茯苓，白术，木香，香附，小茴香，肉桂，红参，甘草，熟地黄，续断，蒲黄，延胡索，地骨皮，莱菔子,牛膝
TCMFx1460,"虚劳, 心悸",党参，肉桂，熟地黄，当归，白术，白芍，茯苓，川芎，黄芪,甘草
TCMF9090,高脂血症，肥胖症，便秘。,大黄，西洋参,麦冬
TCMF7398,阳明腑实证，症见便秘，腹痛，腹胀，发热，烦躁，舌苔黄腻，脉沉实。,槟榔，大黄，芒硝，枳实,厚朴
TCMF9798,心悸失眠，胸闷气短，心神不安，头痛眩晕。,枫香脂，木香，全蝎，马钱子，草乌叶，木棉花，肉豆蔻，沉香，北沙参，诃子，丁香，胡黄连，人工牛黄，石膏,檀香
TCMF8376,阴虚内热，口干咽燥，心烦失眠，大便干结。,麦冬，丹参，红花，大黄，赤芍，木贼，乌梅，桑白皮,玄参
TCMF3318,"痹病, 跌打损伤, 项痹",乳香，没药，白芍，延胡索，三七，木香，郁金，独活，牛膝，秦艽，桂枝，血竭，马钱子,红花
TCMF7751,肝旺脾虚之泄泻，症见肠鸣腹痛，大便泄泻，泻必腹痛，泻后痛缓，舌苔薄白，脉两关不调，左弦而右缓者。,白术，白芍，陈皮,防风
TCMF11485,胃痛，消化不良，胃寒,干姜，小茴香，陈皮，海螵蛸，甘草,丁香
TCMF9447,乳腺增生，乳癖，乳房胀痛。,重楼，夏枯草，土贝母，土木香，山慈菇，冬虫夏草，柴胡，当归，鹿角霜,青皮
TCMF7553,肝郁脾虚，胸闷胁痛，食欲不振，情绪抑郁。,柴胡，白芍，当归，茯苓，白术，甘草，生姜,薄荷
TCMF11165,暑湿感冒，肢酸乏力，胸闷腹胀，吐泻。,广藿香，苍术，茯苓，白术，土木香，丁香，半夏，陈皮，肉桂，冰片，朱砂，金礞石,雄黄
TCMF10950,肾虚精亏，腰膝酸软，头晕耳鸣，须发早白。,墨旱莲，女贞子，肉苁蓉，五味子，覆盆子，桑椹，菟丝子,熟地黄
TCMF10646,胃脘疼痛，嗳气吞酸，脘腹胀满，消化不良。,决明子，木香，香附，阿魏，鸡内金，海螵蛸,延胡索
TCMF12027,小儿疳积，消化不良，食欲不振，腹胀腹泻。,麦芽，木香，山楂，肉豆蔻，使君子，胡黄连，枳实,白术
TCMF11414,心悸失眠，头晕目眩，记忆力减退，神经衰弱。,制何首乌，五味子，红参，陈皮,人参
TCMF9375,外感风寒，内伤湿滞，发热恶寒，头痛身重，胸闷呕吐，腹痛泄泻。,薄荷，生姜，柴胡，川芎，独活，羌活，茯苓，桔梗，枳壳,人参
TCMF10439,肝肾不足，气血亏虚所致的脱发，白发，头晕目眩，腰膝酸软。,制何首乌，熟地黄，补骨脂，枸杞子，桑椹，川芎，当归，陈皮,茯苓
TCMF10178,瘰疬，瘿瘤，乳癖。,丹参，黄芩，夏枯草，昆布，牡蛎，土贝母，山慈菇，白芍，猫爪草，牡丹皮，柴胡，香附，玄参，全蝎,当归
TCMF9441,乳腺增生，乳痛症，乳腺炎等,丹参，王不留行，地龙,皂角刺
TCMF12119,眩晕，头痛，耳鸣，失眠，健忘。,女贞子，茯苓，白术，泽泻，菊花，半夏，陈皮，牛膝，甘草,墨旱莲
TCMFx3991,"喉痹, 牙痛, 便秘",石膏，连翘，黄芩，芒硝，栀子，薄荷，甘草，淡竹叶,大黄
TCMF245,"头痛, 腰痛",天麻，白芷，川芎，荆芥，当归,乳香
TCMF3084,"积滞, 疳病, 夜啼",太子参，芡实，薏苡仁，茯苓，白扁豆，白术，麦芽，山楂，北沙参，山药，陈皮，石菖蒲，莲子,甘草
TCMF8210,风湿痹痛，筋骨疼痛，腰膝酸软，四肢麻木。,丹参，红花，当归，威灵仙，制草乌，穿山龙，千年健，川牛膝，桂枝,甘草
TCMF2423,"阳痿, 眩晕, 耳鸣, 腰痛",巴戟天，枸杞子，芡实，当归，何首乌，牛膝，山药，泽泻，狗脊，菟丝子，党参，杜仲，甘草，肉苁蓉，天花粉，远志，白术，熟地黄,韭菜子
TCMFx1037,"类风湿关节炎, 骨关节炎, 强直性脊柱炎",马钱子粉，地龙，党参，茯苓，白术，丹参，三七，牛膝，甘草,川芎
TCMF9112,肝郁气滞，心神不宁所致的失眠、心悸、胸闷、胁痛等症。,苦参，白芍，厚朴，五味子，柴胡，酸枣仁，石菖蒲，枳壳，牡蛎,郁金
TCMF5424,"痞满, 胃脘痛, 便秘",龙胆，木香，大黄，枳实,半夏
TCMFx551,急性支气管炎及慢性支气管炎急性发作,满山红，暴马子皮,黄芩
TCMF8076,急慢性咽炎，咽喉肿痛，声音嘶哑。,薄荷，青果，乌梅，甘草，冰片,射干
TCMF8587,湿热黄疸，胆囊炎，胆石症，胁痛,金钱草，黄芩，龙胆，柴胡,茵陈
TCMF781,"头痛, 眩晕眼花, 心烦易怒, 失眠多梦",当归，川芎，白芍，熟地黄，钩藤，夏枯草，决明子，珍珠母，延胡索，细辛,鸡血藤
TCMFx4975,"痹病, 偏枯",乌梢蛇，草乌，附子，威灵仙，防风，麻黄，海风藤，细辛，白附子，胆南星，蜈蚣，地龙，乳香，桃仁，红花，当归，川芎，赤芍，桂枝，牛膝，骨碎补，党参，白术，茯苓，木香，香附，草豆蔻，石菖蒲，黄芩，大黄，牛黄，冰片,熟地黄
TCMF8289,肾虚引起的腰膝酸软、性功能减退、神疲乏力等。,韭菜子，金樱子，蛇床子，熟地黄，人参，海马,麦冬
TCMF10345,风热咳嗽，痰多不畅，咽喉肿痛。,薄荷，桔梗，桑叶，玄参，苦杏仁，白芍，陈皮，甘草,青黛
TCMF8124,感冒咳嗽，支气管炎。,荆芥，防风，桔梗，百部，紫菀，款冬花，白前，前胡，半夏，茯苓，甘草,陈皮
TCMFx5016,"积滞, 发颐, 急惊风",僵蚕，蝉蜕，姜黄，大黄，天竺黄，胆南星,冰片
TCMF10716,外感风寒，发热恶寒，头痛身痛，鼻塞流涕，无汗，咳嗽。,柴胡，防风，赤芍，陈皮，甘草,生姜
TCMF11362,脾胃虚弱，腰膝酸软，气血不足，神疲乏力。,黄芪，党参，杜仲，续断，茯苓，山药，当归，制何首乌，龙眼肉，红花，牛膝，甘草,大枣
TCMF8198,胸痹心痛，心悸气短，冠心病，心绞痛。,丹参，红花，桃仁，血竭，延胡索，黄精，制何首乌，当归，葛根，没药，乳香，郁金，冰片,鸡血藤
TCMFx2960,"痹病, 跌打损伤",黄芪，桑枝，何首乌，熟地黄，茯苓，独活，当归，防己，白芍，党参，牡丹皮，威灵仙，木瓜，地龙，红花，赤芍，杜仲，甘草，川芎，桃仁,香附
TCMFx3499,"眩晕, 头痛",天麻，枸杞子，茯苓，何首乌，人参，五味子,鹿茸
TCMF12051,小儿肺炎，咳嗽痰多，发热喘促。,川贝母，黄连，石膏，天麻，桑白皮，胆南星，法半夏，朱砂，甘草，冰片,牛黄
TCMF9152,胸痹心痛，心悸气短，心肾阳虚。,麦冬，丹参，黄芪，茯苓，郁金，金银花，枳壳，桂枝，龟甲，紫石英,淫羊藿
TCMF8400,胃脘痞满，呕吐泄泻，寒热错杂。,半夏，黄芩，黄连，干姜，大枣，炙甘草,党参
TCMF8764,皮肤瘙痒，湿疹，皮炎，体癣，股癣，手足癣，花斑癣。,苦参，蛇床子，花椒，黄柏，冰片,白鲜皮
TCMFx6894,"清宣肺气, 止咳化痰。用于外感咳嗽属表寒里热证, 症见微恶寒, 发热, 咳嗽, 咯痰, 痰稠质粘, 口干苦, 烦躁等。",麻黄，苦杏仁，桔梗，前胡，浙贝母，百部，北沙参，木蝴蝶,甘草
TCMF11640,高脂血症，动脉硬化，冠心病。,山楂，泽泻，何首乌，决明子，荷叶，葛根,丹参
TCMF11803,肾虚腰痛，遗精早泄，阳痿不举，头晕耳鸣，神疲乏力。,补骨脂，肉苁蓉，淫羊藿，黄芪，红参，炙甘草，熟地黄，制何首乌，当归，车前子，茯苓，白术，五味子，覆盆子，金樱子，枸杞子，蛇床子，小茴香，山药,川芎
TCMF4007,咳嗽,牛黄，黄芩，青礞石，玄明粉，石膏，大黄，滑石，雄黄,朱砂
TCMFx2960,"痹病, 跌打损伤",黄芪，桑枝，何首乌，熟地黄，茯苓，当归，防己，白芍，党参，牡丹皮，威灵仙，木瓜，地龙，红花，赤芍，杜仲，甘草，香附，川芎，桃仁,独活
TCMFx5575,痹病,苍术，忍冬藤，地龙，连翘，黄柏，防风，川牛膝，粉萆薢，桑枝，防己，威灵仙,薏苡仁
TCMF8274,咳嗽痰多，气喘，胸闷。,桔梗，黄芩，白前，紫菀，款冬花，枇杷叶，甘草,百部
TCMFx3844,"痛经, 经行乳房胀痛",黄芪，当归，枸杞子，香附，茯苓，续断，白芍，白术，甘草，陈皮,柴胡
TCMF8266,感冒发热，咽喉肿痛，咳嗽痰多。,黄芩，葛根，桔梗，连翘，枇杷叶，柴胡,青蒿
TCMF7732,症积,柴胡，鳖甲，牡蛎，党参，黄芪，丹参，郁金，大黄，白芍，鸡内金，青皮，人参,灵芝
TCMF9383,气阴两虚，心悸失眠，神疲乏力，口干咽燥。,人参，枸杞子，麦冬，五味子，玉竹，石斛，北沙参，黄精，甘草,南沙参
TCMF6381,痹病,荆芥，防风，白芷，桂枝，草乌，续断，白芍，白附子，僵蚕，胆南星，法半夏，地龙，雄黄，石膏，甘草，川芎，当归,川乌
TCMF7941,湿疹，皮炎，皮肤瘙痒，疮疡溃烂。,炉甘石，儿茶，乳香，紫草，冰片，麝香，朱砂，自然铜,血竭
TCMF11567,心悸，失眠，胸闷，头痛，眩晕。,安息香，麦冬，丹参，黄芩，夏枯草，甘松，降香，郁金，黄连，钩藤，石菖蒲，三七，冰片，人参，牛黄，朱砂,木香
TCMF12473,口渴多饮，多食易饥，尿频量多，形体消瘦，五心烦热，潮热盗汗，舌红少苔，脉细数,郁金，地骨皮，紫苏子，龟甲，地龙，水蛭,冬虫夏草
TCMF10422,风寒湿痹，筋骨疼痛，跌打损伤，瘀血肿痛。,荆芥，乳香，没药，苏合香，木香，白及，大黄，赤芍，白蔹，白芷，川芎，当归，防风，陈皮，桂枝，肉桂，地龙，僵蚕,香橼
TCMF8803,气滞血瘀所致的头痛、眩晕、胸痛、心悸、失眠；冠心病、心绞痛、高血压、脑动脉硬化等见上述证候者。,丹参，红花，赤芍，木香，香附，川芎,山楂
TCMF11734,风热咳嗽，痰多黏稠，咽痛声哑。,浙贝母，黄芩，葛根，天花粉，桔梗，厚朴，苦杏仁，北沙参，半夏，化橘红,前胡
TCMF5660,"腹泻, 腹痛",白术，车前子，肉豆蔻，诃子，白扁豆，莲子，薏苡仁，山药，甘草，木香，罂粟壳,党参
TCMFx1092,"鼻窒, 鼻渊",苍耳子，辛夷，薄荷，白芷，黄芩，柴胡，细辛，川芎，黄芪，川木通，桔梗，茯苓,栀子
TCMF11940,月经不调，黄褐斑,黄芪，当归，红花，桃仁，何首乌，熟地黄，墨旱莲，白芍，柴胡，阿胶,女贞子
TCMFx4831,月经失调,香附，艾叶，党参，当归，川芎，白芍，熟地黄，黄芪，白术,甘草
TCMF10319,高血压，高脂血症，脂肪肝，肝郁气滞。,丹参，葛根，决明子，虎杖，大黄，柴胡，泽泻,山楂
TCMF10671,再生障碍性贫血，气血两虚，头晕目眩，心悸失眠，腰膝酸软。,黄芪，党参，白术，黄精，麦冬，熟地黄，当归，红参，益母草，制何首乌，墨旱莲，补骨脂，淫羊藿，菟丝子，女贞子，枸杞子，白芍，阿胶，鹿茸,鸡血藤
TCMFx6938,"外感风寒湿邪, 恶寒发热无汗, 头项强痛, 肢体烦疼, 胸膈痞闷, 鼻塞声重, 咳嗽有痰",人参，茯苓，甘草，前胡，川芎，羌活，独活，桔梗，柴胡，枳壳，薄荷,生姜
TCMF246,"头痛, 眩晕, 耳鸣, 震颤, 失眠",天麻，钩藤，栀子，黄芩，牛膝，杜仲，益母草，桑寄生，首乌藤，茯苓,石决明
TCMF7257,用于风热上攻、肺胃热盛所致的头晕目眩、暴发火眼、牙齿疼痛、口舌生疮、咽喉肿痛、耳痛耳鸣、大便秘结、小便短赤,黄连，黄芩，黄柏，栀子，大黄，连翘，菊花，荆芥穗，白芷，蔓荆子，川芎，防风，薄荷，桔梗，旋覆花，甘草,石膏
TCMF10178,瘰疬，瘿瘤，乳癖。,丹参，黄芩，夏枯草，昆布，牡蛎，土贝母，山慈菇，白芍，牡丹皮，柴胡，当归，香附，玄参，全蝎,猫爪草
TCMFx4213,"急惊风, 积滞",天麻，白附子，胆南星，钩藤，全蝎，蝉蜕，僵蚕，麝香，冰片,天竺黄
TCMF7605,血劳,当归，黄芪，熟地黄，白芍，川芎，阿胶，何首乌，枸杞子，鸡血藤,人参
TCMF7310,肝胆湿热，胁痛，黄疸，胆囊炎，胆石症。,柴胡，黄芩，白芍，金钱草，茵陈，大黄，甘草,郁金
TCMF10713,胸痹心痛，心悸气短，胸闷憋气，冠心病心绞痛。,薤白，党参，三七，延胡索，肉桂，冰片，地龙,葶苈子
TCMF10031,气血两虚，肝肾不足，头晕目眩，腰膝酸软，心悸失眠。,黄芪，党参，麦冬，天冬，北沙参，枸杞子，茯苓，牡丹皮，玄参，鳖甲,山茱萸
TCMF8640,阴虚内热，口干咽燥，心悸失眠，头晕耳鸣。,黄精，麦冬，知母，丹参，葛根，苦参，茯苓，苍术，佩兰，何首乌，地骨皮，山茱萸，荔枝核，淫羊藿，人参,黄连
TCMFx6410,胃脘痛,白芍，乌药，木香，陈皮，蒲公英，大血藤,甘草
TCMF10378,胸痹心痛，心悸，胸闷，气短，舌质紫暗或有瘀斑，脉弦涩。,红花，桃仁，赤芍，川芎，当归，牛膝，柴胡，桔梗，甘草,枳壳
TCMF10190,肺燥咳嗽，痰少难咳，气短乏力，口干咽燥。,知母，丹参，黄芪，沙苑子，杜仲，天花粉，黄连，五味子，枸杞子，人参,白芍
TCMF12538,胃脘胀痛，恶心呕吐，食欲不振，舌苔白腻,枇杷叶，竹茹，陈皮，甘草,石斛
TCMF5406,疮疡,甘草，当归，紫草，虫白蜡，血竭，轻粉,白芷
TCMF7950,跌打损伤，瘀血肿痛，风湿痹痛。,泽兰，牡丹皮，威灵仙，五倍子,冰片
TCMF9881,清热化痰，止咳平喘。用于痰热阻肺所致的咳嗽痰多、胸闷气喘；慢性支气管炎见上述证候者。,川贝母，黄芩，石膏，旋覆花，苦杏仁，鱼腥草,甘草
TCMF610,乳腺增生,淫羊藿，柴胡，川楝子，天冬，土贝母,艾叶
TCMFx1637,"若经道不通, 绕脐寒疝痛彻, 其脉沉紧此由寒气客于血室, 血凝不行, 结积血为气所冲, 新血与故血相搏, 所以发痛譬如天寒地冻, 水凝成冰宜温经汤及桂枝桃仁汤, 万病丸",当归，吴茱萸，白芍，党参，阿胶，半夏，麦冬，川芎，牡丹皮，生姜，甘草,桂枝
TCMF10187,瘀血闭阻所致的胸痹心痛、中风、半身不遂、舌强语謇；冠心病、心绞痛、脑血栓形成、脑栓塞见上述证候者。,丹参，槐花，黄芪，郁金，木香，山楂，川芎，三七，泽泻，冰片,桂枝
TCMF8667,肝肾不足，腰膝酸软，头晕目眩，高血压。,葛根，杜仲，何首乌，鹿衔草，钩藤，骨碎补，三七，熟地黄,莱菔子
TCMF10120,月经不调，痛经，经行腹痛，乳房胀痛，带下量多。,香附，当归，白芍，川芎，党参，白术，茯苓，黄芩，天冬，益母草，山茱萸，熟地黄，延胡索，陈皮，阿胶，艾叶，砂仁，甘草,酸枣仁
TCMF9875,心悸失眠，健忘多梦，心烦口渴，大便干燥。,麦冬，天冬，柏子仁，酸枣仁，当归，丹参，党参，茯苓，玄参，远志，朱砂，五味子，桔梗，甘草,石菖蒲
TCMF7742,血虚头晕，月经不调，腰膝酸软，心悸失眠。,山茱萸，山药，牡丹皮，茯苓，泽泻，川芎，白芍，当归，白术，柴胡，甘草,熟地黄
TCMF4377,咳嗽,知母，阿胶，款冬花，马兜铃，麻黄，旋覆花，陈皮，甘草，桔梗，葶苈子，苦杏仁，清半夏,五味子
TCMF11624,胆石症，胆囊炎，胆道感染。,金钱草，黄芩，茵陈，大黄，栀子，三棱，郁金，乳香，陈皮，甘草，白矾,没药
TCMF10009,湿热下注，小便不利，淋沥涩痛，尿血，尿频尿急。,浙贝母，泽兰，黄芪，薏苡仁，旋覆花，大黄，川木通，栀子,金银花
TCMF7581,肝气郁结，胁肋胀痛，月经不调，情绪抑郁。,当归，白芍，川芎，熟地黄，香附，炙甘草,柴胡
TCMF11836,湿热痹证，关节红肿热痛，屈伸不利，肢体沉重，步履艰难。,防己，薏苡仁，苍术，威灵仙，忍冬藤，防风，桑枝，粉萆薢，川牛膝，黄柏，地龙,连翘
TCMF11563,风湿痹痛，腰膝酸软，四肢麻木。,鸡血藤，金樱子，桑寄生,狗脊
TCMF12078,小儿咳嗽，痰多，气喘。,川贝母，麦冬，知母，紫苏子，竹茹，桑白皮，胆南星，桔梗，玄参，焦槟榔,天花粉
TCMF11677,鼻渊，鼻塞，头痛，流脓涕。,安息香，苏合香，重楼，黄芩，丹参，紫苏叶，降香，巴豆霜，千金子霜，山豆根，猪牙皂，茯苓，胡椒，干姜，莪术，郁金，桔梗，苍术，木香,甘遂
TCMF7962,肺结核，咳嗽，咯血，胸痛。,百部，浙贝母，薏苡仁，白及，三七,红大戟
TCMF12071,小儿暑湿感冒，症见发热、头痛、呕吐、腹泻、食欲不振。,薄荷，荆芥穗，佩兰，青蒿，黄芩，黄连，厚朴，苦杏仁，芦根，滑石，甘草,香薷
TCMFx1821,"此证由肺经血热而成每发于面鼻, 起碎疙瘩, 形如黍屑, 色赤肿痛, 破出白粉汁, 日久皆成白屑, 形如黍米白屑宜内服枇杷清肺饮",人参，枇杷叶，甘草，黄连，黄柏,桑白皮
TCMFx837,癫痫,桂枝，白芍，党参，半夏，柴胡，甘草，生姜，大枣,黄芩
TCMF8101,肝肾阴虚，头晕目眩，腰膝酸软，耳鸣耳聋，须发早白。,制何首乌，熟地黄，女贞子，墨旱莲，五味子，当归，白芍，黄芪，茯苓，泽泻，牡丹皮，牛膝，川芎，甘草,党参
TCMF4720,心悸,麦冬，黄芪，五味子,人参
TCMF7832,湿热下注，瘀血阻滞所致的附件炎、盆腔炎、子宫内膜炎等。,蒲公英，延胡索，大黄，赤芍，牡丹皮，大血藤，忍冬藤，大青叶，甘草,川楝子
TCMF11684,风湿痹痛，筋骨痿软，腰膝酸冷，肢体麻木。,补骨脂，锁阳，淫羊藿，党参，白术，茯苓，当归，秦艽，威灵仙，独活，桑寄生，川芎，木瓜，甘草,何首乌
TCMFx7161,湿热型及湿热兼气滞型的急、慢性胆囊炎。,金钱草，龙胆，黄芩，柴胡，大黄，滑石，青皮,莪术
TCMF10675,失眠多梦，心悸怔忡，头晕目眩，食欲不振。,百合，酸枣仁，茯苓，菊花，山楂，桑椹，荷叶，陈皮,灵芝
TCMF8814,风湿痹痛，肢体麻木，关节屈伸不利。,麻黄，苍术，乳香，没药，全蝎，僵蚕，甘草,川牛膝
TCMF9311,热性病，感冒发热，咽喉肿痛，肺炎，肠炎等。,石膏，炉甘石，麦冬，栀子，连翘，木香，沉香，丁香，红花，牛黄,麝香
TCMF8477,脾胃虚弱，肠鸣腹泻，食欲不振，肢冷便溏。,党参，干姜，升麻，当归,黄芪
TCMFx4166,咳嗽,紫菀，茯苓，麻黄，知母，陈皮，半夏，前胡，远志，平贝母，罂粟壳，山楂，羚羊角,金银花
TCMF12369,牙关紧闭，角弓反张，肌肉痉挛，抽搐,防风，草乌,雄黄
TCMF7198,湿热下注，足膝红肿热痛，下肢沉重，小便黄少。,黄柏，牛膝,苍术
TCMF11911,疮疡肿毒，湿疹瘙痒，口舌生疮。,黄连，黄芩，大黄，栀子，冰片,黄柏
TCMF10193,心悸，失眠，健忘，头晕，心慌气短。,人参，丹参，甘松，赤芍，黄连，南五味子，桑寄生，山茱萸，酸枣仁，土鳖虫,麦冬
TCMF9969,胃脘疼痛，消化不良，食欲不振。,肉桂，木香，细辛，鸡内金，甘草,山楂
TCMF11489,气虚血瘀所致的胸闷、胸痛、心悸、气短、乏力等症状。,丹参，黄芪，赤芍，川芎，石菖蒲，远志，土鳖虫，全蝎,水蛭
TCMF9945,清热，解毒，镇惊。用于邪毒内蕴所致的口舌生疮、牙龈肿痛、小儿高热、烦躁易惊。,儿茶，黄连，胡黄连，麝香,冰片
TCMF9680,视物昏花，目赤肿痛，羞明流泪。,甘草，红花，诃子，毛诃子，丁香，金钱白花蛇,余甘子
TCMFx4933,咳嗽,黄芩，桔梗，天花粉，枳壳，桑白皮，浙贝母，知母，百部，苦杏仁，前胡，甘草，橘红,麦冬
TCMF10967,脾肾两虚，腰膝酸软，食欲不振，神疲乏力。,炙甘草，红参，白术，山药，肉苁蓉，锁阳，女贞子，覆盆子，山茱萸，菟丝子，陈皮,白芍
TCMF10165,糖尿病，口渴多饮，多食易饥，尿频量多，消瘦乏力。,玉竹，知母，丹参，地骨皮，枸杞子，人参,黄连
TCMF11002,跌打损伤，瘀血肿痛，风湿痹痛。,三七，血竭，红花，乳香，没药，甘松，木香，香附，细辛，白芷，制草乌，制川乌，朱砂,冰片
TCMF7224,用于肝肾不足所致的干涩不舒、单眼复视、腰膝痠软、或轻度视力下降；早、中期老年性白内障见上述症状者,熟地黄，菟丝子，枸杞子，肉苁蓉，山茱萸，白芍，黄精，黄芪，党参，甘草，决明子，青葙子，蕤仁，密蒙花，蔓荆子，菊花，石菖蒲，车前子，关黄柏，升麻，葛根,川芎
TCMF11821,肝肾阴虚，须发早白，头晕目眩，腰膝酸软。,黄芪，墨旱莲，制何首乌，熟地黄，赤芍，女贞子，当归，桑椹，菟丝子,五味子
TCMFx748,"气滞型胃脘痛, 慢性胃炎",紫苏梗，陈皮，香橼，佛手，枳壳，槟榔，鸡内金,香附
TCMF11540,肾阳不足，腰膝酸软，畏寒肢冷，神疲乏力。,黄芪，红参，肉苁蓉，附子，茯苓，山药，当归，鹿茸，五味子，菟丝子，远志,牛膝
TCMF729,喉痹,鱼腥草，黄芩，板蓝根，连翘,金银花
TCMF374,"胸痹, 症见胸痛, 胸闷, 心悸, 气短, 乏力; 冠心病心绞痛见上述症候者",黄芪，葛根，槲寄生，丹参，山楂,川芎
TCMF11961,胃痛，胃溃疡，十二指肠溃疡，慢性胃炎。,黄芪，木香，陈皮，没药，延胡索，马齿苋，地榆，白及，威灵仙，沉香,马兜铃
TCMF9040,脑血栓，脑栓塞，脑动脉硬化，脑出血后遗症等引起的肢体麻木，半身不遂，言语不利，头晕目眩。,丹参，葛根，黄芪，鸡血藤，郁金，党参，天麻，制何首乌，桃仁，川芎，胆南星，三七，冰片，人工牛黄，全蝎，蜈蚣，石决明,西红花
TCMF11557,心悸失眠，头晕目眩，耳鸣健忘，神经衰弱。,酸枣仁，五味子，远志，茯苓，石菖蒲，丹参，天冬，知母，黄连，甘草,麦冬
TCMFx2415,"腰痛, 消渴, 水肿, 咳嗽, 喘病",熟地黄，茯苓，五味子，肉桂，泽泻，附子，牡丹皮,山药
TCMF7754,气血两虚，头晕目眩，心悸失眠，面色苍白，月经不调。,黄芪，党参，当归，熟地黄，白芍，川芎，茯苓，炙甘草,阿胶
TCMF8318,肝气不舒，胸胁胀痛，头晕目眩，食欲不振，月经不调。,柴胡，当归，白芍，红花，薄荷，白术，皂角刺，甘草,茯苓
TCMF11704,脾肾虚寒，久泻久痢，腹痛腹胀，食少乏力。,补骨脂，吴茱萸，干姜，白术，木香，白芍，肉豆蔻,诃子
TCMF7360,急慢性鼻渊。,苍耳子，防风，荆芥，连翘，野菊花，五味子，桔梗，白芷，知母，甘草,辛夷
TCMF9374,肝肾不足，腰膝酸软，头晕目眩，须发早白，遗精早泄，月经不调。,韭菜子，杜仲，肉苁蓉，黄芪，党参，白术，麦冬，五味子，枸杞子，当归，防风，羌活，茯苓，陈皮，桑椹，山茱萸，大枣，熟地黄，肉桂,川芎
TCMF10649,风湿痹痛，跌打损伤，筋骨疼痛。,重楼，急性子，乳香，莪术，细辛，老鹳草，当归，骨碎补，三七，延胡索，花椒，血竭，乌梢蛇,没药
TCMF9572,咽喉肿痛，声音嘶哑，咳嗽痰多。,射干，桔梗，甘草，川木通，升麻，芒硝,百合
TCMF11790,冠心病，心绞痛，脑血栓，脑栓塞，高血压等心脑血管疾病。,丹参，葛根，郁金，三七，淫羊藿，冰片，麝香,红花
TCMF11063,风寒湿痹，肢体疼痛，麻木拘挛，腰腿疼痛，瘫痿无力。,安息香，广藿香，黄芩，甘草，葛根，没药，乳香，豆蔻，白术，木香，天麻，何首乌，大黄，麻黄，细辛，赤芍，两头尖，制草乌，沉香,威灵仙
TCMF9354,风寒湿痹，关节疼痛，肢体麻木，腰膝酸软。,丹参，黄芪，人参，杜仲，五加皮，茯苓，白术，秦艽，白芍，当归,防风
TCMFx3151,感冒,陈皮，生姜，青皮，苦杏仁，麻黄，紫苏叶，五味子，桑白皮，甘草,法半夏
TCMF974,"积滞, 胃脘痛",厚朴，枳壳，苍术，焦槟榔，陈皮，甘草,法半夏
TCMF8329,胃痛，胃酸过多，消化不良。,海螵蛸,甘草
TCMF8651,瘀血内阻，月经不调，痛经，闭经，产后瘀血腹痛。,鸡血藤，三棱，莪术，白芍，牡丹皮，熟地黄，延胡索，乌药，北刘寄奴，凌霄花,当归
TCMFx811,感冒,麻黄，柴胡，广藿香，连翘，桔梗,肉桂
TCMF7896,跌打损伤，筋骨疼痛，风湿痹痛,红花，川牛膝，续断,黑豆
TCMF6164,"急惊风, 咳嗽",天竺黄，朱砂，僵蚕，薄荷，黄连，血竭，雄黄，山药，全蝎，牛黄，麝香，钩藤,胆南星
TCMF8273,急慢性支气管炎，咳嗽痰多。,车前草，桔梗，千里光，罂粟壳,蒲公英
TCMF7936,牙龈肿痛，口腔溃疡，牙周炎。,厚朴,两面针
TCMF9994,月经不调，痛经，闭经，血瘀证。,丹参，红花，杜仲，炙黄芪，三棱，莪术，苏木，川芎，白术，木香，当归，白芍，牡丹皮，山楂，桃仁，地骨皮，何首乌，麦芽,补骨脂
TCMF19,"失眠, 多梦, 健忘, 乏力, 心悸, 气短, 自汗",南五味子，党参，黄芪,酸枣仁
TCMFx773,痹病,独活，秦艽，防风，细辛，当归，白芍，川芎，熟地黄，杜仲，川牛膝，党参，茯苓，甘草，桂枝,桑寄生
TCMF9261,风湿痹痛，肢体麻木，腰膝酸软，筋骨无力。,秦艽，羌活，川芎，当归，赤芍，茯苓，黄芩，黄连，郁金，桑枝，川牛膝，石膏,党参
TCMFx7083,脾胃虚弱，食少便溏，气短咳嗽，肢倦乏力。,人参，山药，茯苓，薏苡仁，白扁豆，莲子，砂仁，桔梗，甘草,白术
TCMF6168,"腹泻, 痢疾",葛根，黄芩，黄连，厚朴，白芍，茯苓，山楂，乌梅，滑石,甘草
TCMF2938,"眩晕, 月经失调, 血劳",当归，熟地黄，白芍，川芎，甘草，黄芪,党参
TCMF9404,肾虚腰痛，阳痿早泄，神疲乏力，头晕耳鸣。,肉苁蓉，人参，炙黄芪，熟地黄，当归，沙苑子，巴戟天，山茱萸，山药,鹿茸
TCMFx4188,感冒,荆芥，防风，羌活，独活，柴胡，川芎，枳壳，茯苓，桔梗，甘草,前胡
TCMF11130,脾胃虚寒，脘腹冷痛，呕吐泄泻，四肢不温。,附子，肉桂，炙甘草，豆蔻，砂仁，木香，细辛，白芷，当归，檀香，丁香，母丁香，花椒，橘红，吴茱萸,蛇床子
TCMF9997,痛经，月经不调，寒凝血瘀所致的腹痛。,肉桂，细辛，丹参，当归，川芎，木香，香附，白芍，蒲黄，吴茱萸，冰片,延胡索
TCMF12324,肾阴虚，腰膝酸软，头晕耳鸣，遗精盗汗，失眠多梦。,熟地黄，山药，黄芪，人参，五味子，菟丝子，锁阳，巴戟天，马钱子，远志，鹿茸,山茱萸
TCMF11777,风湿痹痛，肢体麻木，关节屈伸不利，跌打损伤。,半边莲，桔梗，木香，牛蒡子，细辛，白芍，威灵仙，全蝎,秦艽
TCMF10198,清热解毒，用于治疗疮疡肿毒，咽喉肿痛，丹毒，淋巴结炎等。,紫花地丁，蒲公英，大青叶,甘草
TCMFx3610,"感冒, 咳嗽",紫苏叶，葛根，前胡，茯苓，半夏，陈皮，枳壳，桔梗，甘草，木香，大枣，生姜,党参
TCMF9517,中风后遗症，脑血栓形成，脑栓塞，脑动脉硬化，脑出血后遗症。,川芎，丹参，红花，三七，水蛭，土鳖虫，地龙，僵蚕，全蝎，蜈蚣，人工牛黄,冰片
TCMF12531,面色苍白，四肢无力，食欲不振，腹痛喜温,甘草，肉桂，木香，人参,当归
TCMFx80,"眩晕, 偏头痛, 头痛, 牙痛",川芎，薄荷，白芷，荆芥穗,石膏
TCMF7150,各种颈椎病引起的疼痛。,熟地黄，何首乌，当归，白芍，黑芝麻，枸杞子，鹿茸，骨碎补，狗脊，千年健，地枫皮，威灵仙，蛇蜕，木瓜，丹参，黄芪，天麻，葛根，桂枝，牛膝，乳香，没药,甘草
TCMF7775,肺心病，气喘，咳嗽，心悸，乏力。,西洋参，熟地黄，麦冬，天冬，丹参，土鳖虫，茯苓，葛根，蛤蚧，补骨脂,川贝母
TCMF6,"疏肝解郁, 理气止痛, 活血破瘀, 消积化痰, 软坚散结, 补气健脾",牡蛎，乳香，海藻，黄芪，没药，天冬，夏枯草，三棱，玄参，白术，浙贝母，莪术，丹参，鸡内金,瓜蒌
TCMF8681,心悸，失眠，烦躁不安,党参，白芍，栀子,当归
TCMFx6860,"清热止咳, 宣肺平喘。用于感冒, 头痛发热, 咳嗽痰黄, 气逆喘急等。",麻黄，黄芩，金银花，石膏，紫苏叶，苦杏仁，薄荷，前胡，桑叶，菊花，甘草,桔梗
TCMF11988,风寒湿痹，腰腿疼痛，肢体麻木，筋骨无力。,黄芪，丹参，杜仲，肉苁蓉，葛根，秦艽，细辛，乳香，没药，三棱，丝瓜络，白术，赤芍，牡丹皮，女贞子，覆盆子，金樱子，木瓜，桃仁,黄精
TCMF11324,风寒湿痹，筋骨疼痛，肢体麻木，腰膝酸软。,红花，川芎，秦艽，威灵仙，草乌，川乌，香加皮，老鹳草，茜草，当归，千年健，牛膝，续断，桂枝,木瓜
TCMF11572,肝郁脾虚，气血不足，头晕目眩，心悸失眠。,人参，麦冬，北沙参，五味子，枸杞子，川楝子，当归，桂枝,党参
TCMF11772,咳嗽，痰多，气喘。,桔梗，枇杷叶，半夏,川贝母
TCMF7250,阴虚火旺者，症见潮热面红、自汗盗汗，心烦不宁，失眠多梦，头晕耳鸣，腰膝酸软，手足心热；妇女卵巢功能衰退、更年期综合征见上述表现者,熟地黄，黄连，白芍，黄芩，茯苓,阿胶
TCMFx7147,肠燥便秘。胶囊更适应于老年人无力性便秘，习惯性便秘，痔疮便秘等。,火麻仁，苦杏仁，枳实，厚朴，大黄,白芍
TCMF10028,心阳不足，心悸怔忡，失眠多梦，肢冷畏寒。,黄芪，干姜，何首乌，大枣，锁阳，淫羊藿,甘草
TCMF10967,脾肾两虚，腰膝酸软，食欲不振，神疲乏力。,炙甘草，红参，山药，肉苁蓉，锁阳，女贞子，覆盆子，山茱萸，菟丝子，白芍，陈皮,白术
TCMF9429,脾胃虚弱，腹泻，消化不良，食欲不振。,茯苓，苍术，木香，五倍子，乌梅，红参，鹿角霜,肉豆蔻
TCMF11931,心悸失眠，健忘多梦，心烦不安，头晕目眩。,柏子仁，酸枣仁，黄芪，熟地黄，茯苓，远志，黄连，朱砂，甘草,当归
TCMFx4355,"中风, 风痱",海风藤，千年健，威灵仙，油松节，川牛膝，续断，桑寄生，白术，狗脊，秦艽，独活，川芎，乳香，肉桂，防己，苍术，陈皮，杜仲，当归，伸筋草，熟地黄，茜草，防风，木瓜，玉竹，地枫皮，没药，红花，麻黄,豨莶草
TCMF12089,湿热下注，脾胃虚弱，食少便溏，腹胀腹痛，小便不利。,麦冬，天冬，车前子，广藿香，白扁豆，茯苓，薏苡仁，砂仁，白术，苍术，黄连，肉豆蔻，诃子，芡实，檀香，丁香，吴茱萸，肉桂，槟榔,木香
TCMF7524,更年期综合征，高血压，闭经，以及其他慢性疾病见有肾阴阳两虚、虚火上扰者。,仙茅，淫羊藿，当归，黄柏，知母,巴戟天
TCMF12458,局部红肿疼痛，发热,当归,甘草
TCMF10599,银屑病，皮肤瘙痒，湿热蕴结证。,土茯苓，连翘，赤芍，苦参，黄柏，白鲜皮，蝉蜕，当归，防风，甘草,金银花
TCMF11837,脾胃虚弱，食欲不振，脘腹胀满，肢体倦怠。,白术，白芍，木瓜，北沙参，香附，熟地黄,乌梅
TCMF9561,跌打损伤，瘀血肿痛，筋骨疼痛。,三棱，莪术，郁金，红花，大黄，赤芍，牡丹皮，川芎，当归，防风，香附，蒲黄，续断，延胡索，青皮，枳壳，乌药,陈皮
TCMF8620,功能性子宫出血，月经过多，经期延长。,侧柏叶，椿皮，金樱子，柴胡，大青叶，三七，牡蛎,白芍
TCMF10375,肾阳不足，腰膝酸软，畏寒肢冷，阳痿早泄，精冷不育。,补骨脂，肉苁蓉，枸杞子，熟地黄，当归，白术，仙茅，淫羊藿，菟丝子，人参,蛇床子
TCMF7223,用于跌打损伤，瘀血肿痛，吐血、咳血、便血、痔血、崩漏下血，手术出血，疮疡肿毒及软组织挫伤，闭合性骨折，支气管扩张及肺结核咳血，溃疡病出血，以及皮肤感染性疾病,三七，重楼，麝香，草乌,冰片
TCMF9469,滋补强壮，养心安神，用于身体虚弱，心悸失眠，头晕目眩，腰膝酸软。,人参，龟甲，何首乌，枸杞子，当归，茯苓，白术，丹参，砂仁，甘草,赤芍
TCMF11849,中风后遗症，脑动脉硬化，脑血栓形成，脑栓塞，短暂性脑缺血发作。,灯盏细辛，丹参，红花，川芎，赤芍，桃仁，鸡血藤，牛膝，桑寄生，地龙，全蝎,当归
TCMFx6318,"痹病, 腰痛, 关节痛",骨碎补，川乌，牛膝，海龙，秦艽，乳香，没药，香附，马钱子，防风，当归，红花，赤芍，草乌，木香，桃仁,肉桂
TCMF7763,小儿脾胃虚弱，消化不良，食欲不振，腹胀便溏，夜寐不安。,茯苓，党参，山药，莲子，使君子，鸡内金，海螵蛸,稻芽
TCMFx5338,虚劳,鸡血藤，骨碎补，黄芪，麦芽，女贞子，党参，佛手,何首乌
TCMFx5688,胃脘痛,党参，附子，黄芪，肉桂，山药，肉苁蓉，山楂，乌梅，陈皮，补骨脂，砂仁,白术
TCMFx4155,"自汗, 不寐, 胸痹, 眩晕",灵芝，黄芪，三七，淫羊藿，丹参，何首乌，桑寄生，人参,五味子
TCMF7527,血虚寒凝，月经不调，痛经，肢体麻木。,当归，川芎，白芍，桂枝，通草，甘草，生姜，大枣,细辛
TCMF3103,痹病,红参，麻黄，熟地黄，甘草，大黄，防风，片姜黄，乌梢蛇，草豆蔻，独活，白芷，玄参，赤芍，青皮，苍术，僵蚕，粉萆薢，乳香，乌药，香附，桑寄生，没药，骨碎补，葛根，穿山甲，白附子，冰片，红花，威灵仙，厚朴，狗脊，苦参，巴戟天，地龙，鸡血藤，仙鹤草，丹参,肉桂
TCMF12237,疮疡肿毒，瘰疬痰核，乳痈，丹毒，无名肿毒。,巴豆，蓖麻子，木鳖子，大黄，冰片，血余炭,白芷
TCMF10497,肝郁脾虚，湿热内蕴所致的胁痛、腹胀、纳呆、乏力等症。,丹参，茯苓，白术，郁金，木香，厚朴，山楂，鸡内金，牡丹皮，当归，板蓝根，延胡索，陈皮,三棱
TCMF7876,感冒咳嗽，急慢性支气管炎，哮喘。,川贝母，桔梗，麻黄，五味子，远志，陈皮,法半夏
TCMF11626,脾胃虚弱，食少便溏，气短乏力，肢倦懒言。,黄芪，党参，白术，苍术，葛根，炙甘草，白芍，当归，刺五加，升麻，柴胡，陈皮,五味子
TCMF5754,"鼻渊, 鼻窒",辛夷，黄芩，柴胡，川芎，桔梗，薄荷，菊花，荆芥穗，枳壳，防风，细辛，蔓荆子，龙胆，水牛角,白芷
TCMF11374,跌打损伤，骨折，瘀血肿痛,红花，当归，血竭，乳香，没药，儿茶，安息香，芦荟，白矾,苏木
TCMF912,"风湿性关节炎, 类风湿关节炎",马钱子，金钱白花蛇，蜈蚣，全蝎，地龙，僵蚕，乌梢蛇，天麻，人参，黄芪，当归，羌活，独活，防风，麻黄，桂枝，附子，川乌，薏苡仁，苍术，白术，桃仁，红花，没药，穿山甲，延胡索，牡丹皮，北刘寄奴，鸡血藤，香附，木香，枳壳，路路通，川牛膝，伸筋草，砂仁，木瓜，续断，大黄，朱砂,王不留行
TCMF9127,肾虚失眠，心悸怔忡，腰膝酸软，畏寒肢冷。,鹿茸，制何首乌，淫羊藿，干姜，百合，酸枣仁，大枣,甘草
TCMF11002,跌打损伤，瘀血肿痛，风湿痹痛。,三七，血竭，红花，乳香，没药，甘松，香附，细辛，白芷，制草乌，制川乌，朱砂，冰片,木香
TCMF2925,"咳嗽, 口疮, 鼻疮, 喉痹",川贝母，知母，大黄，前胡，天花粉，桔梗，苦杏仁，桑白皮,黄芩
TCMF9179,肝肾不足，腰膝酸软，筋骨痿弱，头晕目眩。,人参，黄芪，麦冬，补骨脂，秦艽，地骨皮，川芎，泽泻，鹿角,乳香
TCMF9848,血热瘀滞所致的皮肤紫斑、荨麻疹、皮肤瘙痒等。,桃仁，红花，白薇，苍术，降香，甘草,紫草
TCMF2239,"月经失调, 胎动不安",益母草，香附，川芎，当归，续断，艾叶，白芍，白术，杜仲，党参，茯苓，砂仁，黄芩，陈皮，熟地黄，甘草,阿胶
TCMF11697,湿热瘀阻所致的痹病，症见关节疼痛、红肿、屈伸不利，肢体沉重，腰膝酸软，步履艰难。,知母，黄芩，葛根，苦参，猪苓，党参，白术，苍术，茵陈，升麻，当归，防风，羌活,泽泻
TCMF11987,风湿性关节炎，类风湿性关节炎，骨质增生，腰腿疼痛。,补骨脂，黄芪，杜仲，肉苁蓉，苏木，没药，乳香，川芎，香加皮，细辛，骨碎补，牛膝，续断,桂枝
TCMFx4333,"感冒, 中暑, 呕吐, 腹泻",广藿香，白芷，白术，陈皮，半夏，厚朴，茯苓，桔梗，甘草，大腹皮，大枣，生姜,紫苏叶
TCMF11270,胃脘疼痛，嗳气吞酸，慢性胃炎，胃溃疡。,丹参，黄芩，郁金，蒲公英，赤芍，甘草，洋金花，瓦楞子,川芎
TCMFx807,"感冒, 喉痹, 疔疮",野菊花，桑叶,夏枯草
TCMF9040,脑血栓，脑栓塞，脑动脉硬化，脑出血后遗症等引起的肢体麻木，半身不遂，言语不利，头晕目眩。,葛根，黄芪，鸡血藤，郁金，党参，天麻，制何首乌，桃仁，川芎，胆南星，三七，西红花，冰片，人工牛黄，全蝎，蜈蚣，石决明,丹参
TCMFx676,"月经过多, 痛经",熟地黄，车前子，茯苓，柴胡，牛膝，五味子，肉桂，泽泻，三七，附子，黄连，牡丹皮,山药
TCMFx7157,湿热所致的小儿泄泻，症见：水样或蛋花样粪便，或夹有粘液，无热或发热，腹胀，舌红苔黄等，以及小儿轮状病毒性肠炎，见于以上症状者。,茯苓，金银花，柴胡，葛根，黄芩,苍术
TCMFx5247,虚劳,人参，白术，茯苓，甘草，当归，熟地黄，白芍，黄芪，陈皮，远志，肉桂，大枣，生姜,五味子
TCMF1315,痹病,马钱子，麻黄，乳香，千年健，自然铜，地枫皮，桂枝，牛膝，木瓜，甘草,没药
TCMF6695,"清肺, 化痰, 止咳。用于面赤身热, 咳嗽, 痰多, 咽痛。",麻黄，苦杏仁，石膏，甘草，桑白皮，瓜蒌皮，黄芩，板蓝根，法半夏，浙贝母，橘红，紫苏子，葶苈子，紫苏叶，细辛，薄荷，枇杷叶，前胡，石菖蒲，天花粉，青礞石,白前
TCMF11094,清热解毒，用于治疗感冒发热，咽喉肿痛，口腔溃疡，疮疖肿毒。,黄连，黄芩，黄柏，栀子，连翘，板蓝根，大青叶，蒲公英，紫花地丁，甘草,金银花
TCMFx5054,感冒,桑叶，菊花，连翘，薄荷，苦杏仁，桔梗，芦根,甘草
TCMF12070,小儿感冒发热，头痛，咳嗽，咽喉肿痛。,石膏，金银花，连翘，广藿香，白薇，地骨皮,青黛
TCMF11896,脾胃虚弱，食少便溏，气短乏力，面色萎黄。,炙黄芪，党参，白术，炙甘草，当归，陈皮，升麻，生姜，大枣,柴胡
TCMF9175,肾虚脱发，须发早白，腰膝酸软，头晕耳鸣。,丹参，黄芪，杜仲，茯苓，蒺藜，墨旱莲，制何首乌，女贞子，枸杞子，白芷，当归，龙眼肉，淫羊藿,红花
TCMF9763,冠心病，心绞痛，心肌梗死，脑梗死，中风后遗症等,黄芪，西洋参，当归，桃仁，麦冬，乳香，西红花，地龙，全蝎,丹参
TCMF8784,肝胃不和，胸胁胀痛，呕吐吞酸，脘腹胀满，不思饮食。,柴胡，白芍，木香，香附，延胡索，白术，豆蔻，砂仁，陈皮，橘红，龙胆，黄连，厚朴，沉香，甘草,茯苓
TCMF8816,肾虚腰痛，腰膝酸软，头晕耳鸣，阳痿早泄，遗精滑精。,杜仲，鹿茸，肉苁蓉，山茱萸，菟丝子，五味子，枸杞子，西红花，人参，大黄,海龙
TCMF10063,肾虚腰痛，遗精早泄，头晕目眩，视力减退，耳鸣耳聋，须发早白。,枸杞子，菟丝子，覆盆子，五味子，车前子，熟地黄，山茱萸，山药，牡丹皮，茯苓,泽泻
TCMF8382,肝火旺盛，目赤肿痛，视物昏花，头痛眩晕。,黄连，黄芩，黄柏，龙胆，决明子，石决明，密蒙花，木贼，柴胡，胡黄连,茺蔚子
TCMF8870,头痛，眩晕，癫痫，中风后遗症。,羚羊角，钩藤，全蝎，白芍，川芎，三七，白芷，僵蚕,蜈蚣
TCMF9565,心悸失眠，气短乏力，头晕目眩，腰膝酸软。,人参，鹿茸，砂仁，红花，莲子心，龙眼肉，三七，地龙，海马，羚羊角,蛤蚧
TCMF12237,疮疡肿毒，瘰疬痰核，乳痈，丹毒，无名肿毒。,巴豆，木鳖子，大黄，白芷，冰片，血余炭,蓖麻子
TCMF12533,皮肤瘙痒，红肿疼痛，或有渗出,防风，牛蒡子，大黄，芒硝，苦参，黄芩，甘草，冰片,荆芥穗
TCMF8096,肝胆湿热，心烦失眠，口苦咽干，胁痛,郁金，茵陈，黄柏，冰片,栀子
TCMF7277,风热咳嗽，鼻流稠涕，发热头昏，咽干舌燥。,桑叶，黄芩，薄荷，桔梗,菊花
TCMF6214,"月经不调, 痛经, 崩漏, 带下病",白术，茺蔚子，熟地黄，当归，丹参，川芎，白芍，香附,益母草
TCMF9744,胸痹心痛，心悸气短，胸闷不舒，心绞痛。,薤白，丹参，姜黄，红花，赤芍，川芎，当归，太子参，石菖蒲，远志，炙甘草,瓜蒌皮
TCMFx347,"痰瘀互结所致的胸痹心痛, 症见胸闷胸痛, 憋气, 舌质紫暗, 苔白腻; 冠心病心绞痛见上述证候者",瓜蒌皮，薤白，葛根，川芎，丹参，赤芍，泽泻，黄芪，骨碎补,郁金
TCMF5872,"咳嗽, 百日咳",法半夏，茯苓，黄芩，川贝母，百部，胆南星，白前，冰片，牛黄,石膏
TCMF12278,心悸，气短，脉结代。,人参，大枣，桂枝，麦冬，生姜，黑芝麻，阿胶,炙甘草
TCMF10708,湿热下注，小便不利，淋沥涩痛，尿频尿急。,滑石粉，木通，栀子，大黄，瞿麦，萹蓄，甘草，灯心草,车前子
TCMFx6261,"腰痛, 痹病",枸杞子，淫羊藿，巴戟天，穿山龙，威灵仙，狗脊，川牛膝，豨莶草，乌梅，鹿角胶，鹿衔草，木瓜，没药，海龙，杜仲,地龙
TCMF10109,肾虚腰痛，阳痿早泄，遗精，尿频，腰膝酸软。,淫羊藿，枸杞子，巴戟天，肉苁蓉，菟丝子，熟地黄，当归，茯苓，泽泻，牡丹皮，牛膝,杜仲
TCMFx858,"脑梗塞, 冠心病, 心绞痛",黄芪，赤芍，丹参，当归，川芎，桃仁，红花，乳香，没药，鸡血藤，牛膝，桑枝，地龙，全蝎，水蛭,桂枝
TCMF7281,斑秃、全秃、普秃及肝肾之症状性脱发。,熟地黄，枸杞子，女贞子，黑芝麻，桑椹，党参，当归，丹参，羌活，川芎，木瓜,何首乌
TCMF11187,风热感冒，咽喉肿痛，头痛发热，咳嗽痰黄。,薄荷，荆芥穗，甘草，淡竹叶，桔梗，牛蒡子，连翘，金银花，冰片，水牛角，羚羊角,淡豆豉
TCMF11982,瘀血内阻，月经不调，痛经，闭经，产后瘀血腹痛。,益母草，黑豆，苏木，没药，乳香，莪术，红花，木香，香附，大黄，桃仁，当归，肉桂，乌药，僵蚕,延胡索
TCMF8368,高血压，头晕目眩，耳鸣，腰膝酸软。,槐角，菊花，何首乌,枸杞子
TCMF7582,记忆力减退，注意力不集中，神经衰弱，失眠多梦。,茯苓，白术，黄芪，当归，川芎，酸枣仁，石菖蒲,人参
TCMF9104,哮喘，气短，咳嗽，胸闷。,麻黄，苦杏仁，厚朴，红参，柴胡，穿山龙，陈皮，甘草,紫苏叶
TCMF11234,肝肾不足，腰膝酸软，头晕耳鸣，失眠多梦，须发早白，遗精早泄。,麦冬，天冬，柏子仁，杜仲，肉苁蓉，茯苓，木香，五味子，巴戟天，覆盆子，地骨皮，枸杞子，山茱萸，牛膝，远志,丹参
TCMF792,咳嗽,罂粟壳，川贝母，砂仁，麻黄，石膏，玄参，五味子，枳实，苦杏仁，甘草，西洋参,陈皮
TCMF10126,皮肤瘙痒，湿疹，皮炎。,香薷，薄荷，黄柏，白芷，防风，苍术，蛇床子，地肤子，花椒，冰片,苦参
TCMFx3752,"阳痿, 早泄, 遗精, 性冷",鹿茸，鹿角胶，柏子仁，鹿角霜，黄芪，人参，当归，淫羊藿，附子，肉苁蓉，熟地黄，韭菜子,酸枣仁
TCMFx4551,"胸痹, 真心痛",桑寄生，香附,灵芝
TCMF7046,"湿热带下, 热淋",当归，川芎，木通，陈皮，土茯苓，金银花，大黄,茯苓
TCMFx7221,用于外感风邪所致的头痛，或有恶寒、发热、鼻塞。,羌活，白芷，荆芥，薄荷，防风，甘草,川芎
TCMF12420,疮疡肿痛，瘙痒，渗出,黄连，苦参,黄芩
TCMF12034,脾胃虚弱，食欲不振，消化不良，脘腹胀满。,谷芽，麦芽，南沙参，白术，山药,九香虫
TCMFx3849,"积滞, 腹胀",雄黄，甘草，蜂蜡，郁金，苦杏仁，巴豆霜,使君子
TCMFx5806,"积滞, 胃脘痛, 腹胀",苍术，陈皮，甘草，厚朴，香附,砂仁
TCMF498,胃脘痛,北沙参，石斛，玉竹，甘草，麦冬，白芍,川楝子
TCMF11578,感冒发热，头痛鼻塞，咳嗽痰多。,薄荷，紫苏叶，葛根，乌梅，檀香,豆蔻
TCMF9064,心悸失眠，健忘多梦，头晕目眩，神疲乏力。,人参，黄芪，龟甲，玉竹，甘松，益智，木香，石菖蒲，远志,五味子
TCMF8228,肾阳不足，腰膝酸软，畏寒肢冷，阳痿早泄，夜尿频多。,鹿茸，海马，红参，补骨脂，锁阳，淫羊藿，天冬，熟地黄，枸杞子，砂仁，杜仲，牛膝，丁香，大青盐,肉苁蓉
TCMF10437,气血两虚，月经不调，崩漏下血，体弱乏力。,当归，熟地黄，黄芪，党参，白芍，川芎，茯苓,炙甘草
TCMF9567,烧伤，烫伤，疮疡肿痛,侧柏叶，黄芩，苦参，红花，大黄，五倍子，栀子，地榆，白芷，当归，罂粟壳，黄柏，紫草，冰片，蜂蜡,血余炭
TCMF8048,咳嗽，痰多，气喘。,百部，黄芩，桑白皮，桔梗，连翘，远志，陈皮,甘草
TCMFx1436,"通治风, 寒, 湿三气, 合而成痹",羌活，姜黄，当归，白芍，黄芪，甘草，生姜,防风
TCMFx817,"胁痛, 眩晕, 月经失调",柴胡，当归，白芍，白术，茯苓，甘草，薄荷,生姜
TCMF7873,肺肾两虚，精气不足，久咳虚喘，神疲乏力，腰膝酸软。,冬虫夏草，淫羊藿，山楂，甘草,枸杞子
TCMF7891,肾虚腰痛，头晕耳鸣，遗精早泄，失眠健忘。,熟地黄，何首乌，杜仲，肉苁蓉，淫羊藿，麦冬，茯苓，党参，当归，枸杞子，覆盆子，五味子,天冬
TCMF7620,缺乳,穿山甲，王不留行，天花粉，甘草，鹿角霜，漏芦，通草，当归，川芎,木通
TCMF9707,阴道炎，宫颈炎，盆腔炎,野菊花，两面针,蛇床子
TCMF11926,血脉瘀阻，肢体麻木，瘫痹不遂，风湿痹痛。,黄芪，当归，鸡血藤，黄芩，天花粉，白术，蒲公英，野菊花，石斛，赤芍，金银花，牛膝，玄参，苦地丁，延胡索,天葵子
TCMF9706,失眠多梦，记忆力减退，头晕耳鸣，心悸怔忡。,柏子仁，酸枣仁，丹参，当归，合欢皮，何首乌，枸杞子，桑椹，葛根，石菖蒲，牛膝，远志,党参
TCMF8990,感冒咳嗽，支气管炎，肺炎。,白前，百部，紫菀，桔梗，陈皮，荆芥，鱼腥草，枳壳,款冬花
TCMF10273,小儿厌食，食欲不振，消化不良。,甘草，茯苓，麦芽，山楂，三棱，大黄，肉豆蔻，陈皮，枳壳，槟榔,香附
TCMF8493,风寒湿痹，瘫痹拘挛，腰膝疼痛，手足麻木，跌打损伤。,荆芥，防风，羌活，苍术，麻黄，细辛，川乌，草乌，全蝎，当归，川芎，何首乌，石斛，朱砂，雄黄,天麻
TCMF241,"中风中经络, 风痰淤血痹阻脉络证, 症见半身不遂, 偏身麻木, 口眼歪斜, 语言蹇塞; 脑梗死急性期",川芎，丹参，天麻，石菖蒲，黄芪，豨莶草，水蛭，槐花，人工牛黄,牛膝
TCMF10693,肝肾不足，气血两虚，腰膝酸软，头晕耳鸣，失眠多梦，月经不调。,山茱萸，当归，白芍，川芎，知母，黄柏，丹参，鸡血藤，肉苁蓉，女贞子，枸杞子，牡丹皮，酸枣仁，淫羊藿，续断,熟地黄
TCMF9385,心悸失眠，健忘多梦，头晕目眩，腰膝酸软。,人参，枸杞子，桑椹，五味子，酸枣仁，柏子仁，远志，石菖蒲，茯苓，甘草,麦冬
TCMF11344,脾胃虚弱，食积停滞，脘腹胀痛，消化不良。,三棱，莪术，草果，砂仁，白术，川木香，木香，大黄，厚朴，阿魏，当归，香附，莱菔子，法半夏，牵牛子，陈皮，吴茱萸，槟榔，甘草,山楂
TCMFx5648,"吐血, 衄血, 崩漏, 血证",大蓟，茜草，栀子，牡丹皮，棕榈，侧柏叶，白茅根，大黄，荷叶,小蓟
TCMF9129,寒湿瘀阻所致的胃脘疼痛，呕吐泄泻，手足厥冷。,荜茇，干姜，阿魏,麝香
TCMF6682,"活血, 止痛。用于跌打损伤, 瘀血肿痛。",桃仁，陈皮，红花，白芷，防风，甘草，当归，香附，延胡索,木香
TCMF11118,目赤肿痛，眼眵多泪，羞明怕光，头痛眩晕。,龙胆，黄连，菊花，薄荷，荆芥，决明子，谷精草，蒺藜，密蒙花，赤芍，木贼，栀子，白芷，防风，桑白皮，桑叶，冰片，牛黄，蝉蜕,黄柏
TCMF8089,肝癌，肝硬化，肝腹水，肝区疼痛，消化不良。,重楼，白蔹，半枝莲，黄芪，党参，白术，茯苓，薏苡仁，苏木，郁金，桃仁，茵陈，大黄，木通，沉香，柴胡，陈皮，土鳖虫，牡蛎,香附
TCMF5188,"虚劳, 咳嗽",刺五加，蛤蚧，人参,肉苁蓉
TCMF12270,咳嗽痰多，气喘胸闷，痰稠不易咳出。,百合，川贝母，紫苏子，瓜蒌子，麻黄，款冬花，法半夏，白果，陈皮,甘草
TCMF10617,瘀血痹阻，肢体麻木，关节疼痛。,丹参，没药，乳香，红花，威灵仙，川芎，当归，香附，川牛膝,姜黄
TCMF10604,肾虚腰痛，阳痿早泄，神疲乏力，免疫力低下。,冬虫夏草，淫羊藿，人参，当归，白芍，沙苑子，芡实，泽兰，牛膝,黄芪
TCMF7578,咽喉肿痛，声音嘶哑，口干舌燥。,麦冬，桔梗，金银花，薄荷，牛蒡子，蝉蜕，甘草,玄参
TCMF7567,益气补血，通络下乳。用于改善妇女产后气血虚弱引起的无乳，少乳，乳汁清稀。,黄芪，当归，川芎，白芍，熟地黄，通草，漏芦，天花粉，穿山甲，甘草,王不留行
TCMF8868,食积停滞，脘腹胀满，消化不良。,茯苓，麦芽，山楂，白术，陈皮，佛手,莱菔子
TCMF11784,风湿痹痛，跌打损伤，筋骨疼痛。,乳香，没药，血竭，冰片,麝香
TCMF8355,热毒炽盛，咽喉肿痛，口舌生疮，痈肿疮毒。,黄连，金银花，连翘，牛蒡子，玄参，赤芍，桔梗，甘草，芒硝，青黛,龙胆
TCMF12339,风痰阻窍所致的头晕目眩、痰涎壅盛、神志混乱、言语不清及惊风抽搐、癫痫,牛黄，冰片，黄连，黄芩，栀子，当归，川芎，白芍，阿胶，麦冬，甘草,麝香
TCMF11408,咳嗽痰多，气喘胸闷，慢性支气管炎，支气管哮喘。,百部，川贝母，薤白，浙贝母，黄芩，紫苏子，炙甘草，茯苓，生姜，党参，桔梗，款冬花，白前，麻黄，马兜铃，细辛，白芍，五味子，苦杏仁,紫菀
TCMF12491,头晕耳鸣，腰膝酸软，五心烦热，潮热盗汗，遗精早泄，咽干口燥，舌红少津，脉细数,熟地黄，山茱萸，山药，茯苓，蜂蜜,牡丹皮
TCMF11183,风湿痹痛，筋骨疼痛，皮肤瘙痒。,蛇蜕，蝉蜕，防风，荆芥，金银花，连翘,甘草
TCMF11447,气血两虚，脾胃虚弱，肝郁气滞。,当归，白术，茯苓，白芍，枸杞子，柴胡，香附，续断，陈皮,黄芪
TCMF7408,风热感冒，发热头痛，咳嗽鼻塞，咽喉肿痛。,金银花，连翘，桔梗，荆芥，淡豆豉，牛蒡子，甘草,薄荷
TCMF10214,小儿脾胃虚弱，食欲不振，大便稀溏，肢倦乏力。,党参，白术，茯苓，山楂，陈皮，蜂蜜,莲子
TCMF11254,感冒发热，头痛，咳嗽，胸闷，恶心呕吐。,白芍，生姜，大枣，党参，黄芩，柴胡，半夏，甘草,桂枝
TCMF7828,月经不调，痛经，带下，崩漏，不孕,丹参，黄芩，黄芪，党参，杜仲，白术，茯苓，益智，艾叶，陈皮，肉苁蓉，秦艽，白薇，白芍，女贞子，地榆，覆盆子，地骨皮,益母草
TCMF7312,慢性萎缩性胃炎、慢性胃炎所引起的胃脘冷痛，腹胀，嗳气，纳差，畏寒，无力等症。,党参，附子，白术，黄芪，山药，肉桂，肉苁蓉，补骨脂，砂仁，乌梅，山楂,陈皮
TCMF11223,胃溃疡，十二指肠溃疡，慢性胃炎。,黄芪，白及，洋金花，川芎,海螵蛸
TCMF8542,火热毒邪所致的便秘、腹泻、口舌生疮、咽喉肿痛。,黄连，黄芩，黄柏，栀子，芒硝，连翘，金银花，蒲公英，紫花地丁，甘草,大黄
TCMF260,咳嗽,紫苏叶，菊花，葛根，苦杏仁，枇杷叶，紫苏子，桑白皮，前胡，射干，栀子，黄芩，知母，板蓝根，人工牛黄，冰片,川贝母
TCMF5717,痢疾,白芍，黄芩，滑石，木香，陈皮，槟榔，薤白，甘草，当归，青皮，黄连,枳实
TCMF2586,"阳痿, 早泄, 遗精, 遗精, 尿频, 月经失调, 闭经",巴戟天，杜仲，肉苁蓉，续断，仙茅，金樱子，淫羊藿，覆盆子，当归，党参，熟地黄，枸杞子，甘草，黄芪，狗脊,何首乌
TCMF9370,感冒发热，头痛，咳嗽，咽痛。,忍冬藤，青蒿，菊花，板蓝根，大青叶，甘草,连翘
TCMF7427,免疫力低下，疲劳乏力，久病体虚，气血两亏。,人参，黄芪，当归，枸杞子，灵芝，茯苓，白术，甘草,冬虫夏草
TCMF9362,脾胃虚弱，中气下陷，久泻脱肛，子宫脱垂，崩漏下血，眩晕耳鸣，气短乏力。,炙黄芪，白术，炙甘草，升麻，柴胡，当归，陈皮，生姜，大枣,党参
TCMF11114,风湿痹痛，跌打损伤，疮疡肿毒。,巴豆霜，甘遂，猪牙皂，三棱，天花粉，莪术，大黄，麻黄，细辛，草乌,蓖麻子
TCMFx3781,"月经失调, 眩晕, 崩漏, 血劳, 不孕",白术，熟地黄，川芎，白芍，香附，益母草，黄芪，杜仲，艾叶，麦冬，阿胶，甘草，陈皮，茯苓，砂仁,当归
TCMF11632,肝郁气滞，胸胁胀痛，脘腹疼痛。,炙甘草，白芍，柴胡，香附，枳壳,延胡索
TCMF7399,肾虚腰痛，腰膝酸软，下肢水肿，小便不利。,杜仲，续断，桑寄生，白术，茯苓，枳实，猪苓，泽泻，车前子,甘草
TCMFx6233,"百日咳, 咳嗽",川贝母，麝香，冰片，朱砂，半夏，石膏,薄荷
TCMF12508,"发热, 恶寒, 咳嗽, 鼻塞流涕, 头痛, 无汗, 肢体痠痛",紫苏叶，前胡，桔梗，苦杏仁，麻黄，甘草，姜半夏，茯苓，枳壳，黄芩,陈皮
TCMF8992,慢性肝炎，肝硬化，肝功能不全。,丹参，鸡骨草，垂盆草，党参，川楝子，制何首乌，枸杞子，北沙参，当归，三七，熟地黄,郁金
TCMF10606,阴阳两虚，腰膝酸软，头晕耳鸣，失眠多梦，遗精盗汗。,黄芪，当归，白芍，川芎，枸杞子，菟丝子，淫羊藿，巴戟天，肉苁蓉,熟地黄
TCMF7366,心脾两虚，气血不足所致的心悸，失眠，头晕，肢倦乏力,熟地黄，当归，白芍，川芎，党参，黄芪，白术，远志，酸枣仁，龙眼肉，丹参，甘草,茯苓
TCMF8291,肾虚腰痛，头晕耳鸣，遗精盗汗，四肢乏力。,人参，黄芪，黄精，枸杞子，肉苁蓉，冬虫夏草，淫羊藿，茯苓，白术，天冬，五味子，海马，鹿茸，三七，菟丝子，黑芝麻,何首乌
TCMF10990,燥热咳嗽，痰少而粘，不易咳出。,川贝母，百合，麦冬,款冬花
TCMF9538,肾虚腰痛，头晕耳鸣，神疲乏力，腰膝酸软。,人参，枸杞子，青皮，薄荷,龟甲
TCMF9065,心悸失眠，健忘多梦，神疲乏力。,人参，玉竹，甘松，木香，五味子，石菖蒲，远志，龟甲,黄芪
TCMF8226,肝肾阴虚，头晕目眩，腰膝酸软，失眠多梦。,龟甲，鳖甲，熟地黄，制何首乌，枸杞子，女贞子，桑椹，丹参，牡丹皮，茯苓，泽泻，车前子，牡蛎，五味子，覆盆子，山楂，当归，山药，牛膝,狗脊
TCMF5623,"月经失调, 痛经, 不孕",吴茱萸，当归，川芎，白芍，肉桂，牡丹皮，生姜，党参，半夏，麦冬，甘草,阿胶
TCMF12315,关节炎，类风湿性关节炎，痛风，跌打损伤。,黄精，天冬，余甘子，儿茶，决明子，荜茇，诃子，毛诃子,乳香
TCMF8383,咳嗽，气喘，痰多，胸闷。,黄芪，麻黄，山楂，鱼腥草，淫羊藿，射干，地龙,桔梗
TCMF11626,脾胃虚弱，食少便溏，气短乏力，肢倦懒言。,黄芪，白术，苍术，葛根，炙甘草，白芍，当归，刺五加，升麻，柴胡，五味子，陈皮,党参
TCMF3103,痹病,红参，肉桂，麻黄，熟地黄，甘草，大黄，防风，片姜黄，草豆蔻，独活，白芷，玄参，赤芍，青皮，苍术，僵蚕，粉萆薢，乳香，乌药，香附，桑寄生，没药，骨碎补，葛根，穿山甲，白附子，冰片，红花，威灵仙，厚朴，狗脊，苦参，巴戟天，地龙，鸡血藤，仙鹤草，丹参,乌梢蛇
TCMF9993,肾阳不足，腰膝酸软，畏寒肢冷，头晕耳鸣，失眠多梦。,人参，党参，杜仲，肉苁蓉，熟地黄，益母草，红花，山茱萸，山药，枸杞子，菟丝子，肉桂，沉香，丁香,防风
TCMF8430,外感风寒，内伤湿滞，头痛昏重，胸膈痞闷，脘腹胀痛，呕吐泄泻,广藿香，紫苏叶，白芷，厚朴，大腹皮，半夏，白术，茯苓，生姜，大枣,陈皮
TCMF8535,感冒发热，咳嗽痰多，头痛鼻塞。,浙贝母，黄芩，紫苏叶，天花粉，桔梗，前胡，桑叶，胆南星，枳壳，青黛，甘草,陈皮
TCMF9272,肥胖症，高脂血症，湿热内阻。,丹参，黄芩，茵陈，防己，白术，大黄，川芎，淫羊藿，泽泻，水牛角,山楂
TCMF10539,肾虚，腰膝酸软，遗精，早泄，小便频数。,韭菜子，补骨脂，金樱子，覆盆子，五味子，女贞子，枸杞子，桑椹，车前子，附子，芡实,沙苑子
TCMF7397,热蕴膀胱，小腹胀满，小便不利，尿闭，尿道涩痛，口渴，舌红苔黄，脉数。,黄柏，肉桂,知母
TCMF7546,偏头痛，头痛，头晕。,川芎，羌活，防风，细辛，薄荷，荆芥，甘草,白芷
TCMF7029,"痢疾, 便脓血, 腹痛, 里急后重",白芍，当归，黄连，大黄，木香，槟榔，甘草，肉桂,黄芩
TCMF10693,肝肾不足，气血两虚，腰膝酸软，头晕耳鸣，失眠多梦，月经不调。,熟地黄，山茱萸，当归，白芍，川芎，知母，黄柏，丹参，鸡血藤，肉苁蓉，枸杞子，牡丹皮，酸枣仁，淫羊藿，续断,女贞子
TCMF12517,面色萎黄，头晕乏力，月经不调，经量过多，色淡，经期延长,白芍，艾叶，川芎，当归，甘草，阿胶,熟地黄
TCMF43,感冒,半夏，黄芩，党参，甘草，生姜，大枣,柴胡
TCMFx7105,急喉痹（急性咽炎）、风热乳蛾（急性充血性扁桃体炎）属内有郁热、外感风解证者，症见：咽痛或吞咽痛，咽干灼热，口渴多饮，咳嗽，痰黄，便干，尿黄，舌质红，苔薄白或黄，脉浮数有力。,黄芩，连翘，薄荷，牛蒡子，桔梗，甘草,荆芥
TCMF12361,腰膝酸软，畏寒肢冷，神疲乏力，夜尿频多,杜仲，补骨脂，没药,鹿茸
TCMF11923,咳嗽，痰多，气喘，胸膈满闷。,葶苈子，桑白皮，莱菔子，枳壳，法半夏，茯苓，橘红，大枣，甘草,紫苏子
TCMF9397,胸痹心痛，心悸失眠，神昏谵语，癫痫发狂。,降香，沉香，诃子，西红花，牛黄，朱砂，珍珠,檀香
TCMF9049,中风，脑血栓，脑栓塞，脑出血后遗症等。,黄芪，大黄，川芎，牡丹皮，石菖蒲，牛膝,水蛭
TCMF11353,脾胃虚弱，食积不化，脘腹胀满，呕吐泄泻，肢体倦怠。,薄荷，紫苏叶，赤小豆，谷芽，麦芽，苍术，川木香，青蒿，厚朴，苦杏仁，山楂，白芷，香附，陈皮，枳壳，肉桂，槟榔,广藿香
TCMF8742,鼻渊、鼻塞、流脓涕、头痛、嗅觉减退。,重楼，夏枯草，党参，苍耳子，野菊花，两面针,龙胆
TCMF12021,风寒湿痹，头痛，牙痛，关节疼痛，肌肉酸痛。,细辛，川芎，白芷，防风，羌活，独活，麻黄，桂枝，苍术,甘草
TCMF11982,瘀血内阻，月经不调，痛经，闭经，产后瘀血腹痛。,益母草，黑豆，苏木，没药，乳香，莪术，木香，香附，延胡索，大黄，桃仁，当归，肉桂，乌药，僵蚕,红花
TCMF7415,中风偏瘫，半身不遂，肢体麻木。,川芎，丹参，当归，川牛膝，桃仁，红花，茺蔚子，鸡血藤，忍冬藤，络石藤，地龙，土鳖虫，伸筋草，蜈蚣，全蝎，僵蚕，木瓜，金钱白花蛇,威灵仙
TCMF8305,肝肾阴虚，腰膝酸软，头晕目眩，耳鸣耳聋，潮热盗汗，遗精早泄。,麦冬，天冬，杜仲，牛膝，熟地黄，龟甲,黄柏
TCMFx7393,肝郁伤神所致的失眠症。症见：失眠多梦，精神抑郁或急躁易怒，胸胁苦满或胸膈不畅，口苦目眩，舌边尖略红，苔白或微黄，脉弦。,柴胡，合欢花，白芍，蝉蜕，僵蚕，灯心草,酸枣仁
TCMF9088,脾胃虚寒，脘腹冷痛，呕吐泄泻，手足不温。,荜茇，胡椒，豆蔻，干姜，红花，木香，诃子,肉桂
TCMF9621,肾阳不足，腰膝酸软，畏寒肢冷，阳痿早泄，夜尿频多。,附子，肉桂，杜仲，补骨脂，锁阳，淫羊藿，党参，白术，鹿衔草，山茱萸，女贞子，覆盆子，五味子，柏子仁，远志，车前子，沙苑子，葛根，甘草,蛇床子
TCMF8374,湿热黄疸，胁痛口苦，恶心呕吐，腹胀便秘。,黄芩，大黄，甘草,茵陈
TCMF7726,噎膈,人参，白术，茯苓，半夏，生姜，大枣,陈皮
TCMF8076,急慢性咽炎，咽喉肿痛，声音嘶哑。,射干，青果，乌梅，甘草，冰片,薄荷
TCMF11550,月经不调，痛经，产后腹痛，血虚头晕。,丹参，益母草，当归，川芎，茯苓，白术，木香，香附，小茴香，肉桂，红参，甘草，熟地黄，续断，牛膝，蒲黄，延胡索，地骨皮，莱菔子,赤芍
TCMF9026,脾胃气滞，脘腹胀痛，食欲不振，消化不良。,木香，香附，乌药，陈皮，青皮，枳壳，莱菔子，山楂，茯苓，槟榔，甘草,麦芽
TCMF7556,宫外孕，附件炎，盆腔炎。,丹参，赤芍，桃仁，三棱，莪术，没药，蜈蚣，全蝎，天花粉,乳香
TCMF11333,外感风寒，内伤湿滞，头痛昏重，胸膈痞闷，脘腹胀痛，呕吐泄泻。,广藿香，紫苏叶，厚朴，陈皮，姜半夏，白术，茯苓，桔梗，白芷，大腹皮，甘草,生姜
TCMF9433,乳腺增生，乳房胀痛，乳癖,瓜蒌，野菊花，赤芍，香附，制天南星，陈皮，青皮,半枝莲
TCMF7407,阳痿,淫羊藿，巴戟天，肉苁蓉，蛇床子，枸杞子，菟丝子，覆盆子，山茱萸，熟地黄，当归，黄芪，人参，鹿茸，海马,五味子
TCMFx7181,急、慢性肝炎，迁延性肝炎，慢性活动性肝炎，对血清谷丙转氨酶、麝香草酚浊度、黄疸指数均有显著的降低作用，对乙型肝炎表面抗原转阴有较好的效果。,茵陈，郁金，黄芪，当归，五味子，刺五加，甘草,板蓝根
TCMF9306,疮疡肿毒，咽喉肿痛，口舌生疮。,金银花，甘草,人工牛黄
TCMF10798,气血两虚，心悸失眠，食欲不振，肢倦乏力。,党参，太子参，茯苓，白术，当归，山药，白芍，五味子，远志,制何首乌
TCMF7772,咳嗽，气喘，痰多，胸闷。,百部，川贝母，浙贝母，茯苓，桔梗，麻黄，厚朴，五味子，苦杏仁，甘草,款冬花
TCMF12218,气血两虚，月经不调，崩漏带下，产后虚弱。,人参，黄芪，白术，当归，川芎，白芍，熟地黄，甘草，阿胶,茯苓
TCMF9533,冠心病，心绞痛，心肌梗死，高血压，高脂血症,黄芪，人参，麦冬，丹参，葛根，决明子，灵芝，红花，何首乌，海藻，川芎，三七，蒲黄，佛手,香附
TCMF697,痹病,川乌，甘草，穿山龙，天南星，当归，草乌，白芷，粉萆薢，薏苡仁，红花，徐长卿,秦艽
TCMF7653,湿热泄泻，腹痛，里急后重，肛门灼热，小便短赤。,葛根，黄芩，黄连，炙甘草，炙黄芪，白术，茯苓，车前子，木香，槟榔,泽泻
TCMF4097,"胎动不安, 胃脘痛, 腰痛",香附，白术，陈皮，枳壳，党参，荆芥，白芍，厚朴，菟丝子，黄芪，羌活，艾叶，甘草，川贝母，川芎，砂仁,当归
TCMF3103,痹病,红参，肉桂，麻黄，熟地黄，甘草，大黄，防风，片姜黄，乌梢蛇，草豆蔻，白芷，玄参，赤芍，青皮，苍术，僵蚕，粉萆薢，乳香，乌药，香附，桑寄生，没药，骨碎补，葛根，穿山甲，白附子，冰片，红花，威灵仙，厚朴，狗脊，苦参，巴戟天，地龙，鸡血藤，仙鹤草，丹参,独活
TCMF8380,肾虚腰痛，遗精早泄，头晕耳鸣，神疲乏力。,黄精，何首乌，熟地黄，党参，丹参，枸杞子，五味子，淫羊藿，续断，车前子，白茅根，蒲公英，蛇床子，水蛭，牡蛎，蜂房,菟丝子
TCMFx5115,发热,柴胡,鹅不食草
TCMF7815,月经不调，痛经，气血两虚。,当归，麦冬，白芍，益母草，香附，艾叶，三七,党参
TCMF11152,月经不调，痛经，带下病，腰膝酸软，气血两虚。,益母草，黄芩，补骨脂，炙黄芪，杜仲，茯苓，豆蔻，砂仁，郁金，党参，艾叶，白术，苍术，陈皮，制何首乌，秦艽，白芍，甘草，黄连,益智
TCMFx7070,"肝经虚热, 惊悸抽搐, 呕吐痰涎, 腹胀少食, 睡卧不安",柴胡，甘草，川芎，当归，白术，钩藤,茯苓
TCMF8200,冠心病，心绞痛。,冰片,苏合香
TCMF10113,肾虚腰痛，头晕耳鸣，失眠多梦，神疲乏力。,黄精，熟地黄，女贞子，枸杞子，山药，淫羊藿，人参，泽泻,麦冬
TCMF10027,气血两虚，头晕目眩，食欲不振，腰膝酸软。,制何首乌，红花，菊花，山楂，陈皮,枸杞子
TCMF8531,湿热下注所致的阴痒、带下量多、色黄腥臭、湿疹、脚癣等。,土茯苓，苦参，千里光，虎杖，黄柏，徐长卿，赤芍，花椒，蛇床子，人参叶,甘草
TCMFx6741,"行气活血, 泄热和胃。用于胃脘痛气滞血瘀兼肝胃郁热证, 症见胃脘疼痛, 胀闷, 灼热, 嗳气, 泛酸, 烦躁易怒, 口干口苦, 以及慢性浅表性胃炎及消化性溃疡见上述证候者。",柴胡，赤芍，枳壳，丹参，延胡索，莪术，黄连，吴茱萸，大黄，党参，甘草,木香
TCMF10102,肾虚腰痛，头晕耳鸣，阳痿早泄，神疲乏力。,鹿茸，蛤蚧，补骨脂，杜仲，肉苁蓉，巴戟天，淫羊藿，人参，麦冬，枸杞子，菟丝子,黄芪
TCMF166,"小儿停乳停食, 腹胀便秘, 痰盛喘咳",大黄，牵牛子，人参，朱砂,槟榔
TCMF10981,气血两虚，头晕目眩，心悸失眠，食欲不振，四肢乏力。,炙黄芪，红参，党参，白术，茯苓，熟地黄，当归，白芍，远志，陈皮，炙甘草，鹿茸，肉桂,五味子
TCMF11063,风寒湿痹，肢体疼痛，麻木拘挛，腰腿疼痛，瘫痿无力。,安息香，广藿香，黄芩，甘草，葛根，没药，乳香，豆蔻，白术，木香，天麻，何首乌，大黄，细辛，赤芍，两头尖，威灵仙，制草乌，沉香,麻黄
TCMF7634,"清热利湿, 活血止痛。用于湿热蕴结所致的带下异常, 腰腹疼痛的辅助治疗。",黄柏，苍术，薏苡仁，川芎，当归，白芍，泽泻，车前子，香附，赤芍，延胡索,丹参
TCMF11947,风寒湿痹，筋骨疼痛，跌打损伤，瘫痹拘挛。,荆芥，没药，乳香，三棱，海风藤，莪术，苍术，木香，何首乌，大黄，麻黄，细辛，草乌，赤芍，川乌，附子，威灵仙，连翘，桃仁,猪牙皂
TCMF7080,"头痛发热, 心烦不眠, 眶痛鼻燥, 嗌干耳聋, 恶寒无汗",柴胡，葛根，羌活，白芷，黄芩，桔梗，甘草，石膏，生姜，大枣,白芍
TCMF4302,"跌打损伤, 痹病",三七，川芎，白芷，当归，红花,土鳖虫
TCMF11752,肝郁气滞，寒疝腹痛，睾丸偏坠，痛经。,川楝子，小茴香，吴茱萸,木香
TCMF498,胃脘痛,北沙参，石斛，甘草，麦冬，川楝子，白芍,玉竹
TCMF918,缺血性中风,何首乌，熟地黄，天冬，龟甲，鹿茸，肉苁蓉，赤芍，全蝎，水蛭，地龙，山楂，茯苓，甘草,肉桂
TCMFx41,感冒,大青叶，板蓝根，金银花，连翘，栀子，牡丹皮，黄芩，淡竹叶，地龙，重楼，白薇,柴胡
TCMFx5896,"偏枯, 痹病",黄芪，淫羊藿，石菖蒲，红参，当归，地龙，三七，红花，防己，赤芍，桃仁，石决明，天麻，仙鹤草，槐花，白术，胆南星，葛根，玄参，黄连，连翘，泽泻，川芎，枸杞子，全蝎，决明子，沉香，白附子，细辛，木香，僵蚕，猪牙皂，冰片，珍珠，大黄,何首乌
TCMFx5264,虚劳,当归，杜仲，枸杞子，茯苓，白芍，山药，人参，党参，熟地黄，酸枣仁，砂仁，丹参，甘草，鹿茸，黄芪，肉桂，远志，陈皮，川芎,白术
TCMF10153,热病神昏，中风痰迷，小儿惊痫，心悸失眠，眩晕头痛，癫痫痉挛，脑炎，脑膜炎，中毒性脑病，败血症，以及各种原因引起的高热惊厥。,珍珠，朱砂，雄黄，黄连，黄芩，栀子，郁金，冰片,人工牛黄
TCMF7361,"调节“赫依”, 健脾胃。用于上行“赫依”, 持命“赫依”之病, “赫依”引起的头痛。尤其对脾虚有显著疗效。",草果，土木香，诃子,山柰
TCMF10231,小儿感冒发热，咳嗽痰多，消化不良，食积停滞。,广藿香，荆芥，甘草，麦芽，天花粉，砂仁，桔梗，苍术，木香，大黄，川木通，黄连，厚朴，山楂，清半夏，枳壳，冰片，蜂蜜，朱砂,陈皮
TCMF12333,胃肠积滞，消化不良，胸腹胀满，呕吐泄泻。,豆蔻，土木香，诃子，牛黄,郁李仁
TCMF7445,"髓劳, 血劳",熟地黄，白芍，川芎，阿胶，鹿角胶，枸杞子，黄芪，党参，白术，茯苓，甘草,当归
TCMF11209,消化不良，脘腹胀痛，食欲不振，恶心呕吐。,党参，木香，陈皮，蒲公英，山楂，柴胡，清半夏，延胡索，枳实,焦槟榔
TCMF8624,风湿性关节炎，类风湿性关节炎，痛风，跌打损伤，瘀血肿痛。,北豆根，地龙，防己，青风藤，白芷，细辛，川芎，当归，丹参，红花，桃仁，牛膝，枳壳，木香，香附，乌药，延胡索，乳香，没药，血竭，儿茶，冰片，朱砂，珍珠，羚羊角，人工牛黄，麝香，雄黄,赤芍
TCMF10188,血瘀型冠心病、心绞痛、高脂血症等。,丹参，槐花，黄芪，郁金，山楂，川芎，泽泻,冰片
TCMF8003,风寒感冒，头痛鼻塞，恶寒发热，肢体酸痛。,白芷，生姜，防风，羌活，川芎，细辛，甘草,苍术
TCMF10923,感冒风寒，头痛鼻塞，咳嗽痰多，脘腹胀满，肢体酸痛。,薄荷，广藿香，荆芥，紫苏叶，茯苓，天竺黄，荜茇，砂仁，白术，木香，天麻，厚朴，白芷，川芎，独活，防风，香附，诃子，山药,白芍
TCMF8444,脾胃虚弱，食积气滞，脘腹胀痛，消化不良。,麦芽，砂仁，白术，木香，山楂，陈皮，枳壳，枳实,香附
TCMF11571,慢性乙型肝炎，肝郁脾虚证。,薄荷，丹参，甘草，茯苓，三棱，白术，川楝子，白芍，柴胡，当归，延胡索，香橼,麦芽
TCMF10900,感冒发热，头痛，风湿骨痛，蚊虫咬伤。,黄芩，甘草，草果，豆蔻，艾叶，青蒿，大黄，细辛，厚朴，沉香，白芷，核桃仁，陈皮，黄柏，紫草,柴胡
TCMF8480,脾胃虚弱，肝气郁结，食欲不振，腹胀便溏，胁肋胀痛。,广藿香，白术，薏苡仁，白扁豆，山药，黄连，山楂，麦芽，陈皮，泽泻，芡实，蜂蜜,茯苓
TCMF8044,痔疮，肛裂，肛周炎等肛门疾病。,槐花，苦参，大黄，黄连，地榆，花椒，紫草，冰片,栀子
TCMF9496,阳虚欲脱，肢冷脉微，汗出喘促，气短心悸等。,附子,人参
TCMF10901,气血两虚，免疫力低下，疲劳乏力，久病体虚。,黄芪，党参，冬虫夏草，人参,枸杞子
TCMF8328,小儿感冒发热，咽喉肿痛，口腔溃疡。,黄连，黄芩，黄柏，栀子，金银花，板蓝根，大青叶，玄参，天花粉，甘草,连翘
TCMF10675,失眠多梦，心悸怔忡，头晕目眩，食欲不振。,百合，酸枣仁，茯苓，灵芝，菊花，桑椹，荷叶，陈皮,山楂
TCMF586,热淋,土茯苓，槐花，益母草，广藿香,白茅根
TCMFx434,"骨性关节炎, 腰肌劳损, 症见关节肿胀, 疼痛, 麻木, 活动受限",狗脊，独活，桑寄生，熟地黄，乳香，淫羊藿，骨碎补，补骨脂，鸡血藤，木香，没药,续断
TCMF10238,小儿感冒，发热，咳嗽，鼻塞，流涕。,麻黄，白芷，浙贝母，瓜蒌皮，板蓝根，大青叶，葶苈子，艾叶,青黛
TCMF11082,湿热下注，小便不利，淋沥涩痛，腰膝酸软。,知母，车前子，黄芪，虎杖，赤芍，黄连，当归，石韦，地龙,猪苓
TCMF3,"活血化瘀, 行气通络之功效。用于高脂血症属气滞血瘀证者",丹参，川芎，桃仁，降香，三棱，莪术，大黄,枳壳
TCMF10131,脾胃虚弱，脘腹胀痛，食欲不振，消化不良。,党参，白术，砂仁，木香，厚朴，香附，海螵蛸,延胡索
TCMF11331,暑湿感冒，头痛身重，恶心呕吐，胃肠不适,广藿香，香薷，紫苏叶，白术，法半夏，陈皮，厚朴，甘草,茯苓
TCMFx7205,用于疮疖溃烂，灼热发烧，流脓流水，丹毒疱疹，疥癣痛痒,金银花，蒲公英，紫花地丁，栀子，大黄，黄芩，木通，天花粉，玄参，赤芍，浙贝母，白鲜皮，蝉蜕，防风，白芷，桔梗，甘草,连翘
TCMF11111,风寒湿痹，关节疼痛，肢体麻木。,独活，羌活，防风，秦艽，川芎，当归，白芍，桂枝，甘草,细辛
TCMF8457,火热内盛，咽喉肿痛，牙龈肿痛，口舌生疮，目赤肿痛。,黄芩，人工牛黄，石膏，桔梗，冰片，甘草,大黄
TCMF7687,气血两虚，面色萎黄，头晕目眩，心悸失眠，食欲不振。,人参，黄芪，当归，白芍，熟地黄，茯苓，白术，甘草,川芎
TCMFx5205,"眩晕, 呕吐",天麻，钩藤，泽泻，半夏，茯苓，白芍，竹茹，川芎，甘草，陈皮，生姜,白术
TCMF11134,小儿疳积，消化不良，食欲不振，腹胀便溏，面黄肌瘦。,雷丸，百部，茯苓，白术，山药，车前子，薏苡仁，麦芽，鸡内金，甘草,使君子
TCMF9993,肾阳不足，腰膝酸软，畏寒肢冷，头晕耳鸣，失眠多梦。,人参，党参，杜仲，肉苁蓉，熟地黄，益母草，山茱萸，山药，枸杞子，菟丝子，肉桂，防风，沉香，丁香,红花
TCMF11644,肝肾不足，精血亏虚，腰膝酸软，头晕耳鸣，须发早白，遗精早泄，月经不调。,丹参，熟地黄，枸杞子，菟丝子，肉苁蓉，巴戟天，鹿角胶，龟甲胶，人参，黄芪，当归，白芍，川芎，茯苓，泽泻，牡丹皮,淫羊藿
TCMF9453,乳癖，乳痈，乳腺增生，乳房胀痛。,夏枯草，昆布，天花粉，红花，漏芦，木香，蒲公英，海藻，赤芍，牡丹皮，连翘，三七，玄参，鹿角,鸡血藤
TCMF8232,气血两虚，肝肾不足，腰膝酸软，筋骨无力。,黄芪，当归，补骨脂，龟甲，丹参，红花，白术，何首乌，女贞子，枸杞子，核桃仁，川芎，山茱萸，山药，熟地黄，柴胡,杜仲
TCMF4544,"健忘, 不寐, 眩晕, 心悸, 阳痿, 遗精",黄精，淫羊藿，麦冬，红参，远志，酸枣仁，五味子，枸杞子，鹿茸，龟甲，茯苓，大枣，熟地黄，鹿角胶,苍耳子
TCMF11731,肾虚腰痛，阳痿早泄，遗精滑精，头晕耳鸣，肢冷畏寒。,补骨脂，杜仲，肉苁蓉，附子，麦冬，天冬，枸杞子，山茱萸，茯苓，白术，川芎，当归，巴戟天，炙甘草,覆盆子
TCMF912,"风湿性关节炎, 类风湿关节炎",马钱子，金钱白花蛇，蜈蚣，全蝎，地龙，僵蚕，乌梢蛇，天麻，人参，黄芪，当归，羌活，独活，防风，麻黄，桂枝，附子，川乌，薏苡仁，苍术，白术，桃仁，红花，没药，穿山甲，延胡索，牡丹皮，北刘寄奴，王不留行，鸡血藤，香附，木香，枳壳，路路通，川牛膝，伸筋草，砂仁，木瓜，大黄，朱砂,续断
TCMF11682,风寒湿痹，关节疼痛，筋骨麻木。,羌活，防风，川芎，当归，续断，虎杖，木香，甘草,独活
TCMF12297,心悸失眠，神志不清，头晕目眩，消化不良。,肉豆蔻，沉香，余甘子，姜黄，乳香，大蒜，广枣，丁香,诃子
TCMF10148,肝郁脾虚所致的郁闷不舒、胸胁胀痛、头晕目眩、食欲减退、月经不调。,柴胡，白芍，白术，茯苓，炙甘草,当归
TCMF9574,瘀血阻滞，痰湿内阻，气血两虚。,鸡血藤，红花，昆布，海藻，党参，白术，人参，天花粉，黄连，枸杞子，当归，酸枣仁，龙眼肉，延胡索,木香
TCMF8409,气血两虚，头晕目眩，心悸失眠，食欲不振。,黄芪，党参，当归，龙眼肉，白术，山药，大枣，甘草,三七
TCMF10208,小儿外感发热，咳嗽，咽痛。,荆芥，黄芩，金银花，柴胡，大青叶，钩藤，蝉蜕，僵蚕，甘草,薄荷
TCMFx1149,中风,川芎，吴茱萸,冰片
TCMF11693,感冒发热，头痛身痛，咳嗽痰多，胸闷不畅。,知母，黄芩，甘松，薄荷，广藿香，荆芥，香薷，泽兰，紫苏叶，白扁豆，赤小豆，甘草,紫苏子
TCMF833,高脂血症,荷叶，丹参，山楂，补骨脂,番泻叶
TCMF7536,"益气健脾, 养血安神, 补益心脾。",黄芪，党参，白术，龙眼肉，茯苓，酸枣仁，远志，木香，甘草,当归
TCMF12129,风湿瘙痒，湿疹，荨麻疹，皮肤瘙痒症。,土茯苓，薄荷，黄芩，荆芥，苦参，蒺藜，红花，菊花，何首乌，赤芍，升麻，白芷，川芎，当归，防风，鸦胆子，白鲜皮,威灵仙
TCMFx6292,咳嗽,紫菀，荆芥，甘草，百部，桔梗，陈皮,白前
TCMF10509,月经不调，痛经，产后瘀血腹痛，气血两虚。,益母草，党参，白术，当归，熟地黄，川芎，白芍，甘草,茯苓
TCMF7399,风寒感冒，头痛发热，恶寒身痛，鼻流清涕，咳嗽咽干。,荆芥，防风，紫苏叶，薄荷，葛根，桔梗，苦杏仁，白芷，苦地丁，芦根,柴胡
TCMF7906,肾虚腰痛，阳痿早泄，遗精滑精，夜尿频多，畏寒肢冷。,韭菜子，淫羊藿，川楝子，肉苁蓉，五味子，覆盆子，金樱子，枸杞子，蛇床子，菟丝子，川牛膝，人参，海马，鹿茸,巴戟天
TCMF10489,心悸，失眠，胸闷，气短，心绞痛。,丹参，红参，五味子，白芍，当归，延胡索，香附，砂仁，酸枣仁，肉桂，全蝎，甘草,附子
TCMF7509,"毒蛇咬伤, 恶虫叮咬伤",黄连，黄柏，黄芩，大黄，半边莲，白芷，冰片，雄黄，朱砂,重楼
TCMF9272,肥胖症，高脂血症，湿热内阻。,丹参，黄芩，茵陈，防己，白术，大黄，山楂，川芎，淫羊藿，泽泻,水牛角
TCMF11524,鼻塞，流涕，头痛，感冒。,辛夷，薄荷，白芷，细辛，川芎，荆芥，防风，甘草,苍耳子
TCMF10169,消渴，口渴多饮，多食易饥，尿频量多，形体消瘦，气短乏力。,麦冬，黄芪，天花粉，茯苓，牡丹皮，五味子，枸杞子，红参，石膏,黄连
TCMFx5922,"急惊风, 积滞",雄黄，天麻，全蝎，僵蚕，清半夏，钩藤，桔梗，黄芩，巴豆霜，胆南星，蝉蜕，蟾酥，沉香，水牛角，羚羊角，人工牛黄，麝香，朱砂,天竺黄
TCMF10966,风热感冒，咳嗽痰多，咽喉肿痛。,川贝母，麦冬，薄荷，甘草，桔梗，苦杏仁,枇杷叶
TCMF8248,湿热下注，小便不利，尿频尿急，腰膝酸软。,蒲公英，诃子，莲子，泽泻，肉桂，人工牛黄，阿胶，鸡内金,三七
TCMF9893,风湿痹痛，关节肿胀，肢体麻木，腰腿疼痛。,白术，苦参，防己，薏苡仁，豨莶草，连翘，苦杏仁，法半夏，通草，黄柏,滑石粉
TCMF10728,火热内盛，口舌生疮，咽喉肿痛，牙龈肿痛，便秘尿赤。,栀子，黄芩，知母，天花粉，大黄，金银花，黄柏,黄连
TCMF9329,肺胃火盛，口舌生疮，牙龈肿痛，咽喉肿痛，大便秘结，小便短赤。,黄连，黄芩，黄柏，石膏，知母，栀子，天花粉，玄参，桔梗，甘草,连翘
TCMF4097,"胎动不安, 胃脘痛, 腰痛",香附，白术，陈皮，当归，枳壳，党参，荆芥，白芍，厚朴，菟丝子，黄芪，羌活，甘草，川贝母，川芎，砂仁,艾叶
TCMF9422,风湿性关节炎，类风湿性关节炎，痛风，肢体麻木，关节疼痛。,余甘子，降香，决明子，乳香，荜茇，草果，豆蔻，红花，木香，水牛角,牛黄
TCMF9147,风湿性关节炎，类风湿性关节炎，骨关节炎，痛风性关节炎等。,土茯苓，知母，丹参，黄芪，麻黄，赤芍，附子，川芎，当归，川牛膝，桂枝,细辛
TCMFx858,"脑梗塞, 冠心病, 心绞痛",黄芪，丹参，当归，川芎，桃仁，红花，乳香，没药，鸡血藤，牛膝，桂枝，桑枝，地龙，全蝎，水蛭,赤芍
TCMF10144,胃脘疼痛，痞满纳差，嗳气吞酸，慢性胃炎，胃溃疡。,苏木，没药，乳香，莪术，红花，木香，赤芍，枳实，当归，五加皮，青皮，枳壳，肉桂，乌药，血竭,蒲黄
TCMF8148,清热解毒，用于火热毒邪引起的急性咽喉炎、扁桃体炎、口腔炎等。,栀子，功劳木，黄柏,黄芩
TCMF11793,痧胀，症见脘腹胀痛，恶心呕吐，头晕头痛，甚则神昏抽搐。,海螵蛸，麝香，白矾，芒硝，朱砂,雄黄
TCMF7076,"风热上扰, 头痛眩晕, 内障初起, 耳鸣耳聋",黄芪，甘草，人参，升麻，葛根，蔓荆子，白芍,黄柏
TCMF11272,肝肾不足，腰膝酸软，头晕耳鸣，遗精盗汗。,麦冬，天冬，熟地黄，牛膝，续断，人参，五味子，干姜，陈皮，黄柏,牡蛎
TCMF8100,肝肾不足，腰膝酸软，头晕目眩，神疲乏力。,炙甘草，党参，茯苓，制何首乌，熟地黄，当归，白芍，枸杞子，三七，木香,黄芪
TCMF7772,咳嗽，气喘，痰多，胸闷。,百部，浙贝母，茯苓，桔梗，款冬花，麻黄，厚朴，五味子，苦杏仁，甘草,川贝母
TCMFx377,感冒,柴胡，陈皮，防风，赤芍，生姜,甘草
TCMF12269,咳嗽痰多，气喘胸闷，咽喉肿痛。,浙贝母，黄芩，紫苏叶，紫苏子，款冬花，麻黄，苦杏仁，西青果，半夏，白果，冰片，石膏,桑白皮
TCMF8923,瘰疬痰核，瘿瘤，乳癖，乳痨，乳岩等。,浙贝母，玄参，鳖甲,夏枯草
TCMF10111,肾虚腰痛，头晕耳鸣，阳痿早泄，神疲乏力。,淫羊藿，枸杞子，菟丝子，五味子，桑椹，丹参，白芍，牡丹皮，泽泻，茯苓，牛膝，甘草,女贞子
TCMF9568,口腔溃疡，牙龈炎，咽喉炎,儿茶，虎杖，紫珠叶，五味子，连翘，忍冬藤，蒲黄，黄柏，冰片,牡丹皮
TCMF8186,气血两虚，心悸失眠，头晕目眩，腰膝酸软，月经不调。,阿胶，熟地黄，人参，山药，天冬，女贞子，枸杞子，砂仁，木香，制何首乌，巴戟天，白芍，当归，泽泻，珍珠,肉苁蓉
TCMFx152,咽喉急症,鹅不食草，细辛,猪牙皂
TCMF12334,滋肾阴，补肾阳，开窍化痰。,熟地黄，山茱萸，肉苁蓉，巴戟天，附子，肉桂，石斛，麦冬，五味子，石菖蒲，远志，茯苓，生姜,大枣
TCMF11202,肝肾不足，头晕目眩，腰膝酸软，须发早白。,制何首乌，女贞子，五味子，当归，熟地黄，山药，炙甘草,黄精
TCMF11693,感冒发热，头痛身痛，咳嗽痰多，胸闷不畅。,知母，黄芩，甘松，薄荷，广藿香，香薷，泽兰，紫苏叶，紫苏子，白扁豆，赤小豆，甘草,荆芥
TCMF9148,冠心病，心绞痛，心肌梗死，高血压，高脂血症,丹参，红花，当归，桂枝,黄芪
TCMFx5696,"胸痹, 胃脘痛, 腹胀, 腹痛",丁香，木香，没药，小茴香，冰片，沉香，香附，檀香，降香，广藿香，麝香,乳香
TCMF7683,缺乳,黄芪，当归，熟地黄，漏芦，王不留行，穿山甲，通草，鹿角霜，川芎，白芍，路路通,天花粉
TCMF10641,气阴两虚，心悸失眠，口干咽燥，体倦乏力。,黄芪，党参，麦冬，天冬，知母，丹参，红花，五味子，当归，红参，淫羊藿，熟地黄，玄参，鹿茸，天花粉,黄连
TCMF10378,胸痹心痛，心悸，胸闷，气短，舌质紫暗或有瘀斑，脉弦涩。,红花，桃仁，赤芍，川芎，当归，柴胡，枳壳，桔梗，甘草,牛膝
TCMF8345,肝肾不足，腰膝酸软，筋骨无力，四肢麻木。,杜仲，巴戟天，当归，山药，骨碎补，淫羊藿，续断，龟甲,制何首乌
TCMF9278,气血两虚，心悸失眠，肢体麻木，腰膝酸软。,黄芪，赤芍，刺五加，红参，桂枝,丹参
TCMF10723,阴虚火旺，潮热盗汗，口干咽痛，耳鸣遗精，小便短赤。,熟地黄，山茱萸，山药，知母，黄柏，茯苓，泽泻,牡丹皮
TCMF9914,冠心病心绞痛，脑梗死，高脂血症。,人参，降香，乳香，赤芍，酸枣仁，檀香，土鳖虫，水蛭，全蝎，蜈蚣，蝉蜕,冰片
TCMF7092,气血两虚证、用于肿瘤放、化疗引起的白细胞减少，免疫功能低下，食欲不振，神疲乏力，头晕气短等。,黄芪，当归，白术，茯苓，鸡血藤，女贞子，墨旱莲，天花粉,灵芝
TCMF11139,风寒感冒，咳嗽痰多，气喘。,麻黄，黄芩，苦杏仁，法半夏，肉桂，甘草,款冬花
TCMF10953,肾阳不足，腰膝酸软，阳痿早泄，畏寒肢冷。,韭菜子，枸杞子，蛇床子，仙茅，锁阳，红参，牛膝，淫羊藿，肉桂，海龙，鹿茸,补骨脂
TCMF8737,感冒发热，咽喉肿痛，咳嗽痰黄，尿黄便干。,黄芩，金银花，葛根，连翘，板蓝根，菊花，茵陈，栀子，白芷，大青叶,绵马贯众
TCMFx470,"胃脘痛, 腹胀",肉桂，牡蛎，白芍，延胡索，小茴香，高良姜，甘草,砂仁
TCMF12190,心悸失眠，胸闷心痛，消化不良。,枫香脂，木香，沉香，木棉花，广枣，肉豆蔻，石膏,诃子
TCMF11558,口腔溃疡，咽喉肿痛，牙龈肿痛。,薄荷，山豆根，黄连，儿茶，冰片，青黛,黄柏
TCMF7772,咳嗽，气喘，痰多，胸闷。,川贝母，浙贝母，茯苓，桔梗，款冬花，麻黄，厚朴，五味子，苦杏仁，甘草,百部
TCMF10973,气阴两虚所致的消渴，症见口渴多饮、多食易饥、尿频量多、神疲乏力。,黄芪，麦冬，玉竹，熟地黄，茯苓，白术，山药，泽泻，牛膝，五味子，牛蒡子，僵蚕,人参
TCMF11216,月经不调，痛经，闭经，产后瘀血腹痛。,当归，白芍，川芎，熟地黄，益母草，延胡索，香附，赤芍，红花，桃仁，甘草,丹参
TCMF10236,小儿脾胃虚弱，食欲不振，消化不良，大便稀溏。,麦冬，玉竹，稻芽，麦芽，白芍，牡丹皮，山楂，山药，荷叶,陈皮
TCMF11674,咽喉肿痛，声音嘶哑，口干舌燥。,甘草，桔梗，诃子，青黛,冰片
TCMF7617,肝郁脾虚，月经不调，胸胁胀痛，食欲不振，情绪抑郁。,柴胡，当归，白芍，白术，生姜，薄荷，甘草,茯苓
TCMFx7404,流行性感冒，发热，四肢酸软，头痛咳嗽，咽喉肿痛，温毒发颐，两腮赤肿。,金银花，连翘，牛蒡子，荆芥，淡豆豉，桔梗，甘草,薄荷
TCMFx753,"腹胀, 腹痛",甘草，白芍，大枣，桂枝，生姜,黄芪
TCMF7421,风寒湿痹，筋骨疼痛，跌打损伤，无名肿毒。,川乌，草乌，羌活，独活，白芷，防风，麻黄，威灵仙，当归，赤芍，大黄，芒硝，连翘，金银花，甘草,细辛
TCMF8227,阴虚内热，头晕目眩，腰膝酸软，遗精盗汗。,龟甲，鳖甲，制何首乌，熟地黄，女贞子，枸杞子，茯苓，泽泻，牡丹皮，车前子，五味子，覆盆子，桑椹，山楂，当归，山药，狗脊，牛膝,丹参
TCMF8232,气血两虚，肝肾不足，腰膝酸软，筋骨无力。,当归，杜仲，补骨脂，龟甲，丹参，红花，白术，何首乌，女贞子，枸杞子，核桃仁，川芎，山茱萸，山药，熟地黄，柴胡,黄芪
TCMF7400,气血两虚，面色萎黄，食欲不振，四肢乏力，月经不调。,人参，白术，当归，熟地黄，茯苓，甘草，白芍,川芎
TCMF8425,心火亢盛，烦躁失眠，口舌生疮，小便短赤。,朱砂，黄芩，栀子，郁金，冰片,黄连
TCMF9896,糖尿病及其并发症，如糖尿病肾病、糖尿病视网膜病变等。,川芎，三七，花椒,荷叶
TCMF4783,"腹痛, 胃脘痛",白芍，川楝子，陈皮，香附，血竭，甘草，丹参，郁金，乳香，没药,木香
TCMF8512,高脂血症，肥胖症，高血压等。,丹参，葛根，何首乌，大黄，枸杞子，三七，泽泻，松花粉,茵陈
TCMF10177,脾胃虚弱，食少腹胀，消化不良，嗳气吞酸。,白术，木香，砂仁，陈皮，半夏，茯苓，生姜，大枣,枳实
TCMF7965,湿疹，皮炎，皮肤瘙痒,儿茶，苦参，黄连，蛇床子，土荆皮，白矾,雄黄
TCMF8474,脾胃虚弱，食积不化，脘腹胀满，大便溏泄。,党参，白术，山药，莲子，白扁豆，薏苡仁，芡实，山楂，谷芽，鸡内金，陈皮,茯苓
TCMF7399,肾虚腰痛，腰膝酸软，下肢水肿，小便不利。,杜仲，续断，白术，茯苓，枳实，猪苓，泽泻，车前子，甘草,桑寄生
TCMF10359,用于治疗目赤肿痛，羞明多泪，视物模糊。,菊花，枸杞子，石决明,泽泻
TCMF11523,中风，癫痫，惊风，眩晕，头痛，心悸，失眠。,天麻，血竭，人参，蟾酥，朱砂，雄黄，麝香,冰片
TCMF6313,"咳嗽, 喘病",法半夏，款冬花，白果，川贝母，陈皮，枳壳，甘草，桑白皮，瓜蒌子，紫苏子，百合,麻黄
TCMF3779,"不寐, 眩晕, 解?, 崩漏, 便血",党参，白术，黄芪，甘草，茯苓，远志，酸枣仁，龙眼肉，木香，大枣，生姜,当归
TCMF8263,咳嗽，气喘，痰多，胸闷。,炙甘草，瓜蒌皮，生姜，黄连，苦杏仁，大枣，法半夏，桂枝，牡蛎,白芍
TCMF4182,"咳嗽, 喘病",麻黄，苦杏仁，石膏，甘草，桔梗，黄芩,罂粟壳
TCMF10671,再生障碍性贫血，气血两虚，头晕目眩，心悸失眠，腰膝酸软。,黄芪，白术，黄精，麦冬，熟地黄，鸡血藤，当归，红参，益母草，制何首乌，墨旱莲，补骨脂，淫羊藿，菟丝子，女贞子，枸杞子，白芍，阿胶，鹿茸,党参
TCMF11781,跌打损伤，骨折，瘀血肿痛。,麝香，自然铜，朱砂，儿茶，苏木，没药，乳香，红花，赤芍，川芎，骨碎补，三七，牛膝，续断，桂枝，血竭，土鳖虫，麻黄，马钱子,当归
TCMF12275,小儿惊风，癫痫，中风后遗症，头痛眩晕，神志不清。,朱砂，天竺黄，天麻，钩藤，麻黄，防风，羌活，胆南星，青礞石，牛黄，全蝎，蜈蚣，僵蚕，薄荷，冰片，茯苓，甘草,陈皮
TCMF9792,便秘，肠燥津亏。,郁李仁，桑椹，蜂蜜,火麻仁
TCMF7986,肝肾不足，头晕目眩，失眠多梦，腰膝酸软。,制何首乌，枸杞子，桑椹，大枣，石菖蒲，人参,远志
TCMF9236,肾虚气弱，腰膝酸软，头晕耳鸣，神疲乏力。,黄芪，制何首乌，熟地黄，枸杞子，蛇床子，麦冬，五味子,肉苁蓉
TCMF7430,感冒病外感风寒表虚证，症见发热恶风，有汗，头痛项强，咳嗽痰白，鼻鸣干呕，苔薄白，脉缓。,桂枝，白芍，葛根，苦杏仁，大枣,生姜
TCMF5998,"积滞, 腹泻",党参，白术，草豆蔻，白扁豆，茯苓，山药，枳壳，麦芽，陈皮，木香，甘草,山楂
TCMFx3189,咳嗽,薄荷，菊花，苦杏仁，连翘，枇杷叶，黄芩，桔梗，浙贝母，前胡，甘草,桑叶
TCMFx572,"气血两亏, 阳虚气弱, 心跳气短, 失眠健忘, 遗精盗汗, 腰腿酸软, 耳聋耳鸣",鹿茸，红参，茯苓，山药，熟地黄，当归，川芎，补骨脂，牛膝，枸杞子，玄参，麦冬，五味子，酸枣仁，远志,朱砂
TCMF2925,"咳嗽, 口疮, 鼻疮, 喉痹",川贝母，知母，大黄，黄芩，前胡，天花粉，桔梗，苦杏仁,桑白皮
TCMF7317,"活血, 通络, 止痛。用于风寒阻络所致颈腰椎病, 症见肩颈疼痛, 活动受限, 上肢麻木等。",葛根，桃仁，红花，乳香，没药，续断，狗脊，伸筋草，牛膝，地龙，甘草,白芍
TCMF9082,胃寒疼痛，脘腹胀满，食欲不振，呕吐泄泻。,炮姜，黄芪，白芍，丹参，延胡索，砂仁，肉桂，白及，甘草,五倍子
TCMF11462,脾肾两虚，气血不足，头晕耳鸣，腰膝酸软，神疲乏力。,红参，鹿茸，丹参，当归，三七，灵芝，何首乌，淫羊藿，麦芽，茵陈，泽泻,肉苁蓉
TCMFx175,"火热毒盛所致的热疖痈毒, 咽喉肿痛, 风热火眼",半边莲，蒲公英，板蓝根,紫花地丁
TCMF10412,火热内盛，头痛目赤，口舌生疮，咽喉肿痛。,知母，石膏，黄芩，龙胆，栀子，玄参,柴胡
TCMF11355,脾胃虚弱，食欲不振，腹胀便溏，神疲乏力。,黄芪，党参，白术，茯苓，白扁豆，大枣，麦芽，陈皮，甘草,山药
TCMF9266,清热解毒，消肿止痛。用于治疗感冒发热，咽喉肿痛，口腔溃疡，皮肤感染等。,天冬，浙贝母，黄芩，天花粉，半边莲，穿心莲，大黄，龙胆，徐长卿，白芷，黄柏,仙茅
TCMF9574,瘀血阻滞，痰湿内阻，气血两虚。,鸡血藤，红花，昆布，海藻，白术，人参，天花粉，木香，黄连，枸杞子，当归，酸枣仁，龙眼肉，延胡索,党参
TCMF9102,脾胃虚弱，胸腹胀满，食积不化，呕吐泄泻。,茯苓，砂仁，白术，木香，肉豆蔻，香附，延胡索，青皮，枳实，槟榔,沉香
TCMFx6479,"咳嗽, 喘病, 不寐, 喉喑",麻黄，石膏，甘草，桔梗，陈皮，木香,五味子
TCMF11259,肾虚遗精，腰膝酸软，头晕耳鸣，失眠多梦。,熟地黄，山茱萸，山药，茯苓，金樱子，芡实，知母，黄柏，牡丹皮，锁阳，远志,牡蛎
TCMFx449,"跌打损伤, 水火烫伤",紫草，栀子，大黄，黄芩，黄柏，冰片,地榆
TCMF12517,面色萎黄，头晕乏力，月经不调，经量过多，色淡，经期延长,熟地黄，艾叶，川芎，当归，甘草，阿胶,白芍
TCMF7318,高脂血症，头晕目眩，胸闷心悸，肢体麻木。,山楂，决明子，何首乌，荷叶，泽泻，莱菔子，菊花，桑寄生，葛根,夏枯草
TCMFx7105,急喉痹（急性咽炎）、风热乳蛾（急性充血性扁桃体炎）属内有郁热、外感风解证者，症见：咽痛或吞咽痛，咽干灼热，口渴多饮，咳嗽，痰黄，便干，尿黄，舌质红，苔薄白或黄，脉浮数有力。,黄芩，荆芥，薄荷，牛蒡子，桔梗，甘草,连翘
TCMF912,"风湿性关节炎, 类风湿关节炎",金钱白花蛇，蜈蚣，全蝎，地龙，僵蚕，乌梢蛇，天麻，人参，黄芪，当归，羌活，独活，防风，麻黄，桂枝，附子，川乌，薏苡仁，苍术，白术，桃仁，红花，没药，穿山甲，延胡索，牡丹皮，北刘寄奴，王不留行，鸡血藤，香附，木香，枳壳，路路通，川牛膝，伸筋草，砂仁，木瓜，续断，大黄，朱砂,马钱子
TCMF5609,胎动不安,白芍，菟丝子，浙贝母，黄芪，荆芥，艾叶，厚朴，枳壳，甘草，川芎，羌活,当归
TCMF9021,清热解毒，养阴润肺，活血化瘀。,百合，麦冬，茯苓，白术，茵陈，泽泻，白芍，地榆，川芎，当归，三七，蒲黄，玄参，乌药，鸡内金,延胡索
TCMF4426,痹病,甜瓜子，土鳖虫，地龙，桂枝，郁金，骨碎补，续断，自然铜,马钱子
TCMF12059,脾胃虚寒，食欲不振，腹痛泄泻，四肢不温。,人参，黄芪，白术，干姜，炙甘草,防风
TCMF7507,脾胃虚弱，食少便溏，气短咳嗽，肢倦乏力。,白术，茯苓，炙甘草，木香，砂仁,党参
TCMFx501,"喘病, 哮病, 肺胀",蛤蚧，蟾酥，黄芪，地龙，麻黄，党参，苦杏仁，白果，枳实，天冬，南五味子，麦冬，紫菀，百部，熟地黄，远志，葶苈子，洋金花，石膏，甘草,枸杞子
TCMF9749,风热感冒，咽喉肿痛，头痛发热，咳嗽痰黄。,薄荷，荆芥，金银花，连翘，淡豆豉，栀子，淡竹叶，桔梗，牛蒡子，忍冬藤,甘草
TCMF9712,肝胃不和，胸胁胀痛，呕吐吞酸，食欲不振。,广藿香，郁金，白术，白芍，柴胡，香附，陈皮，佛手，槟榔,木香
TCMF8973,气阴两虚，心悸失眠，食欲不振，乏力倦怠。,麦冬，黄芪,当归
TCMF9227,慢性肝炎，早期肝硬化，脂肪肝，中毒性肝炎等,黄芪，党参，黄精，山药，丹参，当归，茵陈，板蓝根，秦艽，白芍，山楂，泽泻，甘草,郁金
TCMFx5820,"感冒, 风温",金银花，连翘，荆芥，牛蒡子，桔梗，淡豆豉，芦根，淡竹叶，甘草,薄荷
TCMF10243,小儿感冒发热，咳嗽痰多，气喘,黄芩，苦杏仁，石膏，桑白皮，甘草,麻黄
TCMF7384,肝郁气滞，胸痞胀满，胃脘疼痛。,香附，白芍，枳壳，延胡索，甘草,柴胡
TCMF7398,乳腺增生病。,黄芪，夏枯草，瓜蒌，牡蛎，乳香，没药，莪术，浙贝母，海藻，丹参，天冬，玄参，白术，鸡内金,三棱
TCMF8438,感冒发热，咳嗽痰多，支气管炎。,金荞麦，鱼腥草，麻黄，紫菀，前胡，枳壳，甘草,四季青
TCMFx899,"月经失调, 痛经",木香，川芎，延胡索，熟地黄，红花，白术，香附，泽兰，当归，赤芍，乌药，丹参，吴茱萸，鸡血藤,菟丝子
TCMFx5682,"癫痫, 痴呆",水牛角，珍珠，石菖蒲，麦冬，远志，胆南星，牛黄，朱砂，酸枣仁，茯苓，甘草,黄连
TCMF8994,咽炎，喉炎，口腔炎，扁桃体炎。,麦冬，浙贝母，太子参，薄荷，蒲公英,玄参
TCMF10232,小儿食积，脘腹胀满，食欲不振，恶心呕吐，大便不调。,山楂，沉香，陈皮，牡丹皮，当归，牛膝，熟地黄，泽泻，人参，鸡内金，羚羊角,砂仁
TCMF11904,痛经，月经不调，寒凝血瘀型腹痛。,当归，桂枝，香附，川芎，白芍，熟地黄，吴茱萸，小茴香，延胡索,艾叶
TCMF12170,胆囊炎，胆石症，胆道感染。,黄芩，蒲公英，大黄，赤芍，柴胡，法半夏，枳实，甘草,厚朴
TCMF7437,小儿反复呼吸道感染，体弱多病，食欲不振，盗汗，自汗。,黄芪，白术，防风，山药，陈皮,牡蛎
TCMF7415,中风偏瘫，半身不遂，肢体麻木。,川芎，丹参，当归，川牛膝，桃仁，红花，茺蔚子，鸡血藤，忍冬藤，络石藤，地龙，土鳖虫，伸筋草，蜈蚣，全蝎，威灵仙，木瓜，金钱白花蛇,僵蚕
TCMF7950,跌打损伤，瘀血肿痛，风湿痹痛。,泽兰，牡丹皮，威灵仙，冰片,五倍子
TCMF11673,头晕目眩，痰多咳嗽，胸闷不舒，头痛,安息香，黄芩，麦冬，葛根，槐花，丹参，黄芪，白术，茯苓，决明子，天麻，赤芍，沉香，川芎，桑寄生，香附,郁金
TCMF8949,气血两虚，月经不调，痛经，闭经，产后瘀血腹痛。,人参，黄芪，麦冬，益母草，麦芽，路路通，当归，通草,郁金
TCMF5427,胃脘痛,砂仁，厚朴，豆蔻，陈皮，青皮，郁金，山楂，柴胡，木香，香附，片姜黄，甘草,枳壳
TCMF9740,失眠，心悸，烦躁不安。,合欢花，合欢皮，白芍，柴胡，酸枣仁，蝉蜕，僵蚕,灯心草
TCMFx4489,跌打损伤,儿茶，当归，白矾，苏木，芦荟，乳香，安息香，没药，血竭,红花
TCMF11916,眩晕，头痛，失眠，记忆力减退。,黄精，黄芪，党参，茯苓，熟地黄，砂仁，陈皮，法半夏，泽泻，马钱子，刺五加，淫羊藿，桑椹，山楂，山药,枸杞子
TCMF10491,鼻塞，流涕，头痛，过敏性鼻炎。,苍耳子，麻黄，辛夷，威灵仙，白芷,冰片
TCMF8907,湿热蕴结所致的小便不利，淋漓涩痛，尿路感染，尿路结石。,滑石粉,人工牛黄
TCMF9188,肾虚腰痛，阳痿早泄，遗精盗汗，头晕耳鸣，腰膝酸软。,鹿茸，人参，杜仲，肉苁蓉，茯苓，山药，熟地黄，麦冬，五味子，黄柏,巴戟天
TCMF8321,乳腺增生，乳腺纤维瘤，慢性盆腔炎，附件炎。,金荞麦，香附，三七,柴胡
TCMFx708,"中虚气滞, 饮食不化, 呕恶胀满, 胃痛, 腹鸣泄泻",木香，砂仁，党参，白术，甘草，陈皮，半夏,茯苓
TCMF9724,冠心病，心绞痛，高脂血症,黄精，丹参，制何首乌，川芎，淫羊藿,红花
TCMF11626,脾胃虚弱，食少便溏，气短乏力，肢倦懒言。,黄芪，党参，白术，苍术，葛根，炙甘草，白芍，当归，刺五加，柴胡，五味子，陈皮,升麻
TCMF6123,"咳嗽, 喘病",红参，蛤蚧，知母，桑白皮，川贝母，茯苓，苦杏仁,甘草
TCMF10007,湿热蕴结，小便不利，淋沥涩痛，尿血，尿频尿急。,浙贝母，泽兰，甘草，黄芪，薏苡仁，旋覆花，大黄，川木通，栀子,金银花
TCMFx322,"头痛, 眩晕, 耳鸣, 便秘",连翘，大黄，栀子，芒硝，石膏，陈皮，青蒿，木香，人工牛黄，冰片，雄黄,广藿香
TCMF3033,感冒,苦杏仁，款冬花，紫菀，陈皮，瓜蒌皮，麻黄，甘草,半夏
TCMF7784,风湿性关节炎，类风湿性关节炎，骨关节炎，风寒湿痹，腰腿疼痛。,制川乌，独活，防风，桂枝，木瓜，丹参，牛膝，桑寄生，甘草,麻黄
TCMF8880,热病神昏，中风痰迷，惊痫抽搐，咽喉肿痛，口舌生疮，痈肿疔疮。,牛黄，麝香，珍珠，蟾酥，雄黄,冰片
TCMF6299,"咳嗽, 喘病",甘草，半夏，青果，紫苏子，百合，桑白皮，川贝母，瓜蒌子，白果，款冬花，麻黄，陈皮,马兜铃
TCMF11492,感冒发热，头痛，咽喉肿痛。,生姜，青果,紫苏叶
TCMF10058,感冒发热，咽喉肿痛，体虚乏力,金银花，刺五加,板蓝根
TCMF8469,心悸失眠，健忘多梦，头晕目眩，腰膝酸软。,黄精，红参，五味子，酸枣仁，枸杞子，熟地黄，苍耳子，远志，龟甲，鹿角胶，鹿角霜，鹿茸，淫羊藿,大枣
TCMF9734,湿热下注所致的阴部瘙痒，带下量多。,苦参，黄柏，蛇床子，花椒，冰片,白矾
TCMFx5575,痹病,忍冬藤，地龙，连翘，黄柏，薏苡仁，防风，川牛膝，粉萆薢，桑枝，防己，威灵仙,苍术
TCMFx3446,痹病,麻黄，马钱子，防风，甘草，独活，地枫皮，千年健，乳香，没药，羌活，木瓜，桂枝，杜仲,牛膝
TCMF5123,痹病,红参，枸杞子，地枫皮，玉竹，锁阳，川牛膝，丹参，红花，狗脊，白术,淫羊藿
TCMF9516,血瘀证，痛经，闭经，跌打损伤。,三七，熟地黄，桑寄生，丹参，红花，鸡血藤，川芎，当归，白芍,通草
TCMF8583,风湿痹痛，筋骨痿软，腰膝酸软，四肢麻木。,秦艽，麻黄，黄连，秦皮，苦杏仁，沉香，柴胡，黑芝麻，甘草,制草乌
TCMF12536,头痛，身痛，发热恶寒，胸膈痞闷，恶心呕吐，腹痛泄泻,当归，川芎，白芍，熟地黄，苍术，厚朴，陈皮，半夏，茯苓，枳壳，桔梗，前胡，羌活，独活，香附，防风，甘草,白芷
TCMF12224,风热感冒，咽喉肿痛，头痛发热。,麦冬，薄荷，荆芥，桔梗，苍耳子，赤芍，连翘，地骨皮，白芷，玄参，甘草,栀子
TCMF11241,气血两虚，头晕目眩，心悸失眠，食欲不振，肢体倦怠。,黄芪，枸杞子，当归，龙眼肉，红参，三七,制何首乌
TCMF9084,月经不调，痛经，闭经，产后瘀血腹痛。,黄芩，益母草，党参，白术，当归，熟地黄，茯苓，砂仁，延胡索，甘草,白芍
TCMF11876,中风后遗症，肢体麻木，瘫痹不遂，言语不利，头痛眩晕。,丹参，川芎，红花，当归，赤芍，桃仁，牛膝，鸡血藤，桑寄生，地龙，甘草,灯盏细辛
TCMF11925,痛经，经闭，癥瘕积聚，血瘀腹痛。,三棱，莪术，红花，大黄，牡丹皮，桃仁，当归，肉桂,牛膝
TCMFx5264,虚劳,白术，当归，杜仲，枸杞子，茯苓，白芍，山药，人参，党参，熟地黄，酸枣仁，砂仁，丹参，甘草，鹿茸，黄芪，肉桂，远志，川芎,陈皮
TCMF9237,咳嗽，痰多，气喘。,枇杷叶，桑白皮，桔梗，白前，罂粟壳,百部
TCMF8212,气血两虚，头晕目眩，心悸失眠，面色苍白。,黄芪，党参，当归，制何首乌，丹参，三七，茯苓，女贞子，甘草,枸杞子
TCMF2582,月经失调,益母草，党参，熟地黄，当归，白芍，白术，川芎，甘草,茯苓
TCMFx6375,"咳嗽, 感冒",紫苏叶，前胡，苦杏仁，紫菀，石膏，麻黄，桑白皮，薄荷，川贝母，款冬花，甘草，瓜蒌子,葶苈子
TCMF3087,"咳嗽, 百日咳",苦杏仁，桑白皮，麦冬，知母，黄芩，陈皮，甘草，天南星，枳壳，桔梗,百部
TCMF7855,湿热下注所致的阴部瘙痒、带下量多。,苦参，野菊花，蛇床子，冰片,金银花
TCMF10085,月经不调，痛经，产后瘀血，腰膝酸软，脾胃虚弱。,丹参，益母草，杜仲，白芍，茯苓，白术，豆蔻，砂仁，木香，苍术，厚朴，红花，赤芍，附子，牡丹皮，木瓜，山楂，甘草,荆芥穗
TCMF9602,肝肾不足，筋骨痿软，腰膝酸楚，关节疼痛，屈伸不利。,熟地黄，枸杞子，山茱萸，补骨脂，续断，牛膝，狗脊，木瓜，独活，鸡血藤，川芎，当归，白芍，延胡索，乳香，没药，血竭，三七，骨碎补，自然铜，土鳖虫，冰片,杜仲
TCMF11353,脾胃虚弱，食积不化，脘腹胀满，呕吐泄泻，肢体倦怠。,薄荷，广藿香，紫苏叶，赤小豆，谷芽，麦芽，苍术，川木香，青蒿，厚朴，苦杏仁，山楂，白芷，香附，陈皮，枳壳，肉桂,槟榔
TCMF7421,风寒湿痹，筋骨疼痛，跌打损伤，无名肿毒。,川乌，草乌，羌活，白芷，防风，麻黄，细辛，威灵仙，当归，赤芍，大黄，芒硝，连翘，金银花，甘草,独活
TCMF9427,乳癖，乳痈，乳腺增生，乳房胀痛。,浙贝母，柴胡，香附，当归，赤芍，茜草，丝瓜络，郁金，漏芦，橘核，甘草,夏枯草
TCMF8144,风湿痹痛，筋骨痿软，跌打损伤。,葛根，没药，乳香，红花，桃仁，白芍，伸筋草，狗脊，牛膝，续断,甘草
TCMFx7221,用于外感风邪所致的头痛，或有恶寒、发热、鼻塞。,川芎，羌活，白芷，荆芥，薄荷，防风,甘草
TCMF7582,记忆力减退，注意力不集中，神经衰弱，失眠多梦。,人参，茯苓，白术，黄芪，当归，川芎，酸枣仁,石菖蒲
TCMF7852,盆腔炎，附件炎，子宫内膜炎等妇科炎症。,丹参，蒲公英，大青叶，川楝子，虎杖，大黄，赤芍，大血藤，忍冬藤，甘草,延胡索
TCMF12428,胁肋胀痛，胸闷不舒，脘腹胀满,小茴香,枳壳
TCMF11083,月经不调，痛经，经闭，产后瘀血腹痛。,益母草，白芍，柴胡，川芎，当归,木香
TCMFx238,"由肝经风热引起的目赤肿痛, 云蒙障翳, 畏光羞明",栀子，黄芩，黄连，黄柏，龙胆，蒺藜，菊花，防风，石决明,大黄
TCMF11864,风湿痹痛，筋骨疼痛，肢体麻木，跌打损伤。,儿茶，苏木，乳香，红花，大黄，赤芍，枳实，桃仁，白芷，当归，骨碎补，三七，牛膝，续断，熟地黄，桂枝，冰片，土鳖虫，自然铜,马钱子
TCMF8549,肝郁气滞，胸闷胁痛，心烦失眠，食欲不振。,柴胡，当归，白芍，黄芪，党参，五味子，黄芩，茯苓，郁金，枳壳，甘草,麦冬
TCMF12237,疮疡肿毒，瘰疬痰核，乳痈，丹毒，无名肿毒。,巴豆，蓖麻子，大黄，白芷，冰片，血余炭,木鳖子
TCMF11255,气血两虚，头晕目眩，心悸失眠，食欲不振。,党参，何首乌，茯苓，女贞子，龙眼肉,陈皮
TCMF9144,气虚血瘀，胸痹心痛，中风偏瘫，肢体麻木。,人参，黄芪，丹参，红花，川芎，茯苓，甘草，黄芩，葛根，玄参，制何首乌，三七，蒲黄，水蛭,山楂
TCMF12077,小儿咳嗽，痰多，气喘。,川贝母，麦冬，知母，紫苏子，瓜蒌子，桔梗，竹茹，桑白皮，胆南星，玄参，槟榔，甘草,紫苏叶
TCMF918,缺血性中风,何首乌，熟地黄，龟甲，鹿茸，肉苁蓉，肉桂，赤芍，全蝎，水蛭，地龙，山楂，茯苓，甘草,天冬
TCMF11268,肝硬化，肝脾肿大，肝区疼痛，脘腹胀满，食欲不振。,黑豆，昆布，三棱，莪术，郁金，半边莲，白术，红花，茵陈，虎杖，大黄，制何首乌，海藻，白芍，木瓜，桃仁，柴胡，香附，熟地黄,当归
TCMF8098,肝郁脾虚所致的胁痛、腹胀、纳呆、便溏等症。,黄芪，白术，柴胡，青皮，茯苓，姜黄，郁金，白芍，板蓝根，水蛭，鸡内金,三七
TCMF11960,脾胃虚弱，食少便溏，胸腹胀满，恶心呕吐。,薤白，薄荷，黄芩，刀豆，茯苓，谷芽，麦芽，瓜蒌，豆蔻，砂仁，郁金，苏合香，桔梗，白术，木香，细辛，黄连，厚朴，甘草,白扁豆
TCMFx1160,"感冒, 痄腮, 胁痛, 黄疸",大青叶，金银花，拳参，大黄,羌活
TCMF9920,风湿痹痛，关节肿痛，腰膝酸软，湿热下注。,土茯苓，秦艽，赤芍，黄柏，泽泻,车前子
TCMFx3480,"眩晕, 耳鸣, 心悸, 不寐, 月经失调",人参，鹿角胶，龟甲胶，三七，黄芪，党参，熟地黄，枸杞子，五味子，当归，茯苓，白术，山药，白芍，肉桂，砂仁，香附，远志，大枣，陈皮，甘草,鹿茸
TCMFx703,痢疾,黄连，黄芩，陈皮，厚朴，当归，木香，枳实，青皮，槟榔，白芍，甘草,滑石
TCMF8480,脾胃虚弱，肝气郁结，食欲不振，腹胀便溏，胁肋胀痛。,广藿香，白术，茯苓，薏苡仁，白扁豆，山药，黄连，山楂，陈皮，泽泻，芡实，蜂蜜,麦芽
TCMFx3331,痹病,威灵仙，豨莶草，桑寄生，苍术,马钱子
TCMF11054,清热解毒，用于治疗火热内盛所致的口舌生疮、牙龈肿痛、咽喉肿痛、便秘尿赤等症。,知母，黄芩，龙胆，升麻，栀子，白芷，防风，陈皮，黄柏，冰片，石膏,大黄
TCMF9520,肝肾不足，头晕目眩，记忆力减退，腰膝酸软。,枸杞子，桑椹，槐花，川芎,鹿茸
TCMF12016,心悸失眠，头晕耳鸣，腰膝酸软。,女贞子，五味子，酸枣仁，钩藤，珍珠母，甘草,枸杞子
TCMF8290,风湿性关节炎，类风湿性关节炎，风寒湿痹，关节疼痛，肢体麻木。,荆芥，防风，防己，苍术，威灵仙，制川乌，川芎，当归，独活，羌活，香附，延胡索，桂枝，土鳖虫，地龙,秦艽
TCMF9340,咽喉肿痛，声音嘶哑，口干舌燥。,甘草，丁香，诃子，石膏,木香
TCMF9200,脾肾两虚，带下量多，色白清稀，腰膝酸软，倦怠乏力。,杜仲，续断，党参，白术，砂仁，木香，陈皮，白芍，当归，小茴香，香附，鸡冠花，延胡索，牡蛎，青黛,川芎
TCMF9195,气血两虚，头晕目眩，心悸失眠，食欲不振。,黄芪，三七，葛根,人参
TCMF9977,气血两虚，头晕目眩，腰膝酸软，四肢乏力。,黄芪，人参，麦冬，何首乌，冬虫夏草，天麻，淫羊藿，枸杞子，大枣，甘草,党参
TCMF10136,脾胃虚弱，食欲不振，脘腹胀满，恶心呕吐，嗳气吞酸。,广藿香，豆蔻，砂仁，木香，白术，厚朴，香附，陈皮，枳实，半夏，甘草,茯苓
TCMF9353,风湿痹痛，筋骨疼痛，跌打损伤，瘀血肿痛。,红花，桃仁，三棱，莪术，干姜，细辛，草乌，川乌，白芷，川芎，当归，独活，羌活，石菖蒲，天南星，黄柏，冰片,泽兰
TCMF11330,暑湿感冒，头痛身重，胸闷恶心，呕吐泄泻。,广藿香，香薷，紫苏叶，生姜，苍术，白芷，陈皮，丁香,茯苓
TCMF9154,风寒感冒，恶寒发热，头痛鼻塞，咳嗽痰多。,防风，桂枝，茯苓，白术，桑白皮，陈皮，大腹皮,黄芪
TCMF11783,小儿感冒发热，咳嗽痰多，咽喉肿痛。,儿茶，大黄，胡黄连，冰片，麝香,玄明粉
TCMF7341,"化瘀止血, 消肿止痛。",三七，红花，桃仁，黄芪，当归，川芎，赤芍，枳壳，甘草,丹参
TCMFx326,"喉痈, 疮疡, 疔疮",人工牛黄，珍珠母，蟾酥，青黛，天花粉，大黄,雄黄
TCMF10034,血热妄行所致的崩漏，月经过多，经期延长，淋漓不断，经色深红，质稠或有血块，腰酸腿痛，心烦口渴。,大蓟，小蓟，墨旱莲，女贞子，茜草，白芍，山楂，蒲黄,白术
TCMF9569,寒凝血瘀所致的月经后期、痛经、产后腹痛。,肉桂，炮姜，当归，川芎，没药，延胡索，蒲黄，小茴香,赤芍
TCMF8543,感冒咳嗽，痰多粘稠，咽喉肿痛。,浙贝母，葛根，天花粉，桔梗，前胡，玄参，陈皮，苦杏仁，清半夏，甘草,茯苓
TCMF8053,肝郁气滞，胸胁胀痛，月经不调,柴胡，当归，白芍，丹参，红花，郁金,香附
TCMF8097,心悸，失眠，胸闷，气短，乏力,黄精，人参，丹参，黄芪，白术，蒲公英，虎杖，赤芍，当归,枸杞子
TCMF11531,风热感冒，咽喉肿痛，头痛发热，咳嗽痰多。,薄荷，荆芥穗，金银花，连翘，淡豆豉，淡竹叶，牛蒡子，羚羊角，甘草,桔梗
TCMF7807,湿疹，皮炎，皮肤瘙痒等皮肤病。,白蔹，大黄，乌梅，蛇床子，冰片，白矾，甘草,苦参
TCMF11115,肾虚腰痛，头晕目眩，耳鸣耳聋，阳痿早泄，遗精盗汗，腰膝酸软，四肢无力。,杜仲，巴戟天，淫羊藿，黄芪，党参，白术，当归，白芍，枸杞子，女贞子，茯苓，山药，肉苁蓉，山茱萸，金樱子，柏子仁，砂仁，牡丹皮，甘草,莲子
TCMF10539,肾虚，腰膝酸软，遗精，早泄，小便频数。,韭菜子，补骨脂，沙苑子，金樱子，覆盆子，五味子，女贞子，枸杞子，桑椹，车前子，芡实,附子
TCMF7833,湿热黄疸，胁痛，胆囊炎，胆石症。,蒲公英，大青叶，大黄，赤芍，牡丹皮，川楝子，延胡索，大血藤，忍冬藤,甘草
TCMF10926,痔疮，肛裂，便秘。,芦荟，乳香，玫瑰花,西红花
TCMF3599,腰痛,杜仲，菟丝子，肉苁蓉，远志，当归，莲子，泽泻，牡丹皮，白芍，淫羊藿，黄芪，熟地黄，山药，茯苓，白术，陈皮，砂仁，女贞子，金樱子，山茱萸，巴戟天，柏子仁，党参，甘草,枸杞子
TCMF12508,"发热, 恶寒, 咳嗽, 鼻塞流涕, 头痛, 无汗, 肢体痠痛",紫苏叶，前胡，苦杏仁，麻黄，甘草，陈皮，姜半夏，茯苓，枳壳，黄芩,桔梗
TCMF4747,肠燥便秘,火麻仁，苦杏仁，枳实，厚朴，白芍,大黄
TCMF11935,痛经，月经不调，经前综合症。,丹参，莪术，红花，当归，延胡索，木香，肉桂,三棱
TCMF11532,跌打损伤，筋骨疼痛，肌肉酸痛。,乳香，郁金，川芎，乌药,没药
TCMF11558,口腔溃疡，咽喉肿痛，牙龈肿痛。,薄荷，山豆根，黄连，黄柏，冰片，青黛,儿茶
TCMF6,"疏肝解郁, 理气止痛, 活血破瘀, 消积化痰, 软坚散结, 补气健脾",牡蛎，乳香，瓜蒌，海藻，黄芪，没药，夏枯草，三棱，玄参，白术，浙贝母，莪术，丹参，鸡内金,天冬
TCMF11046,头痛，偏头痛，风寒感冒引起的头痛。,川芎，薄荷，荆芥，细辛，白芷，防风，羌活,甘草
TCMF8710,咳嗽痰多，气喘胸闷，痰稠色黄，不易咳出。,麦冬，浙贝母，紫苏子，苦杏仁，法半夏，茯苓，陈皮，化橘红，桔梗，款冬花，紫菀，甘草，石膏,瓜蒌皮
TCMF11960,脾胃虚弱，食少便溏，胸腹胀满，恶心呕吐。,薤白，薄荷，黄芩，白扁豆，刀豆，茯苓，谷芽，麦芽，瓜蒌，豆蔻，砂仁，郁金，苏合香，桔梗，白术，木香，细辛，黄连，甘草,厚朴
TCMF9565,心悸失眠，气短乏力，头晕目眩，腰膝酸软。,人参，蛤蚧，砂仁，红花，莲子心，龙眼肉，三七，地龙，海马，羚羊角,鹿茸
TCMF7829,湿热下注所致的带下病，症见带下量多、色黄、质稠、臭秽，腰痛，小腹痛等。,椿皮，五味子，山药，黄柏，阿胶,茯苓
TCMF7929,咳嗽，痰多，气喘。,桔梗，紫菀，虎杖，麻黄，银杏叶，冰片,鱼腥草
TCMF11221,气血两虚，腰膝酸软，神疲乏力，头晕耳鸣。,人参，炙黄芪，炙甘草，白芍，女贞子，枸杞子，金樱子，菟丝子，淫羊藿，麦芽，蜂蜜,黄精
TCMF11097,脾胃虚寒，食少便溏，脘腹冷痛，呕吐泄泻。,豆蔻，干姜，党参，白术，丁香,炙甘草
TCMFx3937,"咳嗽, 喘病",麻黄，罂粟壳，苦杏仁，五味子，豆蔻,核桃仁
TCMF9391,脾胃虚弱，食欲不振，四肢乏力，腰膝酸软，失眠多梦。,人参，黄芪，白术，茯苓，山药，白芍，肉苁蓉，锁阳，巴戟天，狗脊，酸枣仁，远志，石菖蒲，熟地黄，豆蔻，丹参,泽泻
TCMFx3008,"感冒, 风温",金银花，连翘，桔梗，荆芥穗，牛蒡子，淡竹叶，薄荷，淡豆豉，羚羊角，水牛角，冰片,甘草
TCMF7870,高血压，高血脂，肥胖，便秘。,决明子，丹参，黄芪，荷叶，淫羊藿，大枣，蜂蜜,黑芝麻
TCMF12182,肾虚腰痛，头晕耳鸣，须发早白，失眠多梦，神疲乏力。,黄精，麦冬，天冬，侧柏叶，黑豆，炙黄芪，茯苓，核桃仁，制何首乌，大枣，山药，芡实，熟地黄，玄参，黑芝麻，大青盐,珍珠
TCMF10662,咳嗽，痰多，胸闷,车前草，法半夏，浙贝母,夏枯草
TCMF7281,斑秃、全秃、普秃及肝肾之症状性脱发。,何首乌，熟地黄，枸杞子，女贞子，黑芝麻，桑椹，党参，丹参，羌活，川芎，木瓜,当归
TCMF10379,气滞血瘀所致的胸痹、头痛、眩晕、心悸、失眠、月经不调、痛经。,红花，桃仁，川芎，赤芍，柴胡，枳壳，牛膝，桔梗，甘草,当归
TCMF12481,咳嗽痰少，痰粘难咳，咽干口燥，胸闷气短，舌红少苔，脉细数,枇杷叶，百部，浙贝母，紫苏子，苦杏仁，麻黄，法半夏，茯苓，陈皮，天冬，芥子，北沙参，款冬花，枳壳，瓜蒌子，前胡，紫苏叶，甘草，桔梗,紫菀
TCMF11710,风寒湿痹，筋骨疼痛，跌打损伤，风湿性关节炎。,当归，川芎，白芷，细辛，防风，羌活，独活，苍术，白术，茯苓，泽泻，猪苓，桂枝，麻黄，附子，肉桂，吴茱萸，小茴香，丁香，木香，沉香，乳香，没药，血竭，儿茶，冰片，麝香,干姜
TCMF8826,肺虚咳嗽，气喘，痰多，久咳不愈。,百部，百合，甘草，白及，冬虫夏草，五味子，枇杷叶，牡蛎,蛤蚧
TCMF10795,中风后遗症，脑梗死，脑动脉硬化，眩晕，头痛。,丹参，葛根，黄芪，郁金，红花，天麻，川芎，石菖蒲，冰片，人参，乌梢蛇,水蛭
TCMF6313,"咳嗽, 喘病",法半夏，白果，川贝母，陈皮，枳壳，甘草，桑白皮，瓜蒌子，紫苏子，百合，麻黄,款冬花
TCMFx7231,用于肝肾不足、气血两虚所致的神疲乏力、腰膝痠软、头晕耳鸣、心悸、气短、失眠、咽干、纳差食少；放、化疗所致的白细胞减少，缺铁性贫血见上述证候者,制何首乌，黄芪，女贞子，墨旱莲，白芍，狗脊,桑椹
TCMF1118,"肝火, 胁助刺痛, 往来寒热, 头目作痛, 泄泻淋闭",黄连,吴茱萸
TCMFx158,"夏季食凉饮冷, 猝然闷乱烦躁, 腹痛吐泻, 牙关紧闭, 四肢逆冷",丁香，苍术，天麻，麻黄，大黄，甘草，冰片，麝香，雄黄，朱砂,蟾酥
TCMF8412,风寒湿痹，关节疼痛，屈伸不利，瘀血阻络。,丹参，没药，乳香，麻黄，威灵仙，制草乌，制川乌,当归
TCMF7384,疮疡肿毒，丹毒，乳痈，疖肿等。,金银花，蒲公英，紫花地丁，野菊花,天葵子
TCMF11350,痰湿阻滞，肥胖症，高血压，高血脂。,大黄，荆芥，苦参，昆布，桔梗，白术，麻黄，白芍，枳实，川芎，当归，枳壳，石膏，玄明粉，滑石,黄芩
TCMF3593,"胸痹, 心悸, 真心痛",没药，鸡血藤，血竭，延胡索，当归，郁金，何首乌，桃仁，黄精，红花，葛根，乳香，冰片,丹参
TCMF11873,中风瘫痹，肢体拘挛，言语不利，口眼歪斜。,黄精，制何首乌，广藿香，黄芩，葛根，茯苓，白术，乳香，大黄，秦艽，麻黄，细辛，赤芍，茜草，附子，两头尖，草豆蔻，木瓜,红花
TCMF11100,口腔溃疡，牙龈肿痛，咽喉炎。,丁香，雄黄，薄荷，冰片，甘草,玄参
TCMF11706,乳痈，乳癖，乳腺炎，乳房胀痛,蒲公英，金银花，乳香，天花粉，连翘，赤芍，川芎，当归，青皮,没药
TCMFx2145,"惊悸, 不寐",半夏，陈皮，竹茹，酸枣仁，枳实，远志，五味子，熟地黄，茯苓，朱砂，甘草，大枣,人参
TCMF12004,小儿热毒，疮疖脓肿，口舌生疮，咽喉肿痛。,黄芩，大黄，龙胆，玄参，连翘，菊花，茯苓，天花粉，桔梗，冰片，水牛角，朱砂，青黛,黄连
TCMFx7212,用于风寒感冒，头痛发热，恶寒身痛，鼻流清涕，咳嗽咽干,荆芥穗，防风，紫苏叶，白芷，薄荷，葛根，芦根，苦地丁，桔梗，苦杏仁,柴胡
TCMF8462,小儿营养不良，免疫力低下,黄芪,黄精
TCMFx4422,腹胀,苍术，厚朴，陈皮,甘草
TCMF9277,肺热咳嗽，痰多粘稠，气短胸闷，呼吸困难。,甘草，降香，苦参，红花，木香，全蝎，草乌叶，肉豆蔻，沉香，北沙参，诃子，檀香，牛黄，麝香,石膏
TCMFx152,咽喉急症,猪牙皂，鹅不食草,细辛
TCMF9241,肾精不足，气血两虚所致的神疲乏力，头晕目眩，失眠健忘，腰膝酸软。,鹿茸，熟地黄，当归，白芍，茯苓，甘草，川芎，柏子仁，酸枣仁，五味子，肉苁蓉,人参
TCMF7738,气血两虚，月经不调，痛经，闭经，产后恶露不尽。,当归，川芎，白芍，黄芪，党参，白术，茯苓，甘草，阿胶，艾叶，益母草,熟地黄
TCMF8360,消化不良，积滞腹痛，虫积腹痛。,雷丸，槟榔，茯苓，三棱，莪术，鹤虱，鸡内金，海螵蛸,红花
TCMF7683,缺乳,黄芪，当归，熟地黄，漏芦，王不留行，穿山甲，通草，天花粉，川芎，白芍，路路通,鹿角霜
TCMF8486,气阴两虚，肺肾不足，症见神疲乏力，心悸气短，失眠多梦，腰膝酸软，咳喘痰多。,人参，党参，麦冬，五味子，丹参，当归，冬虫夏草，鹿茸，枸杞子,黄芪
TCMFx642,"眩晕, 白发症",何首乌，枸杞子，山楂，决明子,黄精
TCMF8619,跌打损伤，瘀血肿痛，筋骨疼痛。,泽兰，降香，三棱，莪术，郁金，红花，木香，大黄，续断，川芎，天南星，三七，朱砂根，土鳖虫，蜂蜜,蒲黄
TCMFx767,胁痛,大黄，虎杖，青皮，白茅根，陈皮，山楂,郁金
TCMF12489,神疲乏力，少气懒言，畏寒肢冷，纳差便酒，腰膝酸软,附子，补骨脂，枸杞子，黄芪，鸡血藤，茜草，当归，芦根，麦冬，甘草,淫羊藿
TCMF11001,风寒湿痹，筋骨疼痛，四肢麻木，腰膝酸软。,薄荷，淡竹叶，炮姜，红花，制草乌，制川乌，当归，陈皮，人参,鹿茸
TCMFx3339,"流痰, 肺痨, 麻风",黄芪，骨碎补，乳香，没药,三七
TCMF7702,月经不调，崩漏，气虚血弱。,黄芪，党参，白术，熟地黄，白芍，川芎，阿胶，艾叶，炙甘草,当归
TCMF10001,脾胃虚寒，脘腹冷痛，呕吐泄泻，手足不温。,补骨脂，附子，黄芪，党参，白术，陈皮，肉苁蓉，肉桂，山楂，乌梅，山药,砂仁
TCMF8061,湿热下注，尿路感染，小便不利，淋漓涩痛，尿血，尿频，尿急，尿痛。,车前子，夏枯草，决明子，茯苓，瞿麦，石斛，黄连，牡丹皮，女贞子，墨旱莲，山茱萸，山药，熟地黄，菟丝子，泽泻，菊花，木通,槟榔
TCMF11402,肝肾不足，腰膝酸软，头晕耳鸣，须发早白。,何首乌，金樱子，当归，狗脊，菟丝子,川芎
TCMF9167,便秘，肠燥津亏，脾胃虚弱。,黄精，麦冬，白术，肉苁蓉，郁李仁，火麻仁，当归，桑椹，太子参，玄参，枳壳，黑芝麻，蜂蜜,黄芪
TCMF7619,疮疡肿毒，丹毒，蜂窝组织炎，急性淋巴结炎等。,金银花，连翘，蒲公英，紫花地丁，天花粉，当归，甘草,赤芍
TCMFx614,乳腺增生病,夏枯草，僵蚕，玫瑰花，当归，牡蛎，川芎，鳖甲，赤芍，莪术，延胡索,柴胡
TCMFx4080,"眩晕, 麻疹, 水痘, 牙痛",牛黄，水牛角，羚羊角，朱砂，冰片，麝香，雄黄，麦冬，甘草，黄芩，白芍，陈皮，枳壳，防风，清半夏，黄柏，黄连，茯苓，栀子，苦杏仁，瓜蒌，当归，木通,桔梗
TCMF10571,湿热黄疸，脾胃虚弱，消化不良，湿热泄泻。,土茯苓，黄芩，茵陈，大黄，党参，白术，草豆蔻，木香，赤芍，牡丹皮，五味子，女贞子，连翘，金银花，川芎，当归，板蓝根,山楂
TCMF7465,早衰症,人参，鹿茸，珍珠，枸杞子，淫羊藿，当归，丹参，五味子，麦冬，茯苓，白术，甘草,黄芪
TCMF7413,小儿脾胃虚弱，消化不良，食欲不振，腹胀便溏。,陈皮，青皮，诃子，甘草,丁香
TCMFx2960,"痹病, 跌打损伤",黄芪，桑枝，何首乌，熟地黄，茯苓，独活，当归，防己，白芍，党参，牡丹皮，威灵仙，木瓜，地龙，红花，赤芍，杜仲，甘草，香附，川芎,桃仁
TCMF7655,肝气郁结，血瘀证，胁肋胀痛，月经不调，痛经。,柴胡，当归，白芍，川芎，香附，丹参，红花，桃仁，甘草,郁金
TCMF9875,心悸失眠，健忘多梦，心烦口渴，大便干燥。,麦冬，天冬，酸枣仁，当归，丹参，党参，茯苓，玄参，远志，石菖蒲，朱砂，五味子，桔梗，甘草,柏子仁
TCMFx5247,虚劳,白术，茯苓，甘草，当归，熟地黄，白芍，黄芪，陈皮，远志，肉桂，五味子，大枣，生姜,人参
TCMF10066,高脂血症，动脉硬化，脂肪肝。,丹参，浮萍，水飞蓟，何首乌，赤芍，五味子，金樱子，蛇床子，石菖蒲，蒲黄，淫羊藿，菟丝子，泽泻,枸杞子
TCMF10978,肝肾不足，气血两虚，头晕目眩，腰膝酸软，月经不调，崩漏带下。,人参，当归，熟地黄，白术，炙甘草，砂仁，川芎，延胡索，鹿茸，桑寄生，续断,黄芪
TCMF11849,中风后遗症，脑动脉硬化，脑血栓形成，脑栓塞，短暂性脑缺血发作。,灯盏细辛，丹参，红花，川芎，当归，桃仁，鸡血藤，牛膝，桑寄生，地龙，全蝎,赤芍
TCMF10523,外感风热，发热头痛，咽喉肿痛，咳嗽痰黄。,黄芩，石膏，柴胡，薄荷，知母，连翘，板蓝根，大青叶，牛黄,芦根
TCMF10213,小儿风热感冒，发热，咳嗽，鼻塞，流涕，咽喉肿痛，头痛。,薄荷，荆芥穗，黄芩，连翘，金银花，栀子，石膏，芦根，淡竹叶，桔梗，牛蒡子，赤芍，柴胡，枳壳，僵蚕，甘草,防风
TCMF10183,外感发热，头痛身痛，口渴咽痛，便秘尿赤。,知母，黄芩，荆芥穗，青蒿，牡丹皮，厚朴，柴胡，槟榔,大黄
TCMF8076,急慢性咽炎，咽喉肿痛，声音嘶哑。,薄荷，射干，青果，乌梅，冰片,甘草
TCMF10753,咳嗽痰多，胸闷气喘，痰黄粘稠。,百部，川贝母，麦冬，天冬，紫苏叶，瓜蒌子，桔梗，款冬花，木香，大黄,知母
TCMF9546,消化不良，食欲不振，脘腹胀满。,山楂，薄荷，蜂蜜,茯苓
TCMF7711,"紫斑, 髓劳",黄芪，人参，当归，白芍，川芎，阿胶，鹿角胶，龟甲胶，枸杞子，鸡血藤，白术，茯苓，甘草,熟地黄
TCMF10841,胸痹心痛，心悸气短，冠心病，心绞痛,丹参，降香，决明子，白术，附子，桂枝,黄芪
TCMF8138,瘀血阻络所致的头痛、眩晕、肢体麻木、瘫痹；中风后遗症，脑动脉硬化症见上述证候者。,川芎，当归，红花，桃仁，丹参，鸡血藤，地龙，黄芪，桂枝,赤芍
TCMF10186,瘀血阻络所致的胸痹心痛，中风偏瘫，肢体麻木，口眼歪斜。,丹参，桃仁，川芎，当归，三七，地龙,黄芪
TCMF7824,月经不调，痛经，闭经，崩漏，带下病。,当归，熟地黄，白芍，川芎，香附，延胡索，白术，甘草,赤芍
TCMF11193,黄疸，湿热黄疸，肝胆湿热,茵陈，车前草，丹参，龙胆,大青叶
TCMF8466,咳嗽痰多，气喘，胸闷，痰饮积聚。,百合，川贝母，麦冬，天冬，紫苏叶，紫苏子，瓜蒌子，枇杷叶，桑白皮，桔梗，茯苓，白术，五味子，法半夏，红参，陈皮，青皮，枳壳,苦杏仁
TCMF8034,肾阳不足，腰膝酸软，畏寒肢冷，神疲乏力。,淫羊藿，杜仲，山茱萸，山药，熟地黄，枸杞子，肉桂,甘草
TCMF12520,颈部肿块，质软或稍硬，可随吞咽上下移动，心烦易怒，口苦咽干，舌质红，苔薄黄，脉弦滑,昆布，蛤壳，浙贝母，桔梗，夏枯草，陈皮，槟榔,海藻
TCMF8579,咽喉肿痛，声音嘶哑，口干舌燥。,马勃，桔梗，菊花，牡丹皮，乌梅，金银花，木蝴蝶，冰片,玄参
TCMF4232,"月经失调, 痛经",香附，党参，白术，茯苓，当归，白芍，熟地黄，川芎，茺蔚子,甘草
TCMF11266,妇人血气不和，心腹疼痛，经水不调，赤白带下，症瘕积聚。,杜仲，没药，苍术，川乌，水蛭，牡蛎,乳香
TCMF8624,风湿性关节炎，类风湿性关节炎，痛风，跌打损伤，瘀血肿痛。,北豆根，地龙，防己，白芷，细辛，川芎，当归，赤芍，丹参，红花，桃仁，牛膝，枳壳，木香，香附，乌药，延胡索，乳香，没药，血竭，儿茶，冰片，朱砂，珍珠，羚羊角，人工牛黄，麝香，雄黄,青风藤
TCMF9558,跌打损伤，瘀血肿痛，骨折。,三棱，莪术，郁金，红花，木香，大黄，白芍，牡丹皮，制川乌，柴胡，当归，防风，香附，三七，蒲黄，延胡索，青皮，枳壳，乌药,续断
TCMF7243,肝郁脾虚型慢性肝炎。症见：胁痛腹胀，痞满纳呆，身倦乏力，大便溏薄，舌质淡暗，舌体肿或有齿痕，舌苔薄白或白腻，脉沉弦或沉缓等。,柴胡，白芍，丹参，黄芪，党参，黄连,枳壳
TCMF11006,感冒发热，头痛鼻塞，咳嗽痰多，胸闷呕恶。,紫苏叶，葛根，桔梗，麦冬，茯苓，党参，前胡，桑白皮，姜半夏，陈皮，甘草,枳壳
TCMFx4732,"眩晕, 月经过多",党参，茯苓，当归，甘草，川芎，肉桂，白芍，熟地黄，黄芪,白术
TCMF12068,小儿惊风，痰热内闭，高热惊厥，烦躁不安，神昏抽搐，喉间痰鸣。,黄芩，巴豆霜，天竺黄，胆南星，清半夏，天麻，钩藤，沉香，人工牛黄，水牛角，全蝎，羚羊角，蝉蜕，僵蚕，蟾酥，麝香，朱砂,雄黄
TCMF1142,远年近日诸般咳嗽,牵牛子，太子参，蜂蜜,槟榔
TCMF8902,肝胆湿热，口苦咽干，头晕目眩，湿热黄疸。,草豆蔻,龙胆
TCMF9430,乳腺增生，乳癖，乳房胀痛，乳腺炎等。,浙贝母，夏枯草，郁金，赤芍，香附，当归，橘核，甘草,柴胡
TCMF8405,跌打损伤，筋骨疼痛，瘀血肿痛。,乳香，血竭，土鳖虫，麝香，自然铜,朱砂
TCMF11875,感冒，头痛，发热，恶寒，鼻塞，流涕，咳嗽，痰多。,广藿香，香薷，紫苏叶，防风，茯苓，佩兰，苦杏仁，半夏，陈皮，大腹皮,白芷
TCMF10824,跌打损伤，筋骨疼痛，骨折愈合,杜仲，党参，白芍，木瓜，川芎，当归，骨碎补，三七，五加皮，续断，熟地黄，菟丝子，桂枝，自然铜,炙黄芪
TCMF8107,肺虚咳嗽，痰多，气短乏力。,百部，百合，浙贝母，甘草，桔梗，三七，功劳木,白及
TCMFx1316,"筋痹, 不能屈伸",马钱子，麻黄，羌活，桂枝，甘草，千年健，牛膝，乳香，木瓜，没药，防风，杜仲,独活
TCMF10261,小儿外感风热，症见发热、咳嗽、咽痛。,广藿香，荆芥，金银花，板蓝根，大青叶，桔梗，蒲公英，秦艽，赤芍，苦杏仁，柴胡，莱菔子，石菖蒲，淡竹叶，郁金,僵蚕
TCMF7650,气虚血瘀所致的胸痹心痛，心悸气短，肢冷麻木，舌质紫暗。,黄芪，当归，丹参，赤芍，川芎，红花，桃仁，鸡血藤，炙甘草,牛膝
TCMF3094,"疳病, 夜啼",太子参，茯苓，薏苡仁，白术，白扁豆，甘草，芡实，北沙参，山楂，陈皮，山药，麦芽，石菖蒲,莲子
TCMF261,"咳嗽, 痉病",麻黄，黄芩，石膏，前胡，紫苏子，苦杏仁，竹茹,葶苈子
TCMF11116,肝肾不足，腰膝酸软，肢体麻木，筋骨疼痛。,杜仲，熟地黄，鸡血藤，当归，党参，茯苓，白芍，女贞子，金樱子，骨碎补，狗脊，五加皮，川牛膝，淫羊藿，菟丝子，桂枝,白术
TCMF9594,肾虚，腰膝酸软，头晕耳鸣，阳痿早泄，遗精盗汗。,黄芪，红参，制何首乌，熟地黄，肉苁蓉，茯苓，白术，车前子，菟丝子，五味子，覆盆子，金樱子，川芎，当归，蛇床子，山药，淫羊藿,小茴香
TCMF8687,肾虚，腰膝酸软，神疲乏力，头晕耳鸣。,黄芪，冬虫夏草，大枣，龙眼肉，鹿茸,枳壳
TCMF11392,感冒发热，咽喉肿痛，咳嗽痰多。,黄芩，金银花，菊花，牛蒡子，板蓝根，赤芍，苦杏仁，前胡，桑叶，玄参，泽泻，木蝴蝶，蝉蜕，僵蚕,胖大海
TCMF5123,痹病,红参，枸杞子，玉竹，锁阳，川牛膝，淫羊藿，丹参，红花，狗脊，白术,地枫皮
TCMF1085,咳嗽,化橘红，茯苓，半夏，白前，甘草，苦杏仁，五味子,百部
TCMF7875,咳嗽，痰多，气喘。,甘草，桔梗，麻黄，五味子，法半夏，远志，陈皮,川贝母
TCMF10669,心悸失眠，气短乏力，头晕目眩。,柏子仁，黄芪，党参，茯苓，远志，五味子，酸枣仁，朱砂,熟地黄
TCMF8445,脾胃虚寒，脘腹冷痛，呕吐泄泻。,荜茇，砂仁，肉桂,干姜
TCMF9022,血瘀证，月经不调，痛经，闭经，产后瘀血腹痛。,丹参，鸡血藤，苏木，红花，赤芍，川芎，三七，延胡索,黄芪
TCMFx1222,头痛,川芎，白芷，羌活，细辛，防风，薄荷，荆芥,甘草
TCMFx674,慢性心力衰竭,附子，桑白皮，猪苓，葶苈子，大黄,人参
TCMF7603,咳嗽痰多，支气管炎，哮喘。,半夏，远志，紫菀，款冬花，桔梗，麻黄，甘草,枇杷叶
TCMF10837,脾胃气滞，胸膈痞满，胃脘疼痛，呕吐恶心，嗳气纳呆。,沉香，木香，香附，陈皮，莪术，广藿香，砂仁，麦芽,甘草
TCMF8791,湿热下注，淋证，带下病，尿路感染，前列腺炎。,苦参，萹蓄，赤芍，女贞子，香附，乌药,猪苓
TCMF912,"风湿性关节炎, 类风湿关节炎",马钱子，金钱白花蛇，蜈蚣，全蝎，地龙，僵蚕，乌梢蛇，天麻，人参，黄芪，当归，羌活，独活，防风，麻黄，桂枝，附子，川乌，薏苡仁，苍术，白术，桃仁，红花，没药，延胡索，牡丹皮，北刘寄奴，王不留行，鸡血藤，香附，木香，枳壳，路路通，川牛膝，伸筋草，砂仁，木瓜，续断，大黄，朱砂,穿山甲
TCMF11489,气虚血瘀所致的胸闷、胸痛、心悸、气短、乏力等症状。,丹参，黄芪，赤芍，川芎，石菖蒲，远志，水蛭，全蝎,土鳖虫
TCMFx6741,"行气活血, 泄热和胃。用于胃脘痛气滞血瘀兼肝胃郁热证, 症见胃脘疼痛, 胀闷, 灼热, 嗳气, 泛酸, 烦躁易怒, 口干口苦, 以及慢性浅表性胃炎及消化性溃疡见上述证候者。",柴胡，枳壳，木香，丹参，延胡索，莪术，黄连，吴茱萸，大黄，党参，甘草,赤芍
TCMF9432,乳腺增生，乳癖，乳房胀痛。,浙贝母，夏枯草，皂角刺，乳香，昆布，海藻，三棱，莪术，郁金，柴胡，党参，白芍，川芎，当归，枳壳，牡蛎,玄参
TCMF11213,高血压，头痛，目赤肿痛，眩晕。,菊花，决明子，枸杞子，桑叶，夏枯草，薄荷,甘草
TCMF9917,胸痹心痛，胸闷气短，心悸怔忡。,丹参，山楂,降香
TCMF7350,冠状动脉硬化引起的心绞痛，胸闷气短，心气不足，瘀血作痛。,丹参，川芎，三七，桃仁，红花，赤芍，人参，黄精，麦冬，枸杞子，郁金，木香，陈皮,降香
TCMFx5356,"月经失调, 带下病",当归，香附，地骨皮，人参，白芍，牡丹皮，鳖甲，白术，川芎，茯苓，黄芪，青蒿,艾叶
TCMF8521,跌打损伤，骨折筋断，瘀血肿痛。,没药，乳香，当归，骨碎补，血竭，自然铜,土鳖虫
TCMF12231,清热解毒，凉血活血，用于治疗湿热下注所致的带下病、淋证、尿频尿急、尿道涩痛等。,黄芩，黄连，黄柏，栀子，金银花，白芍，当归,川芎
TCMF4190,"疳病, 腹泻",白术，茯苓，党参，车前子，莲子，白扁豆，鸡内金，山药，薏苡仁，石榴皮，木香,诃子
TCMFx4180,"胁痛, 胃脘痛",沉香，佛手，木香，檀香，砂仁，豆蔻，枳壳，厚朴，川楝子，陈皮，片姜黄，白芍，茯苓,延胡索
TCMFx6661,"清热解毒, 消炎退热。用于上呼吸道感染, 病毒性感冒, 流感等病毒性感染疾患, 症见头痛, 发热, 流涕, 咳嗽等。",鱼腥草，桔梗，桑叶，连翘，荆芥，薄荷，紫苏叶，苦杏仁，芦根，甘草,菊花
TCMFx4732,"眩晕, 月经过多",党参，白术，茯苓，甘草，川芎，肉桂，白芍，熟地黄，黄芪,当归
TCMF11539,肾阳不足，腰膝酸软，畏寒肢冷，神疲乏力。,附子，黄芪，党参，肉苁蓉，玉竹，牡丹皮，山楂，冰片,淫羊藿
TCMF7843,湿热下注、瘀血内阻所致的带下病，症见带下量多、色黄、质稠、臭秽，小腹疼痛，腰骶酸痛，口苦咽干；慢性盆腔炎、附件炎、子宫内膜炎见上述证候者。,土茯苓，丹参，苦参，三棱，莪术，川楝子，赤芍，当归，香附，山药，芡实，延胡索,黄柏
TCMFx5865,"急惊风, 积滞",钩藤，僵蚕，天麻，全蝎，黄连，大黄，浙贝母，天竺黄，法半夏，化橘红，滑石，牛黄，朱砂，麝香，冰片,胆南星
TCMF11463,气血两虚，心悸失眠，腰膝酸软，须发早白。,黄精，麦冬，玉竹，黄芪，党参，白术，何首乌，五味子，枸杞子，桑椹，山茱萸，丹参，柏子仁，黑豆，乌梅，山药，芡实，龙眼肉，甘草,莲子
TCMFx5728,"痞满, 便秘, 痔疮",大黄，山药，独活，车前子，菟丝子，槟榔，郁李仁，牛膝，防风，枳壳,火麻仁
TCMFx7194,心脾两虚，气短心悸，失眠多梦，头昏头晕，肢倦乏力，食欲不振，崩漏便血。,黄芪，党参，白术，甘草，茯苓，远志，龙眼肉，当归，木香，大枣，生姜,酸枣仁
TCMF8352,肝郁气滞，湿热内蕴，症见胸胁胀痛，口苦咽干，食欲不振，大便不畅。,枳实，大黄，黄芩，黄连，甘草,栀子
TCMF8122,风热感冒，发热，头痛，咳嗽，咽痛。,全蝎，连翘，大青叶,板蓝根
TCMF8380,肾虚腰痛，遗精早泄，头晕耳鸣，神疲乏力。,黄精，何首乌，熟地黄，党参，丹参，枸杞子，五味子，淫羊藿，续断，白茅根，蒲公英，蛇床子，菟丝子，水蛭，牡蛎，蜂房,车前子
TCMF8245,咳嗽，气喘，痰多，肺虚久咳。,冬虫夏草，半夏，人参，蛤蚧,桂枝
TCMFx6226,"咳嗽, 便秘",玄参，知母，麦冬，苦杏仁，竹茹，紫苏子，槟榔，桔梗，胆南星，桑白皮，川贝母，瓜蒌子，甘草，紫苏叶,天花粉
TCMF8561,先兆流产，习惯性流产，肾虚型不孕症。,杜仲，续断，菟丝子，白术，山药，熟地黄，枸杞子，巴戟天，白芍，牡蛎，阿胶,五味子
TCMF11060,气血两虚，腰膝酸软，食欲不振，神疲乏力。,炙黄芪，党参，玉竹，杜仲，茯苓，白术，当归，白芍，川芎，炙甘草,黄精
TCMF10078,肝肾不足，筋骨痿软，腰膝酸痛，肢体麻木。,续断，杜仲，牛膝，骨碎补，补骨脂，淫羊藿，枸杞子，菟丝子，熟地黄，当归，川芎，红花，木瓜，独活，秦艽，防风，甘草,白芍
TCMF9890,跌打损伤，瘀血肿痛，风湿痹痛。,没药，乳香，红花，大黄，麻黄，白芍，当归，三七，血竭，土鳖虫，自然铜,骨碎补
TCMF8384,感冒引起的咳嗽，气喘，痰多。,黄芪，桔梗，麻黄，山楂，淫羊藿，射干，地龙,鱼腥草
TCMF9658,湿热瘀阻，脾胃虚弱，食少便溏，气滞血瘀。,白扁豆，补骨脂，苦参，山豆根，防己，三棱，莪术，苦杏仁，乌梅,丹参
TCMF10796,冠心病，心绞痛，脑血栓形成，高脂血症,丹参，葛根，水蛭,益母草
TCMF9239,感冒引起的咳嗽，支气管炎。,桔梗，远志，百部，白前，紫菀，款冬花，陈皮，麻黄，荆芥，薄荷，甘草,罂粟壳
TCMF9857,眩晕，头痛，心悸，失眠，气短乏力。,天麻，丹参，三七，川芎，当归，黄芪，茯苓，白术，甘草,人参
TCMF9632,气血两虚，腰膝酸软，头晕目眩，四肢无力。,黄芪，当归，补骨脂，枸杞子，麦冬，芦根，鸡血藤，附子，茜草，淫羊藿,甘草
TCMFx5749,"月经失调, 痛经, 带下病",当归，白芍，川芎，益母草，泽兰，牛膝，续断，艾叶，生姜，大腹皮，香附，木香，陈皮，白术，茯苓，柴胡，鹿茸，人参,丹参
TCMF7271,湿热凝结引起：红白痢疾，腹痛下坠。,黄连，黄芩，黄柏，木香，厚朴，枳壳，延胡索，槟榔，当归，吴茱萸，甘草,白芍
TCMF10064,肝肾阴虚，头晕目眩，视力减退，腰膝酸软。,五味子，决明子，枸杞子，桑椹,菊花
TCMF12069,小儿惊风，痰涎壅盛，高热惊厥，神昏抽搐。,巴豆霜，大黄，当归，牛黄，全蝎，猪牙皂,朱砂
TCMFx7404,流行性感冒，发热，四肢酸软，头痛咳嗽，咽喉肿痛，温毒发颐，两腮赤肿。,金银花，牛蒡子，薄荷，荆芥，淡豆豉，桔梗，甘草,连翘
TCMFx375,"胸痹, 症见胸痛, 胸闷, 心悸, 气短, 乏力; 冠心病心绞痛见上述症候者",黄芪，葛根，丹参，槲寄生，山楂,川芎
TCMF8198,胸痹心痛，心悸气短，冠心病，心绞痛。,丹参，红花，桃仁，血竭，延胡索，黄精，当归，葛根，鸡血藤，没药，乳香，郁金，冰片,制何首乌
TCMF3576,感冒,麻黄，白术，羌活，防风，生姜，石膏，葛根，钩藤,菊花
TCMF7254,用于外感风邪引起的恶风身热，偏正头痛、鼻流清涕、牙疼喉痛,菊花，连翘，薄荷，蔓荆子，黄芩，栀子，黄连，羌活，藁本，防风，白芷，荆芥穗，桔梗，甘草,川芎
TCMFx3659,"风温, 感冒",金银花，连翘，柴胡，紫苏叶，甘草,黄芩
TCMF7897,脾胃虚弱，食欲不振，脘腹胀满，消化不良。,豆蔻，砂仁，白术，木香，丁香，冰片,苍术
TCMF7985,肝肾不足，心脾两虚所致的头晕目眩，失眠健忘，腰膝酸软，神疲乏力。,黄精，黄芪，制何首乌，枸杞子，赤芍，当归，山茱萸，远志，刺五加，五味子,石菖蒲
TCMF7532,"理气消胀, 清热和胃。用于寒热错杂所致的胃胀, 痞满疼痛, 嗳气吞酸, 食欲减退, 慢性浅表性胃炎见上述证候者。",黄连，吴茱萸，延胡索，香附，木香，砂仁，枳壳，陈皮，甘草,白芍
TCMF12392,腹痛腹泻，里急后重，便下脓血,黄连，乌梅，诃子，茯苓，当归,阿胶
TCMF11552,肾虚腰痛，头晕耳鸣，遗精早泄，阳痿不育，尿频尿急。,黄精，黄芪，杜仲，茯苓，党参，牡丹皮，巴戟天，覆盆子，金樱子，枸杞子，当归，山药，骨碎补，莲须，锁阳，菟丝子，泽泻，龟甲胶，桑螵蛸,冬虫夏草
TCMFx4820,"产后血晕, 中风, 腹痛, 类霍乱",苏合香，广藿香，甘草，天麻，防风，丁香，羌活，乳香，半夏，檀香，木香，豆蔻，乌药，没药，香附，肉豆蔻，砂仁，荜茇，沉香，薄荷，猪牙皂，白术，冰片，细辛，麝香，朱砂，水牛角,诃子
TCMFx7279,肾阳不足，腰膝酸冷，肢体浮肿，小便不利或反多，痰饮喘咳，消渴。,熟地黄，山茱萸，山药，附子，茯苓，泽泻，牡丹皮,肉桂
TCMF7625,"具有补血益气, 健脾暖胃, 祛风湿, 壮筋骨。用于男女体弱, 头晕目眩, 食欲不振, 腰酸骨痛。",蛤蚧，党参，黄芪，当归，熟地黄，枸杞子，女贞子，菟丝子，仙茅，淫羊藿，巴戟天，锁阳，肉苁蓉，狗脊，杜仲，续断，牛膝，桂枝，肉桂，甘草,附子
TCMF9916,感冒咳嗽，发热恶寒，鼻塞流涕，头痛无汗，肢体酸痛。,麻黄，紫苏叶，黄芩，桔梗，前胡，茯苓，陈皮，枳壳，苦杏仁，甘草,半夏
TCMFx247,"眩晕, 头痛, 耳鸣, 耳聋, 健忘, 白发症",天麻，白芷，何首乌，熟地黄，丹参，川芎，当归，蒺藜，桑叶，墨旱莲，女贞子，黄精，甘草,白芍
TCMF7586,感冒风寒，头痛身痛，发热恶寒，鼻塞流涕。,防风，羌活，独活，川芎，细辛，白芷，苍术，黄芩，甘草,麻黄
TCMF9442,乳腺增生，乳痛症，乳腺囊性增生。,淫羊藿，仙茅，巴戟天，黄柏，当归，泽泻，牡丹皮，夏枯草，海藻，昆布，乳香，没药，两头尖，鹿衔草，漏芦,知母
TCMF9543,肝肾不足，气血两虚，腰膝酸软，头晕目眩，心悸失眠。,黄芪，党参，熟地黄，山茱萸，枸杞子，麦冬，五味子，茯苓，白术，川芎，当归，防风，龟甲胶，陈皮,羌活
TCMF3671,胸痹,丹参,川芎
TCMF10240,感冒发热，咳嗽咽痛，腮腺炎。,金银花，连翘，葛根，山豆根，大青叶，甘草,柴胡
TCMF11940,月经不调，黄褐斑,黄芪，当归，桃仁，何首乌，熟地黄，女贞子，墨旱莲，白芍，柴胡，阿胶,红花
TCMF12426,目赤肿痛，头痛，口苦，舌红苔黄，脉弦数,防风，大黄，桔梗,茺蔚子
TCMF467,妇女经期或产后失血过多引起的失血性贫血,黄芪,当归
TCMFx4410,"积滞, 痞满, 腹胀",香附，乌药，青皮，陈皮，枳实，枳壳，厚朴，三棱，莪术，山楂，槟榔，吴茱萸，肉桂，甘松，桔梗，黄芩，大黄，牵牛子,木香
TCMF9910,肝胆湿热所致的口苦、口臭、胁痛、纳呆、苔黄腻等症。,夏枯草，茵陈，秦艽，牡丹皮，牡蛎，当归，枳实,大黄
TCMF488,胃脘痛,桂枝，牡蛎，砂仁，甘草，延胡索，小茴香,高良姜
TCMF7556,宫外孕，附件炎，盆腔炎。,丹参，赤芍，桃仁，三棱，莪术，乳香，没药，蜈蚣，天花粉,全蝎
TCMF8686,胸痹心痛，心悸气短，胸闷憋气，失眠健忘。,川木香，沉香，肉豆蔻，当归，木棉花，诃子，西洋参,广枣
TCMF12024,痤疮，皮肤油腻，口干口苦，大便干燥。,黄芩，夏枯草，麦冬，淡竹叶，竹茹，蒲公英，石斛，龙胆，升麻，金银花，柴胡，大青叶，玄参，紫草，石膏,野菊花
TCMF12160,风寒湿痹，关节疼痛，肢体麻木，腰腿疼痛。,白芷，川芎，细辛，羌活，独活，防风，苍术，当归，赤芍，白芍，甘草,野木瓜
TCMF1179,"疫喉热邪内陷心包, 神糊谵狂",牛黄，郁金，黄连，朱砂，黄芩,栀子
TCMF7436,"健脾益肾, 宁心安神, 活血化瘀。适用于心气虚或气虚血瘀证引起的神疲乏力, 胸闷心悸, 腰膝酸软, 头晕耳鸣, 排尿困难, 尿后余沥。",人参，黄芪，沙棘，枸杞子，丹参，五味子，酸枣仁，茯苓，泽泻,淫羊藿
TCMF1038,痹病,乳香，没药，红花，威灵仙，川牛膝，香附，姜黄，当归，川芎，黄芪,丹参
TCMFx5672,"疮疡, 水火烫伤",黄柏，黄芩，栀子,黄连
TCMF8062,青盲，视瞻昏渺，瞳神紧小，干涩昏花，羞明流泪，头晕目眩。,夏枯草，决明子，菊花，石斛，黄连，木通，枸杞子，熟地黄，人参，羚羊角，石决明,山茱萸
TCMF11006,感冒发热，头痛鼻塞，咳嗽痰多，胸闷呕恶。,紫苏叶，葛根，桔梗，麦冬，茯苓，党参，前胡，姜半夏，陈皮，甘草，枳壳,桑白皮
TCMF9596,肾虚腰痛，遗精早泄，阳痿不举，头晕耳鸣，神疲乏力。,补骨脂，肉苁蓉，淫羊藿，黄芪，红参，熟地黄，车前子，茯苓，白术，五味子，覆盆子，金樱子，当归，菟丝子，胡芦巴，山药，蛇床子，小茴香,制何首乌
TCMF3084,"积滞, 疳病, 夜啼",太子参，芡实，薏苡仁，茯苓，白扁豆，甘草，白术，山楂，北沙参，山药，陈皮，石菖蒲，莲子,麦芽
TCMF8480,脾胃虚弱，肝气郁结，食欲不振，腹胀便溏，胁肋胀痛。,广藿香，白术，茯苓，薏苡仁，白扁豆，山药，黄连，麦芽，陈皮，泽泻，芡实，蜂蜜,山楂
TCMF11198,湿热蕴结，发热口渴，胸闷腹胀，小便短赤，黄疸，痢疾。,茵陈，滑石，川贝母，射干，豆蔻，广藿香，连翘，木通，石菖蒲，薄荷,黄芩
TCMF10559,脾胃虚弱，气血不足，面色萎黄，食欲不振，肢倦乏力。,党参，山药，薏苡仁，草豆蔻，法半夏，陈皮，甘草,大枣
TCMFx6224,"中风, 风痱",葛根，赤芍，豨莶草，红花，川芎，地龙，血竭,三七
TCMFx4428,"肝胆火旺, 大便秘结, 小便赤涩",龙胆，芦荟，当归，大黄，黄芩，青黛，木香,栀子
TCMF10429,气血两虚，心悸失眠，食欲不振，四肢乏力。,红参，五加皮，黄芪，五味子，麦冬，当归，白芍，熟地黄，炙甘草,川芎
TCMF9877,气阴两虚，消渴，腰膝酸软，尿频量多。,麦冬，天花粉，茯苓，山药，五味子，覆盆子，枸杞子，泽泻,黄芪
TCMF10767,脾胃虚弱，消化不良，食欲不振，脘腹胀满。,人参，白术，茯苓，甘草，砂仁，枳壳，山楂，香附，石斛，桔梗,陈皮
TCMF5073,"感冒, 风温",桑叶，菊花，连翘，薄荷，桔梗，芦根，甘草,苦杏仁
TCMF387,痹病,川乌，草乌，红花，甘草，木瓜，乌梅,麻黄
TCMF10573,湿热黄疸，胁痛，食欲不振，乏力。,茵陈，大黄，丹参，连翘，黄芪，甘草，柴胡，山楂，女贞子，枸杞子，三七,栀子
TCMF7259,小儿感冒风寒内热停食引起：头痛身热，咳嗽痰盛，气促作喘，咽喉肿痛，烦躁不安。,天南星，苦杏仁，天花粉，麻黄，紫苏叶，桑叶，青黛，黄芩，山楂，枳壳，陈皮，甘草，浙贝母,前胡
TCMF8214,清热解毒，化瘀散结。用于热毒瘀结所致的皮肤瘙痒、疥疮、痈肿等。,芦荟，地锦草,西青果
TCMF7310,肝胆湿热，胁痛，黄疸，胆囊炎，胆石症。,柴胡，黄芩，白芍，郁金，金钱草，茵陈，甘草,大黄
TCMF8081,肝郁脾虚，胸胁胀痛，食欲不振，腹胀便溏。,柴胡，党参，茯苓，白芍，五味子，青皮，当归,砂仁
TCMF7408,风热感冒，发热头痛，咳嗽鼻塞，咽喉肿痛。,金银花，连翘，桔梗，薄荷，荆芥，牛蒡子，甘草,淡豆豉
TCMF10800,中风后遗症，瘫痹不遂，肢体麻木，言语不清，口眼歪斜，头痛眩晕。,蜈蚣，地龙，土鳖虫，乌梢蛇，麝香，冰片，牛黄，天麻，防风，羌活，独活，威灵仙，秦艽，络石藤，苍术，白术，当归，川芎，红花，丹参，鸡血藤，海风藤，忍冬藤,全蝎
TCMF11709,瘰疬，瘿瘤，乳癖，痰核，流注，阴疽肿毒。,黄芪，鸡血藤，三棱，莪术，苍术，红花，赤芍，海藻，草乌，川乌，川芎，白附子，半夏，天南星,白蔹
TCMF11215,便秘，痔疮,火麻仁，荆芥穗,桃仁
TCMF9688,免疫力低下，易感冒，疲劳乏力，食欲不振。,石斛，黄芪，党参，白术，茯苓，金银花，连翘，蒲公英，紫花地丁,甘草
TCMF7257,用于风热上攻、肺胃热盛所致的头晕目眩、暴发火眼、牙齿疼痛、口舌生疮、咽喉肿痛、耳痛耳鸣、大便秘结、小便短赤,黄连，黄芩，黄柏，石膏，栀子，大黄，连翘，菊花，荆芥穗，白芷，蔓荆子，川芎，防风，桔梗，旋覆花，甘草,薄荷
TCMF9531,食欲不振，消化不良，脘腹胀满。,玫瑰花，山楂,葛根
TCMF12407,局部红肿热痛，发热，恶寒，头痛,雄黄，大黄,巴豆
TCMFx3055,腹胀,沉香，砂仁，苍术，枳实，麦芽，青皮，紫苏叶，细辛，桔梗，茯苓，甘草，栀子，厚朴，香附，木香，山楂，陈皮，广藿香，荆芥，白芷，防风，薄荷，半夏，白芍，葛根,川芎
TCMF11029,感冒发热，头痛鼻塞，咽喉肿痛，肢体酸痛。,薄荷，黄芩，荆芥，防风，白芍，甘草，桂枝,当归
TCMF11960,脾胃虚弱，食少便溏，胸腹胀满，恶心呕吐。,薤白，薄荷，黄芩，白扁豆，刀豆，茯苓，谷芽，麦芽，瓜蒌，豆蔻，砂仁，郁金，苏合香，桔梗，白术，木香，黄连，厚朴，甘草,细辛
TCMF7465,早衰症,人参，鹿茸，珍珠，枸杞子，淫羊藿，黄芪，当归，五味子，麦冬，茯苓，白术，甘草,丹参
TCMF11544,咳嗽，痰多，气喘，胸闷。,石膏，麻黄，天花粉，牛蒡子，细辛，栀子，苦杏仁，蛤壳，青黛，甘草,射干
TCMF10864,感冒，流感，发热，头痛，咳嗽，咽痛。,麻黄，黄芪，甘草，茯苓，苍术，大黄，石膏，草果，厚朴，赤芍，葶苈子，苦杏仁，法半夏,广藿香
TCMF10830,风湿痹痛，筋骨痿软，腰膝酸楚，关节疼痛。,羌活，独活，杜仲，骨碎补，桑寄生，茯苓，薏苡仁，苍术,甘草
TCMF12000,心火亢盛，烦躁失眠，口舌生疮，小便短赤。,黄芩，栀子，防己，金果榄，木香，冰片,槟榔
TCMF8764,皮肤瘙痒，湿疹，皮炎，体癣，股癣，手足癣，花斑癣。,苦参，蛇床子，白鲜皮，黄柏，冰片,花椒
TCMF12033,脾胃虚弱，食积停滞，脘腹胀痛，恶心呕吐，消化不良。,三棱，莪术，厚朴，陈皮，青皮，莱菔子，山楂，姜半夏，甘草,黄连
TCMF8002,血虚萎黄，眩晕心悸，失眠多梦，月经不调。,阿胶，熟地黄，当归，黄芪，白芍，枸杞子,党参
TCMF11298,肝肾不足，腰膝酸软，头晕目眩，须发早白。,黄精，天冬，苍术，枸杞子,狗脊
TCMF12079,小儿支气管炎，咳嗽痰多，气喘。,川贝母，侧柏叶，黄芩，紫苏子，橘红，苦参，麻黄，细辛，北刘寄奴，射干，白鲜皮，地龙，甘草，冰片,僵蚕
TCMF6022,"感冒, 风温, 喉痹",玄参，蒲公英，牛蒡子，薄荷，板蓝根，连翘，牡丹皮，青黛,蝉蜕
TCMFx4856,"头痛, 眩晕, 耳鸣, 不寐",天麻，野菊花，杜仲叶，川芎,杜仲
TCMF9479,气血两虚，心悸失眠，食欲不振，腰膝酸软。,黄芪，黄精，丹参，当归，女贞子，枸杞子，陈皮，龟甲胶，鹿角胶,山楂
TCMF8816,肾虚腰痛，腰膝酸软，头晕耳鸣，阳痿早泄，遗精滑精。,杜仲，鹿茸，肉苁蓉，山茱萸，菟丝子，五味子，西红花，人参，大黄，海龙,枸杞子
TCMF10099,肾虚腰痛，阳痿早泄，神疲乏力，腰膝酸软。,黄精，黄芪，杜仲，牛膝，茯苓，泽泻，肉苁蓉，淫羊藿，菟丝子，枸杞子，蛇床子，山药，红参，土鳖虫，牡蛎，鹿茸,白芍
TCMF7285,产后气血亏损，乳少，无乳，乳汁不通等症。,黄芪，熟地黄，党参，当归，川芎，白芍，王不留行，穿山甲，通草，路路通，瞿麦，漏芦，天花粉，鹿角霜,柴胡
TCMF10837,脾胃气滞，胸膈痞满，胃脘疼痛，呕吐恶心，嗳气纳呆。,沉香，木香，香附，陈皮，广藿香，砂仁，麦芽，甘草,莪术
TCMF8416,风寒湿痹，筋骨疼痛，腰腿酸痛，跌打损伤。,苏木，赤芍，荜茇，陈皮，厚朴，大黄，阿魏，白芷，当归，独活，羌活，油松节，丁香，玄参，冰片，高良姜,鹿角
TCMF254,外感发热,柴胡，桂枝，葛根，浮萍，黄芩，白芍,蝉蜕
TCMF10226,小儿腹泻，消化不良，胃肠功能紊乱。,车前草，茯苓，苍术，厚朴，陈皮，泽泻,广藿香
TCMF8806,肝胃不和，胃脘疼痛，嗳气吞酸，消化不良。,吴茱萸，白芍，木香，延胡索，大黄，黄芩，槟榔，甘草,黄连
TCMF10476,肾阳不足，腰膝酸软，阳痿早泄，性功能减退。,蛇床子，锁阳，淫羊藿，川牛膝，熟地黄，人参，鹿茸,韭菜子
TCMF9996,寒凝血瘀所致的月经不调，痛经，闭经，小腹冷痛，四肢不温。,附子，肉桂，黄芪，党参，茯苓，白术，郁金，厚朴，吴茱萸,沉香
TCMF8365,癥瘕积聚，痛经，闭经，产后瘀血腹痛。,益母草，紫苏子，姜黄，苏木，没药，乳香，三棱，莪术，艾叶，红花，大黄，白芍，两头尖，苦杏仁，阿魏，川芎，当归，小茴香，香附,桃仁
TCMFx4116,感冒,麻黄，苦杏仁，甘草，桑白皮，紫苏子,荆芥
TCMFx4694,疳病,使君子，雷丸，苦楝皮，榧子，海螵蛸，小茴香，莲子，炉甘石，鸡内金,徐长卿
TCMF10809,气血两虚，腰膝酸软，神疲乏力，头晕目眩。,黄芪，党参，当归，熟地黄，茯苓，白术，麦冬，五味子，枸杞子，山茱萸，川芎，羌活，陈皮，肉桂，龟甲胶，大枣,防风
TCMF11614,肝气郁结，胁肋胀痛，胸闷不舒，情绪抑郁。,广藿香，茯苓，没药，乳香，天竺黄，豆蔻，砂仁，白术，木香，白及，制何首乌，细辛，厚朴，钩藤，木瓜，沉香，白芷，柴胡，川芎,黄连
TCMF8610,肺热咳嗽，痰多粘稠，声音嘶哑，咽喉肿痛。,川贝母，黄芩，石斛，薄荷，赤芍，玄参，木蝴蝶，僵蚕，甘草,麦冬
TCMF12210,肝肾阴虚，腰膝酸软，头晕目眩，心悸失眠。,麦冬，天冬，柏子仁，酸枣仁，杜仲，山茱萸，茯苓，白术，车前子，沙苑子，木香，石斛，肉苁蓉，五味子，巴戟天，地骨皮，枸杞子，当归，山药,覆盆子
TCMF11872,风热感冒，发热头痛，咳嗽咽痛。,薄荷，荆芥，淡豆豉，牛蒡子，连翘，金银花，桔梗，淡竹叶，栀子，忍冬藤,甘草
TCMF12027,小儿疳积，消化不良，食欲不振，腹胀腹泻。,麦芽，白术，木香，山楂，使君子，胡黄连，枳实,肉豆蔻
TCMF9276,肺癌，肺结核，慢性支气管炎，肺气肿等呼吸系统疾病。,川贝母，灵芝，冬虫夏草，法半夏，三七，人工牛黄，阿胶，珍珠,白果
TCMF6749,"顺气降逆, 消积止痛。用于婴幼儿乳食内滞证, 症见腹胀, 腹痛, 啼哭不安, 厌食纳差, 腹泻或便秘; 中老年气滞, 食积证, 症见脘腹胀满, 腹痛, 便秘; 以及腹部手术后促进肠胃功能的恢复。",木香，槟榔，乌药,枳壳
TCMF8402,疮疡肿毒，丹毒，蜂窝组织炎，急性淋巴结炎，急性扁桃体炎，急性阑尾炎。,黄芪，黄连，黄芩，栀子，大黄，芒硝，连翘，金银花，蒲公英，紫花地丁，甘草,黄柏
TCMF9621,肾阳不足，腰膝酸软，畏寒肢冷，阳痿早泄，夜尿频多。,附子，肉桂，杜仲，补骨脂，锁阳，淫羊藿，党参，白术，鹿衔草，山茱萸，女贞子，覆盆子，五味子，柏子仁，远志，车前子，沙苑子，葛根，蛇床子,甘草
TCMF10315,瘀血阻络所致的头痛、头晕、肢体麻木、言语不利。,川芎，丹参，红花，三七，赤芍，桃仁，冰片,葛根
TCMFx7205,用于疮疖溃烂，灼热发烧，流脓流水，丹毒疱疹，疥癣痛痒,金银花，连翘，蒲公英，紫花地丁，栀子，大黄，黄芩，木通，天花粉，玄参，赤芍，浙贝母，白鲜皮，蝉蜕，防风，白芷，甘草,桔梗
TCMF10720,糖尿病，气阴两虚，脾肾不足。,黄芪，党参，麦冬，玉竹，何首乌，熟地黄，山茱萸，肉苁蓉，女贞子，地骨皮，石榴皮，山药，砂仁，虎杖,天花粉
TCMF8785,脾胃虚弱，食积气滞，脘腹胀痛，消化不良。,豆蔻，砂仁，木香，厚朴，陈皮，山楂，莱菔子，当归，肉桂，丁香，牵牛子,莪术
TCMF8262,心气虚寒，心悸易惊，失眠多梦，健忘。,柏子仁，黄芪，党参，当归，茯苓，五味子，酸枣仁，川芎，肉桂，朱砂，甘草,远志
TCMF7595,痿证，肢体痿软无力，腰膝酸软，畏寒肢冷。,人参，茯苓，黄芪，当归，白芍，炙甘草,白术
TCMF7706,血虚夹瘀，月经不调，痛经，产后恶露不尽。,阿胶，红花，当归，川芎，熟地黄，黄芪，党参，甘草,白芍
TCMF7891,肾虚腰痛，头晕耳鸣，遗精早泄，失眠健忘。,何首乌，杜仲，肉苁蓉，淫羊藿，麦冬，天冬，茯苓，党参，当归，枸杞子，覆盆子，五味子,熟地黄
TCMF9994,月经不调，痛经，闭经，血瘀证。,丹参，红花，补骨脂，杜仲，炙黄芪，三棱，莪术，苏木，川芎，白术，木香，当归，牡丹皮，山楂，桃仁，地骨皮，何首乌，麦芽,白芍
TCMF8261,咳嗽，气喘，痰多。,百部，紫苏子，郁金，桔梗，木香，麻黄，苦杏仁，前胡，莱菔子，陈皮，蜂蜜,地龙
TCMF11344,脾胃虚弱，食积停滞，脘腹胀痛，消化不良。,三棱，莪术，草果，砂仁，白术，川木香，木香，大黄，厚朴，山楂，阿魏，当归，香附，莱菔子，法半夏，牵牛子，吴茱萸，槟榔，甘草,陈皮
TCMF1038,痹病,乳香，没药，红花，威灵仙，川牛膝，香附，当归，丹参，川芎，黄芪,姜黄
TCMF11063,风寒湿痹，肢体疼痛，麻木拘挛，腰腿疼痛，瘫痿无力。,安息香，广藿香，黄芩，甘草，没药，乳香，豆蔻，白术，木香，天麻，何首乌，大黄，麻黄，细辛，赤芍，两头尖，威灵仙，制草乌，沉香,葛根
TCMF9123,脾胃虚寒，脘腹冷痛，呕吐泄泻。,甘松，荜茇，草果，木棉花，诃子,丁香
TCMF9649,湿热瘀阻所致的皮肤病，如湿疹、皮炎、皮肤瘙痒等。,土茯苓，丹参，甘草，当归，白鲜皮，蝉蜕,黄芩
TCMF10929,脂溢性脱发，斑秃，头皮瘙痒。,荆芥，防风，苦参，地肤子，何首乌，当归，牡丹皮，川芎，蜈蚣，蝉蜕，僵蚕,白鲜皮
TCMF10244,小儿便秘，腹胀，食欲不振。,麦冬，肉苁蓉，当归，火麻仁，莱菔子，玄参，枳壳,栀子
TCMF9034,神经衰弱，头晕目眩，心悸失眠，腰膝酸软。,黄精，麦冬，苍耳子，五味子，枸杞子，大枣，酸枣仁，红参，淫羊藿，熟地黄，远志，龟甲，鹿角胶，鹿茸,茯苓
TCMF10858,风湿痹痛，筋骨疼痛，关节不利，肢体麻木。,麻黄，细辛，草乌，川乌，红花，桃仁，赤芍，白术，白芷，当归，独活，防风，羌活，香附，丁香，天南星，桂枝,牛膝
TCMF9251,湿热下注所致的痢疾、泄泻、肛门灼热、腹痛、里急后重。,黄芩，黄柏，赤芍，连翘，甘草,黄连
TCMF8428,暑湿感冒，头痛身重，胸闷，恶心呕吐，食欲不振。,广藿香，栀子，石膏，甘草,防风
TCMF11051,跌打损伤，瘀血肿痛，筋骨疼痛。,大黄，当归，升麻，白芷，川芎，血竭，土鳖虫,红花
TCMFx4128,痹病,当归，木香，玉竹，黄芪，党参，重楼，虎杖，桂枝，枸杞子，秦艽，川乌，草乌，续断，肉桂,红花
TCMF9870,脾胃虚弱，消化不良，食欲不振，脘腹胀满。,黄芪，党参，茯苓，白术，紫苏梗，陈皮，蒲公英，土木香，白芍，山楂，当归,桂枝
TCMF10230,小儿外感风热所致的咳嗽，症见咳嗽、痰黄黏稠、发热、咽痛。,麻黄，苦杏仁，石膏，桔梗，紫菀，甘草,百部
TCMF10466,清热解毒，泻火通便。,黄芩，大黄，蜂蜡,黄连
TCMF11154,气血两虚，月经不调，痛经，崩漏。,熟地黄，白芍，阿胶，川芎，艾叶，甘草,当归
TCMF10722,脾肾两虚，气虚血瘀，症见神疲乏力，食欲不振，腰膝酸软，头晕耳鸣，面色萎黄，心悸气短，舌淡苔白，脉细弱。,黄芪，白术，女贞子，陈皮,淫羊藿
TCMFx6400,"腹泻, 痢疾, 腹痛",罂粟壳，甘草，陈皮，肉豆蔻，诃子，白芍，党参，茯苓,白术
TCMF8604,急性咽炎，慢性咽炎急性发作，风热外束、痰热内盛所致的咽喉肿痛、声音嘶哑、咽干口渴、发热、恶风、咳嗽有痰、舌红苔黄、脉弦数或滑数。,黄芩，金银花，菊花，牛蒡子，板蓝根，玄参，胖大海，木蝴蝶，蝉蜕，僵蚕，赤芍,连翘
TCMF10121,失眠，心悸，头晕，头痛,首乌藤，钩藤，白术，柴胡，川芎，甘草，当归,茯苓
TCMF438,"胸腹胀满, 消化不良, 呕吐恶心, 停食停水, 气滞闷郁, 胃脘刺痛",香附，枳壳，木香，柴胡，丁香，高良姜，陈皮，豆蔻，砂仁，延胡索，片姜黄，厚朴，沉香，青皮，甘草，莪术，肉桂,檀香
TCMFx4067,"咳嗽, 喘病, 哮喘",桔梗，石膏，罂粟壳，麻黄，百部，苦杏仁,甘草
TCMF12214,肺燥咳嗽，痰多粘稠，胸膈满闷，气短乏力。,麦冬，浙贝母，丹参，黄芩，紫苏叶，甘草，黄芪，沙苑子，杜仲，茯苓，艾叶，白术，木香，肉苁蓉，白芍，厚朴，山楂，沉香，川芎,砂仁
TCMF9406,肾阳不足，腰膝酸软，畏寒肢冷，神疲乏力，夜尿频多。,肉桂，鹿茸，补骨脂，杜仲，巴戟天，淫羊藿，茯苓，山药，制何首乌，熟地黄，山茱萸，枸杞子，覆盆子，菟丝子，泽泻，牛膝,五味子
TCMF12268,咳嗽，痰多，气喘。,百合，川贝母，紫苏子，款冬花，麻黄，马兜铃，桑白皮，半夏，白果，陈皮，青果，甘草,瓜蒌子
TCMF7797,皮肤瘙痒，湿疹，皮炎等。,黄芪，苦参，地肤子，何首乌，黄连，当归，蛇床子，大青叶，花椒，黄柏,赤芍
TCMFx3075,"胃脘痛, 腹胀",甘草，柴胡，沉香，砂仁，豆蔻，木香，厚朴，枳壳，延胡索，姜黄，香附，青皮,陈皮
TCMF2423,"阳痿, 眩晕, 耳鸣, 腰痛",巴戟天，枸杞子，芡实，当归，何首乌，牛膝，山药，狗脊，菟丝子，党参，杜仲，甘草，韭菜子，肉苁蓉，天花粉，远志，白术，熟地黄,泽泻
TCMF1799,"治肺肾虚寒, 水泛为痰, 或年迈阴虚, 血气不足, 外受风寒, 咳嗽呕恶, 多痰喘急等证",当归，陈皮，半夏，茯苓，甘草,熟地黄
TCMF11337,风寒湿痹，关节疼痛，肌肉酸痛。,生姜，辣椒,肉桂
TCMF11572,肝郁脾虚，气血不足，头晕目眩，心悸失眠。,党参，人参，麦冬，北沙参，五味子，枸杞子，当归，桂枝,川楝子
TCMF10826,肾阳不足，腰膝酸软，畏寒肢冷，阳痿早泄，夜尿频多。,补骨脂，黄芪，杜仲，肉苁蓉，枸杞子，锁阳，狗脊，红参，牛膝，淫羊藿，熟地黄，菟丝子，肉桂，牡蛎，海马，鹿角胶,韭菜子
TCMF9291,咽喉肿痛，口舌生疮，牙龈肿痛。,知母，黄芩，蒲公英，野菊花，连翘，牡丹皮，地骨皮，忍冬藤，白芷，甘草,蒲黄
TCMF8170,风寒湿痹，腰腿疼痛，肢体麻木，关节屈伸不利。,黄芪，鸡血藤，独活，羌活，秦艽，骨碎补，地龙，全蝎,续断
TCMF7983,泌尿系结石，尿路感染，小便不利，湿热下注等。,海金沙，忍冬藤，石韦，广金钱草,滑石粉
TCMF7947,感冒咳嗽，支气管炎，咳嗽痰多。,罗汉果，桔梗，白前，枇杷叶，桑白皮,百部
TCMF11263,风湿痹痛，跌打损伤，筋骨疼痛，四肢麻木。,草乌，川乌，没药，赤芍，茯苓，白及，白薇，连翘，马钱子，桃枝，桑枝，肉桂，吴茱萸,乳香
TCMF6164,"急惊风, 咳嗽",天竺黄，朱砂，僵蚕，薄荷，黄连，血竭，雄黄，山药，牛黄，麝香，胆南星，钩藤,全蝎
TCMFx7229,用于肝肾阴亏，眩晕耳鸣，羞明畏光，迎风流泪，视物昏花,熟地黄，山茱萸，山药，枸杞子，菊花，泽泻，牡丹皮,茯苓
TCMF12308,风湿痹痛，跌打损伤，瘀血肿痛，筋骨疼痛。,没药，乳香，红花，天麻，大黄，阿魏，白芷，川芎，玄参，肉桂,马钱子
TCMF9080,寒凝气滞所致的脘腹冷痛，呕吐泄泻，手足不温。,肉桂，八角茴香，木香，沉香，乌药，没药，乳香，白芷，当归，小茴香，母丁香,香附
TCMF9787,风湿痹痛，肢体麻木，腰腿疼痛。,鸡血藤，红花，秦艽，威灵仙，木瓜，当归，独活，羌活，伸筋草，三七，两面针，桂枝,川芎
TCMF12149,血虚发热，头晕目眩，心悸失眠，月经不调。,丹参，茯苓，谷芽，党参，牡丹皮，山楂，地骨皮，酸枣仁，山药，熟地黄，陈皮，牡蛎，鳖甲,麦冬
TCMFx1371,髓劳,黄芪，阿胶,人参
TCMF8124,感冒咳嗽，支气管炎。,荆芥，防风，百部，紫菀，款冬花，白前，前胡，陈皮，半夏，茯苓，甘草,桔梗
TCMF8033,肾虚，腰膝酸软，头晕耳鸣，记忆力减退。,补骨脂，肉苁蓉，巴戟天，益智，白术，乳香，没药，姜黄，砂仁，苍术，木香，香附，甘草,山药
TCMF11797,脾胃虚弱，食欲不振，消化不良，脘腹胀满，呕吐泄泻。,广藿香，紫苏叶，茯苓，麦芽，苍术，厚朴，豆蔻，砂仁，桔梗，山楂，槟榔，白芷，姜半夏，陈皮,香附
TCMF8794,胃痛、消化不良、胃胀,黄连，吴茱萸，香橼,佛手
TCMF12339,风痰阻窍所致的头晕目眩、痰涎壅盛、神志混乱、言语不清及惊风抽搐、癫痫,牛黄，麝香，冰片，黄连，黄芩，栀子，当归，川芎，白芍，阿胶，甘草,麦冬
TCMF10513,脑动脉硬化，脑血栓形成，脑栓塞，脑出血后遗症等引起的头痛、头晕、记忆力减退、语言障碍等。,郁金，天麻，山楂，川芎,丹参
TCMF11185,外伤出血，手术出血，消化道出血等,地锦草，补骨脂,白及
TCMF12061,小儿感冒，发热，咳嗽，咽痛。,黄芩，荆芥，柴胡，桔梗，大青叶,甘草
TCMF10840,胸痹心痛，心悸气短，冠心病，心绞痛。,丹参，黄芪，降香，决明子，干姜，白术，附子，桂枝,白芍
TCMF5133,胁痛,柴胡，当归，白芍，赤芍，白术，薄荷，甘草，生姜，香附，郁金，延胡索，川楝子，陈皮，半夏，黄芩，川芎，莱菔子,木香
TCMFx5471,"腹胀, 便秘",黄芩，黄连，黄柏，大黄，石膏，木香，香附，青皮，陈皮，枳壳，槟榔，莪术，牵牛子,当归
TCMF11836,湿热痹证，关节红肿热痛，屈伸不利，肢体沉重，步履艰难。,防己，薏苡仁，苍术，连翘，忍冬藤，防风，桑枝，粉萆薢，川牛膝，黄柏，地龙,威灵仙
TCMFx2013,"郁病, 不寐, 夜啼, 绝经前后诸症",柴胡，当归，川芎，茯苓，钩藤，首乌藤，甘草,白术
TCMF8576,泌尿系结石，胆结石，肾结石，膀胱结石。,车前子，广金钱草，三棱，莪术，没药，乳香，赤芍，厚朴，枳壳，薏苡仁，桃仁，白芷，川牛膝，青皮,皂角刺
TCMFx3936,"盗汗, 咳嗽, 咯血, 眩晕, 耳鸣, 消渴",麦冬，熟地黄，山茱萸，牡丹皮，山药，茯苓，泽泻,五味子
TCMF7750,外感风热，发热头痛，咽喉肿痛，咳嗽痰黄。,石膏，知母，黄芩，连翘，板蓝根，玄参，麦冬，桔梗,甘草
TCMFx3804,"眩晕, 头痛, 耳聋, 耳鸣",龙胆，大黄，栀子，石菖蒲，当归，芦荟，黄芩，黄连，磁石，木香，路路通,黄柏
TCMF10872,气虚体弱，久病虚损，神疲乏力，食欲不振，失眠多梦，腰膝酸软。,黄芪，党参，人参，冬虫夏草，麦冬，五味子，丹参，当归，枸杞子，蜂蜜,鹿茸
TCMF8337,急慢性肝炎，肝硬化，肝功能不全。,丹参，黄芪，银柴胡，虎杖，枸杞子，柴胡，板蓝根，大枣,五味子
TCMFx3603,感冒,党参，紫苏叶，桔梗，半夏，茯苓，陈皮，前胡，枳壳，甘草，麦冬，桑白皮,葛根
TCMF9613,冠心病，心绞痛，高血压，高血脂。,丹参，红花，大黄，茯苓，太子参，黄连，半夏，牛膝，甘草,陈皮
TCMF10033,肝肾阴虚，头晕目眩，腰膝酸软,黄精，蒺藜,天冬
TCMFx496,"发热, 急惊风",酸枣仁，知母，何首乌，丹参，川芎，麦冬，茯苓,五味子
TCMF11682,风寒湿痹，关节疼痛，筋骨麻木。,独活，防风，川芎，当归，续断，虎杖，木香，甘草,羌活
TCMF10681,脘腹胀痛，消化不良，食欲不振，便秘。,木香，石菖蒲，大黄,高良姜
TCMF7531,慢性肝炎，肝硬化，肝功能不全。,黄芪，白芍，丹参，柴胡，郁金，茵陈，板蓝根，甘草,当归
TCMF12459,面色苍白，气短懒言，心悸失眠，腰膝酸软，畏寒肢冷，头晕耳鸣，盗汗遗精，崩漏带下,党参，人参，三七，熟地黄，白术，茯苓，当归，白芍，川芎，肉桂，炙黄芪，炙甘草,鹿茸
TCMF9391,脾胃虚弱，食欲不振，四肢乏力，腰膝酸软，失眠多梦。,人参，黄芪，白术，茯苓，泽泻，山药，肉苁蓉，锁阳，巴戟天，狗脊，酸枣仁，远志，石菖蒲，熟地黄，豆蔻，丹参,白芍
TCMF3907,感冒,金银花，大青叶，板蓝根，鱼腥草，薄荷，淡豆豉，淡竹叶，甘草,陈皮
TCMF8376,阴虚内热，口干咽燥，心烦失眠，大便干结。,麦冬，丹参，红花，大黄，赤芍，木贼，桑白皮，玄参,乌梅
TCMF11279,咽喉肿痛，声音嘶哑，急性咽炎，急性扁桃体炎。,山豆根，猪牙皂，天花粉，桔梗，南板蓝根，连翘，诃子，冰片，人工牛黄,珍珠
TCMF9456,乳腺增生，乳腺炎，乳痛症等。,丹参，莪术，全蝎，地龙,鸡血藤
TCMF7812,月经不调，痛经，崩漏，产后血虚。,当归，熟地黄，白芍，川芎，艾叶，甘草,阿胶
TCMF11162,湿热下注，带下色黄，腥臭，阴部瘙痒。,苦参，乳香，牡丹皮,椿皮
TCMF9119,脾胃虚弱，气短乏力，食少便溏，久病体虚,人参，黄芪，白术，茯苓，甘草，当归，陈皮，柴胡,升麻
TCMF8229,中风后遗症，肢体麻木，言语不利，口眼歪斜。,丹参，白芍，赤芍，川芎，当归，石菖蒲，牛膝，熟地黄，地龙,桃仁
TCMF8396,跌打损伤，骨折，筋骨疼痛，瘀血肿痛。,苏木，乳香，没药，血竭，自然铜，土鳖虫，骨碎补，续断，杜仲，牛膝，木香，香附，延胡索，冰片,黄藤
TCMF8212,气血两虚，头晕目眩，心悸失眠，面色苍白。,黄芪，当归，制何首乌，丹参，三七，茯苓，女贞子，枸杞子，甘草,党参
TCMF8983,风湿性关节炎，类风湿性关节炎，痛风性关节炎，强直性脊柱炎等。,黄芪，甘草，苍术，薏苡仁，白芍，玄参，黄柏，金银花，水蛭，全蝎，蜈蚣,当归
TCMF8333,痛经，月经不调，血瘀腹痛。,胡芦巴，苏木，木香，香附，延胡索，丹参，红花，桃仁，甘草,牛膝
TCMFx7180,恶性肿瘤放化疗所致的白细胞减少及神疲乏力，腰膝疲软，头晕耳鸣，心悸，气短，失眠，咽干，纳差食少等症。,女贞子，墨旱莲，桑椹，制何首乌，黄芪，狗脊,白芍
TCMF6214,"月经不调, 痛经, 崩漏, 带下病",益母草，白术，茺蔚子，熟地黄，当归，丹参，白芍，香附,川芎
TCMF8260,脾肾两虚，气血不足，腰膝酸软，神疲乏力。,白术，枸杞子，红参，牡蛎，蛤蚧,柴胡
TCMF11435,流行性感冒，咽喉肿痛，发热头痛，咳嗽。,野菊花，人工牛黄，水牛角,板蓝根
TCMF11786,风湿痹痛，跌打损伤，瘀血肿痛。,红花，三七，血竭，冰片，麝香,独活
TCMF11324,风寒湿痹，筋骨疼痛，肢体麻木，腰膝酸软。,红花，川芎，秦艽，威灵仙，草乌，川乌，香加皮，老鹳草，茜草，木瓜，当归，千年健，牛膝，续断,桂枝
TCMF8233,肝肾不足，腰膝酸软，骨质疏松，骨折愈合缓慢。,补骨脂，续断，龟甲，鹿茸,骨碎补
TCMF3390,"虚劳, 心悸",红参，鹿茸，白术，五味子，当归，陈皮，白芍，甘草，党参，肉桂，远志，黄芪，茯苓,熟地黄
TCMF7725,外感风寒，内兼气滞，症见头痛项强，鼻塞流涕，身体疼痛，发热恶寒或恶风，无汗，胸脘痞闷，不思饮食。,香附，陈皮，甘草，荆芥，秦艽，防风，蔓荆子，川芎，生姜,紫苏叶
TCMF447,"消化不良, 食欲不振, 大便稀溏, 精神困倦",党参，黄芪，山药，麦冬，大枣，麦芽，桑枝，太子参，茯苓，何首乌，山楂，陈皮,薏苡仁
TCMF8983,风湿性关节炎，类风湿性关节炎，痛风性关节炎，强直性脊柱炎等。,黄芪，甘草，苍术，薏苡仁，白芍，当归，黄柏，金银花，水蛭，全蝎，蜈蚣,玄参
TCMF7460,心力衰竭，气短心悸，肢肿乏力。,黄芪，党参，丹参，麦冬，五味子，葶苈子，泽泻，茯苓，桂枝，甘草,猪苓
TCMF10258,小儿湿热泄泻，症见大便稀薄如水样，腹痛，发热，恶心呕吐，食欲不振。,车前子，广藿香，白扁豆，薏苡仁，砂仁，党参，白术，莲子，芡实，泽泻，滑石粉,厚朴
TCMF8235,肾阳不足，腰膝酸冷，肢体浮肿，小便频数，大便溏薄，畏寒肢冷。,附子，肉桂，山药，茯苓，泽泻，牡丹皮,熟地黄
TCMF10983,肝肾不足，腰膝酸软，头晕耳鸣，须发早白，遗精早泄，失眠多梦。,麦冬，浙贝母，柏子仁，黄芩，补骨脂，黑豆，炙甘草，炙黄芪，杜仲，茯苓，麦芽，鸡内金，砂仁，党参，白术,天冬
TCMF10791,痔疮出血，肛门肿痛，大便干燥。,槐花，茵陈，紫珠叶，白芍，地榆，金银花，火麻仁，三七，枳壳,白茅根
TCMF8598,胆石症，胆囊炎，胆道感染。,金钱草，丹参，连钱草，决明子，蒲公英，茵陈，乌梅，柴胡，香附,虎杖
TCMFx5091,"胁痛, 积滞",砂仁，豆蔻，延胡索，陈皮，茯苓，川楝子，沉香，木香，白芍，片姜黄，枳壳,厚朴
TCMF7640,"清热润肺, 止咳, 明目。用于肺热燥咳, 口渴, 目赤。",罗汉果，甘草,菊花
TCMF8088,湿热黄疸，胁痛，口苦，尿黄，发热等。,金钱草，黄芩，栀子，柴胡，板蓝根，枳壳,茵陈
TCMF8713,风寒湿痹，筋骨疼痛，腰膝酸软，四肢麻木。,鸡血藤，鹿衔草，莱菔子，骨碎补，淫羊藿，熟地黄,肉苁蓉
TCMF8358,瘰疬，瘿瘤，乳痈，疮疡肿毒。,夏枯草，乳香，昆布，海藻，大黄，白芷，芥子，石菖蒲，牵牛子,没药
TCMF8482,小儿泄泻，脾胃虚弱，湿热内蕴。,党参，莲子，车前子，黄芩，黄连，干姜，山楂，金银花,白扁豆
TCMF9406,肾阳不足，腰膝酸软，畏寒肢冷，神疲乏力，夜尿频多。,肉桂，鹿茸，补骨脂，杜仲，淫羊藿，茯苓，山药，制何首乌，熟地黄，山茱萸，枸杞子，覆盆子，五味子，菟丝子，泽泻，牛膝,巴戟天
TCMFx4975,"痹病, 偏枯",乌梢蛇，草乌，附子，威灵仙，防风，麻黄，海风藤，细辛，白附子，胆南星，蜈蚣，地龙，乳香，桃仁，红花，当归，川芎，赤芍，桂枝，牛膝，骨碎补，熟地黄，党参，白术，茯苓，木香，香附，草豆蔻，石菖蒲，大黄，牛黄，冰片,黄芩
TCMF9862,高血压，头痛，眩晕，中风后遗症。,天麻，钩藤，石决明，丹参，川牛膝，大黄，地龙，甘草,白芍
TCMF8108,肝胃气痛，胸胁胀满，呕吐吞酸。,龙胆,大黄
TCMFx3570,跌打损伤,三七，乳香，没药，白芷，山柰，川乌，草乌，木香，冰片，甘松，红花，儿茶，当归，香附，细辛，朱砂，自然铜，血竭，积雪草，陈皮,土鳖虫
TCMF7540,痛经，月经不调，经行腹痛。,川芎，白芍，熟地黄，延胡索，香附，乌药，甘草,当归
TCMFx4896,"心悸, 眩晕",酸枣仁，知母，川芎，甘草,茯苓
TCMFx6663,"补肾助阳。用于肾阳不足引起的腰膝冷痛, 肢体酸软, 尿频。",淫羊藿，海龙，巴戟天，鹿角霜，肉桂，补骨脂，太子参，五味子，枸杞子，香附，知母，黄柏,蛤蚧
TCMF4068,跌打损伤,土鳖虫，当归，乳香，血竭，自然铜，朱砂,麝香
TCMF9685,心悸失眠，心神不宁，胸闷气短，健忘多梦。,乳香，天竺黄，木香，木棉花，肉豆蔻，沉香，阿魏，诃子，丁香,广枣
TCMF8647,咳嗽痰多，气喘，胸闷，呼吸困难。,百部，川贝母，浙贝母，黄芩，紫苏子，茯苓，生姜，党参，桔梗，款冬花，旋覆花，紫菀，白前，麻黄，马兜铃，细辛，白芍，五味子,薤白
TCMF8446,肝气郁结，胸闷胁痛，心烦易怒，失眠多梦，食欲不振。,柴胡，白芍，当归，茯苓，白术，栀子，薄荷，甘草,牡丹皮
TCMF10710,咳嗽，痰多，咽痛，声音嘶哑。,浙贝母，桔梗，苦杏仁，麦冬,甘草
TCMF11127,肺热咳嗽，痰多粘稠，气喘胸闷。,百部，麦冬，浙贝母，知母，款冬花，紫菀，玄参，罂粟壳,苦杏仁
TCMFx4744,胎动不安,杜仲，白术，菟丝子，熟地黄，当归，续断，黄芩，厚朴，黄芪，川芎，陈皮，阿胶，艾叶，枳壳，砂仁，川贝母，甘草,白芍
TCMF6939,"外感风寒湿邪, 恶寒发热, 头痛项强, 肢体酸痛, 腮肿",荆芥，羌活，独活，柴胡，前胡，川芎，枳壳，桔梗，茯苓，甘草，生姜，薄荷,防风
TCMFx5978,"腹泻, 疳病",南沙参，白术，山药，谷芽，九香虫,麦芽
TCMF5998,"积滞, 腹泻",党参，白术，草豆蔻，白扁豆，茯苓，山药，枳壳，麦芽，陈皮，木香，山楂,甘草
TCMFx5286,"腹泻, 痢疾",木香，吴茱萸，白芍，延胡索,黄连
TCMF12114,目赤肿痛，羞明多泪，头晕目眩。,龙胆，黄芩，栀子，大黄，决明子，车前子，泽泻，菊花，木贼，柴胡，当归，冰片,黄连
TCMF8777,湿疹，皮炎，皮肤瘙痒。,苦参，蛇床子，白鲜皮，地肤子，花椒，冰片,黄柏
TCMF11813,慢性肾炎，肾病综合征，蛋白尿，血尿，水肿。,黄芪，丹参，川芎，赤芍，桃仁，红花，泽泻，茯苓，猪苓，车前子，牛膝，甘草,三七
TCMF7576,"凡病涉虚损, 而大便闭结不通, 则硝, 黄攻击等剂必不可用, 若势有不得不通者, 宜此主之",肉苁蓉，当归，牛膝，泽泻，升麻,枳壳
TCMF12125,血虚萎黄，头晕目眩，心悸失眠，月经不调，崩漏下血。,熟地黄，川芎，白芍，炙黄芪，山药，茯苓，泽泻，天花粉，墨旱莲，大黄，牡丹皮，女贞子，川牛膝，甘草,当归
TCMF5310,痹病,马钱子，秦艽，麻黄，木瓜，虎杖，甘草，菝葜，防风，桂枝,桑寄生
TCMF6394,"腹泻, 痢疾",人参，白术，茯苓，白扁豆，苍术，木香，丁香，檀香，砂仁，肉豆蔻，肉桂，吴茱萸，芡实，薏苡仁，车前子，滑石，黄连，诃子，天冬，麦冬，槟榔,广藿香
TCMF10953,肾阳不足，腰膝酸软，阳痿早泄，畏寒肢冷。,韭菜子，补骨脂，枸杞子，蛇床子，仙茅，锁阳，红参，牛膝，淫羊藿，肉桂，海龙,鹿茸
TCMF8551,咽喉肿痛，声音嘶哑，口干舌燥。,金银花，连翘，玄参，射干，桔梗，甘草，冰片,板蓝根
TCMF9726,风湿痹痛，筋骨疼痛，腰腿疼痛，跌打损伤。,天山雪莲，冬虫夏草，甘草，茯苓，白术，桂枝，防风，乌梢蛇，地龙，全蝎,独活
TCMF10503,气血两虚，脾肾不足，症见神疲乏力，腰膝酸软，头晕目眩，食欲不振。,黄芪，当归，川芎，赤芍，桃仁，苍术，桔梗，红花，牛膝，枳壳,墨旱莲
TCMF12308,风湿痹痛，跌打损伤，瘀血肿痛，筋骨疼痛。,没药，乳香，红花，大黄，马钱子，阿魏，白芷，川芎，玄参，肉桂,天麻
TCMF8433,肝胆湿热，胁痛，黄疸，口苦，尿黄。,鸡骨草，茵陈，栀子，牛膝，白芍，枸杞子，大枣，三七,人工牛黄
TCMF10775,心悸，失眠，健忘，头晕，胸闷。,降香，天竺黄，红花，广枣，肉豆蔻，檀香,沉香
TCMF11078,冠心病，心绞痛，心肌梗死，脑血栓形成等心脑血管疾病。,丹参，黄芪，当归，白芍，川芎，赤芍，桃仁，红花，地龙,牛膝
TCMF7254,用于外感风邪引起的恶风身热，偏正头痛、鼻流清涕、牙疼喉痛,川芎，菊花，连翘，薄荷，蔓荆子，黄芩，栀子，黄连，羌活，防风，白芷，荆芥穗，桔梗，甘草,藁本
TCMFx6455,"咳嗽, 喘病, 心悸, 怔忡, 眩晕, 虚劳",灵芝，人参，茯苓，肉桂，陈皮，当归，白芍，熟地黄，黄芪，五味子，远志，甘草,白术
TCMF10103,气血两虚，腰膝酸软，头晕目眩，失眠多梦。,黄芪，鸡血藤，何首乌，刺五加，淫羊藿,枸杞子
TCMFx6479,"咳嗽, 喘病, 不寐, 喉喑",麻黄，石膏，甘草，陈皮，木香，五味子,桔梗
TCMF11101,感冒，头痛，咳嗽，咽痛，牙痛，目赤肿痛，小儿惊风。,桔梗，大黄，麻黄，黄连，防风，羌活，半夏，冰片，人工牛黄，全蝎，蝉蜕，僵蚕，麝香，朱砂,甘草
TCMF10382,胸痹心痛，胸闷不舒，心悸失眠，舌质紫暗或有瘀斑，脉涩。,红花，桃仁，赤芍，川芎，柴胡，枳壳，牛膝，甘草,当归
TCMFx1193,痹病,老鹳草，槲寄生，威灵仙，独活，草乌，红花,续断
TCMF10317,胸痹心痛，冠心病，心绞痛。,丹参，槐花，降香，红花，川芎，三七,赤芍
TCMF9923,痛经，月经不调，经行腹痛，寒凝血瘀。,茺蔚子，丹参，益母草，红花，川芎，炮姜，肉桂，当归，熟地黄，白芍，木香，香附，山楂，延胡索,青皮
TCMF8140,风湿痹痛，筋骨疼痛，肢体麻木，腰膝酸软。,甘草，葛根，没药，乳香，红花，桃仁，伸筋草，狗脊，牛膝，续断,白芍
TCMF10742,咳嗽，痰多，气喘,知母，紫苏子，苦杏仁，瓜蒌皮，陈皮，甘草,麦冬
TCMF11823,肝肾阴虚，须发早白，头晕目眩，腰膝酸软。,麦冬，黑豆，茯苓，墨旱莲，牡丹皮，女贞子，桑椹，大枣，山药，泽泻,何首乌
TCMF10708,湿热下注，小便不利，淋沥涩痛，尿频尿急。,滑石粉，木通，车前子，栀子，大黄，瞿麦，萹蓄，甘草,灯心草
TCMF7449,"治阴虚滑泄, 带浊淋遗, 及经水因虚不固等证此方专主肝肾",山茱萸，山药，五味子，远志，菟丝子，人参,熟地黄
TCMFx5847,暴风客热,黄芩，栀子，天花粉，大黄，金银花，菊花，车前子，黄连，薄荷，甘草,赤芍
TCMF9080,寒凝气滞所致的脘腹冷痛，呕吐泄泻，手足不温。,肉桂，八角茴香，木香，沉香，乌药，香附，没药，乳香，当归，小茴香，母丁香,白芷
TCMF8546,高热惊厥，头痛眩晕，中风痰厥，小儿急惊风。,薄荷，麻黄，天麻，钩藤，防风，羌活，胆南星，天竺黄，陈皮，茯苓，牛黄，全蝎，僵蚕，朱砂，麝香，冰片，甘草,珍珠
TCMF10448,风湿痹痛，腰腿疼痛，肢体麻木，跌打损伤。,补骨脂，杜仲叶，乳香，赤芍，当归，白术，牛膝，续断，泽泻，肉桂，土鳖虫,狗脊
TCMF9001,冠心病，心绞痛，心肌梗死，心律失常,没药，乳香，沉香，血竭，冰片，人工牛黄，蟾酥，麝香，朱砂，珍珠，雄黄,葶苈子
TCMF12110,痈疽疮毒，乳痈，瘰疬，痰核，痔漏，肠风，便血。,乳香，麝香，雄黄,没药
TCMFx3640,"月经失调, 痛经",延胡索，阿胶，当归，人参，熟地黄，白芍，川芎，白术，茯苓，甘草,益母草
TCMF8606,咽喉肿痛，声音嘶哑，发热咳嗽。,黄芩，菊花，牛蒡子，赤芍，金银花，板蓝根，胖大海，玄参，木蝴蝶，蝉蜕，僵蚕,连翘
TCMF9382,脾胃虚弱，食少便溏，气短乏力，心悸失眠。,人参，炙黄芪，白术，山药，砂仁，木香，当归，酸枣仁，远志，陈皮,茯苓
TCMFx547,"腰膝痠软, 记忆减退, 头晕耳鸣, 四肢无力",茯苓，车前子，肉苁蓉，菟丝子，巴戟天,五味子
TCMF7322,斑秃，全秃，脂溢性脱发，头皮发痒，头屑多，油脂多与病后、产后脱发。,何首乌，熟地黄，当归，天麻，木瓜,川芎
TCMF8692,心悸，失眠，多梦，健忘，神疲乏力。,人参，茯苓，酸枣仁，五味子，熟地黄，延胡索，远志，肉桂,天冬
TCMF8349,风湿痹痛，肌肤麻木，湿疹瘙痒，疥癣疮毒。,荆芥，防风，苍术，黄柏，黄芪，皂角刺，蛇床子，赤芍，牡丹皮，连翘，金银花，乌梢蛇，全蝎，甘草,地肤子
TCMF11963,寒凝气滞，胸腹胀痛，消化不良。,巴豆霜，猪牙皂，胡椒，莪术，砂仁，木香，厚朴，沉香，香附，丁香，陈皮，青皮，肉桂,枳实
TCMF10090,肾虚精亏，腰膝酸软，神疲乏力，头晕耳鸣，失眠多梦，性功能减退。,鹿茸，人参，黄芪，当归，熟地黄，杜仲，肉苁蓉，枸杞子，韭菜子,菟丝子
TCMF9025,胸膈痞闷，脘腹胀痛，呕吐恶心，嗳气纳呆。,木香，香附，陈皮，青皮，枳壳，槟榔，苍术，厚朴，砂仁，甘草,生姜
TCMF10691,寒湿阻滞，脘腹胀痛，呕吐泄泻，食欲不振。,石菖蒲，高良姜，香附,木香
TCMF10192,糖尿病，症见口渴多饮，多食易饥，尿频量多，体倦乏力。,黄芪，人参，知母，天花粉，丹参，沙苑子，白芍，黄连，五味子，枸杞子,杜仲
TCMFx7038,"喉痛声哑, 失音",连翘，桔梗，川芎，砂仁，儿茶，薄荷，大黄，甘草,诃子
TCMF9744,胸痹心痛，心悸气短，胸闷不舒，心绞痛。,薤白，丹参，姜黄，瓜蒌皮，红花，川芎，当归，太子参，石菖蒲，远志，炙甘草,赤芍
TCMF9872,肾虚腰痛，阳痿早泄，神疲乏力，畏寒肢冷。,补骨脂，肉苁蓉，何首乌，熟地黄，五味子，巴戟天，蛇床子，淫羊藿，肉桂，人参，鹿茸,菟丝子
TCMFx3752,"阳痿, 早泄, 遗精, 性冷",鹿茸，酸枣仁，鹿角胶，柏子仁，黄芪，人参，当归，淫羊藿，附子，肉苁蓉，熟地黄，韭菜子,鹿角霜
TCMF613,"乳癖结节, 乳痈初起, 乳腺囊性增生病及乳腺炎前期",鹿角，昆布，鸡血藤，赤芍，漏芦，玄参，夏枯草，红花，蒲公英，天花粉，三七，海藻，木香，牡丹皮,连翘
TCMFx3266,"感冒, 咳嗽",黄芩，黄连，胆南星，天竺黄，前胡，浙贝母，桔梗，苦杏仁，陈皮，化橘红，法半夏，茯苓，甘草，紫苏叶，木香，葛根，冰片，党参，朱砂，羌活,枳壳
TCMF9864,肝肾阴虚，头晕目眩，头痛耳鸣，失眠健忘，须发早白。,何首乌，熟地黄，女贞子，墨旱莲，丹参，当归，川芎，白芍，桑叶，白芷，甘草,黄精
TCMFx6860,"清热止咳, 宣肺平喘。用于感冒, 头痛发热, 咳嗽痰黄, 气逆喘急等。",麻黄，金银花，石膏，紫苏叶，苦杏仁，薄荷，前胡，桑叶，菊花，桔梗，甘草,黄芩
TCMFx7212,用于风寒感冒，头痛发热，恶寒身痛，鼻流清涕，咳嗽咽干,荆芥穗，防风，紫苏叶，白芷，柴胡，薄荷，葛根，芦根，苦地丁，苦杏仁,桔梗
TCMF12314,肾阳不足，脾胃虚弱，腰膝酸软，四肢无力，畏寒肢冷，食欲不振。,鹿茸，附子，人参，炙甘草，杜仲，肉苁蓉，锁阳，制何首乌，茯苓，山药，枸杞子，沉香，肉桂，鹿角胶,远志
TCMF12068,小儿惊风，痰热内闭，高热惊厥，烦躁不安，神昏抽搐，喉间痰鸣。,黄芩，巴豆霜，天竺黄，胆南星，清半夏，天麻，钩藤，沉香，人工牛黄，水牛角，全蝎，蝉蜕，僵蚕，蟾酥，麝香，朱砂，雄黄,羚羊角
TCMF9338,清热解毒，凉血止血，用于血热引起的头痛、目赤、口舌生疮、牙龈肿痛、出血等症。,石膏，栀子，人工牛黄，土木香，瞿麦，紫草,甘草
TCMFx5545,暴风客热,黄连，黄芩，栀子，熟地黄，连翘，石膏，菊花，天花粉，薄荷，荆芥，蒺藜，桔梗，赤芍，当归，麦冬，玄参，车前子，陈皮，枳壳，甘草,蝉蜕
TCMF7468,慢性肝炎，肝硬化，肝功能异常。,黄芪，白术，茯苓，丹参，赤芍，柴胡，郁金，茵陈，甘草,板蓝根
TCMF8008,气血两虚，脾胃虚弱，月经不调，头晕目眩。,炙黄芪，党参，茯苓，白术，当归，白芍，熟地黄，川芎，牡丹皮，山药，蜂蜜,五味子
TCMF8830,风湿性关节炎，类风湿性关节炎，骨关节炎，腰腿疼痛。,丹参，补骨脂，黄芪，杜仲，防己，乳香，红花，秦艽，威灵仙，木瓜，桃仁，当归，桑寄生，牛膝，续断，桂枝，乌梢蛇，地龙,没药
TCMF9989,脾胃虚弱，食欲不振，脘腹胀满，消化不良。,党参，白芍，陈皮，甘草,山楂
TCMF3763,"胁痛, 月经失调, 痛经",牡丹皮，栀子，柴胡，白芍，茯苓，白术，薄荷，甘草,当归
TCMF9540,高血压，高血脂，头痛眩晕，目赤肿痛。,决明子，菊花，山楂，泽泻,夏枯草
TCMFx1441,"发热, 神昏, 痉病, 咳嗽",羚羊角，浙贝母，大黄，青礞石，朱砂，石膏，黄芩，牛黄,甘草
TCMF8423,肾虚腰痛，腰膝酸软，神疲乏力，头晕耳鸣。,杜仲，何首乌，当归，女贞子，枸杞子，熟地黄，淫羊藿，酸枣仁，甘草,党参
TCMF2125,"血劳, 眩晕, 不寐",灵芝，白术，女贞子，首乌藤，仙鹤草，墨旱莲，甘草,合欢皮
TCMF11101,感冒，头痛，咳嗽，咽痛，牙痛，目赤肿痛，小儿惊风。,甘草，桔梗，大黄，黄连，防风，羌活，半夏，冰片，人工牛黄，全蝎，蝉蜕，僵蚕，麝香，朱砂,麻黄
TCMF282,"外感病, 邪犯少阳证, 症见寒热往来, 胸胁苦满, 食欲不振, 心烦喜呕, 口苦咽干",柴胡，黄芩，党参，生姜，甘草，大枣,半夏
TCMF8494,肝肾阴虚，头晕目眩，腰膝酸软，须发早白。,麦冬，天冬，侧柏叶，黑豆，黄芪，茯苓，制何首乌，山药，芡实，西洋参，熟地黄，黑芝麻，珍珠,黄精
TCMFx571,慢性白细胞减少症属脾肾不足者,补骨脂，白扁豆，淫羊藿，丹参，柴胡，赤小豆，苦参,黑豆
TCMF7821,月经不调，痛经，经前期综合征。,当归，熟地黄，白芍，川芎，延胡索，白术，甘草，大枣,香附
TCMF8209,痛经，月经不调，经前乳房胀痛。,丹参，红花，川芎，白芍，当归，川楝子，香附，炙甘草,延胡索
TCMFx181,感冒,青蒿，板蓝根，苦杏仁，桔梗，连翘，薄荷，甘草,菊花
TCMF10528,糖尿病，气阴两虚，口渴多饮，消谷善饥，尿多，消瘦，乏力。,黄芪，北沙参，天花粉，茯苓，土茯苓，柏子仁，五味子，覆盆子，枸杞子，红花，香附，山药，玄参,天冬
TCMF11609,胆石症，胆囊炎，胆道感染。,金钱草，甘草，没药，乳香，三棱，郁金，陈皮，白矾,大黄
TCMF9621,肾阳不足，腰膝酸软，畏寒肢冷，阳痿早泄，夜尿频多。,附子，肉桂，杜仲，补骨脂，锁阳，淫羊藿，党参，白术，山茱萸，女贞子，覆盆子，五味子，柏子仁，远志，车前子，沙苑子，葛根，蛇床子，甘草,鹿衔草
TCMFx3556,虚劳,党参，杜仲，黄芪，白芍，山药，甘草，白术，川芎，黄精，茯苓，玉竹,当归
TCMF9775,风湿关节痛，跌打损伤，肩周炎，颈椎病，腰椎间盘突出等引起的疼痛。,草乌，川乌，天南星,半夏
TCMF8490,胃脘疼痛，胃溃疡，十二指肠溃疡。,甘草，党参，柴胡，延胡索，青黛,白芍
TCMF8692,心悸，失眠，多梦，健忘，神疲乏力。,人参，茯苓，酸枣仁，天冬，五味子，延胡索，远志，肉桂,熟地黄
TCMF11853,肝肾不足，腰膝酸软，头晕目眩，须发早白。,黄芪，何首乌，枸杞子，当归，龙眼肉，牛膝,白芍
TCMF8619,跌打损伤，瘀血肿痛，筋骨疼痛。,泽兰，降香，三棱，莪术，郁金，红花，木香，大黄，续断，川芎，天南星，三七，蒲黄，朱砂根，土鳖虫,蜂蜜
TCMF9024,胸膈痞闷，脘腹胀痛，呕吐恶心，嗳气吞酸。,木香，香附，陈皮，青皮，枳壳，枳实，黄芩，大黄，厚朴，槟榔，山楂，吴茱萸，肉桂，乌药，牵牛子，蜂蜜,桔梗
TCMF10254,脑动脉硬化，脑供血不足，记忆力减退，失眠多梦，头痛头晕，神经衰弱。,人参，黄芪，党参，麦冬，制何首乌，丹参，白芍，葛根，黄芩，菊花，香附，酸枣仁，山药，石菖蒲，熟地黄，远志,枸杞子
TCMF8793,乳痈，乳癖，乳汁不通。,黄芪，丝瓜络，漏芦，白芍，王不留行,当归
TCMF9451,用于治疗慢性胆囊炎、胆石症、慢性胃炎、消化不良等属肝郁脾虚证者。,柴胡，黄芩，党参，白术,甘草
TCMFx3898,"虚劳, 不寐",人参，鹿茸，黄芪，龟甲胶，熟地黄，山药，丹参，枸杞子，菟丝子，五味子，桑寄生,牛膝
TCMF9004,咽喉肿痛，声音嘶哑，口干舌燥。,麦冬，桔梗，乌梅，胖大海，射干，冰片,甘草
TCMF9231,风湿痹痛，筋骨痿软，腰膝酸软，四肢麻木。,马钱子，草乌，钩藤，木瓜，党参，续断，半夏，天南星，川牛膝，陈皮,川乌
TCMFx1637,"若经道不通, 绕脐寒疝痛彻, 其脉沉紧此由寒气客于血室, 血凝不行, 结积血为气所冲, 新血与故血相搏, 所以发痛譬如天寒地冻, 水凝成冰宜温经汤及桂枝桃仁汤, 万病丸",吴茱萸，白芍，党参，桂枝，阿胶，半夏，麦冬，川芎，牡丹皮，生姜，甘草,当归
TCMF11116,肝肾不足，腰膝酸软，肢体麻木，筋骨疼痛。,杜仲，熟地黄，鸡血藤，当归，党参，白术，茯苓，白芍，女贞子，金樱子，骨碎补，五加皮，川牛膝，淫羊藿，菟丝子，桂枝,狗脊
TCMFx5886,"积滞, 急惊风",钩藤，僵蚕，天麻，全蝎，黄连，大黄，胆南星，浙贝母，天竺黄，半夏，橘红，滑石，朱砂，麝香，冰片,人工牛黄
TCMF10530,气血两虚，头晕目眩，心悸失眠，四肢乏力。,人参，熟地黄，山茱萸，麦冬，五味子，当归，川芎，牡丹皮，忍冬藤，沉香,茯苓
TCMF7399,风寒感冒，头痛发热，恶寒身痛，鼻流清涕，咳嗽咽干。,荆芥，防风，紫苏叶，柴胡，葛根，桔梗，苦杏仁，白芷，苦地丁，芦根,薄荷
TCMF11720,肝肾不足，气血两虚，腰膝酸软，头晕目眩，心悸失眠。,人参，龟甲，何首乌，熟地黄，山茱萸，山药，麦冬，丹参，杜仲，灵芝，菊花，肉苁蓉，赤芍，牡丹皮，五味子，当归，玄参，菟丝子，泽泻,砂仁
TCMF10910,感冒咳嗽，痰多，气喘。,薄荷，桔梗，麻黄，半夏，陈皮，紫菀，远志，甘草,枇杷叶
TCMF9026,脾胃气滞，脘腹胀痛，食欲不振，消化不良。,木香，香附，乌药，陈皮，青皮，枳壳，莱菔子，山楂，麦芽，茯苓，甘草,槟榔
TCMF10812,小便不利，水肿，泄泻，淋浊，带下。,猪苓，茯苓，泽泻，白术,桂枝
TCMFx6120,"伤食, 积滞, 疳病",枳壳，三棱，黄芩，莪术，厚朴，槟榔，青皮，陈皮，大黄，牵牛子，木香，巴豆霜，朱砂,香附
TCMF10088,中风后遗症，肢体麻木，言语不利，口眼歪斜。,丹参，红花，天麻，秦艽，川芎，桃仁，胆南星，姜半夏，三七，土鳖虫，冰片，人工牛黄，麝香,水蛭
TCMF10504,高血压，高血脂，动脉硬化，冠心病，心绞痛，脑血栓，脑梗塞等。,灯盏细辛，银杏叶，丹参，三七，葛根，红花，山楂，决明子，荷叶,川芎
TCMFx1072,中风,豨莶草，红花,川牛膝
TCMF9374,肝肾不足，腰膝酸软，头晕目眩，须发早白，遗精早泄，月经不调。,韭菜子，杜仲，黄芪，党参，白术，麦冬，五味子，枸杞子，川芎，当归，防风，羌活，茯苓，陈皮，桑椹，山茱萸，大枣，熟地黄，肉桂,肉苁蓉
TCMF7432,风痱,黄芪，当归，川芎，赤芍，桃仁，红花，地龙，水蛭，土鳖虫，全蝎，天麻，僵蚕，胆南星，石菖蒲，远志，丹参，鸡血藤，钩藤，决明子，枳壳，甘草,牛膝
TCMFx4732,"眩晕, 月经过多",党参，白术，茯苓，当归，甘草，川芎，肉桂，白芍，熟地黄,黄芪
TCMF11438,咳嗽痰多，胸闷气急。,川贝母，紫苏子，桔梗，款冬花，紫菀，麻黄，苦杏仁，前胡，半夏，天花粉，木香，远志，橘红，肉桂，甘草,枇杷叶
TCMF7399,风寒感冒，头痛发热，恶寒身痛，鼻流清涕，咳嗽咽干。,荆芥，防风，紫苏叶，薄荷，柴胡，葛根，桔梗，苦杏仁，白芷，芦根,苦地丁
TCMF8226,肝肾阴虚，头晕目眩，腰膝酸软，失眠多梦。,龟甲，鳖甲，熟地黄，制何首乌，女贞子，桑椹，丹参，牡丹皮，茯苓，泽泻，车前子，牡蛎，五味子，覆盆子，山楂，当归，山药，狗脊，牛膝,枸杞子
TCMFx6248,痹病,草乌，当归，老鹳草，川芎，红花，桂枝，牛膝，木瓜，威灵仙，香加皮，茜草，千年健，杜仲，地枫皮,川乌
TCMF12248,肾阳不足，腰膝酸软，肢冷畏寒，神疲乏力，头晕耳鸣，性功能减退。,红参，海马，枸杞子，杜仲，淫羊藿，肉苁蓉，锁阳，狗脊，补骨脂，巴戟天，牛膝，川芎，当归，白芍，熟地黄,鹿茸
TCMF10917,湿疹，皮炎，瘙痒症，手足癣等皮肤病。,苦参，紫花地丁，黄连，苍术，茵陈，地肤子，萹蓄，虎杖，蛇床子，花椒，黄柏，冰片,白鲜皮
TCMF2910,"慢惊风, 腹痛, 腹胀",川贝母，厚朴，柴胡，玄参，肉豆蔻，朱砂，巴豆霜，肉桂，血竭，麝香，冰片,知母
TCMF8826,肺虚咳嗽，气喘，痰多，久咳不愈。,百部，百合，甘草，白及，冬虫夏草，五味子，枇杷叶，蛤蚧,牡蛎
TCMF9369,感冒发热，头痛，咽喉肿痛。,金银花，鱼腥草，柴胡，甘草,青蒿
TCMFx434,"骨性关节炎, 腰肌劳损, 症见关节肿胀, 疼痛, 麻木, 活动受限",狗脊，独活，续断，桑寄生，熟地黄，乳香，淫羊藿，补骨脂，鸡血藤，木香，没药,骨碎补
TCMFx4329,"急惊风, 癫痫, 疟疾",大黄，桔梗，细辛，常山，天麻，地龙，白附子，羌活，薄荷，防风，冰片，巴豆霜，猪牙皂，僵蚕，全蝎，胆南星，麻黄，朱砂，麝香,枳壳
TCMF10859,风寒感冒，头痛鼻塞，肢体酸痛。,苍术，石菖蒲，麻黄，防风，川芎，白芷，细辛，羌活，独活,甘草
TCMFx5111,"咳嗽, 便秘",黄芩，大黄，知母，天花粉，麦冬，化橘红，苦杏仁，桑白皮，浙贝母，桔梗，甘草，前胡，百部,枳壳
TCMFx4820,"产后血晕, 中风, 腹痛, 类霍乱",苏合香，广藿香，甘草，天麻，防风，丁香，羌活，乳香，半夏，檀香，木香，豆蔻，乌药，没药，香附，肉豆蔻，诃子，砂仁，沉香，薄荷，猪牙皂，白术，冰片，细辛，麝香，朱砂，水牛角,荜茇
TCMFx3101,疳病,山药，芡实，北沙参，薏苡仁，白扁豆，山楂，白术，麦芽,莲子
TCMF510,"月经失调, 痛经",当归，香附，白芍，延胡索，大枣，白术，赤芍，熟地黄，甘草,川芎
TCMF8179,骨折，筋骨损伤，瘀血肿痛,骨碎补，续断，没药，自然铜，蜂蜜,三七
TCMF9473,气滞血瘀所致的胸痹心痛，眩晕头痛，肢体麻木，中风后遗症。,丹参，郁金，枳壳，白术，厚朴，清半夏，人参，蜈蚣，鸡内金,全蝎
TCMF11418,颈椎病，肩周炎，腰椎间盘突出，风湿性关节炎。,丹参，葛根，黄芪，没药，党参，苍术，红花，秦艽，白芍，威灵仙，桃仁，川芎，羌活，王不留行，黄柏，土鳖虫，地龙，石决明，滑石,乳香
TCMF10168,糖尿病，口渴多饮，多食易饥，尿频量多，消瘦乏力。,黄芪，红参，麦冬，枸杞子，五味子，天花粉，石膏，茯苓，牡丹皮,黄连
TCMF8055,肝郁气滞，胸胁胀痛，月经不调，痛经。,柴胡，丹参，当归，川芎，黄芪，红花，桃仁，白芍，赤芍,香附
TCMF7396,乳腺增生症，属肝气郁结，痰瘀阻滞证候者，症见乳腺肿块，胀满疼痛。,牡蛎，海藻，昆布，鸡血藤，王不留行，柴胡，青皮，菟丝子，赤芍，丹参，香附,淫羊藿
TCMFx1167,目昏云翳,补骨脂，五味子，吴茱萸，生姜，大枣,肉豆蔻
TCMF11926,血脉瘀阻，肢体麻木，瘫痹不遂，风湿痹痛。,黄芪，当归，鸡血藤，黄芩，天花粉，白术，蒲公英，野菊花，石斛，赤芍，天葵子，金银花，牛膝，玄参，延胡索,苦地丁
TCMF6767,"清热燥湿, 活血化瘀, 调经止带。用于湿热下注所致的带下量多, 月经量少, 后错, 痛经, 附件炎等。",苦参，黄柏，鸡血藤，益母草，红花龙胆，土茯苓，当归,杠板归
TCMFx7211,用于脾胃虚弱，食少便溏，气短咳嗽，肢倦乏力,人参，白术，茯苓，山药，莲子，白扁豆，砂仁，桔梗，甘草,薏苡仁
TCMF11315,咽喉肿痛，声音嘶哑，口干舌燥，大便燥结。,薄荷，甘草，桔梗，大黄，连翘，川芎，诃子,胖大海
TCMFx1037,"类风湿关节炎, 骨关节炎, 强直性脊柱炎",马钱子粉，党参，茯苓，白术，川芎，丹参，三七，牛膝，甘草,地龙
TCMFx6782,"解表散寒, 宣肺止嗽。用于风寒感冒咳嗽, 咯痰不畅, 发热恶寒, 鼻塞流涕, 头痛无汗, 肢体酸痛。",紫苏叶，前胡，桔梗，苦杏仁，甘草，半夏，茯苓，枳壳，黄芩，陈皮,麻黄
TCMFx991,"腹胀, 便秘",大黄，当归，苦杏仁，火麻仁，厚朴，枳实，白芍,郁李仁
TCMF8210,风湿痹痛，筋骨疼痛，腰膝酸软，四肢麻木。,丹参，红花，当归，威灵仙，制草乌，穿山龙，千年健，川牛膝，甘草,桂枝
TCMF12162,气滞血瘀，胸胁胀痛，脘腹胀满，饮食不消。,莪术，郁金，香附，木香，槟榔，青皮，陈皮，厚朴，三棱，大黄，芒硝,枳壳
TCMF12129,风湿瘙痒，湿疹，荨麻疹，皮肤瘙痒症。,土茯苓，薄荷，黄芩，荆芥，苦参，蒺藜，红花，菊花，何首乌，赤芍，升麻，威灵仙，白芷，川芎，当归，鸦胆子，白鲜皮,防风
TCMF10359,用于治疗目赤肿痛，羞明多泪，视物模糊。,枸杞子，泽泻，石决明,菊花
TCMF8222,风湿痹痛，筋骨疼痛，跌打损伤,乳香，赤芍，威灵仙，当归，延胡索,伸筋草
TCMF10273,小儿厌食，食欲不振，消化不良。,甘草，麦芽，山楂，三棱，大黄，肉豆蔻，香附，陈皮，枳壳，槟榔,茯苓
TCMFx688,萎缩性胃炎,白芍，山楂，陈皮，甘草，延胡索,党参
TCMF7150,各种颈椎病引起的疼痛。,熟地黄，何首乌，当归，白芍，黑芝麻，枸杞子，鹿茸，骨碎补，狗脊，千年健，威灵仙，蛇蜕，木瓜，丹参，黄芪，天麻，葛根，桂枝，牛膝，乳香，没药，甘草,地枫皮
TCMF438,"胸腹胀满, 消化不良, 呕吐恶心, 停食停水, 气滞闷郁, 胃脘刺痛",香附，枳壳，木香，丁香，高良姜，陈皮，豆蔻，砂仁，延胡索，檀香，片姜黄，厚朴，沉香，青皮，甘草，莪术，肉桂,柴胡
TCMF12030,瘰疬，瘿瘤，乳痈，乳癖，痰核等。,夏枯草，浙贝母，昆布，红花，白芍，川芎，当归，香附，玄参，陈皮，乌药，僵蚕,甘草
TCMFx4862,"月经失调, 痛经",当归，香附，白芍，延胡索，川芎，丹参，川楝子，红花,甘草
TCMF11063,风寒湿痹，肢体疼痛，麻木拘挛，腰腿疼痛，瘫痿无力。,安息香，广藿香，黄芩，甘草，葛根，没药，乳香，白术，木香，天麻，何首乌，大黄，麻黄，细辛，赤芍，两头尖，威灵仙，制草乌，沉香,豆蔻
TCMF9353,风湿痹痛，筋骨疼痛，跌打损伤，瘀血肿痛。,泽兰，红花，桃仁，三棱，莪术，干姜，细辛，草乌，川乌，白芷，川芎，当归，独活，石菖蒲，天南星，黄柏，冰片,羌活
TCMF12421,"咳嗽痰多, 胸闷不舒, 头晕目眩",白术，半夏，天南星,橘红
TCMF10088,中风后遗症，肢体麻木，言语不利，口眼歪斜。,丹参，红花，天麻，秦艽，川芎，桃仁，胆南星，三七，土鳖虫，水蛭，冰片，人工牛黄，麝香,姜半夏
TCMF8814,风湿痹痛，肢体麻木，关节屈伸不利。,麻黄，苍术，乳香，没药，全蝎，川牛膝，甘草,僵蚕
TCMF8811,湿热下注，小便不利，淋沥涩痛。,黄连，栀子,瞿麦
TCMF7367,脘腹胀满，大便秘结，腹痛拒按。,木香，砂仁，厚朴，槟榔，大黄，芒硝,枳实
TCMF11040,肾虚腰痛，腰膝酸软，遗精早泄，阳痿不举，头晕耳鸣，四肢无力。,补骨脂，杜仲，肉苁蓉，熟地黄，枸杞子，茯苓，泽泻，牡丹皮，白芍，甘草,黄芪
TCMF10629,眼疾，目赤肿痛，视物模糊。,甘草，苦参，木香，川楝子，广枣，肉豆蔻，北沙参，瞿麦，诃子，檀香，丁香，石膏,沉香
TCMFx3232,"咳嗽, 喘病",半夏，豆蔻，砂仁，肉桂，木香，丁香，枳实，枳壳，五味子，陈皮，青皮，薄荷，甘草，广藿香,生姜
TCMF9615,肾炎，水肿，尿频尿急，腰膝酸软,黄精，茯苓，防己，白茅根，蒲公英，枸杞子，金银花，菟丝子,苍术
TCMF11130,脾胃虚寒，脘腹冷痛，呕吐泄泻，四肢不温。,附子，肉桂，炙甘草，豆蔻，砂仁，木香，细辛，当归，蛇床子，檀香，丁香，母丁香，花椒，橘红，吴茱萸,白芷
TCMFx7130,夏季暑热，高温作业。,芦根，淡竹叶，滑石粉，金银花，薄荷，夏枯草,甘草
TCMF11734,风热咳嗽，痰多黏稠，咽痛声哑。,浙贝母，黄芩，葛根，天花粉，桔梗，厚朴，苦杏仁，北沙参，前胡，化橘红,半夏
TCMF7467,肝郁气滞，胸胁胀痛，脘腹胀满，食欲不振。,柴胡，当归，茯苓，白术，陈皮，香附，枳壳，川芎，甘草,白芍
TCMF7392,阳明腑实证，症见潮热，谵语，手足澉然汗出，腹满硬痛，大便燥结，脉沉实。,乌梅，芒硝，枳实，厚朴,大黄
TCMFx5575,痹病,苍术，地龙，连翘，黄柏，薏苡仁，防风，川牛膝，粉萆薢，桑枝，防己，威灵仙,忍冬藤
TCMFx1411,"烂喉丹痧, 喉痹, 喉痈, 乳蛾, 痈疡, 疔疮, 乳痈, 发背, 无名肿毒",牛黄，麝香，雄黄，冰片，蟾酥,珍珠
TCMF9406,肾阳不足，腰膝酸软，畏寒肢冷，神疲乏力，夜尿频多。,肉桂，鹿茸，补骨脂，杜仲，巴戟天，淫羊藿，茯苓，山药，制何首乌，熟地黄，山茱萸，枸杞子，覆盆子，五味子，泽泻，牛膝,菟丝子
TCMF11956,血虚头晕，面色苍白，心悸失眠，月经不调。,鸡血藤，墨旱莲，虎杖，白芍，太子参,熟地黄
TCMF4553,"阳痿, 早泄, 带下, 不孕",阿胶,鹿茸
TCMFx5328,"月经失调, 腹痛",当归，白术，香附，熟地黄，益母草，木香，续断，鸡血藤,丹参
TCMF9100,脾胃虚弱，食欲不振，消化不良，体倦乏力。,黄芪，党参，麦芽，枸杞子,白术
TCMF9065,心悸失眠，健忘多梦，神疲乏力。,人参，黄芪，玉竹，甘松，木香，五味子，石菖蒲，龟甲,远志
TCMF8534,胆结石，肾结石，尿路结石，胆囊炎，胆管炎。,延胡索,鹅不食草
TCMF11636,小儿感冒，发热，咳嗽，痰多，惊风。,薄荷，牛蒡子，天竺黄，胆南星，天花粉，桔梗，白术，全蝎，大黄，赤芍，连翘，羌活，橘红，冰片，牛黄，麝香,天麻
TCMFx434,"骨性关节炎, 腰肌劳损, 症见关节肿胀, 疼痛, 麻木, 活动受限",狗脊，独活，续断，桑寄生，熟地黄，乳香，淫羊藿，骨碎补，鸡血藤，木香，没药,补骨脂
TCMF8591,气阴两虚型消渴病（非胰岛素依赖型糖尿病）,黄芪，黄连,金银花
TCMF12326,风湿痹痛，跌打损伤，皮肤瘙痒，疮疡肿毒,儿茶，没药，乳香，蛇床子，麝香，白矾，钟乳石，雄黄,冰片
TCMF10547,脊髓空洞症，肌肉萎缩，瘫痿无力，腰膝酸软。,黄精，鹿茸，人参，黄芪，巴戟天，山茱萸，丹参，鸡血藤，川芎，当归，熟地黄，冬虫夏草，枸杞子,牡丹皮
TCMF11623,寒凝气滞引起的胸腹胀痛，胃脘疼痛，呕吐泄泻，疝气疼痛。,广藿香，姜黄，乳香，川木香，八角茴香，沉香，小茴香，丁香,木香
TCMF10137,胃痛，痞满，呕吐，泄泻。,广藿香，砂仁，豆蔻，木香，香附，茯苓，白术，生姜，半夏，陈皮，枳实，甘草,大枣
TCMF12056,小儿惊风，痰热咳嗽，食积停滞，脾胃虚弱。,朱砂，天竺黄，胆南星，茯苓，木香，枳壳，人参，甘草,山药
TCMF12026,风寒湿痹，肢体麻木，关节疼痛，屈伸不利。,防风，荆芥，川芎，白芷，羌活，独活，当归，白芍，细辛，麻黄，苍术，石菖蒲，天麻，全蝎，僵蚕，蜈蚣，乌梢蛇，甘草,桂枝
TCMF12529,眼干涩痛，视物模糊，头晕耳鸣，口燥咽干，舌红少苔，脉细数,人参，决明子，土茯苓，枸杞子，石决明，茺蔚子，蒺藜，青葙子，麦冬，密蒙花，川楝子，茜草，牛膝，野菊花，当归，五味子，红花，菟丝子，玉竹，羚羊角，牛黄，珍珠，麝香，三七,车前子
TCMFx764,痹病,川乌，白芷，草乌，香附，甘草，没药，麻黄，川芎，乳香，秦艽，地龙，当归，茯苓，赤小豆，羌活，天麻，赤芍，细辛，防风，天南星，桂枝，甘松,白术
TCMF6924,"脾胃虚弱, 食欲不振, 消化不良, 大便溏泄, 气虚有痰",人参，白术，半夏，甘草，陈皮，生姜，大枣,茯苓
TCMFx4498,咳嗽,橘红，半夏，桔梗，远志，紫苏子，紫菀，款冬花，枇杷叶，前胡，苦杏仁，麻黄，肉桂，天花粉，木香，甘草,川贝母
TCMF12031,痔疮，肛裂，肛周炎等肛肠疾病,儿茶，苦参，黄柏，冰片，白矾,紫草
TCMF11839,妇人冲任虚寒、瘀血阻滞所致的月经不调，痛经，崩漏，带下等症。,吴茱萸，肉桂，川芎，白芍，牡丹皮，阿胶，麦冬，党参，生姜，半夏，炙甘草,当归
TCMF9680,视物昏花，目赤肿痛，羞明流泪。,余甘子，甘草，红花，诃子，丁香，金钱白花蛇,毛诃子
TCMF7713,"脱发症, 白发症",枸杞子，当归，熟地黄，菟丝子，女贞子，墨旱莲，黑芝麻，桑椹，补骨脂,何首乌
TCMF2586,"阳痿, 早泄, 遗精, 遗精, 尿频, 月经失调, 闭经",巴戟天，何首乌，杜仲，肉苁蓉，仙茅，金樱子，淫羊藿，覆盆子，当归，党参，熟地黄，枸杞子，甘草，黄芪，狗脊,续断
TCMF11366,肝肾不足，气血亏损，须发早白，头晕目眩，腰膝酸软。,黄精，制何首乌，柏子仁，杜仲，茯苓，白芍，女贞子，枸杞子，黄连，牡丹皮，五味子，木瓜，川芎，当归，羌活，桑椹，桑叶，大枣,山茱萸
TCMF1029,"急, 慢性滑膜炎及膝关节术后的患者",夏枯草，女贞子，枸骨叶，黄芪，防己，薏苡仁，土茯苓，丝瓜络，丹参，当归，川牛膝，豨莶草,泽兰
TCMFx415,"妇女血亏, 月经不调",熟地黄，当归，白芍，益母草,川芎
TCMF10703,口腔溃疡，牙龈肿痛，咽喉炎。,甘草，五倍子，玄参，冰片，白矾，青黛,黄柏
TCMF10803,头痛，偏头痛，眩晕，面瘫。,天麻，白芷，防风，羌活，天南星，三七，僵蚕,白附子
TCMF8409,气血两虚，头晕目眩，心悸失眠，食欲不振。,黄芪，党参，当归，龙眼肉，白术，山药，大枣，三七,甘草
TCMF8378,烧伤，烫伤，皮肤感染。,芦荟，黄芩,蒲公英
TCMF8426,肾阳不足，腰膝酸软，畏寒肢冷，夜尿频多。,肉苁蓉，淫羊藿，枸杞子，山茱萸，蛇床子，菟丝子，肉桂，桑螵蛸,当归
TCMF9794,气血两虚，食欲不振，体倦乏力，头晕目眩。,红参，山药，山楂，鹿茸,当归
TCMF11625,月经不调，痛经，闭经，崩漏，带下，产后腹痛。,人参，阿胶，熟地黄，白芍，当归，川芎，天冬，黄芩，茯苓，白术，酸枣仁，益母草，延胡索，小茴香，香附，砂仁，艾叶,山茱萸
TCMF8124,感冒咳嗽，支气管炎。,防风，桔梗，百部，紫菀，款冬花，白前，前胡，陈皮，半夏，茯苓，甘草,荆芥
TCMF7370,"风寒湿痹, 尪痹",制川乌，制草乌，防己，防风，羌活，桂枝，威灵仙，麻黄，木瓜，牛膝，川芎，当归，延胡索，细辛,独活
TCMF4338,"眩晕, 耳鸣, 盗汗, 遗精, 消渴",熟地黄，山茱萸，牡丹皮，茯苓，泽泻,山药
TCMF12069,小儿惊风，痰涎壅盛，高热惊厥，神昏抽搐。,朱砂，大黄，当归，牛黄，全蝎，猪牙皂,巴豆霜
TCMF447,"消化不良, 食欲不振, 大便稀溏, 精神困倦",党参，黄芪，山药，麦冬，大枣，麦芽，桑枝，太子参，茯苓，薏苡仁，何首乌，山楂,陈皮
TCMF6875,"具有活血散瘀, 消肿止痛。用于跌打损伤, 瘀血肿痛。",三七，乳香，土鳖虫，自然铜，冰片,当归
TCMF3524,"虚劳, 眩晕",党参，黄芪，熟地黄，狗脊，女贞子，覆盆子，何首乌，牛膝，陈皮，南沙参，杜仲，川芎，百合，茯苓，山药，白术，甘草，泽泻，白芍,当归
TCMF10687,肝肾阴虚，目昏不明，头晕耳鸣，腰膝酸软。,决明子，菊花，肉苁蓉，熟地黄，枸杞子，密蒙花,山茱萸
TCMF8608,肝郁气滞，痰湿内阻所致的目赤肿痛，视物昏花，羞明流泪。,紫苏梗，茯苓，豆蔻，砂仁，生姜，厚朴，胆南星，法半夏，橘红，青皮，枳实，木蝴蝶，槟榔，蝉蜕,合欢皮
TCMF8515,高脂血症，肥胖症。,决明子，何首乌，荷叶,山楂
TCMF7629,疟疾，寒热往来，胸腹胀闷，呕吐恶心。,常山，草果，槟榔，陈皮，厚朴，甘草,青皮
TCMF10863,感冒、流感等病毒性呼吸道感染。,广藿香，板蓝根，石膏，麻黄，苦杏仁，浙贝母，法半夏，甘草,连翘
TCMF7584,"补中健脾, 疏肝解郁, 化湿止带",党参，白术，山药，白芍，车前子，荆芥，柴胡，甘草,苍术
TCMF11547,脾胃虚弱，气短乏力，食少便溏，久泻脱肛，崩漏下血。,黄芪，党参，白术，甘草，当归，陈皮，升麻，柴胡，大枣,生姜
TCMF12101,鼻渊，鼻塞，流脓涕，头痛，嗅觉减退。,薄荷，荆芥穗，黄芩，龙胆，菊花，蔓荆子，细辛，辛夷，白芷，柴胡，川芎，防风，桔梗，水牛角,枳壳
TCMF8118,风寒感冒，头痛发热，恶寒身痛，鼻流清涕，咳嗽咽干。,荆芥穗，紫苏叶，防风，葛根，柴胡，芦根，桔梗，苦杏仁，白芷，苦地丁,薄荷
TCMFx1441,"发热, 神昏, 痉病, 咳嗽",羚羊角，浙贝母，甘草，青礞石，朱砂，石膏，黄芩，牛黄,大黄
TCMF8959,风湿痹痛，跌打损伤，瘀血肿痛,没药，乳香，延胡索，辣椒,麝香
TCMF7413,小儿脾胃虚弱，消化不良，食欲不振，腹胀便溏。,陈皮，青皮，丁香，甘草,诃子
TCMF11982,瘀血内阻，月经不调，痛经，闭经，产后瘀血腹痛。,益母草，黑豆，苏木，没药，乳香，莪术，红花，木香，香附，延胡索，大黄，桃仁，肉桂，乌药，僵蚕,当归
TCMF9947,风湿痹痛，关节疼痛，腰膝酸软，肢体麻木。,独活，威灵仙，知母，红花，白芍，伸筋草，淫羊藿，续断，熟地黄，皂角刺,附子
TCMF11087,鼻塞，流涕，头痛，过敏性鼻炎，鼻窦炎。,黄芩，苍耳子，蒲公英，细辛，辛夷，白芷，石菖蒲,麻黄
TCMF12532,咽喉肿痛，面部肿胀，发热，口渴，舌红苔黄，脉数,甘草，桔梗，牛蒡子，玄参,荆芥穗
TCMF11966,脾胃虚弱，湿阻中焦，食欲不振，脘腹胀满，大便溏泄。,人参，白术，茯苓，猪苓，泽泻，广藿香，苍术，厚朴，豆蔻，甘草,木香
TCMF1031,"冠心病, 心绞痛",麦冬，赤芍，三七,北沙参
TCMF7535,绝经前后诸症,仙茅，知母，黄柏，牡蛎，金樱子，车前子,淫羊藿
TCMF10089,头痛，眩晕，脑血管痉挛，脑动脉硬化。,天麻，丹参，郁金，白芍，人工牛黄,川芎
TCMF8440,肾阳不足，腰膝酸软，小便频数，夜尿多，畏寒肢冷。,附子，熟地黄，山茱萸，泽泻，茯苓，车前子，牡丹皮，牛膝，肉桂,山药
TCMF10915,感冒咳嗽，痰多，气喘。,浙贝母，黄芩，天花粉，紫苏叶，麻黄，桔梗，前胡，桑叶，制天南星，山楂，枳壳，甘草,陈皮
TCMF8005,肝胃不和，胸胁胀痛，脘腹痞满，嗳气吞酸,郁金，党参，蒲公英，佛手，乌药，槟榔，瓦楞子,沉香
TCMF9667,肾虚腰痛，腰膝酸软，头晕耳鸣，神疲乏力。,龟甲，人参，熟地黄，白术，山楂，枸杞子,鹿茸
TCMF8062,青盲，视瞻昏渺，瞳神紧小，干涩昏花，羞明流泪，头晕目眩。,夏枯草，决明子，菊花，黄连，木通，枸杞子，山茱萸，熟地黄，人参，羚羊角，石决明,石斛
TCMF11648,咳嗽，痰多，气喘。,百合，麦冬，黄芩，款冬花，麻黄，马兜铃，苦杏仁，桑白皮，西青果，姜半夏，白果，石膏,川贝母
TCMF9990,胃痛，胃胀，消化不良，食欲不振。,甘草，党参，山楂，延胡索，陈皮,白芍
TCMF8406,胸痹心痛，胸闷气短，心悸失眠。,红花，木香，甘草，人工牛黄,檀香
TCMF10122,气血两虚，腰膝酸软，神疲乏力，失眠多梦。,黄精，黄芪，鸡血藤，杜仲，制何首乌，肉苁蓉，枸杞子，熟地黄，菟丝子，木香，陈皮，佛手，人参,玉竹
TCMF11474,感冒发热，咳嗽痰多，气喘。,黄芩，麻黄，桔梗，石膏，甘草,苦杏仁
TCMF10800,中风后遗症，瘫痹不遂，肢体麻木，言语不清，口眼歪斜，头痛眩晕。,蜈蚣，全蝎，地龙，土鳖虫，乌梢蛇，麝香，冰片，牛黄，天麻，防风，独活，威灵仙，秦艽，络石藤，苍术，白术，当归，川芎，红花，丹参，鸡血藤，海风藤，忍冬藤,羌活
TCMF7982,急慢性肾炎，水肿，尿路感染，尿血，蛋白尿。,黄精，黄芪，车前子，茯苓，黄芩，丹参，益母草，白茅根，芦根，茜草，山楂，蒲黄，牵牛子，土鳖虫,半枝莲
TCMF11130,脾胃虚寒，脘腹冷痛，呕吐泄泻，四肢不温。,附子，肉桂，炙甘草，砂仁，木香，细辛，白芷，当归，蛇床子，檀香，丁香，母丁香，花椒，橘红，吴茱萸,豆蔻
TCMF10795,中风后遗症，脑梗死，脑动脉硬化，眩晕，头痛。,丹参，葛根，黄芪，郁金，红花，川芎，石菖蒲，冰片，人参，乌梢蛇，水蛭,天麻
TCMFx5101,喉痹,重楼，南板蓝根，冰片，甘草,蒲公英
TCMF10437,气血两虚，月经不调，崩漏下血，体弱乏力。,当归，熟地黄，黄芪，白芍，川芎，茯苓，炙甘草,党参
TCMF5504,感冒,葛根，白芷，桔梗，连翘，玄参，甘草，大青叶，柴胡，羌活，川芎，赤芍，防风，黄芩，牛蒡子，淡竹叶,天花粉
TCMFx1426,"治怒气伤肝, 因而气逆动火, 致为烦热胁痛, 胀满动血等证",青皮，陈皮，赤芍，栀子，泽泻，土贝母,牡丹皮
TCMFx929,"热淋, 石淋",连钱草，石韦，滑石，苘麻子，车前子，徐长卿，忍冬藤，瞿麦，甘草,木通
TCMF11691,肝胆火旺，心烦不宁，头晕目眩，大便秘结。,芦荟，大黄，黄芩，黄连，黄柏，栀子，龙胆，青黛，当归，麝香,木香
TCMF10078,肝肾不足，筋骨痿软，腰膝酸痛，肢体麻木。,续断，杜仲，牛膝，骨碎补，补骨脂，淫羊藿，枸杞子，菟丝子，熟地黄，当归，白芍，川芎，红花，木瓜，独活，防风，甘草,秦艽
TCMF7864,白癜风，银屑病。,白芷，防风，补骨脂，蛇床子，马齿苋，栀子，冰片，甘草,秦艽
TCMF12328,脾胃虚弱，食积不化，脘腹胀满，恶心呕吐，食欲不振。,广藿香，甘草，茯苓，麦芽，草豆蔻，豆蔻，砂仁，白术，木香，山楂，莱菔子，丁香，陈皮，青皮，枳壳，肉桂，高良姜,香附
TCMF7817,气血两虚，月经不调，崩漏带下，经期腹痛。,炙黄芪，熟地黄，当归，白芍，香附，川贝母，知母，黄连，茯苓，干姜，艾叶，青蒿，秦艽，牡丹皮，地骨皮，柴胡,延胡索
TCMF12378,耳后红肿疼痛，或有脓肿，发热，口干，舌红苔黄，脉弦数,金银花，当归，麦冬，蒲公英，甘草，半夏，川芎,桔梗
TCMFx881,"血脂增高, 脑血栓引起的精神呆滞, 舌质发硬, 言语迟涩, 发音不清, 手足发凉, 活动疼痛",川芎，丹参，黄芪，泽泻，槐花，桂枝，郁金，木香，冰片，山楂,三七
TCMF7798,肾阳不足，腰膝酸软，畏寒肢冷，夜尿频多。,人参，淫羊藿，麦冬，天冬，玉竹，苦参，黑芝麻，冰片,土茯苓
TCMF12315,关节炎，类风湿性关节炎，痛风，跌打损伤。,天冬，余甘子，儿茶，决明子，乳香，荜茇，诃子，毛诃子,黄精
TCMF9355,风寒湿痹，关节疼痛，肢体麻木。,红花，老鹳草，制草乌，独活，虎杖，续断,威灵仙
TCMF8801,老年性慢性支气管炎，肺气肿，哮喘等呼吸系统疾病。,黄精，补骨脂，黄芪，防风，淫羊藿，甘草,白术
TCMF10925,风寒湿痹，筋骨疼痛，腰膝酸软，四肢麻木。,补骨脂，杜仲，茯苓，红花，当归，麻黄，威灵仙，制草乌，制川乌，秦艽，独活，羌活，甘草,苍术
TCMF6361,"咳嗽, 喘病",朱砂，牛黄，冰片，石膏，天麻，川贝母，黄连，法半夏，胆南星，甘草,桑白皮
TCMF7340,缺乳,黄芪，当归，熟地黄，白芍，川芎，天花粉，王不留行，穿山甲，漏芦，鹿角霜，通草，柴胡，生姜,路路通
TCMF9019,肝肾阴虚所致的目涩、视物模糊、头晕耳鸣、腰膝酸软。,决明子，菊花，女贞子，枸杞子，滑石粉,牛膝
TCMF9665,冠心病，心绞痛，脑血栓，中风后遗症，肢体麻木，瘀血阻络。,丹参，鸡血藤，红花，赤芍，桃仁，冬虫夏草，当归，牛膝，桂枝，人参，地龙,灵芝
TCMFx4513,"阴疽, 发背, 流注",苍术，石斛，麻黄，全蝎，羌活，当归，荆芥，甘草，天麻，细辛，何首乌，朱砂，川芎,防风
TCMF11857,肝郁气滞，胸胁胀痛，脘腹胀满，食欲不振，恶心呕吐。,木香，沉香，茯苓，豆蔻，砂仁，片姜黄，川楝子，延胡索，白芍，厚朴，陈皮,枳壳
TCMF11988,风寒湿痹，腰腿疼痛，肢体麻木，筋骨无力。,黄精，黄芪，丹参，杜仲，肉苁蓉，葛根，秦艽，细辛，没药，三棱，丝瓜络，白术，赤芍，牡丹皮，女贞子，覆盆子，金樱子，木瓜，桃仁,乳香
TCMFx1637,"若经道不通, 绕脐寒疝痛彻, 其脉沉紧此由寒气客于血室, 血凝不行, 结积血为气所冲, 新血与故血相搏, 所以发痛譬如天寒地冻, 水凝成冰宜温经汤及桂枝桃仁汤, 万病丸",当归，吴茱萸，白芍，党参，桂枝，阿胶，半夏，川芎，牡丹皮，生姜，甘草,麦冬
TCMF4952,"咳嗽, 喉痹, 口疮, 鼻疮, 牙痛, 便秘",黄芩，栀子，黄柏，大黄，苦参，天花粉，桔梗，前胡,知母
TCMFx4380,"咳嗽, 哮病, 喘病",陈皮，橘红，法半夏，葶苈子，瓜蒌子，紫苏子，紫苏叶，桑白皮，苦杏仁，桔梗，前胡，马兜铃，款冬花，远志，百合，天冬，麦冬，北沙参，知母，五味子，麻黄，黄芩，白芍，石膏，甘草,紫菀
TCMF8593,冠心病，心绞痛，胸闷，心悸。,丹参，川芎，红花，降香，冰片,三七
TCMF11406,风湿痹痛，筋骨疼痛，肢体麻木，腰膝酸软。,玉竹，重楼，黄芪，党参，红花，秦艽，制草乌，制川乌，枸杞子，当归，续断，桂枝，肉桂,木香
TCMF11434,风湿热痹，关节红肿热痛，屈伸不利，皮肤红斑，结节性红斑。,土茯苓，黄芩，金银花，连翘，荆芥，皂角刺，浮萍，桔梗，牡丹皮，何首乌，白芷，牛膝,防风
TCMF918,缺血性中风,何首乌，熟地黄，天冬，龟甲，肉苁蓉，肉桂，赤芍，全蝎，水蛭，地龙，山楂，茯苓，甘草,鹿茸
TCMF11545,湿热蕴结，脾胃不和，胸腹胀满，大便不通。,天花粉，白术，大黄，山楂，前胡，陈皮，枳实，槟榔,半夏
TCMF10933,鼻塞，流涕，头痛，发热。,薄荷，黄芩，辛夷，鹅不食草，麻黄，白芷,苍耳子
TCMF8641,骨质疏松，腰腿疼痛，筋骨痿软，风湿痹痛。,丹参，补骨脂，骨碎补，没药，乳香，赤芍，独活，桑寄生，三七，牛膝，血竭,细辛
TCMF10828,腰膝酸软，头晕耳鸣，遗精早泄，夜尿频多,鸡血藤，金樱子，桑寄生，狗脊，菟丝子,女贞子
TCMF7828,月经不调，痛经，带下，崩漏，不孕,丹参，黄芩，益母草，黄芪，党参，杜仲，白术，茯苓，艾叶，陈皮，肉苁蓉，秦艽，白薇，白芍，女贞子，地榆，覆盆子，地骨皮,益智
TCMF12152,心悸失眠，头晕目眩，健忘多梦，心烦不安。,麦冬，柏子仁，丹参，茯苓，党参，桔梗，五味子，当归，玄参，朱砂,首乌藤
TCMF8085,气血两虚，心悸失眠，头晕目眩，腰膝酸软。,丹参，黄芪，鸡血藤，制何首乌，忍冬藤，山茱萸，太子参,酸枣仁
TCMF9508,风湿痹痛，筋骨麻木，腰腿疼痛，跌打损伤。,麻黄，细辛，草乌，海风藤，防风，黄芩，茯苓，草豆蔻，乳香，红花，桃仁，川芎，当归，党参，白术，赤芍，附子，木香，香附,威灵仙
TCMF12268,咳嗽，痰多，气喘。,百合，紫苏子，瓜蒌子，款冬花，麻黄，马兜铃，桑白皮，半夏，白果，陈皮，青果，甘草,川贝母
TCMF9876,心悸失眠，健忘多梦，心烦口燥，大便干燥。,麦冬，天冬，丹参，当归，玄参，茯苓，甘草，酸枣仁，五味子，石菖蒲，远志，朱砂，桔梗，甘草,党参
TCMF10026,心悸失眠，健忘多梦，头晕目眩，腰膝酸软。,人参，麦冬，五味子，柏子仁，远志，石菖蒲，杜仲，山茱萸，川贝母，茯苓，防风，丹参，三七，甘草,何首乌
TCMF9629,血热妄行所致的紫癜，症见皮肤紫癜、瘀斑，或伴有鼻衄、齿衄，尿血、便血。,牡丹皮，青黛，甘草,连翘
TCMF8436,脾胃虚弱，食少便溏，气短咳嗽，肢倦乏力。,黄芪，党参，白术，茯苓，山药，薏苡仁，白扁豆，莲子，砂仁，桔梗,甘草
TCMF7676,肾阳不足，精血亏损，腰膝酸软，畏寒肢冷，阳痿早泄，宫寒不孕。,熟地黄，当归，杜仲，枸杞子，仙茅，巴戟天，韭菜子，蛇床子，人参，白术,附子
TCMFx7093,治疗感冒，支气管炎、咽喉炎引起的痰多咳嗽，气喘等症。,半夏，百部，苦杏仁，白前，五味子，茯苓，甘草,化橘红
TCMF9244,肾虚腰痛，阳痿早泄，心悸失眠，神疲乏力。,杜仲，肉苁蓉，五味子，巴戟天，防风，蛇床子，菟丝子，海马，海龙,远志
TCMF11302,痰湿阻滞，咳嗽痰多，胸闷不舒，口渴咽干。,半夏，橘红，茯苓，枳壳，天花粉，知母，苦杏仁，桔梗，甘草,竹茹
TCMF5716,跌打损伤,三七，草乌，川乌，莲子心，当归，骨碎补，石菖蒲，蒲公英，小蓟，乳香，没药，仙鹤草，冰片，红花，菊花，栀子，朱砂，延胡索,重楼
TCMF11727,跌打损伤，瘀血肿痛，风湿痹痛。,三七，白茅根，千里光,延胡索
TCMF12268,咳嗽，痰多，气喘。,百合，川贝母，瓜蒌子，款冬花，麻黄，马兜铃，桑白皮，半夏，白果，陈皮，青果，甘草,紫苏子
TCMF7848,阴道炎，宫颈炎，盆腔炎等妇科炎症。,白术，苦参，紫珠叶，蛇床子，冰片,白矾
TCMF7467,肝郁气滞，胸胁胀痛，脘腹胀满，食欲不振。,柴胡，白芍，当归，茯苓，白术，陈皮，香附，枳壳，川芎,甘草
TCMF10813,火热内盛，口舌生疮，咽喉肿痛，牙龈肿痛，便秘尿赤。,大黄，黄芩，黄连,甘草
TCMF7285,产后气血亏损，乳少，无乳，乳汁不通等症。,黄芪，熟地黄，党参，当归，川芎，王不留行，穿山甲，通草，路路通，瞿麦，漏芦，天花粉，柴胡，鹿角霜,白芍
TCMF7983,泌尿系结石，尿路感染，小便不利，湿热下注等。,海金沙，忍冬藤，广金钱草，滑石粉,石韦
TCMF8553,冠心病，心绞痛，心肌梗死，心律失常，高血压等心血管疾病。,丹参，红花，黄芪，麦冬，降香，木香，土木香，川楝子，大黄，木通，荜茇，广枣，栀子，肉豆蔻，诃子，檀香，三七，人工牛黄,茜草
TCMF7326,少阳病，往来寒热，胸胁苦满，心烦喜呕，默默不欲饮食，或妇人热入血室。,柴胡，黄芩，半夏，生姜，大枣，炙甘草,党参
TCMF8226,肝肾阴虚，头晕目眩，腰膝酸软，失眠多梦。,龟甲，鳖甲，熟地黄，制何首乌，枸杞子，桑椹，丹参，牡丹皮，茯苓，泽泻，车前子，牡蛎，五味子，覆盆子，山楂，当归，山药，狗脊，牛膝,女贞子
TCMF7853,盆腔炎，附件炎，宫颈炎。,黄芩，皂角刺，莪术，海藻，赤芍，牡丹皮，连翘，桃仁，金银花，柴胡，牡蛎,香附
TCMF11864,风湿痹痛，筋骨疼痛，肢体麻木，跌打损伤。,儿茶，苏木，乳香，红花，大黄，马钱子，赤芍，枳实，桃仁，白芷，当归，骨碎补，牛膝，续断，熟地黄，桂枝，冰片，土鳖虫，自然铜,三七
TCMF9583,跌打损伤，骨折，风湿痹痛,麝香，冰片，泽兰，红花，三棱，络石藤，威灵仙，草乌，川乌，当归，牛膝，两面针,三七
TCMFx1286,"积年气块, 脐腹疼痛",木瓜，当归，川芎，白芷，狗脊，牛膝，鸡血藤，海风藤，人参，附子，草乌,威灵仙
TCMF8867,感冒咳嗽，痰多，胸闷，气喘。,桂枝，生姜，陈皮，法半夏，茯苓，白术，苦杏仁，桔梗，甘草,大枣
TCMF7357,"急, 慢性滑膜炎",防己，泽泻，豨莶草，茯苓，丹参，续断，狗脊，赤芍，车前子，甘草,夏枯草
TCMF7803,风湿痹痛，腰膝酸软，筋骨无力，肢体麻木。,黄芪，党参，当归，天麻，卷柏，千年健，三七，竹节参,茯苓
TCMFx5367,"带下病, 月经失调",熟地黄，香附，远志，川芎，海螵蛸，当归，白芍，椿皮，牡蛎，黄柏,赤石脂
TCMF739,"呕吐, 痞满",木香，白术，茯苓，香附，豆蔻，砂仁，陈皮，枳实，厚朴，广藿香，甘草,半夏
TCMF3907,感冒,金银花，大青叶，板蓝根，鱼腥草，薄荷，淡豆豉，陈皮，甘草,淡竹叶
TCMF8044,痔疮，肛裂，肛周炎等肛门疾病。,苦参，大黄，黄连，栀子，地榆，花椒，紫草，冰片,槐花
TCMF8076,急慢性咽炎，咽喉肿痛，声音嘶哑。,薄荷，射干，青果，乌梅，甘草,冰片
TCMFx5849,胃脘痛,香附，砂仁，广藿香，茯苓，厚朴，半夏，白术，枳实，豆蔻，陈皮，木香，大枣，生姜,甘草
TCMFx7101,肺肾阴虚，咳嗽，气促喘急，咽干舌红，胸膈满闷。,橘红，川贝母，锦灯笼，苦杏仁，罂粟壳，白矾，甘草,五味子
TCMF8120,感冒发热，头痛鼻塞，咳嗽咽痛。,薄荷，荆芥，桔梗，牛蒡子，连翘，大青叶，防风，甘草,白芷
TCMFx1244,骨性关节炎,熟地黄，肉苁蓉，狗脊，女贞子，淫羊藿，鸡血藤，莱菔子，骨碎补,牛膝
TCMFx722,"髓劳, 血劳",西洋参，海马，肉桂，大枣，核桃仁,皂矾
TCMF7530,月经不调，痛经，经闭，产后腹痛。,当归，白芍，熟地黄，延胡索，香附，甘草,川芎
TCMF11902,妇人月经不调，经闭，痛经，产后瘀血腹痛，症瘕积聚。,益母草，当归，川芎，延胡索，白术，人参，鳖甲，甘草,茯苓
TCMFx90,"咽喉肿痛, 发热, 牙痛, 目赤",穿心莲，栀子,麦冬
TCMF11926,血脉瘀阻，肢体麻木，瘫痹不遂，风湿痹痛。,黄芪，当归，鸡血藤，黄芩，天花粉，白术，野菊花，石斛，赤芍，天葵子，金银花，牛膝，玄参，苦地丁，延胡索,蒲公英
TCMF8880,热病神昏，中风痰迷，惊痫抽搐，咽喉肿痛，口舌生疮，痈肿疔疮。,牛黄，麝香，珍珠，冰片，雄黄,蟾酥
TCMF9421,感冒咳嗽，支气管炎，哮喘等。,百部，浙贝母，重楼，连翘，薄荷，荆芥，款冬花，苦杏仁，北沙参，前胡，法半夏，陈皮,蝉蜕
TCMF8161,风湿痹痛，筋骨痿软，腰膝酸软，肢体麻木。,泽兰，木香，续断，细辛，威灵仙，大血藤，白芷，独活，五加皮，两面针，土鳖虫,桂枝
TCMF8572,疮疡肿毒，丹毒，流注，跌打损伤，无名肿毒。,大黄，黄柏，姜黄，天花粉，苍术，厚朴，白芷，陈皮,甘草
TCMF10992,气血两虚，心悸失眠，食欲不振，肢冷乏力。,炙黄芪，人参，党参，白术，茯苓，当归，白芍，五味子，远志，枸杞子，龟甲胶，砂仁，陈皮，炙甘草,熟地黄
TCMF4708,"性冷, 阳痿, 遗精, 早泄, 带下病",金樱子，淫羊藿，韭菜子，山茱萸,蛤蚧
TCMF7259,小儿感冒风寒内热停食引起：头痛身热，咳嗽痰盛，气促作喘，咽喉肿痛，烦躁不安。,前胡，天南星，苦杏仁，天花粉，麻黄，桑叶，青黛，黄芩，山楂，枳壳，陈皮，甘草，浙贝母,紫苏叶
TCMF11203,肝肾阴虚，腰膝酸软，头晕目眩，心悸失眠。,麦冬，黄芪，党参，阿胶,枸杞子
TCMFx5502,"不寐, 怔忡, 惊悸",酸枣仁，五味子，远志，首乌藤，丹参，知母，甘草，茯苓,石菖蒲
TCMF11543,肾精不足，腰膝酸软，神疲乏力，头晕耳鸣，失眠多梦，食欲不振,黄精，沙苑子，炙黄芪，党参，制何首乌，肉苁蓉，菟丝子，枸杞子，白术，莲子，芡实，牛膝，淫羊藿，熟地黄，补骨脂,杜仲
TCMF11543,肾精不足，腰膝酸软，神疲乏力，头晕耳鸣，失眠多梦，食欲不振,黄精，沙苑子，炙黄芪，杜仲，党参，肉苁蓉，菟丝子，枸杞子，白术，莲子，芡实，牛膝，淫羊藿，熟地黄，补骨脂,制何首乌
TCMF5686,"心悸, 不寐, 耳鸣, 眩晕",党参，酸枣仁，茯苓，白术，莲子，山药，丹参，大枣，龙眼肉，石菖蒲，陈皮,远志
TCMF12329,胃溃疡、十二指肠溃疡、急慢性胃炎、胃痛、胃胀、消化不良。,余甘子，天竺黄，荜茇，干姜，红花，西红花，木香，土木香，沉香，诃子，丁香，肉桂，人工牛黄,香附
TCMF9150,心悸，胸闷，气短，失眠，多梦。,麦冬，丹参，黄芪，茯苓，郁金，金银花，淫羊藿，桂枝，人参，紫石英,枳壳
TCMF11002,跌打损伤，瘀血肿痛，风湿痹痛。,血竭，红花，乳香，没药，甘松，木香，香附，细辛，白芷，制草乌，制川乌，朱砂，冰片,三七
TCMF11127,肺热咳嗽，痰多粘稠，气喘胸闷。,百部，麦冬，浙贝母，知母，款冬花，苦杏仁，玄参，罂粟壳,紫菀
TCMFx258,"小儿饮食积滞, 痰热蕴肺所致的咳嗽, 夜间加重, 喉间痰鸣, 腹胀, 口臭",山楂，枳实，瓜蒌，葶苈子，槟榔，枇杷叶，莱菔子，桔梗，蝉蜕,连翘
TCMF7635,脾胃虚弱，食欲不振，肢体乏力，腹泻等。,生姜，茯苓，白术,甘草
TCMFx3217,"心悸, 不寐, 遗精, 盗汗",人参，淫羊藿，黄芪，灵芝，何首乌，黄精，麦冬，当归，知母，黄柏，天花粉，五味子,菟丝子
TCMF8165,风寒湿痹，关节疼痛，肌肉酸痛，屈伸不利。,川乌，木瓜，牛膝，桂枝,乌梅
TCMF7806,月经不调，痛经，带下病，不孕症,黄芩，益母草，党参，白术，补骨脂，何首乌，茯苓，砂仁，陈皮，郁金，柴胡，秦艽，威灵仙，白芍，牡丹皮，黄连，苍术，白芷,黄芪
TCMF10133,湿阻脾胃，脘腹胀满，呕吐恶心，不思饮食，肢体沉重。,苍术，陈皮，砂仁，木香，甘草,厚朴
TCMFx4421,绝经前后诸症,淫羊藿，山楂，党参，附子，玉竹，肉苁蓉，黄芪，牡丹皮,冰片
TCMF7624,感冒初期，发热恶寒，头痛身痛，咳嗽咽痛。,柴胡，川芎，独活，羌活，枳壳，桔梗，茯苓，生姜，甘草,前胡
TCMF10233,小儿感冒引起的咳嗽、痰多。,麻黄，石膏，苦杏仁，百部，前胡，紫菀，款冬花，枇杷叶，甘草,桔梗
TCMF11354,小儿疳积，虫积腹痛，消化不良，食欲不振。,雷丸，榧子，使君子，苦楝皮，徐长卿，小茴香，莲子，鸡内金，炉甘石,海螵蛸
TCMF10916,风寒湿痹，肢体麻木，筋骨疼痛，跌打损伤，瘀血肿痛。,荆芥，防风，羌活，苍术，天麻，麻黄，制何首乌，川芎，当归，石斛，全蝎，朱砂，雄黄,细辛
TCMFx5328,"月经失调, 腹痛",当归，白术，香附，熟地黄，益母草，木香，丹参，鸡血藤,续断
TCMF11875,感冒，头痛，发热，恶寒，鼻塞，流涕，咳嗽，痰多。,广藿香，香薷，紫苏叶，防风，白芷，茯苓，佩兰，半夏，陈皮，大腹皮,苦杏仁
TCMF609,"乳癖, 乳核",柴胡，香附，青皮，赤芍，丹参，王不留行，鸡血藤，牡蛎，昆布，淫羊藿，菟丝子,海藻
TCMF9144,气虚血瘀，胸痹心痛，中风偏瘫，肢体麻木。,人参，黄芪，丹参，红花，川芎，茯苓，甘草，黄芩，玄参，制何首乌，山楂，三七，蒲黄，水蛭,葛根
TCMF7029,"痢疾, 便脓血, 腹痛, 里急后重",白芍，当归，黄芩，黄连，大黄，木香，槟榔，甘草,肉桂
TCMF7622,口腔溃疡，牙龈肿痛，皮肤湿疹。,儿茶，黄柏,黄连
TCMF10406,乳腺增生，乳痛症，乳腺炎等。,鹿角霜,鹿衔草
TCMF11290,消化不良，食欲不振，脘腹胀满，呕吐泄泻。,甘草，麦芽，草果，苍术，厚朴，山楂，陈皮，枳实，鸡内金,槟榔
TCMFx4329,"急惊风, 癫痫, 疟疾",大黄，桔梗，细辛，常山，天麻，地龙，白附子，薄荷，防风，枳壳，冰片，巴豆霜，猪牙皂，僵蚕，全蝎，胆南星，麻黄，朱砂，麝香,羌活
TCMFx6661,"清热解毒, 消炎退热。用于上呼吸道感染, 病毒性感冒, 流感等病毒性感染疾患, 症见头痛, 发热, 流涕, 咳嗽等。",桔梗，桑叶，连翘，荆芥，薄荷，紫苏叶，苦杏仁，芦根，菊花，甘草,鱼腥草
TCMF12297,心悸失眠，神志不清，头晕目眩，消化不良。,肉豆蔻，沉香，姜黄，乳香，大蒜，广枣，诃子，丁香,余甘子
TCMF391,胃及十二指肠溃疡,浙贝母,海螵蛸
TCMFx4428,"肝胆火旺, 大便秘结, 小便赤涩",芦荟，当归，大黄，栀子，黄芩，青黛，木香,龙胆
TCMF8082,肝硬化，肝纤维化，慢性肝炎等,党参，白术，当归，甘草，茯苓，砂仁，青皮，枳实，白茅根，茜草，柴胡，地龙，鳖甲,白芍
TCMF8590,食积停滞，脘腹胀满，大便秘结。,大黄，厚朴，苍术，陈皮，鸡内金，甘草,枳实
TCMF3115,咳嗽,石吊兰，板蓝根，百部，杠板归,重楼
TCMF12498,发热，咽喉肿痛，腮部肿胀，乳部红肿疼痛，口干舌燥,重楼，草乌，艾叶，蒲公英，当归，红花，大蒜,天然冰片
TCMFx3266,"感冒, 咳嗽",黄芩，黄连，胆南星，天竺黄，前胡，浙贝母，桔梗，苦杏仁，陈皮，化橘红，法半夏，茯苓，甘草，紫苏叶，木香，葛根，枳壳，冰片，党参，朱砂,羌活
TCMF11178,咳嗽，痰多，气喘，胸闷。,百部，浙贝母，天冬，玉竹，紫苏叶，紫苏子，茯苓，白茅根，瓜蒌子，南沙参，款冬花，紫菀，白及，麻黄，白芍，枳实，苦杏仁，枇杷叶,桔梗
TCMF9504,气虚血瘀，心神不宁，头晕目眩，肢体麻木。,黄芪，党参，当归，天麻，钩藤，茯苓，酸枣仁，半夏，僵蚕，薄荷，防风，甘草,川芎
TCMF11395,清热解毒，润肺止咳，用于风热感冒，咽喉肿痛，咳嗽痰多。,川贝母，麦冬，石斛，黄芩，玄参，薄荷，胖大海，赤芍，牡丹皮，薏苡仁，泽泻，蝉蜕，僵蚕，甘草,木蝴蝶
TCMF4426,痹病,甜瓜子，土鳖虫，地龙，桂枝，郁金，骨碎补，续断，马钱子,自然铜
TCMFx3921,痹病,熟地黄，淫羊藿，骨碎补，狗脊，女贞子，肉苁蓉，牛膝，莱菔子,鸡血藤
TCMF11265,中风昏迷，痰涎壅盛，关窍不利，神志不清。,麝香，冰片，生姜，珍珠，雄黄,牛黄
TCMF7484,郁病,香附，木香，青皮，陈皮，枳壳，川芎，白芍，三棱，莪术，茯苓，栀子，大黄，甘草,黄芩
TCMF9649,湿热瘀阻所致的皮肤病，如湿疹、皮炎、皮肤瘙痒等。,丹参，黄芩，甘草，当归，白鲜皮，蝉蜕,土茯苓
TCMF8029,慢性乙型肝炎，肝功能异常，胁痛，黄疸。,土茯苓，车前子，丹参，夏枯草，山豆根，炙甘草，垂盆草，红花，野菊花,蒲公英
TCMF9583,跌打损伤，骨折，风湿痹痛,麝香，冰片，泽兰，红花，三棱，络石藤，威灵仙，草乌，当归，三七，牛膝，两面针,川乌
TCMF10008,痰热阻肺，咳嗽痰多，胸闷气促，咽痛声哑。,泽兰，旋覆花，黄芪，薏苡仁，大黄，川木通，栀子，金银花，甘草,浙贝母
TCMF9856,体虚感冒，发热恶寒，头痛鼻塞，咳嗽痰多，四肢乏力。,黄芪，芦根，桔梗，白术，金银花，板蓝根，玄参,麦冬
TCMF12328,脾胃虚弱，食积不化，脘腹胀满，恶心呕吐，食欲不振。,广藿香，甘草，茯苓，麦芽，草豆蔻，豆蔻，砂仁，白术，木香，山楂，香附，莱菔子，丁香，陈皮，青皮，枳壳，高良姜,肉桂
TCMF10085,月经不调，痛经，产后瘀血，腰膝酸软，脾胃虚弱。,丹参，荆芥穗，益母草，杜仲，白芍，茯苓，白术，豆蔻，砂仁，木香，苍术，厚朴，红花，赤芍，附子，牡丹皮，山楂，甘草,木瓜
TCMF10228,小儿感冒发热、咳嗽、气喘。,苦杏仁，石膏，金银花，板蓝根，甘草,麻黄
TCMF7657,伤暑,乌梅，薄荷，甘草,紫苏叶
TCMF7859,风寒湿痹，关节疼痛，四肢麻木，腰膝酸软。,附子，党参，当归，淫羊藿，肉桂,制川乌
TCMF7727,高脂血症，肥胖症，动脉硬化。,山楂，泽泻，决明子，荷叶，何首乌，茵陈，大黄,丹参
TCMF7162,火热内盛，咽喉肿痛，牙龈肿痛，口舌生疮，目赤肿痛。,牛黄，黄芩，大黄，桔梗，冰片，甘草,石膏
TCMF12298,水肿，腹胀，小便不利，湿热内蕴。,知母，黄芩，茯苓，猪苓，姜黄，砂仁，党参，黄连，厚朴，半夏，陈皮，枳实，泽泻,白术
TCMF11432,咳嗽，痰多，胸闷，咽喉肿痛,麦冬，浙贝母，黄芩，桔梗，苦杏仁，枇杷叶,甘草
TCMF11268,肝硬化，肝脾肿大，肝区疼痛，脘腹胀满，食欲不振。,黑豆，昆布，三棱，莪术，郁金，半边莲，白术，红花，茵陈，虎杖，大黄，制何首乌，海藻，白芍，木瓜，桃仁，柴胡，当归，熟地黄,香附
TCMF9732,风寒湿痹，关节疼痛，肌肉酸痛，筋骨不利。,麻黄，桂枝，独活，秦艽，川芎，当归，木瓜，甘草,羌活
TCMF12308,风湿痹痛，跌打损伤，瘀血肿痛，筋骨疼痛。,没药，乳香，天麻，大黄，马钱子，阿魏，白芷，川芎，玄参，肉桂,红花
TCMF9365,脾胃虚弱，气虚下陷，久泻脱肛，子宫脱垂，崩漏下血。,黄芪，党参，白术，甘草，当归，升麻，柴胡,陈皮
TCMF8101,肝肾阴虚，头晕目眩，腰膝酸软，耳鸣耳聋，须发早白。,制何首乌，熟地黄，女贞子，五味子，当归，白芍，黄芪，党参，茯苓，泽泻，牡丹皮，牛膝，川芎，甘草,墨旱莲
TCMF10942,肺肾两虚，久咳虚喘，痰中带血，腰膝酸软。,红参，黄精，麦冬，核桃仁，百部，浙贝母，茯苓，当归，陈皮，乌梢蛇，龟甲胶，鹿角胶，桔梗，白及,蛤蚧
TCMFx3852,痹病,杜仲，川牛膝，木瓜，桑枝，续断，秦艽，桂枝，油松节，海风藤,狗脊
TCMFx3786,"感冒, 风温, 麻疹",葛根，荆芥，薄荷，金银花，连翘，蝉蜕,牛蒡子
TCMF10214,小儿脾胃虚弱，食欲不振，大便稀溏，肢倦乏力。,党参，白术，茯苓，莲子，陈皮，蜂蜜,山楂
TCMFx4235,热淋,柴胡，五味子，萹蓄，黄柏，白芷，续断，桑寄生,甘草
TCMF12231,清热解毒，凉血活血，用于治疗湿热下注所致的带下病、淋证、尿频尿急、尿道涩痛等。,黄芩，黄柏，栀子，金银花，白芍，川芎，当归,黄连
TCMF9127,肾虚失眠，心悸怔忡，腰膝酸软，畏寒肢冷。,鹿茸，制何首乌，干姜，百合，酸枣仁，大枣，甘草,淫羊藿
TCMFx5254,"眩晕, 耳鸣",山楂，夏枯草，菊花，泽泻，决明子,小蓟
TCMF12443,月经不调，经水延期，带下量多，色黄或白，质稠，腰膝酸软，小腹冷痛，不孕,当归，川芎，白芍，香附，阿胶，熟地黄,艾叶
TCMF11014,肝气郁结，胸胁胀痛，脘腹胀满，食欲不振，大便不畅。,柴胡，黄芩，紫苏梗，香附，茯苓，甘草，三棱，莪术，豆蔻，木香，大黄，白芍，厚朴，山楂，当归，防风，姜半夏，陈皮,薄荷
TCMF9011,冠心病，心绞痛，心肌梗死。,丹参，桃仁，川芎，赤芍，降香，冰片,红花
TCMF12386,面黄肌瘦，腹部膨胀，食欲不振，夜卧不宁，大便不调,胡黄连，木香，川楝子,当归
TCMF9362,脾胃虚弱，中气下陷，久泻脱肛，子宫脱垂，崩漏下血，眩晕耳鸣，气短乏力。,炙黄芪，党参，白术，炙甘草，柴胡，当归，陈皮，生姜，大枣,升麻
TCMF3084,"积滞, 疳病, 夜啼",太子参，薏苡仁，茯苓，白扁豆，甘草，白术，麦芽，山楂，北沙参，山药，陈皮，石菖蒲，莲子,芡实
TCMF10037,更年期综合征，月经不调，心悸失眠，头晕耳鸣。,刺五加，当归，牡丹皮,赤芍
TCMF260,咳嗽,紫苏叶，葛根，川贝母，苦杏仁，枇杷叶，紫苏子，桑白皮，前胡，射干，栀子，黄芩，知母，板蓝根，人工牛黄，冰片,菊花
TCMF9660,气血两虚，面色苍白，头晕目眩，心悸失眠，食欲不振，四肢乏力。,炙黄芪，党参，当归，熟地黄，白术，茯苓，白芍，川芎，炙甘草,肉桂
TCMFx6349,"咳嗽, 哮病, 喘病",罂粟壳，桔梗，麻黄,甘草
TCMF10204,乳癖，乳痈，乳腺增生，乳房胀痛。,浙贝母，莪术，大黄，柴胡，川芎，当归，香附，王不留行，青皮，土鳖虫,白芍
TCMF7432,风痱,黄芪，川芎，赤芍，桃仁，红花，地龙，水蛭，土鳖虫，全蝎，天麻，僵蚕，胆南星，石菖蒲，远志，丹参，鸡血藤，钩藤，决明子，牛膝，枳壳，甘草,当归
TCMF7312,绝经前后诸症,五味子，丹参，知母，茯苓，川芎，甘草,酸枣仁
TCMF11628,胆石症，胆囊炎，胆道感染。,金钱草，黄芩，茵陈，大黄，栀子，郁金，三棱，乳香，没药，白矾，甘草,陈皮
TCMF7765,小儿脾胃虚弱，食少便溏，面黄肌瘦，消化不良。,白术，茯苓，莲子，芡实，北沙参，麦芽，山楂，白扁豆，薏苡仁,山药
TCMF8691,脑动脉硬化，脑供血不足，记忆力减退，头痛眩晕。,人参，丹参，补骨脂，茯苓，何首乌，赤芍，石菖蒲，远志,川芎
TCMF11031,胸膈痞满，胃脘疼痛，呕吐恶心，嗳气吞酸，饮食无味，腹痛泄泻。,沉香，木香，豆蔻，砂仁，陈皮，青皮，佛手，郁金，片姜黄，川芎，白芍，甘草,山楂
TCMF9199,脑动脉硬化，脑血栓形成，脑栓塞，高血压，眩晕，头痛。,金钱草，川芎，丹参，桃仁，牛膝，钩藤，石决明，夏枯草，珍珠母,红花
TCMF7375,"益气养血, 扶正固本。适用于贫血患者气血两虚证。",人参，当归，枸杞子，阿胶，何首乌，灵芝，丹参，五味子，酸枣仁,黄芪
TCMF10684,寒湿痹痛，脾胃虚寒，心悸失眠。,肉豆蔻，沉香，丁香，石菖蒲，珍珠，磁石,制草乌
TCMFx4245,"月经失调, 闭经",当归，红花，大黄，猪牙皂,牵牛子
TCMF38,"风湿性关节炎, 腰肌劳损, 跌打损伤",独活，杜仲，秦艽，防风，党参，当归，茯苓，白芍，熟地黄，牛膝，桂枝，细辛，甘草，川芎,槲寄生
TCMF8267,咳嗽，痰多，气喘。,百部，麦冬，五味子，苦杏仁，枇杷叶，前胡，甘草,浙贝母
TCMFx3208,痹病,老鹳草，桑白皮，豨莶草,丁公藤
TCMF8282,慢性胃炎，胃溃疡，十二指肠溃疡，胃痛，胃胀，消化不良等症状。,半枝莲，苍术，木香，白及，三七，肉桂，海螵蛸,黄连
TCMF7611,癫狂病,牛黄，朱砂，珍珠，黄连，黄芩，栀子，郁金，胆南星，冰片，雄黄,巴豆霜
TCMF4658,"粉刺, 口疮, 牙痛, 喉痹, 便秘",栀子，金银花，大黄，黄连，桔梗，薄荷，黄柏，甘草,黄芩
TCMFx4333,"感冒, 中暑, 呕吐, 腹泻",广藿香，紫苏叶，白芷，白术，陈皮，半夏，茯苓，桔梗，甘草，大腹皮，大枣，生姜,厚朴
TCMF7761,感冒发热，头痛身疼，咳嗽咽痛，大便干燥。,薄荷，荆芥穗，黄芩，连翘，大黄，麻黄，白芍，甘草，滑石,防风
TCMF10134,脾胃虚弱，食欲不振，脘腹胀满，恶心呕吐。,广藿香，甘草，茯苓，豆蔻，砂仁，白术，木香，厚朴，半夏，陈皮,香附
TCMFx6884,"清热解毒。用于火热内盛, 咽赤肿痛, 牙龈肿痛, 口舌生疮, 目赤肿痛。",人工牛黄，大黄，石膏，黄芩，桔梗，甘草,冰片
TCMF7836,更年期综合征，月经不调，心悸失眠，潮热汗出，头晕耳鸣，腰膝酸软。,熟地黄，枸杞子，山茱萸，五味子，当归，赤芍，知母，黄柏，茯苓，远志，人参,淫羊藿
TCMF7736,上呼吸道感染，支气管炎，肺炎，扁桃体炎，腮腺炎等。,鱼腥草,金银花
TCMF8562,肾虚咳嗽，气短乏力，腰膝酸软。,蛤蚧，黄芪，白芍，苦杏仁，五味子，桑白皮，玄参，茯苓，当归，甘草,川贝母
TCMFx6368,"痢疾, 腹泻, 腹痛",人参，白术，茯苓，苍术，广藿香，木香，丁香，檀香，砂仁，肉豆蔻，肉桂，吴茱萸，芡实，薏苡仁，车前草，滑石，黄连，诃子，天冬，麦冬，槟榔,白扁豆
TCMF7888,湿热下注所致的淋证，症见小便短赤、淋沥涩痛、口燥咽干等。,车前子，川木通，萹蓄，瞿麦，滑石，栀子，灯心草，甘草,大黄
TCMF9032,中风后遗症，脑动脉硬化，脑血栓形成，脑栓塞，高血压，高血脂。,三棱，莪术，红花，桃仁，川芎，地龙，麝香,丹参
TCMF8803,气滞血瘀所致的头痛、眩晕、胸痛、心悸、失眠；冠心病、心绞痛、高血压、脑动脉硬化等见上述证候者。,丹参，红花，赤芍，木香，香附，山楂,川芎
TCMF10967,脾肾两虚，腰膝酸软，食欲不振，神疲乏力。,炙甘草，红参，白术，山药，肉苁蓉，女贞子，覆盆子，山茱萸，菟丝子，白芍，陈皮,锁阳
TCMF9402,肾虚腰痛，神疲乏力，头晕耳鸣，失眠多梦，遗精早泄。,人参，鹿茸，炙黄芪，肉苁蓉，巴戟天，沙苑子，山茱萸，山药，当归,熟地黄
TCMF8657,感冒发热，咽喉肿痛，咳嗽。,荆芥，四季青，大青叶,牛蒡子
TCMF9268,乳腺增生，乳癖，甲状腺结节,浙贝母，昆布,夏枯草
TCMF7577,风湿性关节炎，类风湿性关节炎，瘫痹证等。,全蝎，蜈蚣，地龙，鸡血藤，络石藤，海风藤，钩藤,僵蚕
TCMF2939,"月经失调, 痛经, 带下病",当归，川芎，党参，白术，香附，白芍，黄芩，茯苓，牡丹皮，陈皮，白薇，甘草，续断，杜仲，菟丝子，桑寄生，砂仁，延胡索，肉桂，阿胶，荆芥，艾叶,熟地黄
TCMF12162,气滞血瘀，胸胁胀痛，脘腹胀满，饮食不消。,莪术，郁金，香附，槟榔，青皮，陈皮，枳壳，厚朴，三棱，大黄，芒硝,木香
TCMF12160,风寒湿痹，关节疼痛，肢体麻木，腰腿疼痛。,野木瓜，白芷，川芎，细辛，羌活，独活，防风，苍术，当归，白芍，甘草,赤芍
TCMF9706,失眠多梦，记忆力减退，头晕耳鸣，心悸怔忡。,酸枣仁，丹参，当归，合欢皮，党参，何首乌，枸杞子，桑椹，葛根，石菖蒲，牛膝，远志,柏子仁
TCMFx3886,"惊悸, 不寐, 眩晕, 耳鸣",龟甲胶，鹿角胶，酸枣仁，远志，茯苓，熟地黄，当归，川芎，黄芪，党参，白芍，丹参，白术，山药，芡实，甘草,砂仁
TCMF11128,肺燥咳嗽，痰少难咳，咽干口渴。,百合，麦冬，浙贝母，知母，款冬花，紫菀，苦杏仁，罂粟壳,玄参
TCMF8558,胃痛，胃胀，呕吐，嗳气，消化不良。,半夏，生姜，豆蔻，砂仁，木香，五味子，甘草,薄荷
TCMF9078,月经不调，痛经，不孕症，带下病。,熟地黄，阿胶，当归，白芍，川芎，香附，杜仲，续断，艾叶,黄芩
TCMF7446,"益气补血, 通络生乳。用于气血亏虚所致的产后缺乳病。症见产后气血不足, 乳汁少, 甚或全无, 乳汁清稀, 乳房柔软等。",黄芪，当归，白芍，熟地黄，通草，王不留行，穿山甲，漏芦，鹿角霜，路路通，木通，甘草,天花粉
TCMF12439,面色苍白，四肢无力，月经不调，腹痛绵绵,当归，熟地黄，白芍，川芎，香附，白术，茯苓，黄芪，人参，砂仁，吴茱萸，陈皮，小茴香，延胡索，肉桂，炙甘草,阿胶
TCMF10981,气血两虚，头晕目眩，心悸失眠，食欲不振，四肢乏力。,红参，党参，白术，茯苓，熟地黄，当归，白芍，五味子，远志，陈皮，炙甘草，鹿茸，肉桂,炙黄芪
TCMF11639,胆石症，胆囊炎，胆道感染。,决明子，茵陈，大黄，牡丹皮，木香，厚朴，枳实，山楂，桃仁，川芎，香附，法半夏，黄柏，枳壳，桂枝,金钱草
TCMF10472,跌打损伤，瘀血肿痛,红花,血竭
TCMFx4180,"胁痛, 胃脘痛",沉香，佛手，木香，檀香，豆蔻，枳壳，厚朴，川楝子，延胡索，陈皮，片姜黄，白芍，茯苓,砂仁
TCMF12339,风痰阻窍所致的头晕目眩、痰涎壅盛、神志混乱、言语不清及惊风抽搐、癫痫,牛黄，麝香，冰片，黄连，栀子，当归，川芎，白芍，阿胶，麦冬，甘草,黄芩
TCMF9453,乳癖，乳痈，乳腺增生，乳房胀痛。,鸡血藤，昆布，天花粉，红花，漏芦，木香，蒲公英，海藻，赤芍，牡丹皮，连翘，三七，玄参，鹿角,夏枯草
TCMF10140,感冒发热，头痛，咳嗽，咽痛。,知母，石膏，薄荷，广藿香，荆芥穗，香薷，连翘，金银花，射干，甘草,板蓝根
TCMF7311,黄疸，湿热内蕴，腹胀便秘。,茵陈，大黄，枳实，厚朴，芒硝，甘草,栀子
TCMF9543,肝肾不足，气血两虚，腰膝酸软，头晕目眩，心悸失眠。,黄芪，党参，熟地黄，山茱萸，枸杞子，麦冬，五味子，茯苓，川芎，当归，防风，羌活，龟甲胶，陈皮,白术
TCMFx3075,"胃脘痛, 腹胀",甘草，陈皮，柴胡，沉香，砂仁，豆蔻，木香，厚朴，枳壳，姜黄，香附，青皮,延胡索
TCMF12328,脾胃虚弱，食积不化，脘腹胀满，恶心呕吐，食欲不振。,广藿香，甘草，麦芽，草豆蔻，豆蔻，砂仁，白术，木香，山楂，香附，莱菔子，丁香，陈皮，青皮，枳壳，肉桂，高良姜,茯苓
TCMF7326,治疗急性支气管炎，感冒后咳嗽、慢性支气管炎急性发作等呼吸系统疾病。,鱼腥草，四季青，麻黄,金荞麦
TCMF9892,痹证，腰腿疼痛，肢体麻木，骨质疏松。,红花，川芎，当归，赤芍，牛膝，桂枝，桑寄生，续断，骨碎补，狗脊，淫羊藿，鸡血藤，熟地黄，枸杞子，菟丝子，鹿角胶，龟甲胶，甘草,丹参
TCMF11523,中风，癫痫，惊风，眩晕，头痛，心悸，失眠。,天麻，血竭，人参，冰片，朱砂，雄黄，麝香,蟾酥
TCMF3966,痢疾,黄芩,白矾
TCMF8009,暑热伤津，口渴心烦，食欲不振，恶心呕吐。,乌梅，忍冬藤,山楂
TCMF8101,肝肾阴虚，头晕目眩，腰膝酸软，耳鸣耳聋，须发早白。,制何首乌，熟地黄，女贞子，墨旱莲，当归，白芍，黄芪，党参，茯苓，泽泻，牡丹皮，牛膝，川芎，甘草,五味子
TCMF341,胸痹,丹参，川芎，红花，赤芍，三七，降香,槐花
TCMF9052,慢性肾功能衰竭，尿毒症，水肿，尿少，尿频，尿急，尿痛，血尿，蛋白尿等。,麦冬，土茯苓，丹参，槐花，白茅根，葶苈子，红花，大黄，连翘，钩藤，栀子，地榆，枸杞子，金银花，黄柏，桂枝，牡蛎，青黛,人参
TCMF10256,小儿外感风热所致的咳嗽，症见咳嗽、痰黄、咽痛、发热。,黄芩，百部，川贝母，知母，荆芥，桔梗，紫菀，苦杏仁，桑白皮，陈皮，甘草,地骨皮
TCMF9296,月经不调，崩漏，带下病，功能性子宫出血。,墨旱莲，白芍，赤芍，牡丹皮，女贞子，地榆，地骨皮，枸杞子，黄柏，海螵蛸,茜草
TCMF11445,瘀血内阻，症见月经不调，痛经，闭经，产后瘀血腹痛，症瘕积聚。,丹参，黄芪，党参，三棱，莪术，鸡血藤，当归，土茯苓，苦参，白术，山药，炮姜，川楝子，延胡索，芡实，肉桂，土鳖虫，全蝎,鱼腥草
TCMF12287,头痛，偏头痛，风寒感冒，鼻塞流涕,白芷，防风，羌活,制天南星
TCMF10595,风热感冒，发热头痛，咳嗽口干，咽喉疼痛。,薄荷，荆芥，金银花，连翘，淡豆豉，牛蒡子，淡竹叶，芦根，甘草,桔梗
TCMF8561,先兆流产，习惯性流产，肾虚型不孕症。,杜仲，续断，菟丝子，山药，熟地黄，枸杞子，巴戟天，白芍，五味子，牡蛎，阿胶,白术
TCMFx3835,"虚劳, 解?, 眩晕, 腰痛",蛤蚧，党参，枸杞子，当归，茯苓，熟地黄，女贞子，甘草，山药，木瓜，狗脊，白术，巴戟天，续断，杜仲，黄精，骨碎补,黄芪
TCMFx46,"咳嗽, 支气管炎",枇杷叶，百部，白前，桑白皮，桔梗，薄荷,罂粟壳
TCMF11915,气血两虚，头晕目眩，心悸失眠，月经不调。,白术，墨旱莲，女贞子，当归，香附，山药，三七，熟地黄,党参
TCMF7530,月经不调，痛经，经闭，产后腹痛。,当归，白芍，熟地黄，川芎，香附，甘草,延胡索
TCMF10098,风湿性关节炎，类风湿性关节炎，强直性脊柱炎，骨关节炎等。,补骨脂，黄芪，郁金，当归，半夏，人参，蟾酥,马钱子粉
TCMF7296,湿浊阻滞气机，胸膈痞闷，脘腹胀痛，呕吐恶心，嗳气纳呆。,木香，香附，厚朴，青皮，槟榔，陈皮，砂仁，苍术，甘草,枳壳
TCMF8279,胃溃疡，十二指肠溃疡，慢性胃炎。,浙贝母,延胡索
TCMF9532,冠心病，心绞痛，心律失常，高脂血症，高血压等心脑血管疾病。,人参，麦冬，丹参，葛根，决明子，灵芝，何首乌，红花，川芎，香附，海藻，三七，蒲黄，佛手,黄芪
TCMF4967,"中暑, 急惊风",麝香，蟾酥，冰片，猪牙皂，荆芥穗，灯心草,闹羊花
TCMFx7038,"喉痛声哑, 失音",连翘，川芎，砂仁，诃子，儿茶，薄荷，大黄，甘草,桔梗
TCMFx3909,"水肿, 消渴, 喘病",熟地黄，山茱萸，牡丹皮，茯苓，泽泻，肉桂，附子,山药
TCMF7997,咳嗽，气短，乏力，肺虚,浙贝母，天花粉，白及，冬虫夏草，甘草，槟榔,太子参
TCMF532,鼻炎,细辛，荆芥，白芷，黄芪，黄芩，防风，苍耳子，白术，石菖蒲,桂枝
TCMF11595,脾胃虚弱，肝郁气滞，食欲不振，胸胁胀痛。,麦芽，郁金，白芍,黄精
TCMF8608,肝郁气滞，痰湿内阻所致的目赤肿痛，视物昏花，羞明流泪。,紫苏梗，合欢皮，茯苓，豆蔻，砂仁，生姜，厚朴，胆南星，法半夏，橘红，青皮，木蝴蝶，槟榔，蝉蜕,枳实
TCMF12032,脾胃虚弱，气血不足，心悸失眠，食欲不振。,黄芪，人参，麦冬，当归，阿胶，丹参，鸡血藤，茯苓，灵芝，五味子，酸枣仁，龙眼肉，肉桂,山楂
TCMF10120,月经不调，痛经，经行腹痛，乳房胀痛，带下量多。,香附，当归，白芍，川芎，党参，白术，茯苓，黄芩，天冬，山茱萸，酸枣仁，熟地黄，延胡索，陈皮，阿胶，艾叶，砂仁，甘草,益母草
TCMF10523,外感风热，发热头痛，咽喉肿痛，咳嗽痰黄。,黄芩，石膏，薄荷，知母，芦根，连翘，板蓝根，大青叶，牛黄,柴胡
TCMF10296,肾阳不足，腰膝酸软，畏寒肢冷，夜尿频多，阳痿早泄。,附子，肉桂，杜仲，补骨脂，锁阳，淫羊藿，党参，白术，山茱萸，女贞子，覆盆子，五味子，柏子仁，远志，车前子，沙苑子，葛根，蛇床子,鹿衔草
TCMF12308,风湿痹痛，跌打损伤，瘀血肿痛，筋骨疼痛。,没药，乳香，红花，天麻，马钱子，阿魏，白芷，川芎，玄参，肉桂,大黄
TCMF8334,肝肾不足，腰膝酸软，头晕目眩，神疲乏力。,熟地黄，淫羊藿，枸杞子，菟丝子，鹿角胶，龟甲胶，狗脊，杜仲，续断，牛膝，党参，白术，茯苓，甘草,巴戟天
TCMF12312,脾胃虚寒，腹痛泄泻，血虚萎黄。,炮姜，黄连，当归,阿胶
TCMF3458,"鼻渊, 鼻息肉",鹅不食草,辛夷
TCMF8588,冠心病，心绞痛，心肌缺血，胸闷，心悸。,丹参，川芎，薤白，降香，郁金，黄芪，当归，赤芍，葛根，决明子，安息香，苏合香，乳香，没药，白芷，土木香，沉香，香附，菊花,首乌藤
TCMF8485,气血两虚，肝肾不足，头晕目眩，腰膝酸软，食欲不振，心悸失眠。,红参，当归，熟地黄，制何首乌，茯苓，白术，枸杞子，女贞子，白芍，川芎，桑椹，半夏，陈皮,黄芪
TCMF6095,"湿阻, 痈疽, 疔疮, 疮疡",麝香，冰片，朱砂，雄黄，红大戟，五倍子，山慈菇,千金子霜
TCMF11228,骨质疏松症，骨关节疼痛，腰膝酸软。,知母，莪术，赤芍，川芎，淫羊藿，续断，牡蛎,三棱
TCMF8819,胆石症，胆囊炎，胆道感染。,金钱草，茵陈，木香，厚朴，枳实，大黄，槟榔，芒硝,黄芩
TCMFx4344,"感冒, 腹痛, 呕吐, 腹泻",广藿香，紫苏叶，白芷，白术，法半夏，厚朴，茯苓，桔梗，甘草，大腹皮，大枣，生姜,陈皮
TCMF10052,脾胃虚寒，消化不良，食欲不振，腹部胀痛，泄泻。,荜茇，红花，肉桂，石榴皮,豆蔻
TCMF9576,寒凝气滞所致的脘腹冷痛，胸胁胀痛，痛经。,附子，肉桂，大黄，桃仁，当归，防风，羌活，丁香，僵蚕，麝香,阿魏
TCMF3669,带下病,白术，苍术，党参，陈皮，山药，甘草，车前子，柴胡，白芍,荆芥
TCMF10800,中风后遗症，瘫痹不遂，肢体麻木，言语不清，口眼歪斜，头痛眩晕。,蜈蚣，全蝎，地龙，土鳖虫，乌梢蛇，冰片，牛黄，天麻，防风，羌活，独活，威灵仙，秦艽，络石藤，苍术，白术，当归，川芎，红花，丹参，鸡血藤，海风藤，忍冬藤,麝香
TCMF11507,清热解毒，用于治疗感冒发热，咽喉肿痛，咳嗽痰多。,川贝母，麦冬，天花粉，薄荷，桔梗，牛蒡子，大黄，连翘，金银花，板蓝根，大青叶，山楂，玄参，僵蚕,黄芩
TCMF7858,月经不调，痛经，产后恶露不绝,益母草，当归，川芎，桃仁，续断，干姜，甘草,红花
TCMF8296,风寒湿痹，关节疼痛，脘腹冷痛，慢性胃炎，胃及十二指肠溃疡。,苍术，麻黄，八角茴香，吴茱萸，冰片,当归
TCMF9996,寒凝血瘀所致的月经不调，痛经，闭经，小腹冷痛，四肢不温。,附子，肉桂，黄芪，党参，茯苓，白术，郁金，厚朴，沉香,吴茱萸
TCMF8415,跌打损伤，瘀血肿痛，筋骨疼痛。,红花，桃仁，当归，延胡索，香附，白芷，防风，陈皮，甘草,木香
TCMF10117,肾阳不足，腰膝酸软，阳痿早泄，畏寒肢冷。,何首乌，肉苁蓉，巴戟天，仙茅，鹿茸,枸杞子
TCMFx3114,咳嗽,半夏，麻黄，远志，桔梗，前胡，陈皮，白前，细辛,款冬花
TCMF11639,胆石症，胆囊炎，胆道感染。,金钱草，决明子，茵陈，大黄，牡丹皮，木香，厚朴，枳实，山楂，桃仁，川芎，香附，黄柏，枳壳，桂枝,法半夏
TCMFx3961,"疳病, 腹胀, 腹泻",党参，白术，白扁豆，薏苡仁，山药，芡实，莲子，陈皮,茯苓
TCMF10793,血瘀证，肢体麻木，疼痛，中风后遗症。,葛根，黄芪，红花，赤芍，桃仁，三七，川牛膝，水蛭，地龙，蜂蜜,川芎
TCMF11521,跌打损伤，瘀血肿痛，骨折。,儿茶，降香，没药，乳香，红花，当归，骨碎补，三七，血竭，冰片，土鳖虫,大黄
TCMFx4744,胎动不安,杜仲，白术，菟丝子，熟地黄，当归，黄芩，厚朴，黄芪，川芎，陈皮，阿胶，艾叶，白芍，枳壳，砂仁，川贝母，甘草,续断
TCMF11341,感冒发热，头痛鼻塞，咳嗽痰多，咽喉肿痛。,薄荷，黄芩，赤小豆，紫苏子，麻黄，白茅根，淡竹叶，芦根，天花粉，桔梗，苍耳子，菊花，牛蒡子，佩兰，青蒿，紫菀，蓼大青叶，蔓荆子，甘草,荆芥穗
TCMF7629,疟疾，寒热往来，胸腹胀闷，呕吐恶心。,常山，草果，青皮，陈皮，厚朴，甘草,槟榔
TCMF11812,慢性肾炎，肾功能不全，蛋白尿，水肿。,人参，黄芪，丹参，茯苓，泽泻，益母草，甘草,白术
TCMF9982,脾胃虚弱，胃脘疼痛，食欲不振，消化不良。,党参，白术，麦芽，山楂，砂仁，白芍，延胡索，柴胡,黄芪
TCMF4302,"跌打损伤, 痹病",三七，川芎，白芷，当归，土鳖虫,红花
TCMF9602,肝肾不足，筋骨痿软，腰膝酸楚，关节疼痛，屈伸不利。,熟地黄，枸杞子，山茱萸，杜仲，补骨脂，续断，牛膝，狗脊，木瓜，独活，鸡血藤，川芎，当归，白芍，延胡索，乳香，没药，血竭，三七，骨碎补，自然铜，冰片,土鳖虫
TCMF7062,"湿痰咳嗽, 痰多色白, 胸膈胀满, 噁心呕吐, 脾胃不和",半夏，陈皮，甘草，生姜,茯苓
TCMFx3538,鼻渊,苍耳子，野菊花，金银花，茜草,辛夷
TCMF7568,肝气郁结，胸胁胀痛，食欲不振，情绪抑郁。,柴胡，白芍，当归，茯苓，白术，香附，郁金，栀子，牡丹皮，甘草,川芎
TCMFx1010,淋证,瞿麦，木通，大黄，萹蓄，车前子，栀子，甘草,滑石
TCMF4232,"月经失调, 痛经",香附，党参，白术，茯苓，当归，白芍，熟地黄，川芎，甘草,茺蔚子
TCMF9999,肾阳不足，湿热下注所致的前列腺炎、前列腺增生等症。,附子，肉桂，山茱萸，山药，车前子，茯苓，泽泻，虎杖，牡丹皮，瞿麦，牛膝，淫羊藿,熟地黄
TCMF11948,风湿性关节炎，类风湿性关节炎，骨关节炎，腰腿疼痛。,附子，桂枝，独活，威灵仙，防风，伸筋草，骨碎补，白芍，知母，淫羊藿，续断，狗脊，熟地黄,红花
TCMF7549,"祛风除湿, 活血通络, 散寒止痛。用于风湿痹痛。",制川乌，制草乌，红花，木瓜，麻黄，牛膝，甘草,乌梅
TCMF11391,风寒湿痹，腰腿疼痛，肢体麻木，屈伸不利,狗脊，海风藤，秦艽，木瓜，桑枝，油松节，川牛膝，续断，桂枝,杜仲
TCMF11562,骨性关节炎，骨质疏松，骨折恢复期。,丹参，鸡血藤，郁金，枸杞子，三七,牛膝
TCMF11581,脾胃虚弱，消化不良，食欲不振，脘腹胀满，呕吐泄泻。,甘松，广藿香，黄芩，荆芥，紫苏叶，茯苓，稻芽，麦芽，草豆蔻，桔梗，艾叶，苍术，青蒿，徐长卿，厚朴，山楂，白芷，防风,木香
TCMF11729,湿温初起，头痛身重，胸闷不饥，午后身热，苔白不渴。,淡竹叶，薏苡仁，豆蔻，苦杏仁，姜半夏，通草，滑石,厚朴
TCMFx3835,"虚劳, 解?, 眩晕, 腰痛",蛤蚧，党参，黄芪，枸杞子，当归，熟地黄，女贞子，甘草，山药，木瓜，狗脊，白术，巴戟天，续断，杜仲，黄精，骨碎补,茯苓
TCMF6394,"腹泻, 痢疾",人参，白术，茯苓，白扁豆，苍术，广藿香，木香，檀香，砂仁，肉豆蔻，肉桂，吴茱萸，芡实，薏苡仁，车前子，滑石，黄连，诃子，天冬，麦冬，槟榔,丁香
TCMF7642,寒饮咳喘，症见咳嗽气喘，喉中痰鸣，痰多清稀，胸膈满闷，舌苔白滑，脉弦滑或弦紧。,射干，麻黄，生姜，细辛，紫菀，半夏，大枣，五味子,款冬花
TCMFx7161,湿热型及湿热兼气滞型的急、慢性胆囊炎。,金钱草，龙胆，柴胡，大黄，滑石，莪术，青皮,黄芩
TCMF8588,冠心病，心绞痛，心肌缺血，胸闷，心悸。,丹参，川芎，薤白，降香，郁金，黄芪，当归，首乌藤，赤芍，葛根，决明子，安息香，苏合香，乳香，没药，白芷，土木香，沉香，香附,菊花
TCMF9831,风湿痹痛，筋骨疼痛，跌打损伤。,苏木，路路通，草乌，川乌，赤芍，枳实，木瓜，独活，羌活，半夏，天南星，蒲黄，花椒,红花
TCMF39,"发热, 头身痛, 流涕, 口渴, 咽红, 溲黄, 便干",葛根，黄芩，蝉蜕，桂枝，浮萍，白芍,柴胡
TCMFx5122,跌打损伤,当归，防风，枳壳，浙贝母，知母，天南星，瓜蒌，白芷,红花
TCMF11226,风湿痹痛，跌打损伤，筋骨疼痛。,没药，乳香，郁金，红花，血竭，延胡索，秦艽，独活，桂枝，三七，牛膝，马钱子，白芍,木香
TCMF9208,湿热瘀阻所致的淋证，症见尿频、尿急、尿痛、尿道口滴白、小腹疼痛、会阴不适；慢性前列腺炎见上述证候者。,益母草，黄芪，红花，蒲公英，大黄，白芍，柴胡，当归，水蛭，地龙,鸡内金
TCMF11639,胆石症，胆囊炎，胆道感染。,金钱草，决明子，大黄，牡丹皮，木香，厚朴，枳实，山楂，桃仁，川芎，香附，法半夏，黄柏，枳壳，桂枝,茵陈
TCMFx6226,"咳嗽, 便秘",玄参，知母，麦冬，苦杏仁，竹茹，紫苏子，槟榔，桔梗，胆南星，桑白皮，天花粉，瓜蒌子，甘草，紫苏叶,川贝母
TCMF12463,局部肿胀，疼痛拒按，皮下瘀斑，活动受限,大黄，莪术，三棱，红花，三七，川芎，郁金，土鳖虫，徐长卿，木香，泽兰，降香，朱砂根，蒲黄，蜂蜜,天南星
TCMF3034,腹胀,沉香，半夏，枳实，砂仁，陈皮，山楂，大黄，白术，厚朴，黄芩，槟榔，广藿香,木香
TCMF9932,风湿痹痛，跌打损伤，骨折。,草乌，金铁锁,重楼
TCMF12398,头项肿痛，发热恶寒，咽喉肿痛，痰多黄稠，脉洪数,黄芩，柴胡，桔梗，川芎，防风，枳壳，甘草，连翘，射干，白芷，黄连，荆芥,羌活
TCMF12084,支气管哮喘，慢性支气管炎，肺气肿等引起的咳喘。,麻黄，石膏，五味子，洋金花，胆南星，远志，甘草,太子参
TCMF1400,"若脉浮发热, 渴欲饮水, 小便不利者, 猪苓汤主之少阴病, 下利六七日, 咳而呕渴, 心烦不得眠",猪苓，茯苓，泽泻，滑石,阿胶
TCMF8807,感冒发热，咽喉肿痛，咳嗽痰多。,连翘，板蓝根，大青叶，石膏，知母，玄参，麦冬，甘草,金银花
TCMF9763,冠心病，心绞痛，心肌梗死，脑梗死，中风后遗症等,黄芪，西洋参，丹参，当归，桃仁，麦冬，西红花，地龙，全蝎,乳香
TCMF3624,"月经失调, 痛经, 胎动不安, 胎漏, 便血",熟地黄，川芎，白芍，艾叶，当归，阿胶,甘草
TCMF9066,热毒内盛，咽喉肿痛，牙痛，口舌生疮，目赤肿痛。,黄连，黄芩，大黄，石膏，桔梗，冰片，雄黄，甘草,人工牛黄
TCMFx6004,"喉痹, 咳嗽",羚羊角，牛黄，金银花，黄芩，柴胡，板蓝根，冰片,水牛角
TCMF11511,湿热痢疾，肠炎，腹痛，腹泻。,木香，白芍,苦参
TCMFx4180,"胁痛, 胃脘痛",沉香，佛手，木香，檀香，砂仁，枳壳，厚朴，川楝子，延胡索，陈皮，片姜黄，白芍，茯苓,豆蔻
TCMF8664,冠心病，心绞痛，胸闷，心悸。,赤芍，川芎,丹参
TCMF7309,气滞血瘀引起的胃脘痛以及慢性胃炎等见有上述症状者。,荜澄茄，川楝子，延胡索，香附，大黄，黄连，吴茱萸，香橼，海螵蛸，瓦楞子,佛手
TCMF7415,中风偏瘫，半身不遂，肢体麻木。,川芎，丹参，当归，桃仁，红花，茺蔚子，鸡血藤，忍冬藤，络石藤，地龙，土鳖虫，伸筋草，蜈蚣，全蝎，威灵仙，僵蚕，木瓜，金钱白花蛇,川牛膝
TCMF10174,脾胃虚弱，食少便溏，脘腹胀满，呕吐泄泻。,党参，白术，炙甘草，陈皮，半夏，木香，砂仁，生姜，大枣,茯苓
TCMF5758,"咳嗽, 感冒",桔梗，紫苏子，连翘，芦根，菊花，陈皮，远志，白前，款冬花，甘草,桑白皮
TCMFx3101,疳病,山药，芡实，莲子，北沙参，白扁豆，山楂，白术，麦芽,薏苡仁
TCMF9422,风湿性关节炎，类风湿性关节炎，痛风，肢体麻木，关节疼痛。,余甘子，降香，决明子，乳香，荜茇，草果，豆蔻，红花，木香，牛黄,水牛角
TCMF7069,"湿阻脾胃, 脘腹胀满, 噁心呕吐, 噫气吞酸",陈皮，厚朴，甘草，苍术，生姜,大枣
TCMF5306,"水肿, 眩晕, 耳鸣",金樱子，菟丝子，山药，墨旱莲，女贞子，莲须，黄芪，党参，茯苓，紫苏叶，蝉蜕，益母草,白术
TCMFx1196,"肝肾不足, 须发早白, 遗精早泄, 头眩耳鸣, 腰痠背痛",何首乌，当归，补骨脂，枸杞子，菟丝子，牛膝,茯苓
TCMFx5111,"咳嗽, 便秘",黄芩，大黄，知母，天花粉，化橘红，苦杏仁，桑白皮，浙贝母，桔梗，枳壳，甘草，前胡，百部,麦冬
TCMF8197,冠心病，心绞痛，胸闷，心悸，气短。,丹参，红花，当归，延胡索，郁金，乳香，黄精，何首乌，葛根，鸡血藤，冰片,没药
TCMF10122,气血两虚，腰膝酸软，神疲乏力，失眠多梦。,黄精，玉竹，黄芪，鸡血藤，杜仲，制何首乌，肉苁蓉，枸杞子，熟地黄，木香，陈皮，佛手，人参,菟丝子
TCMF9139,小儿感冒，发热，咳嗽，惊风。,淡竹叶，麦芽，天竺黄，钩藤，防风，僵蚕,蝉蜕
TCMF10982,肾虚阳痿，腰膝酸软，畏寒肢冷，精神不振，头晕耳鸣。,韭菜子，补骨脂，杜仲，巴戟天，锁阳，淫羊藿，红参，天冬，熟地黄，砂仁，丁香，海马,肉苁蓉
TCMF12253,小儿惊风，高热惊厥，手足抽搐，烦躁不安。,钩藤，僵蚕，胆南星，天竺黄，丹参，甘草,珍珠母
TCMF9596,肾虚腰痛，遗精早泄，阳痿不举，头晕耳鸣，神疲乏力。,补骨脂，肉苁蓉，淫羊藿，黄芪，红参，熟地黄，制何首乌，车前子，茯苓，白术，五味子，覆盆子，金樱子，当归，胡芦巴，山药，蛇床子，小茴香,菟丝子
TCMF8393,感冒发热，咽喉肿痛，咳嗽痰多，大便干燥。,浙贝母，薄荷，连翘，儿茶，桔梗，大黄，胖大海，川芎，蝉蜕,甘草
TCMF8114,感冒发热，头痛，鼻塞，咳嗽。,葛根，麻黄，生姜，羌活，防风，菊花，钩藤，石膏,白术
TCMF1025,痹病,苍术，忍冬藤，地龙，黄柏，防风，防己，粉萆薢，连翘，薏苡仁，川牛膝，桑枝,威灵仙
TCMF8269,咳嗽，痰多，气喘。,川贝母，黄芩，紫菀，枇杷叶，麻黄，罂粟壳，蜂蜜,甘草
TCMF503,"月经失调, 绝经前后诸症",当归，赤芍，知母，牡丹皮，远志，菟丝子，巴戟天，狗脊，枸杞子，熟地黄，山茱萸，黄柏，石菖蒲，茯苓，淫羊藿，蛇床子，五味子,人参
TCMF12197,银屑病，皮肤瘙痒，湿疹,土茯苓，金银花，连翘，赤芍，苦参，当归，防风，白鲜皮，黄柏，蝉蜕,甘草
TCMF4708,"性冷, 阳痿, 遗精, 早泄, 带下病",金樱子，蛤蚧，淫羊藿，韭菜子,山茱萸
TCMF8798,小儿感冒，发热，咳嗽，咽喉肿痛。,儿茶，胡黄连，石膏，玄明粉，青黛，滑石粉,冰片
TCMF9261,风湿痹痛，肢体麻木，腰膝酸软，筋骨无力。,秦艽，羌活，当归，赤芍，党参，茯苓，黄芩，黄连，郁金，桑枝，川牛膝，石膏,川芎
TCMF11514,外感风热，肺热咳嗽，发热，咽喉肿痛。,连翘，黄芩，栀子，知母，甘草,石膏
TCMF7257,用于风热上攻、肺胃热盛所致的头晕目眩、暴发火眼、牙齿疼痛、口舌生疮、咽喉肿痛、耳痛耳鸣、大便秘结、小便短赤,黄连，黄芩，石膏，栀子，大黄，连翘，菊花，荆芥穗，白芷，蔓荆子，川芎，防风，薄荷，桔梗，旋覆花，甘草,黄柏
TCMF3763,"胁痛, 月经失调, 痛经",牡丹皮，栀子，柴胡，白芍，当归，茯苓，白术，甘草,薄荷
TCMFx5809,"心悸, 不寐",珍珠，甘草,灵芝
TCMF11449,便秘，口干咽痛，消化不良。,麦冬，黄芩，山豆根，大黄，连翘，玄参，青果,板蓝根
TCMF9383,气阴两虚，心悸失眠，神疲乏力，口干咽燥。,人参，枸杞子，麦冬，五味子，玉竹，石斛，南沙参，黄精，甘草,北沙参
TCMF10656,湿疹，皮炎，皮肤瘙痒，疮疡溃烂。,青黛，炉甘石，珍珠，轻粉,冰片
TCMF11597,清热解毒，镇惊安神，用于高热惊厥，神昏谵语，痰热壅盛，咽喉肿痛。,牛黄，水牛角，黄芩，黄连，黄柏，麦冬，白芍，茯苓，瓜蒌，桔梗，枳壳，冰片，甘草,枳实
TCMF11539,肾阳不足，腰膝酸软，畏寒肢冷，神疲乏力。,附子，黄芪，党参，肉苁蓉，玉竹，山楂，淫羊藿，冰片,牡丹皮
TCMF9064,心悸失眠，健忘多梦，头晕目眩，神疲乏力。,人参，黄芪，龟甲，玉竹，益智，木香，五味子，石菖蒲，远志,甘松
TCMF10138,脾胃虚弱，食少便溏，脘腹胀满，呕吐吞酸。,广藿香，茯苓，白术，豆蔻，砂仁，木香，厚朴，香附，半夏，枳实，甘草,陈皮
TCMF10533,气虚引起的出血，如咯血、吐血、便血等。,黄芪，党参，白术，茯苓,白及
TCMF11668,虚劳发热，潮热盗汗，口干咽燥。,枸骨叶，玄参，太子参，甘草,地骨皮
TCMF10725,湿热泄泻，腹痛腹胀，消化不良。,黄连，砂仁，苍术，木香，小茴香，诃子，山药，黄柏，人参,肉豆蔻
TCMF12110,痈疽疮毒，乳痈，瘰疬，痰核，痔漏，肠风，便血。,没药，乳香，麝香,雄黄
TCMF11468,寒痰咳嗽，气喘痰多，胸胁胀痛。,甘遂，干姜，细辛，洋金花，延胡索,芥子
TCMF7789,风湿痹阻、瘀血阻络所致的痹病，症见关节疼痛、肿胀、屈伸不利、局部畏风寒、肢体麻木、腰膝酸软。,鸡血藤，没药，乳香，苍术，红花，威灵仙，土鳖虫，乌梢蛇，地龙，全蝎，金钱白花蛇，蜈蚣，蕲蛇,蜂房
TCMF11692,痈疽发背，对口疮，搭手，无名肿毒，一切疮疡肿痛。,蓖麻子，没药，紫花地丁，蒲公英，黄柏，冰片，血余炭，轻粉,乳香
TCMF11959,脾肾两虚，气血不足，腰膝酸软，神疲乏力，头晕耳鸣，失眠多梦。,人参，黄芪，党参，白术，甘草，熟地黄，当归，白芍，川芎，杜仲，鹿茸，枸杞子，山药，丹参，砂仁，远志，陈皮，肉桂,茯苓
TCMF11115,肾虚腰痛，头晕目眩，耳鸣耳聋，阳痿早泄，遗精盗汗，腰膝酸软，四肢无力。,杜仲，巴戟天，淫羊藿，黄芪，党参，白术，当归，白芍，枸杞子，女贞子，山药，莲子，肉苁蓉，山茱萸，金樱子，柏子仁，砂仁，牡丹皮，甘草,茯苓
TCMF10920,目赤肿痛，羞明流泪，视物模糊。,车前子，薄荷，菊花，密蒙花，赤芍，牡丹皮，连翘，栀子，金银花，防风，青葙子,夏枯草
TCMF7742,血虚头晕，月经不调，腰膝酸软，心悸失眠。,熟地黄，山茱萸，牡丹皮，茯苓，泽泻，川芎，白芍，当归，白术，柴胡，甘草,山药
TCMF9312,清热解毒，用于治疗感冒发热、咽喉肿痛、口舌生疮、痈肿疮疖。,黄芩，黄连，龙胆，大黄，玄参，菊花，茯苓，甘草，冰片，青黛,朱砂
TCMFx80,"眩晕, 偏头痛, 头痛, 牙痛",川芎，薄荷，石膏，荆芥穗,白芷
TCMF10820,肝肾不足，风湿痹阻所致的骨性关节炎、腰腿疼痛、屈伸不利、手足麻木、跟骨刺等。,鸡血藤，木香，独活，骨碎补，淫羊藿，续断，熟地黄,狗脊
TCMF9421,感冒咳嗽，支气管炎，哮喘等。,百部，浙贝母，重楼，连翘，薄荷，款冬花，苦杏仁，北沙参，前胡，法半夏，陈皮，蝉蜕,荆芥
TCMF7726,噎膈,人参，白术，茯苓，半夏，陈皮，大枣,生姜
TCMF10487,眩晕，头痛，耳鸣，失眠，高血压。,黄芩，竹茹，胆南星，苍耳子，白芍，山楂，陈皮，牡蛎,菊花
TCMF10016,肝肾不足，气血两虚，月经不调，带下过多，腰膝酸软，头晕耳鸣。,人参，黄芪，当归，白芍，川芎，天冬，银柴胡，山药，芡实，鹿角胶，鹿角霜，丹参，甘草,桑螵蛸
TCMF12261,脾胃虚弱，湿阻中焦，食欲不振，腹胀便溏，肢体倦怠。,党参，白术，苍术，陈皮，车前子，荆芥，白芍，柴胡，甘草,山药
TCMF3779,"不寐, 眩晕, 解?, 崩漏, 便血",党参，黄芪，甘草，茯苓，远志，酸枣仁，龙眼肉，当归，木香，大枣，生姜,白术
TCMF10855,心悸失眠，心慌气短，心神不宁。,枫香脂，广枣，木香，肉豆蔻,丁香
TCMF8474,脾胃虚弱，食积不化，脘腹胀满，大便溏泄。,党参，白术，茯苓，山药，莲子，白扁豆，薏苡仁，芡实，山楂，谷芽，陈皮,鸡内金
TCMF7787,风寒湿痹，关节疼痛，肢体麻木，腰腿酸痛。,防己，老鹳草，制草乌，制川乌，防风，牛膝，续断，桂枝,威灵仙
TCMF10283,风寒感冒，发热恶寒，咳嗽痰稀，鼻塞流涕，头痛身痛。,麻黄，桂枝，细辛，五味子，法半夏，白芍，炙甘草,干姜
TCMF11839,妇人冲任虚寒、瘀血阻滞所致的月经不调，痛经，崩漏，带下等症。,吴茱萸，肉桂，当归，川芎，白芍，牡丹皮，阿胶，麦冬，党参，生姜，半夏,炙甘草
TCMF8050,风寒湿痹，关节疼痛，筋骨麻木，腰腿酸痛。,苏木，没药，乳香，海风藤，红花，天麻，麻黄，细辛，草乌，川乌，赤芍，桃仁，威灵仙，红大戟，白芷，当归，独活，羌活，檀香,丁香
TCMF10670,肾虚腰痛，腰膝酸软，神疲乏力，头晕耳鸣。,补骨脂，杜仲，黄芪，党参，当归，白芍，茯苓，白术，砂仁，益智，黄芩，乌梅，枸杞子，山茱萸，山药，狗脊，续断，菟丝子，桑寄生,艾叶
TCMF8821,胆囊炎，胆石症，胆道感染。,茵陈，蒲公英，姜黄，苍术，川楝子，延胡索，柴胡，板蓝根，枳壳，甘草,赤芍
TCMF11496,脾胃虚弱，食积停滞，脘腹胀痛，消化不良。,甘草，三棱，莪术，草果，豆蔻，砂仁，白术，木香，大黄，厚朴，山楂，当归，莱菔子，丁香，清半夏，牵牛子，陈皮，青皮，枳壳,川芎
TCMF1071,腰痛,杜仲叶，狗脊，当归，白术，泽泻，乳香，补骨脂，续断，赤芍，肉桂，土鳖虫,牛膝
TCMFx7421,腮腺炎。,夏枯草，板蓝根，连翘，蒲公英，牛黄,蓼大青叶
TCMFx249,"头痛头晕, 记忆力减退, 失眠, 反应迟钝, 耳鸣, 腰酸",天麻，地龙，石菖蒲，熟地黄，肉苁蓉,远志
TCMF7950,跌打损伤，瘀血肿痛，风湿痹痛。,牡丹皮，威灵仙，五倍子，冰片,泽兰
TCMF7806,月经不调，痛经，带下病，不孕症,黄芩，益母草，黄芪，白术，补骨脂，何首乌，茯苓，砂仁，陈皮，郁金，柴胡，秦艽，威灵仙，白芍，牡丹皮，黄连，苍术，白芷,党参
TCMF11967,胃痛，消化不良，食欲不振。,麦芽,龙胆
TCMF11483,湿热黄疸，胆囊炎，胆石症，尿路感染。,苦参，茵陈，大黄，龙胆，黄柏,郁金
TCMFx363,"胸痹, 症见心痛, 胸闷, 气短, 呕吐, 纳呆; 冠心病心绞痛见上述症状者",黄芪，党参，麦冬，何首乌，淫羊藿，当归，丹参，皂角刺，海藻，昆布，牡蛎，枳实,葛根
TCMFx5245,痹病,山药，杜仲，牛膝，甘草，木香，乳香，千年健，自然铜，羌活，地枫皮，红花，防风，续断，柴胡，狗脊，麻黄，马钱子,没药
TCMF8701,清热解毒，用于治疗感冒发热，头痛，咽喉肿痛,菊花，苦参，红花，人工牛黄，石膏，甘草,麦冬
TCMFx5350,"感冒, 呕吐, 腹泻",广藿香，防风，紫苏叶，佩兰，白芷，苦杏仁，大腹皮，香薷，陈皮，茯苓,半夏
TCMF5069,感冒,桑叶，菊花，苦杏仁，连翘，桔梗，甘草，芦根,薄荷
TCMF3813,虚劳,黄芪，牡蛎，五味子，淫羊藿，黄精，鸡内金，青黛,茯苓
TCMF11525,高血压，头痛，眩晕，耳鸣，失眠，肢体麻木。,丹参，决明子，天麻，赤芍，栀子，川芎，桑寄生，火麻仁，牛膝，淫羊藿,牡丹皮
TCMFx685,2型糖尿病,红参，黄芪，茯苓，白术，葛根，五味子，黄连，大黄，甘草,黄精
TCMF7715,妇人血虚气滞，月经不调，痛经，乳房胀痛。,香附，川芎，白芍，熟地黄，白术，茯苓，陈皮，甘草,当归
TCMF9304,高血压，头痛，眩晕，失眠。,槐花，菊花，女贞子，钩藤，桃仁，天南星，三七，牛膝，玄参，地龙，羚羊角,石膏
TCMF10504,高血压，高血脂，动脉硬化，冠心病，心绞痛，脑血栓，脑梗塞等。,灯盏细辛，银杏叶，三七，葛根，川芎，红花，山楂，决明子，荷叶,丹参
TCMF9807,风寒感冒，头痛发热，鼻塞流涕，咳嗽痰多，肢体酸痛。,紫苏叶，防风，香附，连翘，大青叶，桔梗，陈皮，炙甘草,荆芥
TCMF10604,肾虚腰痛，阳痿早泄，神疲乏力，免疫力低下。,冬虫夏草，淫羊藿，黄芪，人参，当归，白芍，芡实，泽兰，牛膝,沙苑子
TCMFx7211,用于脾胃虚弱，食少便溏，气短咳嗽，肢倦乏力,人参，白术，茯苓，山药，莲子，白扁豆，薏苡仁，砂仁，甘草,桔梗
TCMF3046,伤暑,薄荷，甘草,滑石
TCMF8292,胃脘疼痛，胃寒呕吐，食欲不振。,黄芪，胡椒，白术，陈皮，瓦楞子，牡蛎,干姜
TCMF485,"两胁胀痛, 心烦易怒, 倦怠食少, 月经不调, 更年期综合征",白芍，茯苓，栀子，甘草，当归，白术，牡丹皮，薄荷，生姜,柴胡
TCMF7612,肝胃不和，胸胁胀痛，胃脘疼痛，嗳气吞酸。,百合，乌药，白芍，川楝子，郁金，丹参，柴胡,甘草
TCMF12381,痔漏下血，肛门肿痛，大便干燥，口苦咽干,枳壳,槐花
TCMF10480,急慢性肝炎，肝硬化，肝功能异常。,半枝莲，茵陈，丹参，红花，黄芪，鸡骨草，当归，板蓝根，泽泻，水牛角,虎杖
TCMF12465,局部肿胀，疼痛，皮下瘀斑，功能障碍,麝香，三七，血竭，没药，冰片，朱砂，乳香，当归，儿茶,红花
TCMF3416,"痹病, 破伤风",三七，天麻，僵蚕，防风，羌活，天南星，白芷,白附子
TCMF6115,"积滞, 虫积, 疳病",茯苓，海螵蛸，槟榔，雷丸，三棱，莪术，鸡内金，使君子，红花,鹤虱
TCMF11731,肾虚腰痛，阳痿早泄，遗精滑精，头晕耳鸣，肢冷畏寒。,补骨脂，杜仲，肉苁蓉，附子，麦冬，天冬，枸杞子，山茱萸，茯苓，白术，川芎，巴戟天，覆盆子，炙甘草,当归
TCMF9107,气虚血瘀，头晕目眩，胸闷心痛，肢体麻木。,党参，丹参，何首乌，赤芍，川芎，山楂，泽泻,蒲黄
TCMF292,"跌扑损伤瘀血肿痛, 扭伤",当归，红花，防风，天南星,白芷
TCMF9021,清热解毒，养阴润肺，活血化瘀。,百合，麦冬，茯苓，白术，茵陈，泽泻，地榆，川芎，当归，三七，蒲黄，玄参，延胡索，乌药，鸡内金,白芍
TCMF10800,中风后遗症，瘫痹不遂，肢体麻木，言语不清，口眼歪斜，头痛眩晕。,蜈蚣，全蝎，地龙，土鳖虫，乌梢蛇，麝香，冰片，牛黄，天麻，防风，羌活，独活，威灵仙，秦艽，苍术，白术，当归，川芎，红花，丹参，鸡血藤，海风藤，忍冬藤,络石藤
TCMF11590,脾胃虚弱，消化不良，胸腹疼痛。,丹参，金樱子，高良姜,木香
TCMFx7174,肝肾阴虚、风湿阻络引起的筋骨痿软，腰腿酸痛，足膝无力，行步艰难。,熟地黄，龟甲，知母，黄柏，黄芪，白芍,当归
TCMF9872,肾虚腰痛，阳痿早泄，神疲乏力，畏寒肢冷。,补骨脂，肉苁蓉，何首乌，五味子，巴戟天，蛇床子，淫羊藿，菟丝子，肉桂，人参，鹿茸,熟地黄
TCMFx5578,"积滞, 胃脘痛",檀香，木香，细辛，肉桂，赤小豆，鸡内金，山楂，乌梅，薏苡仁,甘草
TCMF3103,痹病,红参，肉桂，麻黄，熟地黄，甘草，大黄，防风，片姜黄，乌梢蛇，草豆蔻，独活，白芷，玄参，赤芍，青皮，苍术，僵蚕，粉萆薢，乳香，乌药，香附，桑寄生，没药，骨碎补，葛根，穿山甲，白附子，冰片，红花，威灵仙，厚朴，狗脊，苦参，巴戟天，鸡血藤，仙鹤草，丹参,地龙
TCMF7542,眩晕，头痛，恶心呕吐，胸闷食少，舌苔白腻，脉弦滑。,天麻，茯苓，白术，橘红，甘草,半夏
TCMF10890,风湿痹痛，瘫痹不遂，筋骨疼痛，腰膝酸软。,巴豆，蓖麻子，黄芪，甘草，生姜，艾叶，麻黄，细辛，马钱子，草乌，威灵仙，当归，地龙，鳖甲，血余炭,川乌
TCMF8076,急慢性咽炎，咽喉肿痛，声音嘶哑。,薄荷，射干，青果，甘草，冰片,乌梅
TCMF8606,咽喉肿痛，声音嘶哑，发热咳嗽。,黄芩，菊花，牛蒡子，赤芍，连翘，金银花，板蓝根，胖大海，玄参，木蝴蝶，僵蚕,蝉蜕
TCMF8360,消化不良，积滞腹痛，虫积腹痛。,雷丸，茯苓，三棱，莪术，鹤虱，红花，鸡内金，海螵蛸,槟榔
TCMF10833,肾虚引起的头晕耳鸣，失眠健忘，腰膝酸软，神疲乏力。,何首乌，女贞子，枸杞子，黄芪，白芍，丹参，覆盆子，金樱子，淫羊藿，肉桂，甘草,菟丝子
TCMF7829,湿热下注所致的带下病，症见带下量多、色黄、质稠、臭秽，腰痛，小腹痛等。,茯苓，五味子，山药，黄柏，阿胶,椿皮
TCMF11731,肾虚腰痛，阳痿早泄，遗精滑精，头晕耳鸣，肢冷畏寒。,补骨脂，杜仲，附子，麦冬，天冬，枸杞子，山茱萸，茯苓，白术，川芎，当归，巴戟天，覆盆子，炙甘草,肉苁蓉
TCMF11628,胆石症，胆囊炎，胆道感染。,金钱草，黄芩，茵陈，大黄，栀子，郁金，乳香，没药，陈皮，白矾，甘草,三棱
TCMF10231,小儿感冒发热，咳嗽痰多，消化不良，食积停滞。,广藿香，荆芥，甘草，麦芽，砂仁，桔梗，苍术，木香，大黄，川木通，黄连，厚朴，山楂，清半夏，陈皮，枳壳，冰片，蜂蜜，朱砂,天花粉
TCMF9336,心悸气短，胸闷心痛，心衰水肿。,人参，黄芪，麦冬，丹参，香加皮,葶苈子
TCMF11211,高血压，头晕目眩，烦躁易怒，口苦咽干。,芦荟，大黄，黄芩，黄连，天麻，钩藤，菊花，夏枯草，白芍，赤芍，枳壳，麦冬，炙甘草，天竺黄，茺蔚子，龙胆，白薇，牡丹皮，连翘,降香
TCMF10964,气血两虚，腰膝酸软，头晕目眩，月经不调。,红参，熟地黄，当归，白芍，川芎，茯苓，白术，续断，菟丝子，阿胶，鹿角胶,甘草
TCMF4736,"积滞, 症积",龟甲，鳖甲，穿山甲,鸡内金
TCMF2582,月经失调,益母草，党参，当归，白芍，茯苓，白术，川芎，甘草,熟地黄
TCMF9661,气滞血瘀，消化不良，胸腹胀痛，便秘。,三棱，木香，香附，大黄，槟榔，牵牛子，延胡索，陈皮，青皮，枳实，威灵仙,莪术
TCMF7572,疮疡肿毒，发热，便秘，腹胀，口渴，苔黄腻，脉数实。,黄连，黄芩，栀子，连翘，大黄，芒硝，当归，白芍，桔梗，薄荷，甘草,木香
TCMF10259,小儿感冒，发热，咳嗽，消化不良。,大蒜，豆蔻，益智，红花，肉桂,锁阳
TCMFx817,"胁痛, 眩晕, 月经失调",柴胡，当归，白芍，白术，茯苓，薄荷，生姜,甘草
TCMF9257,咽喉肿痛，扁桃体炎，口腔溃疡，牙龈肿痛。,知母，黄芩，紫苏叶，皂角刺，蒲公英，赤芍，连翘，甘草,水牛角
TCMF7331,两胁胀满，食欲不振，呕吐，胃脘疼痛，大便失调。,柴胡，香附，佛手，木香，乌药，陈皮，槟榔，莱菔子，白芍，白术，广藿香，甘草,郁金
TCMF10382,胸痹心痛，胸闷不舒，心悸失眠，舌质紫暗或有瘀斑，脉涩。,桃仁，赤芍，川芎，柴胡，枳壳，牛膝，当归，甘草,红花
TCMF12026,风寒湿痹，肢体麻木，关节疼痛，屈伸不利。,防风，荆芥，川芎，白芷，羌活，独活，当归，白芍，桂枝，细辛，麻黄，苍术，石菖蒲，天麻，全蝎，蜈蚣，乌梢蛇，甘草,僵蚕
TCMFx7200,气虚血滞、脉络瘀阻所致的中风中经络，半身不遂、肢体麻木、口眼歪斜、舌强语謇及胸痹心痛、胸闷、心悸、气短；脑梗塞、冠心病心绞痛属上述证候者,黄芪，丹参，当归，赤芍，川芎，桃仁，红花，乳香，没药，鸡血藤，桂枝，桑枝，地龙，全蝎，水蛭,牛膝
TCMFx6552,"咳嗽, 喘病",满山红，鱼腥草，款冬花，连翘，黄芩，麦冬，罂粟壳，玄参,甘草
TCMF10020,肝肾阴虚，腰膝酸软，头晕耳鸣，失眠多梦，潮热盗汗。,熟地黄，山茱萸，枸杞子，龟甲胶，阿胶，黄芪，太子参，丹参，当归，茺蔚子，砂仁,白芍
TCMF10312,失眠，健忘，头晕，心悸。,麦冬，柏子仁，制何首乌，五味子，枸杞子，大枣，远志,桑椹
TCMF10865,血虚发热，面色苍白，头晕目眩，心悸失眠，月经不调。,黄芪，当归，党参，熟地黄，白芍，川芎，炙甘草,茯苓
TCMF9964,脾胃虚弱，食欲不振，消化不良，脘腹胀满。,党参，天花粉，山楂，木香，五味子，乌梅,马钱子
TCMF8295,胃热炽盛，口渴咽干，胃脘疼痛。,麦冬,荜茇
TCMF9860,心悸气短，胸闷心痛，肢冷乏力，寒凝血脉。,黄芪，丹参，降香，决明子，干姜，白术，附子，桂枝,白芍
TCMFx6483,"中风, 偏枯, 遗精, 髓劳, 血劳",人参，黄芪，熟地黄，当归，白芍，川芎，白术，茯苓，薏苡仁，鸡血藤，钩藤，僵蚕，防风，羌活，木瓜，牛膝，杜仲，附子，肉桂，沉香，甘草，大枣,乌药
TCMF8349,风湿痹痛，肌肤麻木，湿疹瘙痒，疥癣疮毒。,防风，苍术，黄柏，黄芪，皂角刺，地肤子，蛇床子，赤芍，牡丹皮，连翘，金银花，乌梢蛇，全蝎，甘草,荆芥
TCMF10356,跌打损伤，瘀血肿痛，筋骨疼痛。,没药，乳香，红花，马钱子，升麻，白芷，川芎，当归，防风，羌活，胆南星，石菖蒲，狗脊，三七，血竭，冰片，土鳖虫,重楼
TCMFx5945,"咳嗽, 喘病",麻黄，石膏，苦杏仁，前胡，黄芩，紫苏子，竹茹,葶苈子
TCMF11163,气血两虚，月经不调，经期腹痛，腰酸腿软。,当归，白芍，丹参，人参，白术，茯苓，甘草，川芎，香附，柴胡，厚朴，陈皮，甘草,红花
TCMF11213,高血压，头痛，目赤肿痛，眩晕。,菊花，决明子，枸杞子，桑叶，薄荷，甘草,夏枯草
TCMF9044,目赤肿痛，眼缘溃烂，畏光流泪。,冰片，人工牛黄，炉甘石,朱砂
TCMF11732,风寒湿痹，关节疼痛，筋脉拘挛，肢体麻木，腰腿疼痛。,麻黄，细辛，海风藤，威灵仙，草豆蔻，乳香，红花，桃仁，川芎，黄芩，大黄，茯苓，白术，党参，当归，附子，制草乌，木香，赤芍,防风
TCMF10746,咳嗽，痰多，气喘，胸闷。,川贝母，薄荷，煅石膏,朱砂
TCMF8345,肝肾不足，腰膝酸软，筋骨无力，四肢麻木。,杜仲，制何首乌，巴戟天，当归，山药，淫羊藿，续断，龟甲,骨碎补
TCMF3513,痹病,豨莶草，狗脊，秦艽，鸡血藤，防己，老鹳草，桑枝，五加皮，独活,伸筋草
TCMFx6251,"咳嗽, 腹胀, 便秘",玄参，麦冬，苦杏仁，胆南星，紫苏子，焦槟榔，天花粉，紫苏叶，川贝母，知母，甘草，桔梗，竹茹，桑白皮,瓜蒌子
TCMFx238,"由肝经风热引起的目赤肿痛, 云蒙障翳, 畏光羞明",栀子，黄连，黄柏，大黄，龙胆，蒺藜，菊花，防风，石决明,黄芩
TCMF11705,气虚咳嗽，哮喘，肺气肿，慢性支气管炎。,黄芪，白术，炙甘草，麦冬，天冬，紫菀，麻黄，五味子，苦杏仁，枸杞子，熟地黄，洋金花，葶苈子，白果，远志，枳实，地龙，蛤蚧，蟾酥,党参
TCMF7783,风热咳嗽，痰多粘稠，咽痛，发热。,薄荷，黄芩，桔梗，菊花，连翘，枇杷叶，前胡，桑叶，甘草,浙贝母
TCMF8536,疮疡肿毒，热毒炽盛，皮肤瘙痒，湿疹。,黄芩，大黄，赤芍，连翘，枇杷叶，甘草,牡丹皮
TCMF7924,气血两虚，脾胃虚弱，食欲不振，神疲乏力，面色萎黄。,黄芪，茯苓，何首乌，当归，菟丝子,鸡血藤
TCMF7445,"髓劳, 血劳",熟地黄，当归，白芍，阿胶，鹿角胶，枸杞子，黄芪，党参，白术，茯苓，甘草,川芎
TCMF9080,寒凝气滞所致的脘腹冷痛，呕吐泄泻，手足不温。,肉桂，八角茴香，木香，沉香，乌药，香附，乳香，白芷，当归，小茴香，母丁香,没药
TCMF8938,风寒湿痹，关节疼痛，肢体麻木，腰膝酸软。,制川乌，桂枝，延胡索，当归，白芍，续断，鹿茸，炙甘草,独活
TCMF5779,积滞,木香，砂仁，党参，白术，茯苓，甘草，半夏，生姜，大枣,陈皮
TCMF8218,血瘀证，跌打损伤，筋骨疼痛，月经不调等。,黄芪，当归，白芍，桃仁，血竭，枸杞子，芥子，桂枝，土鳖虫，自然铜,牛膝
TCMF11639,胆石症，胆囊炎，胆道感染。,金钱草，决明子，茵陈，大黄，牡丹皮，木香，厚朴，枳实，桃仁，川芎，香附，法半夏，黄柏，枳壳，桂枝,山楂
TCMF8331,胸痹心痛，胸闷气短，心悸失眠，冠心病，心绞痛。,降香，乳香，三棱，莪术，郁金，木香，厚朴，桃仁，沉香，蒲黄，延胡索，陈皮，佛手，花蕊石，鸡内金，蜂蜜，麝香，朱砂，珍珠,冰片
TCMF9375,外感风寒，内伤湿滞，发热恶寒，头痛身重，胸闷呕吐，腹痛泄泻。,人参，薄荷，生姜，柴胡，川芎，独活，羌活，茯苓，枳壳,桔梗
TCMFx4180,"胁痛, 胃脘痛",沉香，佛手，木香，檀香，砂仁，豆蔻，枳壳，厚朴，川楝子，延胡索，陈皮，片姜黄，茯苓,白芍
TCMFx4916,痹病,海风藤，木瓜，络石藤，香加皮，鸡血藤,槲寄生
TCMF9122,肾虚腰痛，阳痿早泄，腰膝酸软，神疲乏力。,肉苁蓉，枸杞子，玉竹，大枣,锁阳
TCMF8261,咳嗽，气喘，痰多。,百部，紫苏子，郁金，木香，麻黄，苦杏仁，前胡，莱菔子，陈皮，地龙，蜂蜜,桔梗
TCMF12459,面色苍白，气短懒言，心悸失眠，腰膝酸软，畏寒肢冷，头晕耳鸣，盗汗遗精，崩漏带下,党参，人参，鹿茸，三七，熟地黄，白术，茯苓，当归，白芍，川芎，肉桂，炙黄芪,炙甘草
TCMFx470,"胃脘痛, 腹胀",牡蛎，砂仁，白芍，延胡索，小茴香，高良姜，甘草,肉桂
TCMF9297,气血两虚，面色萎黄，头晕目眩，心悸失眠，食欲不振。,黄芪，当归，大枣，陈皮，人参,制何首乌
TCMF7162,火热内盛，咽喉肿痛，牙龈肿痛，口舌生疮，目赤肿痛。,牛黄，石膏，黄芩，大黄，桔梗，冰片,甘草
TCMF11549,冠心病，心绞痛，心肌缺血,丹参，制何首乌，川芎，延胡索,枸杞子
TCMFx3844,"痛经, 经行乳房胀痛",黄芪，当归，枸杞子，香附，柴胡，茯苓，续断，白术，甘草，陈皮,白芍
TCMF8821,胆囊炎，胆石症，胆道感染。,茵陈，蒲公英，姜黄，苍术，川楝子，延胡索，赤芍，板蓝根，枳壳，甘草,柴胡
TCMF10450,清热解毒，化痰止咳。,浙贝母，甘草，桔梗，枳壳，苦杏仁,鱼腥草
TCMF7442,少阳湿热证，寒热如疟，寒轻热重，口苦膈闷，吐酸苦水，或呕黄涎而粘，甚则干呕呃逆，胸胁胀疼，小便黄少。,青蒿，黄芩，竹茹，半夏，枳壳，茯苓，甘草,陈皮
TCMF227,"咳嗽, 百日咳",百部，桔梗，桑白皮，麦冬，知母，黄芩，陈皮，甘草，天南星，枳壳,苦杏仁
TCMF10694,气血两虚，心悸失眠，头晕目眩，月经不调。,红参，玉竹，丹参，益母草，制何首乌，珍珠,灵芝
TCMF11010,鼻渊，鼻塞，流涕。,白芷，冰片,苍耳子
TCMF697,痹病,川乌，秦艽，甘草，穿山龙，天南星，当归，草乌，白芷，粉萆薢，薏苡仁，红花,徐长卿
TCMF3219,"跌打损伤, 痹病",三七，红花，当归，川芎，白芷,土鳖虫
TCMF8082,肝硬化，肝纤维化，慢性肝炎等,白术，当归，白芍，甘草，茯苓，砂仁，青皮，枳实，白茅根，茜草，柴胡，地龙，鳖甲,党参
TCMFx360,"胸痹, 眩晕, 症见胸闷, 心前区刺痛, 眩晕, 头疼, 冠心病, 心绞痛, 脑动脉硬化见上述证候者",丹参，何首乌，赤芍，枸杞子，川芎，红花，泽泻，牛膝，地龙，郁金，远志,葛根
TCMF912,"风湿性关节炎, 类风湿关节炎",马钱子，金钱白花蛇，蜈蚣，全蝎，地龙，僵蚕，乌梢蛇，天麻，人参，黄芪，当归，羌活，独活，防风，桂枝，附子，川乌，薏苡仁，苍术，白术，桃仁，红花，没药，穿山甲，延胡索，牡丹皮，北刘寄奴，王不留行，鸡血藤，香附，木香，枳壳，路路通，川牛膝，伸筋草，砂仁，木瓜，续断，大黄，朱砂,麻黄
TCMF9363,肾虚腰痛，腰膝酸软，头晕耳鸣，神疲乏力。,炙黄芪，党参，白术，麦冬，天冬，炙甘草，五味子，巴戟天，覆盆子，枸杞子，沉香，川芎，当归，小茴香，山药，芡实，锁阳，牛膝,肉苁蓉
TCMF8537,瘀血阻滞，热毒内蕴所致的血栓性疾病，如静脉炎、血栓性静脉炎等。,丹参，黄连，牛膝，冰片，青黛,赤芍
TCMF8658,气血两虚，脾肾不足，头晕乏力，食欲不振，腰膝酸软。,黄精，黄芪，丹参，当归，白扁豆，苍术，何首乌，五味子，酸枣仁,山楂
TCMF8925,肾虚腰痛，尿频尿急，泌尿系结石。,金钱草，益母草，海金沙，山慈菇,补骨脂
TCMFx1174,"月经失调, 痛经, 症积",当归，白芍，柴胡，木香，川芎,益母草
TCMF11397,淋巴结炎，甲状腺肿大，乳腺增生。,麦冬，浙贝母，三棱，莪术，马勃，蒲公英，金银花，桃仁，板蓝根，玄参，泽泻，木蝴蝶，鸡内金，蝉蜕,丹参
TCMF7710,早衰症,人参，鹿茸，淫羊藿，巴戟天，肉苁蓉，枸杞子，熟地黄，黄芪，白术，茯苓，甘草,菟丝子
TCMF8050,风寒湿痹，关节疼痛，筋骨麻木，腰腿酸痛。,苏木，没药，乳香，海风藤，红花，天麻，麻黄，草乌，川乌，赤芍，桃仁，威灵仙，红大戟，白芷，当归，独活，羌活，檀香，丁香,细辛
TCMF8357,中风，癫痫，头痛，眩晕。,荆芥，紫苏叶，巴豆霜，天麻，檀香，天南星，冰片，全蝎，僵蚕，朱砂，雄黄,苍术
TCMF3836,"疮痈, 黄疸, 喉痹, 暴风客热",紫花地丁，蒲公英，半边莲,板蓝根
TCMF8639,气阴两虚，心悸失眠，头晕目眩，腰膝酸软。,黄精，麦冬，知母，粉葛，苦参，茯苓，佩兰，何首乌，黄连，地骨皮，山茱萸，荔枝核，淫羊藿，人参,丹参
TCMF5463,"伤食, 积滞",牵牛子，阿魏,鸡内金
TCMF11625,月经不调，痛经，闭经，崩漏，带下，产后腹痛。,人参，阿胶，熟地黄，白芍，当归，川芎，天冬，黄芩，白术，山茱萸，酸枣仁，益母草，延胡索，小茴香，香附，砂仁，艾叶,茯苓
TCMF10720,糖尿病，气阴两虚，脾肾不足。,黄芪，党参，麦冬，玉竹，天花粉，何首乌，熟地黄，山茱萸，肉苁蓉，女贞子，石榴皮，山药，砂仁，虎杖,地骨皮
TCMFx3717,"眩晕, 头痛, 心悸, 不寐, 健忘",当归，女贞子，酸枣仁，黄精，茯苓，合欢皮，墨旱莲，朱砂，远志，桑叶,何首乌
TCMF10018,肝肾不足，气血两虚，月经不调，头晕耳鸣，腰膝酸软。,丹参，黄芪，香附，牡蛎，鹿角霜，鳖甲，甘草,人参
TCMF10828,腰膝酸软，头晕耳鸣，遗精早泄，夜尿频多,鸡血藤，女贞子，金樱子，狗脊，菟丝子,桑寄生
TCMF8087,肝胆湿热，黄疸，胆囊炎，胆石症。,郁金，蒲公英，茵陈，大黄，栀子，人工牛黄,柴胡
TCMF7309,气滞血瘀引起的胃脘痛以及慢性胃炎等见有上述症状者。,荜澄茄，川楝子，延胡索，香附，大黄，黄连，吴茱萸，香橼，佛手，瓦楞子,海螵蛸
TCMF11682,风寒湿痹，关节疼痛，筋骨麻木。,羌活，独活，防风，川芎，续断，虎杖，木香，甘草,当归
TCMF7652,肝郁气滞，胸腹胀痛，痛经。,乌药，香附，延胡索，甘草,木香
TCMF741,"口疮, 牙痛",大黄，牵牛子，栀子，石膏，芒硝，黄芩，黄连，连翘，山楂，陈皮，厚朴，枳实，香附，猪牙皂，荆芥穗，防风，菊花，白芷，桔梗，玄参，甘草，人工牛黄，冰片,薄荷
TCMF1085,咳嗽,化橘红，百部，茯苓，半夏，白前，甘草，苦杏仁,五味子
TCMF7891,肾虚腰痛，头晕耳鸣，遗精早泄，失眠健忘。,熟地黄，何首乌，杜仲，肉苁蓉，淫羊藿，麦冬，天冬，茯苓，党参，当归，枸杞子，覆盆子,五味子
TCMF8135,湿热蕴结所致的泄泻、腹痛、便黄而黏、肛门灼热；以及风热感冒所致的发热恶风、头痛身痛。,黄芩，黄连，葛根,甘草
TCMF8314,气血两虚，脾肾阳虚，四肢乏力，腰膝酸软，头晕耳鸣。,黄芪，红参，白术，茯苓，猪苓，白芍，川芎，熟地黄，肉桂，冬虫夏草，甘草,当归
TCMF8143,风湿痹痛，筋骨疼痛，跌打损伤。,甘草，葛根，红花，桃仁，没药，乳香，白芍，狗脊，牛膝，续断,伸筋草
TCMFx3556,虚劳,党参，杜仲，黄芪，山药，甘草，白术，川芎，当归，黄精，茯苓，玉竹,白芍
TCMFx3240,"感冒, 痄腮, 胁痛, 黄疸",大青叶，大黄，拳参，羌活,金银花
TCMF8466,咳嗽痰多，气喘，胸闷，痰饮积聚。,百合，川贝母，麦冬，天冬，紫苏叶，紫苏子，瓜蒌子，枇杷叶，桑白皮，桔梗，白术，五味子，苦杏仁，法半夏，红参，陈皮，青皮，枳壳,茯苓
TCMFx1441,"发热, 神昏, 痉病, 咳嗽",羚羊角，浙贝母，大黄，甘草，青礞石，朱砂，石膏，黄芩,牛黄
TCMF11478,风寒湿痹，关节疼痛，肢体麻木。,广藿香，檀香，黄芩，三棱，莪术，香加皮，细辛，香附，石菖蒲，花椒，九里香，两面针，高良姜,枳实
TCMF10731,火热内盛，口舌生疮，咽喉肿痛，牙龈肿痛，便秘尿赤。,黄连，黄芩，黄柏，栀子，连翘，大黄，薄荷，甘草,芒硝
TCMF12014,风湿痹痛，筋骨痿软，腰膝酸楚，四肢麻木。,丁公藤，黄精，补骨脂，猪牙皂，乳香，白术，苍术，木香，麻黄，厚朴，苦杏仁，白芷，川芎，当归，羌活，小茴香，香附，山药,菟丝子
TCMF8527,湿疹，皮炎，皮肤瘙痒，湿热下注。,白术，土茯苓，苦参，黄芪，苍术，当归，地肤子，蛇床子，大青叶，花椒，黄柏,赤芍
TCMF9543,肝肾不足，气血两虚，腰膝酸软，头晕目眩，心悸失眠。,黄芪，党参，熟地黄，山茱萸，枸杞子，五味子，茯苓，白术，川芎，当归，防风，羌活，龟甲胶，陈皮,麦冬
TCMF12134,热病神昏，中风痰厥，小儿惊风，咽喉肿痛，口舌生疮。,麝香，陈皮，地龙，朱砂，珍珠，冰片,牛黄
TCMF8970,肠燥便秘。,大黄，苦杏仁，白芍，木香，陈皮,火麻仁
TCMF7184,脾胃虚寒，胃脘疼痛，胃酸过多，胃及十二指肠溃疡,黄芪，白术，干姜，海螵蛸，白芍，炙甘草,延胡索
TCMFx20,"癌症应用放, 化疗所致白细胞减少及因放, 化疗引起的头晕头昏, 倦怠乏力, 消瘦, 恶心呕吐等症",人参，当归，黄芪，天麻，熟地黄，决明子，菟丝子，枸杞子，泽泻，鹿角,细辛
TCMF11274,中风，口眼歪斜，言语不利，半身不遂，瘫痹，惊风抽搐。,全蝎，蜈蚣，僵蚕，牛黄，丁香，麝香，磁石,冰片
TCMF10547,脊髓空洞症，肌肉萎缩，瘫痿无力，腰膝酸软。,黄精，人参，黄芪，巴戟天，山茱萸，丹参，鸡血藤，川芎，当归，熟地黄，冬虫夏草，枸杞子，牡丹皮,鹿茸
TCMF12288,跌打损伤，瘀血肿痛，骨折筋伤。,泽兰，红花，没药，麻黄，马钱子，赤芍，桃仁，香附，骨碎补，蒲黄，土鳖虫，自然铜,乳香
TCMF9656,气血两虚，头晕目眩，心悸失眠，食欲不振，四肢乏力。,人参，党参，太子参，当归，熟地黄，黄精，玉竹，枸杞子，女贞子，茯苓，谷芽，何首乌，五味子，阿胶,陈皮
TCMF9985,胃寒疼痛，胃气痛，食积痛。,巴豆霜，豆蔻，木香，沉香，丁香，枳壳，肉桂，高良姜，雄黄,人参
TCMF3777,"痞满, 痢疾, 腰痛",柴胡，枳壳，甘草,白芍
TCMF9930,活血化瘀，通络止痛。用于瘀血阻滞所致的头痛、眩晕、肢体麻木、疼痛等。,灯盏细辛,三七
TCMF8101,肝肾阴虚，头晕目眩，腰膝酸软，耳鸣耳聋，须发早白。,制何首乌，熟地黄，女贞子，墨旱莲，五味子，当归，白芍，党参，茯苓，泽泻，牡丹皮，牛膝，川芎，甘草,黄芪
TCMF9428,乳癖，乳痈，乳腺增生,夏枯草，甘草，丝瓜络，郁金，山慈菇，赤芍，当归，香附，青皮,柴胡
TCMF9875,心悸失眠，健忘多梦，心烦口渴，大便干燥。,麦冬，天冬，柏子仁，酸枣仁，当归，丹参，党参，茯苓，玄参，远志，石菖蒲，朱砂，五味子，桔梗,甘草
TCMF9015,高脂血症，动脉硬化，头晕目眩。,决明子，山楂，淫羊藿，泽泻,川芎
TCMF3440,"痹病, 尪痹",川乌，草乌，羌活，独活，附子，乳香，没药，当归，川牛膝，木瓜，麻黄，桂枝，蜈蚣，川芎,马钱子
TCMF9002,痰热内闭，中风昏迷，小儿惊厥，中暑，眩晕，痰厥。,人工牛黄，冰片，蟾酥，没药，乳香，沉香，葶苈子，朱砂，珍珠，雄黄,血竭
TCMF11499,银屑病，皮肤瘙痒，湿热蕴结。,丹参，黄芩，苦参，地肤子，白鲜皮，柏子仁，玄参，乌梢蛇，青黛,土茯苓
TCMF11458,外感风热，发热头痛，咳嗽咽痛，惊风抽搐。,黄芩，淡豆豉，天花粉，连翘，金银花，板蓝根，石菖蒲，紫草，水牛角,玄参
TCMF12295,血热妄行所致的吐血、衄血、便血、崩漏下血，血色鲜红，或兼有发热、烦躁、口渴、便秘、尿赤等症。,荆芥穗，槐花，没药，乳香，桃仁，郁李仁，当归，胡黄连，石决明，芒硝，雄黄，滑石,大黄
TCMFx346,"胸痹, 头痛, 眩晕, 痛经",三七,丹参
TCMF10043,产后恶露不行，小腹冷痛，寒凝血瘀。,干姜，当归，川芎，甘草,桃仁
TCMF11595,脾胃虚弱，肝郁气滞，食欲不振，胸胁胀痛。,黄精，麦芽，白芍,郁金
TCMF11026,肾虚腰痛，阳痿早泄，神疲乏力，腰膝酸软。,淫羊藿，人参，丹参，赤芍，川芎，当归，薏苡仁，蛇床子，蟾酥,韭菜子
TCMF8686,胸痹心痛，心悸气短，胸闷憋气，失眠健忘。,川木香，沉香，当归，广枣，木棉花，诃子，西洋参,肉豆蔻
TCMF7498,脾胃虚弱，气短乏力，食少便溏，久泻脱肛，崩漏下血。,黄芪，党参，白术，甘草，茯苓，当归，陈皮，柴胡，生姜，大枣,升麻
TCMFx4188,感冒,荆芥，防风，羌活，独活，柴胡，前胡，川芎，枳壳，茯苓，甘草,桔梗
TCMF8277,肾虚腰痛，遗精早泄，头晕耳鸣，腰膝酸软。,杜仲，肉苁蓉，茯苓，巴戟天，山药，小茴香，石菖蒲，牛膝,熟地黄
TCMFx3047,"腹胀, 胁痛",沉香，木香，柴胡，厚朴，豆蔻，郁金，防风，葛根，乌药，枳壳，陈皮，桔梗，槟榔，麦芽，谷芽，前胡，青皮，白芷，檀香，降香，羌活，广藿香，甘草,砂仁
TCMF7623,痔疮出血，肠风下血，肛门肿痛,地榆，黄连，黄芩，槐角，枳壳，防风,当归
TCMFx5648,"吐血, 衄血, 崩漏, 血证",大蓟，小蓟，茜草，栀子，棕榈，侧柏叶，白茅根，大黄，荷叶,牡丹皮
TCMF11992,泌尿系结石，尿路感染，小便不利，腰腹疼痛。,车前子，海金沙，黄芪，延胡索，泽泻，广金钱草，鸡内金，甘草,石韦
TCMF8097,心悸，失眠，胸闷，气短，乏力,黄精，人参，丹参，黄芪，白术，蒲公英，赤芍，枸杞子，当归,虎杖
TCMFx5356,"月经失调, 带下病",当归，香附，地骨皮，人参，白芍，艾叶，牡丹皮，鳖甲，川芎，茯苓，黄芪，青蒿,白术
TCMF9973,胃痞，胃脘痛，痞满不适，纳差乏力。,半枝莲，郁金，石斛，白芍，太子参，三七，甘草,莪术
TCMF10861,风热感冒，发热，咳嗽，咽痛,连翘，薄荷，牛蒡子，黄芩，石膏，桔梗，甘草,金银花
TCMF8151,肺肾阴虚，燥咳少痰，痰中带血，咽干喉痛。,百合，麦冬，川贝母，桔梗，玄参，熟地黄，当归，甘草,白芍
TCMF10688,清热化痰，止咳平喘。用于痰热阻肺所致的咳嗽痰多，胸闷气喘；急、慢性支气管炎见上述证候者。,浙贝母，桔梗，苦杏仁，枳壳,黄芩
TCMF8529,皮肤瘙痒，湿疹，皮炎，脚气等。,苦参，黄柏，野菊花，蛇床子，土荆皮，花椒,苍术
TCMFx3577,"偏枯, 风痱, 痹病",红参，熟地黄，羌活，全蝎，当归，蕲蛇，茯苓，两头尖，白术，草乌，血竭，黄连，僵蚕，黄芩，香附，玄参，葛根，大黄，胆南星，防风，甘草，麝香，细辛，肉桂，延胡索，木香，三七，地龙，石菖蒲，赤芍，麻黄，威灵仙，乌药,乌梢蛇
TCMF7954,疮疡溃烂，久不收口，疥癣瘙痒。,重楼，石膏，红粉，炉甘石，轻粉,冰片
TCMF10627,产后腹痛，恶露不尽，血瘀痛经。,益母草，当归，川芎，桃仁，炮姜，甘草,红花
TCMF10715,阴虚火旺，皮肤瘙痒，湿热下注。,知母，白鲜皮，花椒,黄连
TCMF7436,"健脾益肾, 宁心安神, 活血化瘀。适用于心气虚或气虚血瘀证引起的神疲乏力, 胸闷心悸, 腰膝酸软, 头晕耳鸣, 排尿困难, 尿后余沥。",人参，沙棘，枸杞子，丹参，五味子，酸枣仁，淫羊藿，茯苓，泽泻,黄芪
TCMF569,"便溏久泻, 肛门下坠或脱肛, 子宫脱垂",黄芪，党参，甘草，当归，白术，升麻，柴胡，陈皮，大枣,生姜
TCMF11058,肺热咳嗽，痰多喘息，肺气肿，支气管炎。,百部，瓜蒌子，白及，麻黄，商陆，诃子,栀子
TCMF7823,月经不调，带下，痛经，产后虚弱。,鸡血藤，党参，当归，穿心莲,功劳木
TCMF12202,小儿食积，脘腹胀满，食欲不振，大便不畅。,芦荟，麦芽，山楂，三棱，莪术，使君子，红参，胡黄连，牵牛子，枳实，槟榔，冰片，鸡内金，朱砂,榧子
TCMF10151,月经不调，痛经，崩漏，带下病。,黄芪，当归，白芍，川芎，熟地黄，甘草,艾叶
TCMF10211,小儿感冒，发热，头痛，咳嗽，痰多，惊风。,朱砂，天麻，钩藤，麻黄，细辛，栀子，胆南星，僵蚕，全蝎，蜈蚣，冰片，麝香,丁香
TCMF11046,头痛，偏头痛，风寒感冒引起的头痛。,川芎，薄荷，荆芥，细辛，防风，羌活，甘草,白芷
TCMFx5235,"关节痛, 腰痛, 痹病",天麻，川牛膝，黄芪，穿山龙，红花,人参
TCMF7315,瘀血阻络的痹证。症见肌肉关节疼痛剧烈，多呈刺痛感，部位固定不移，痛处拒按，可有硬节或瘀斑。,红花，丹参，乳香，没药，川牛膝，川芎，姜黄，香附，黄芪,威灵仙
TCMF10230,小儿外感风热所致的咳嗽，症见咳嗽、痰黄黏稠、发热、咽痛。,苦杏仁，石膏，桔梗，百部，紫菀，甘草,麻黄
TCMFx2996,"绝经前后诸病, 月经失调, 痛经, 不孕, 性冷",人参，川芎，丹参，赤芍，淫羊藿，韭菜子，蛇床子，薏苡仁，蟾酥,当归
TCMF8265,咳嗽，气喘，痰多,满山红，灵芝，苍术，千里光，麻黄，连翘,附子
TCMF9200,脾肾两虚，带下量多，色白清稀，腰膝酸软，倦怠乏力。,杜仲，续断，党参，白术，砂仁，木香，陈皮，川芎，当归，小茴香，香附，鸡冠花，延胡索，牡蛎，青黛,白芍
TCMF12456,咽喉肿痛，吞咽困难，声音嘶哑，口干舌燥,甘草，半夏，射干,桔梗
TCMF10467,风湿性关节炎，类风湿性关节炎，腰腿疼痛，肢体麻木。,乳香，马钱子，罂粟壳，肉豆蔻，丁香，高良姜，西红花,麝香
TCMF9656,气血两虚，头晕目眩，心悸失眠，食欲不振，四肢乏力。,人参，党参，太子参，当归，熟地黄，黄精，玉竹，枸杞子，女贞子，茯苓，何首乌，五味子，陈皮，阿胶,谷芽
TCMF10233,小儿感冒引起的咳嗽、痰多。,石膏，苦杏仁，桔梗，百部，前胡，紫菀，款冬花，枇杷叶，甘草,麻黄
TCMF7764,痛经，经闭，月经不调，产后腹痛。,木香，白芍，牡丹皮，当归，川牛膝，延胡索，桂枝,桃仁
TCMF11338,跌打损伤，瘀血肿痛，筋骨疼痛。,鸡血藤，丹参，当归，赤芍，川芎，桃仁，红花，三棱，莪术，乳香，没药，牛膝，土鳖虫，自然铜，骨碎补，续断，桑寄生，木香，香附，延胡索，甘草,血竭
TCMF11732,风寒湿痹，关节疼痛，筋脉拘挛，肢体麻木，腰腿疼痛。,麻黄，细辛，防风，海风藤，威灵仙，草豆蔻，乳香，红花，桃仁，川芎，黄芩，大黄，白术，党参，当归，附子，制草乌，木香，赤芍,茯苓
TCMF12137,风寒湿痹，肢体麻木，关节疼痛，痰湿阻络。,降香，天竺黄，三棱，莪术，郁金，天麻，细辛，厚朴，沉香，防风，羌活，香附，芥子，清半夏，制天南星，橘红，青皮，枳壳,延胡索
TCMFx3086,"月经失调, 痛经, 月经过多",牡丹皮，白芍，川芎，吴茱萸，当归，甘草，肉桂，半夏，麦冬，阿胶,党参
TCMF11222,跌打损伤，筋骨疼痛，瘀血肿痛。,泽兰，红花，补骨脂，杜仲，乳香，三棱，莪术，郁金，桔梗，豆蔻，威灵仙，木瓜，桃仁，沉香，白芷，川芎，当归，香附,没药
TCMF11722,肾虚腰痛，头晕耳鸣，遗精早泄，神疲乏力。,杜仲，鹿茸，制何首乌，女贞子，枸杞子，山茱萸，淫羊藿，菟丝子，人参,茯苓
TCMF9847,皮肤瘙痒，湿疹，皮炎，疮疡肿毒,当归，紫草，冰片,白芷
TCMFx4513,"阴疽, 发背, 流注",苍术，石斛，麻黄，全蝎，当归，荆芥，甘草，防风，天麻，细辛，何首乌，朱砂，川芎,羌活
TCMF10422,风寒湿痹，筋骨疼痛，跌打损伤，瘀血肿痛。,荆芥，乳香，苏合香，木香，白及，大黄，赤芍，白蔹，白芷，川芎，当归，防风，陈皮，香橼，桂枝，肉桂，地龙，僵蚕,没药
TCMF10335,中风后遗症，瘫痹不遂，肢体麻木，言语不利。,山茱萸，胆南星，三七，西洋参，水蛭，地龙,土鳖虫
TCMF9652,烧伤，烫伤，疮疡肿毒。,黄连，黄柏，罂粟壳，地龙,黄芩
TCMF10076,风热感冒，咽喉肿痛，咳嗽痰黄，发热头痛。,金银花，连翘，薄荷，荆芥穗，牛蒡子，麦冬，玄参，桔梗，板蓝根，栀子，淡竹叶，冰片,甘草
TCMF9355,风寒湿痹，关节疼痛，肢体麻木。,红花，老鹳草，威灵仙，制草乌，虎杖，续断,独活
TCMFx711,"食积停滞, 腹痛不可近或泄泻或头痛",枳实，砂仁，白术,木香
TCMF11003,风寒湿痹，肢体疼痛，麻木不仁，屈伸不利。,麻黄，细辛，炙甘草，茯苓，白术，木香，大黄，赤芍，黄连，制草乌，两头尖，威灵仙，当归，防风，羌活，香附，胆南星，石菖蒲，红参,葛根
TCMF10723,阴虚火旺，潮热盗汗，口干咽痛，耳鸣遗精，小便短赤。,熟地黄，山茱萸，山药，知母，黄柏，牡丹皮，泽泻,茯苓
TCMFx538,"喉痹, 疮疡",黄芩,蒲公英
TCMF12113,心悸，失眠，惊悸，癫痫，中风昏迷。,牛黄，冰片，麝香，蟾酥，珍珠，人参,水牛角
TCMFx4850,"偏枯, 痹病",川芎，草乌，石斛，半夏，川牛膝，天南星，党参，木瓜，续断，陈皮，马钱子,钩藤
TCMF7870,高血压，高血脂，肥胖，便秘。,决明子，丹参，黄芪，荷叶，黑芝麻，大枣，蜂蜜,淫羊藿
TCMF8576,泌尿系结石，胆结石，肾结石，膀胱结石。,车前子，广金钱草，皂角刺，三棱，莪术，没药，赤芍，厚朴，枳壳，薏苡仁，桃仁，白芷，川牛膝，青皮,乳香
TCMF8137,高脂血症，动脉硬化。,葛根，制何首乌，当归，泽泻,山楂
TCMFx3378,急惊风,全蝎，僵蚕，蝉蜕，防风，麻黄，桔梗，半夏，黄连，大黄，甘草，人工牛黄，朱砂，麝香，冰片,羌活
TCMF7257,用于风热上攻、肺胃热盛所致的头晕目眩、暴发火眼、牙齿疼痛、口舌生疮、咽喉肿痛、耳痛耳鸣、大便秘结、小便短赤,黄连，黄芩，黄柏，石膏，栀子，大黄，连翘，菊花，荆芥穗，白芷，蔓荆子，川芎，防风，薄荷，桔梗，甘草,旋覆花
TCMF9923,痛经，月经不调，经行腹痛，寒凝血瘀。,茺蔚子，益母草，红花，川芎，炮姜，肉桂，当归，熟地黄，白芍，木香，香附，山楂，延胡索，青皮,丹参
TCMFx1061,痹病,马钱子，虎杖，菝葜，桂枝，秦艽，木瓜，甘草，防风，桑寄生,麻黄
TCMF12283,肾虚腰痛，腰膝酸软，头晕耳鸣，遗精早泄，月经不调。,鹿茸，杜仲，黄芪，西洋参，当归，白芍，熟地黄，黄芩，茯苓，白术，川芎，柴胡，牡丹皮，艾叶，续断，肉桂，陈皮，佛手，阿胶,麦冬
TCMF10078,肝肾不足，筋骨痿软，腰膝酸痛，肢体麻木。,续断，杜仲，牛膝，骨碎补，补骨脂，淫羊藿，枸杞子，菟丝子，熟地黄，当归，白芍，川芎，红花，木瓜，独活，秦艽，甘草,防风
TCMF8869,风热感冒，咽喉肿痛，头痛发热，咳嗽痰多。,薄荷，荆芥穗，金银花，淡豆豉，甘草，淡竹叶，桔梗，牛蒡子，羚羊角,连翘
TCMF10872,气虚体弱，久病虚损，神疲乏力，食欲不振，失眠多梦，腰膝酸软。,黄芪，党参，人参，冬虫夏草，鹿茸，麦冬，五味子，丹参，当归，蜂蜜,枸杞子
TCMF11422,痔疮，肛裂，肛周炎等。,浙贝母，侧柏叶，大黄，厚朴，紫草，冰片,白及
TCMF12131,蛔虫病，蛲虫病，绦虫病，钩虫病。,苦楝皮，花椒，乌梅，槟榔，雷丸，鹤虱，大黄，芒硝，牵牛子,使君子
TCMF10981,气血两虚，头晕目眩，心悸失眠，食欲不振，四肢乏力。,炙黄芪，红参，党参，白术，茯苓，熟地黄，当归，白芍，五味子，远志，陈皮，炙甘草，鹿茸,肉桂
TCMF7439,风热感冒，发热头痛，咳嗽，口干，咽喉疼痛。,金银花，连翘，薄荷，淡豆豉，牛蒡子，桔梗，甘草，淡竹叶,荆芥
TCMF340,胸痹,丹参，三七，葛根，木香,山楂
TCMF8792,痛经，月经不调，经前紧张症。,丹参，益母草，郁金，赤芍，牛膝,当归
TCMFx501,"喘病, 哮病, 肺胀",蛤蚧，蟾酥，黄芪，地龙，麻黄，党参，苦杏仁，白果，枳实，天冬，南五味子，麦冬，紫菀，百部，枸杞子，熟地黄，远志，葶苈子，石膏，甘草,洋金花
TCMF11156,痛经，月经不调，产后瘀血腹痛，消化不良。,益母草，乳香，没药，三棱，党参，白术，茯苓，苍术，木香，大黄，白芍，地榆，木瓜，桃仁，当归，羌活，香附，山楂,川芎
TCMF11111,风寒湿痹，关节疼痛，肢体麻木。,独活，羌活，防风，秦艽，川芎，当归，白芍，细辛，甘草,桂枝
TCMF11427,感冒发热，头痛，咳嗽，咽痛，四肢酸痛。,西河柳，薄荷，黄芩，葛根，荆芥穗，桔梗，木香，天麻，黄连，天竺黄，牛蒡子，制川乌，莲子心,大黄
TCMF10094,风热感冒，头痛，咳嗽，咽痛。,桑叶，菊花,夏枯草
TCMF12090,脾胃虚弱，久泻久痢，腹痛腹胀。,人参，白术，茯苓，甘草，白芍，肉豆蔻，诃子，陈皮,罂粟壳
TCMF9471,肾阳不足，腰膝酸软，畏寒肢冷，性功能减退。,鹿茸，海马，补骨脂，人参，熟地黄，枸杞子，菟丝子，杜仲，牛膝，淫羊藿，锁阳，砂仁，丁香，大青盐,天冬
TCMF7474,妇人冲任虚损，崩漏下血，月经过多，淋漓不止，产后或流产损伤冲任，下血不绝，或妊娠胞阻，胎漏下血，腹中疼痛。,当归，白芍，川芎，阿胶，艾叶，甘草,熟地黄
TCMF4262,"不寐, 血劳, 眩晕",熟地黄，远志，陈皮，首乌藤，白术，大枣,丹参
TCMFx6424,感冒,天竺黄，天花粉，川贝母，天南星，僵蚕，天麻，薄荷，桔梗，石菖蒲，陈皮，朱砂,半夏
TCMF10984,肾虚腰痛，腰膝酸软，畏寒肢冷，神疲乏力，头晕耳鸣。,鹿茸，鹿角胶，补骨脂，淫羊藿，肉苁蓉，黄芪，熟地黄，枸杞子，山茱萸，山药，五味子，菟丝子，韭菜子，小茴香，牛膝,红参
TCMFx4538,"感冒, 风温",紫苏叶，菊花，板蓝根，桑白皮，紫苏子，苦杏仁，前胡，白前，川贝母，黄芩，栀子，知母，冰片，牛黄,葛根
TCMF12142,脾胃虚弱，食欲不振，腹胀便溏，神疲乏力。,炙黄芪，党参，白芍，山药，香附，陈皮，甘草,五味子
TCMF10906,外感风寒，内伤湿滞，发热恶寒，头痛身重，胸闷脘痞，腹痛吐泻。,羌活，独活，川芎，前胡，茯苓，党参，桔梗，枳壳，甘草,柴胡
TCMF12182,肾虚腰痛，头晕耳鸣，须发早白，失眠多梦，神疲乏力。,黄精，天冬，侧柏叶，黑豆，炙黄芪，茯苓，核桃仁，制何首乌，大枣，山药，芡实，熟地黄，玄参，黑芝麻，大青盐，珍珠,麦冬
TCMF652,慢性肾炎,苍术，茯苓，白茅根，人参，黄精，菟丝子，枸杞子，金银花，蒲公英,防己
TCMF9041,中风，半身不遂，肢体麻木，口眼歪斜，言语不清，胸痹心痛，冠心病，心绞痛。,丹参，黄芪，鸡血藤，没药，乳香，红花，赤芍，川芎，当归，桑枝，牛膝，桂枝，水蛭，地龙，全蝎,桃仁
TCMF39,"发热, 头身痛, 流涕, 口渴, 咽红, 溲黄, 便干",柴胡，葛根，黄芩，蝉蜕，桂枝，白芍,浮萍
TCMF10530,气血两虚，头晕目眩，心悸失眠，四肢乏力。,人参，熟地黄，山茱萸，麦冬，五味子，茯苓，当归，川芎，牡丹皮，沉香,忍冬藤
TCMF8051,烧伤，烫伤，皮肤炎症,白芷，紫草，冰片,忍冬藤
TCMF9733,风寒湿痹，筋骨疼痛，肢体麻木，腰膝酸软。,葛根，黄芪，姜黄，菊花，白芍,桂枝
TCMF10921,痔疮，肛裂，便秘。,芦荟，玫瑰花，诃子，西红花,乳香
TCMF8290,风湿性关节炎，类风湿性关节炎，风寒湿痹，关节疼痛，肢体麻木。,荆芥，防风，防己，苍术，秦艽，威灵仙，制川乌，当归，独活，羌活，香附，延胡索，桂枝，土鳖虫，地龙,川芎
TCMFx5922,"急惊风, 积滞",雄黄，天麻，天竺黄，全蝎，僵蚕，清半夏，桔梗，黄芩，巴豆霜，胆南星，蝉蜕，蟾酥，沉香，水牛角，羚羊角，人工牛黄，麝香，朱砂,钩藤
TCMFx5749,"月经失调, 痛经, 带下病",当归，白芍，川芎，丹参，益母草，泽兰，牛膝，续断，艾叶，生姜，大腹皮，香附，木香，陈皮，茯苓，柴胡，鹿茸，人参,白术
TCMF12242,热毒蕴结，咽喉肿痛，口舌生疮，牙龈肿痛。,牛黄，青黛，珍珠，滑石,冰片
TCMF7420,行气止痛。用于气滞血瘀所致的胃脘疼痛、嗳气吞酸、胸闷胸痛、心悸气短,延胡索，白芍，丹参，三七，甘草，香附，乌药,郁金
TCMF11861,肝气郁结，胸胁胀痛，胃脘疼痛，月经不调。,柴胡，香附，当归，白芍，赤芍，延胡索，郁金，木香，姜黄，薄荷，黄芩，半夏，陈皮，莱菔子，生姜，甘草,川芎
TCMF8454,肝纤维化，肝硬化，肝脾肿大,黄芪，茯苓，莪术，赤芍，厚朴,桃仁
TCMF11439,寒疝腹痛，睾丸偏坠，痛经，月经不调。,炮姜，附子，苍术，木香，川楝子，小茴香，延胡索，橘核，吴茱萸，泽泻，肉桂,荔枝核
TCMF7572,疮疡肿毒，发热，便秘，腹胀，口渴，苔黄腻，脉数实。,黄连，黄芩，连翘，大黄，芒硝，当归，白芍，木香，桔梗，薄荷，甘草,栀子
TCMF9974,脾胃虚弱，胃脘疼痛，嗳气吞酸，食欲不振。,甘草，党参，白术，延胡索，海螵蛸,白芍
TCMF8912,骨质疏松，腰膝酸软，乏力，盗汗。,麦冬，甘草，黄芪，党参，茯苓，南五味子，大枣，山药，牡蛎，龟甲，鸡内金,白术
TCMFx3804,"眩晕, 头痛, 耳聋, 耳鸣",黄柏，大黄，栀子，石菖蒲，当归，芦荟，黄芩，黄连，磁石，木香，路路通,龙胆
TCMF9698,咳嗽，痰多，气喘。,百部，浙贝母，麻黄，苦杏仁，石膏，款冬花，鱼腥草，桑白皮，功劳木，甘草,陈皮
TCMF10135,胃痛，胃胀，消化不良，食欲不振，恶心呕吐。,党参，白术，茯苓，甘草，豆蔻，木香，厚朴，香附，陈皮，麦芽,砂仁
TCMF10917,湿疹，皮炎，瘙痒症，手足癣等皮肤病。,苦参，紫花地丁，黄连，苍术，茵陈，地肤子，萹蓄，虎杖，蛇床子，白鲜皮，黄柏，冰片,花椒
TCMF11003,风寒湿痹，肢体疼痛，麻木不仁，屈伸不利。,葛根，麻黄，细辛，炙甘草，茯苓，白术，木香，大黄，赤芍，黄连，制草乌，两头尖，威灵仙，防风，羌活，香附，胆南星，石菖蒲，红参,当归
TCMF7315,瘀血阻络的痹证。症见肌肉关节疼痛剧烈，多呈刺痛感，部位固定不移，痛处拒按，可有硬节或瘀斑。,威灵仙，丹参，乳香，没药，川牛膝，川芎，姜黄，香附，黄芪,红花
TCMF10428,心肾不交，失眠多梦，记忆力减退，神疲乏力。,西洋参，五味子，远志，石菖蒲，龟甲,灵芝
TCMF11962,月经不调，经期腹痛，经血量少，色暗有块，腰膝酸软，头晕耳鸣。,黄芪，人参，当归，白芍，川芎，香附，艾叶，茯苓，白术，青蒿，地骨皮，鳖甲,牡丹皮
TCMF10085,月经不调，痛经，产后瘀血，腰膝酸软，脾胃虚弱。,丹参，荆芥穗，益母草，杜仲，白芍，茯苓，白术，豆蔻，砂仁，木香，苍术，红花，赤芍，附子，牡丹皮，木瓜，山楂，甘草,厚朴
TCMF11721,肾虚腰痛，遗精早泄，阳痿不举，头晕耳鸣，腰膝酸软。,补骨脂，杜仲，巴戟天，黄芪，肉苁蓉，山茱萸，茯苓，何首乌，枸杞子，沉香，小茴香，知母，甘松，白芍，牡丹皮,白术
TCMF6682,"活血, 止痛。用于跌打损伤, 瘀血肿痛。",桃仁，陈皮，红花，白芷，木香，甘草，当归，香附，延胡索,防风
TCMF5717,痢疾,白芍，黄芩，滑石，木香，陈皮，槟榔，甘草，当归，青皮，枳实，黄连,薤白
TCMF10808,痈疽疮疡，无名肿毒，蛇虫咬伤,大蒜，重楼，草乌，石菖蒲,艾叶
TCMF8877,热病神昏，中风痰厥，小儿急惊风。,冰片，人工牛黄，蟾酥，麝香，雄黄,珍珠
TCMF12132,痛经，月经不调，经期腹痛，胸胁胀痛。,延胡索，川芎，丹参，木香，香附，甘草,白芍
TCMF11078,冠心病，心绞痛，心肌梗死，脑血栓形成等心脑血管疾病。,丹参，黄芪，当归，川芎，赤芍，桃仁，红花，牛膝，地龙,白芍
TCMF11404,血瘀证，胸痹心痛，月经不调，痛经。,丹参，黄芪，三棱，莪术，片姜黄，红花，木香，细辛，赤芍，黄连，牡丹皮，桃仁，川芎，延胡索，枳壳,吴茱萸
TCMF11813,慢性肾炎，肾病综合征，蛋白尿，血尿，水肿。,黄芪，丹参，三七，赤芍，桃仁，红花，泽泻，茯苓，猪苓，车前子，牛膝，甘草,川芎
TCMF12333,胃肠积滞，消化不良，胸腹胀满，呕吐泄泻。,郁李仁，土木香，诃子，牛黄,豆蔻
TCMF7685,肾阳不足，腰膝酸软，精神萎靡，畏寒肢冷，夜尿频多。,蛤蚧，人参，鹿茸，淫羊藿，肉苁蓉，熟地黄，当归，川芎，白芍，甘草,海龙
TCMF7389,脾胃虚弱，食少便溏，气短乏力。,白术，茯苓，甘草,人参
TCMF4179,"虚劳, 盗汗, 健忘",党参，白术，茯苓，当归，白芍，黄芪，熟地黄，肉桂，陈皮，远志，五味子，生姜，大枣,甘草
TCMF11094,清热解毒，用于治疗感冒发热，咽喉肿痛，口腔溃疡，疮疖肿毒。,黄连，黄芩，黄柏，栀子，金银花，连翘，板蓝根，大青叶，蒲公英，紫花地丁,甘草
TCMF8000,头晕目眩，健忘失眠，心悸怔忡，肢体麻木。,麦冬，制何首乌，茯苓，白术，天麻，钩藤，五味子，当归,人参
TCMF9058,湿热下注，小便不利，淋沥涩痛，尿血，尿路结石。,车前草，茯苓，海金沙，瞿麦，川木通，牛膝，枳实，广金钱草，鸡内金,石韦
TCMF10987,气血两虚，脾胃虚弱，腰膝酸软，月经不调。,丹参，益母草，杜仲，茯苓，麦芽，豆蔻，砂仁，白术，苍术，红花，木香，白芍，赤芍，附子，厚朴，木瓜，山楂，桃仁,牡丹皮
TCMF9165,气滞血瘀所致的胸痹心痛，心悸气短，冠心病心绞痛。,黄芪，丹参，当归，川芎，赤芍，桃仁，地龙,红花
TCMF8296,风寒湿痹，关节疼痛，脘腹冷痛，慢性胃炎，胃及十二指肠溃疡。,苍术，八角茴香，当归，吴茱萸，冰片,麻黄
TCMF10154,痛经，月经不调，寒凝血瘀,艾叶，香附，川芎，当归，白芍，吴茱萸,肉桂
TCMFx3684,咳嗽,熟地黄，党参，黄芪，桑白皮，五味子,紫菀
TCMFx6318,"痹病, 腰痛, 关节痛",骨碎补，川乌，牛膝，肉桂，海龙，秦艽，乳香，没药，香附，马钱子，防风，当归，赤芍，草乌，木香，桃仁,红花
TCMF9623,气血两虚，肢体麻木，腰膝酸软，头晕目眩。,黄芪，党参，当归，熟地黄，茯苓，白术，枸杞子，山茱萸，独活，甘草,羌活
TCMF9072,头痛眩晕，目赤耳鸣，咽喉肿痛，口舌生疮，牙龈肿痛，大便燥结。,黄芩，黄连，荆芥穗，菊花，大黄，栀子，连翘，当归，人工牛黄,川芎
TCMFx642,"眩晕, 白发症",何首乌，枸杞子，黄精，决明子,山楂
TCMF10437,气血两虚，月经不调，崩漏下血，体弱乏力。,当归，熟地黄，黄芪，党参，白芍，茯苓，炙甘草,川芎
TCMF8090,肝癌，肝硬化，肝腹水,重楼，黄芪，党参，大黄，柴胡，土鳖虫，鳖甲,桃仁
TCMF3619,胸痹,野菊花，川芎，延胡索，珍珠母，茯苓，首乌藤，牛膝，降香，三七，半夏，大枣，甘草，柴胡，冰片,桂枝
TCMF4007,咳嗽,牛黄，黄芩，玄明粉，石膏，大黄，朱砂，滑石，雄黄,青礞石
TCMF3907,感冒,金银花，大青叶，板蓝根，鱼腥草，薄荷，淡豆豉，淡竹叶，陈皮,甘草
TCMF10196,清热解毒，用于治疗疮疖肿毒，皮肤感染，咽喉肿痛等。,紫花地丁，蒲公英，野菊花,黄芩
TCMF8750,疮疡肿毒，湿疹瘙痒，湿热黄疸，风湿痹痛。,土茯苓，黄芪，红参，茯苓，泽泻，野菊花，大黄，牡丹皮，北沙参，防风，山茱萸，紫草，水牛角,羚羊角
TCMF9104,哮喘，气短，咳嗽，胸闷。,麻黄，紫苏叶，苦杏仁，厚朴，红参，柴胡，陈皮，甘草,穿山龙
TCMF11890,气滞血瘀所致的胸痹心痛，胸闷，心悸，眩晕，脘腹胀痛。,丹参，没药，乳香，血竭，木香，川楝子，香附，白芍，陈皮，甘草,郁金
TCMF8709,咳嗽，痰多，气喘。,紫苏子，甘草，桔梗，枇杷叶，化橘红,陈皮
TCMF10484,脾胃虚弱，消化不良，食欲不振，脘腹胀满。,陈皮,甘草
TCMF5712,"恶阻, 胎动不安, 滑胎",黄芪，党参，茯苓，白术，甘草，当归，白芍，熟地黄，阿胶，桑寄生，菟丝子，艾叶，荆芥穗，厚朴，枳壳，川贝母，羌活，鹿茸,川芎
TCMFx7311,湿热痹证，其症状为肌肉或关节红肿热痛，有沉重感，步履艰难，发热，口渴不欲饮，小便黄。,防己，苍术，黄柏，粉萆薢，薏苡仁，威灵仙，防风，川牛膝，地龙，忍冬藤，连翘,桑枝
TCMF10365,肝肾不足，筋骨痿弱，腰膝酸软，骨质疏松。,续断，杜仲，牛膝，补骨脂，骨碎补，淫羊藿，熟地黄，枸杞子，当归，白芍，黄芪，茯苓，泽泻，甘草,菟丝子
TCMF5609,胎动不安,当归，菟丝子，浙贝母，黄芪，荆芥，艾叶，厚朴，枳壳，甘草，川芎，羌活,白芍
TCMFx3192,跌打损伤,栀子，红花，桃仁，芥子,苦杏仁
TCMF9322,湿热下注所致的热淋，症见尿频、尿急、尿痛、腰痛、小腹坠胀。,苦参，白茅根,萹蓄
TCMFx4771,"中风, 急惊风",苏合香，丁香，安息香，乳香，木香，檀香，八角茴香，香附，白术，诃子，荜茇，朱砂,冰片
TCMF179,"厌食, 症见食欲不振, 消化不良, 面黄身瘦, 大便稀溏",党参，白术，茯苓，山药，薏苡仁，麦冬，何首乌，大枣，山楂，麦芽，桑枝,黄芪
TCMF9391,脾胃虚弱，食欲不振，四肢乏力，腰膝酸软，失眠多梦。,人参，黄芪，白术，茯苓，泽泻，山药，白芍，肉苁蓉，锁阳，巴戟天，狗脊，酸枣仁，远志，石菖蒲，豆蔻，丹参,熟地黄
TCMF10995,头晕目眩，腰膝酸软，神疲乏力，失眠健忘。,鹿茸，人参，何首乌，枸杞子，茯苓，五味子,天麻
TCMF8621,遗精滑泄，神疲乏力，腰痛耳鸣。,沙苑子，莲须，莲子，牡蛎,芡实
TCMF7309,气滞血瘀引起的胃脘痛以及慢性胃炎等见有上述症状者。,川楝子，延胡索，香附，大黄，黄连，吴茱萸，香橼，佛手，海螵蛸，瓦楞子,荜澄茄
TCMF7471,积聚痞块，胁腹胀痛，食少体倦，大便不畅。,鳖甲，槟榔，大黄，牵牛子，芒硝，厚朴，木香，香附，青皮，陈皮，三棱，莪术，甘草,白术
TCMF10757,咳嗽，痰多，气喘。,川贝母，麻黄，清半夏，白果，青果，甘草,款冬花
TCMF11624,胆石症，胆囊炎，胆道感染。,金钱草，黄芩，茵陈，大黄，栀子，三棱，郁金，没药，陈皮，甘草，白矾,乳香
TCMF10487,眩晕，头痛，耳鸣，失眠，高血压。,黄芩，竹茹，胆南星，菊花，白芍，山楂，陈皮，牡蛎,苍耳子
TCMF11392,感冒发热，咽喉肿痛，咳嗽痰多。,黄芩，金银花，菊花，牛蒡子，赤芍，苦杏仁，前胡，桑叶，胖大海，玄参，泽泻，木蝴蝶，蝉蜕，僵蚕,板蓝根
TCMF10884,肾虚腰痛，腰膝酸软，头晕耳鸣，遗精早泄，阳痿不育。,巴戟天，肉苁蓉，杜仲，狗脊，牛膝，党参，白术，炙甘草，熟地黄，枸杞子，韭菜子，菟丝子，天花粉，远志，泽泻，当归，山药，芡实,制何首乌
TCMF9658,湿热瘀阻，脾胃虚弱，食少便溏，气滞血瘀。,丹参，白扁豆，补骨脂，苦参，山豆根，防己，莪术，苦杏仁，乌梅,三棱
TCMF9101,瘫痿瘫痹，肢体麻木，腰膝酸软，头晕目眩。,黄芪，杜仲，茯苓，白术，丹参，当归，天麻，秦艽，安息香，沉香，甘草,钩藤
TCMF12114,目赤肿痛，羞明多泪，头晕目眩。,龙胆，黄芩，黄连，栀子，大黄，决明子，车前子，泽泻，菊花，木贼，柴胡，冰片,当归
TCMFx7222,用于阴虚火旺，虚火上浮，口鼻干燥，咽喉肿痛,玄参，桔梗，甘草,麦冬
TCMF7254,用于外感风邪引起的恶风身热，偏正头痛、鼻流清涕、牙疼喉痛,川芎，菊花，连翘，薄荷，蔓荆子，黄芩，栀子，黄连，羌活，藁本，防风，白芷，荆芥穗，桔梗,甘草
TCMF8046,湿热泻痢，热毒血痢，腹痛，里急后重。,白头翁，马齿苋，黄柏,委陵菜
TCMF10507,脑动脉硬化，脑血栓形成，脑栓塞，脑出血后遗症，冠心病，心绞痛。,灯盏细辛，三七，丹参，川芎，山楂，槐花，葛根，银杏叶，何首乌,决明子
TCMF12404,面色苍白，神疲乏力，头晕目眩，腰膝酸软，性欲减退,人参,鹿角胶
TCMF11850,外感风热，发热头痛，咳嗽咽痛，鼻塞流涕。,薄荷，荆芥穗，黄芩，连翘，金银花，桔梗，牛蒡子，甘草，葛根，淡竹叶，赤芍，大青叶，白芷，柴胡，川芎，防风，羌活，玄参,天花粉
TCMF8182,肾阳不足，腰膝酸软，畏寒肢冷，神疲乏力，头晕耳鸣。,韭菜子，补骨脂，黄芪，沙苑子，炙甘草，杜仲，菊花，何首乌，肉苁蓉，女贞子，巴戟天，枸杞子，当归，山茱萸，仙茅，大枣，锁阳，丁香，三七,蛇床子
TCMFx1132,痹病,黄芪，牛膝，防风,当归
TCMF7731,"身体虚弱, 真元不足, 小便频数",蛤蚧，淫羊藿，巴戟天，熟地黄，杜仲，续断，菟丝子，枸杞子，当归，狗脊，党参，黄芪，白术，甘草,茯苓
TCMFx581,"虚劳, 咳嗽",阿胶，熟地黄，党参，枸杞子，白术,黄芪
TCMFx6923,"劳倦, 食少无味, 脾胃虚弱, 元气不足",黄芪，人参，白术，甘草，陈皮，升麻，柴胡，生姜，大枣,当归
TCMF7309,气滞血瘀引起的胃脘痛以及慢性胃炎等见有上述症状者。,荜澄茄，川楝子，延胡索，香附，大黄，吴茱萸，香橼，佛手，海螵蛸，瓦楞子,黄连
TCMF7565,妇人血虚，月经不调，经闭，痛经，产后瘀血腹痛等。,当归，川芎，熟地黄，红花，桃仁，牛膝,白芍
TCMF11237,小儿惊风，高热抽搐，痰热壅盛。,天麻，牛黄，僵蚕，蝉蜕，朱砂，麝香,青礞石
TCMF9714,肝郁脾虚，胸胁胀痛，食欲不振，神疲乏力。,柴胡，黄芩，郁金，黄芪，党参，茯苓，当归，麦冬，五味子，枳壳，甘草,白芍
TCMF7336,腰酸足软，头晕耳鸣，眼花心悸，阳痿遗精。,淫羊藿，菟丝子，女贞子，金樱子,狗脊
TCMF11973,胃溃疡，慢性胃炎，胃痛，胃胀。,赤小豆，炙甘草，薏苡仁，木香，细辛，山楂，乌梅，肉桂，鸡内金,檀香
TCMFx3896,虚劳,熟地黄，沙苑子，龙眼肉，杜仲，地骨皮，巴戟天，枸杞子，菟丝子，当归，楮实子，牛膝，韭菜子，山药,补骨脂
TCMF38,"风湿性关节炎, 腰肌劳损, 跌打损伤",槲寄生，杜仲，秦艽，防风，党参，当归，茯苓，白芍，熟地黄，牛膝，桂枝，细辛，甘草，川芎,独活
TCMF9661,气滞血瘀，消化不良，胸腹胀痛，便秘。,三棱，莪术，木香，香附，大黄，槟榔，牵牛子，延胡索，陈皮，青皮，威灵仙,枳实
TCMF11708,咽喉肿痛，口舌生疮，牙龈肿痛。,薄荷，儿茶，乌梅，诃子，甘草，冰片,山豆根
TCMF8020,湿热下注，大肠湿热所致的泄泻、痢疾，症见腹痛、腹泻、里急后重、大便脓血。,黄芩，白头翁，黄柏,蒲公英
TCMF7442,少阳湿热证，寒热如疟，寒轻热重，口苦膈闷，吐酸苦水，或呕黄涎而粘，甚则干呕呃逆，胸胁胀疼，小便黄少。,青蒿，竹茹，半夏，枳壳，陈皮，茯苓，甘草,黄芩
TCMF7332,风热感冒，发热头痛，咳嗽咽痛。,金银花，连翘，板蓝根，牛蒡子，桔梗，薄荷，甘草,大青叶
TCMF9870,脾胃虚弱，消化不良，食欲不振，脘腹胀满。,黄芪，党参，茯苓，白术，紫苏梗，陈皮，蒲公英，土木香，山楂，当归，桂枝,白芍
TCMF7656,气血两虚，头晕目眩，心悸失眠，面色萎黄，月经不调。,当归，熟地黄，白芍，川芎,黄芪
TCMF12129,风湿瘙痒，湿疹，荨麻疹，皮肤瘙痒症。,土茯苓，薄荷，黄芩，荆芥，苦参，蒺藜，红花，何首乌，赤芍，升麻，威灵仙，白芷，川芎，当归，防风，鸦胆子，白鲜皮,菊花
TCMF9892,痹证，腰腿疼痛，肢体麻木，骨质疏松。,丹参，红花，当归，赤芍，牛膝，桂枝，桑寄生，续断，骨碎补，狗脊，淫羊藿，鸡血藤，熟地黄，枸杞子，菟丝子，鹿角胶，龟甲胶，甘草,川芎
TCMF7348,风寒湿痹，肢体关节疼痛，麻木不仁，屈伸不利。,黄芪，当归，川芎，赤芍，桂枝，牛膝，秦艽，防风，独活，桑寄生，杜仲，续断，甘草,细辛
TCMF12155,风湿痹痛，肢体麻木，腰腿疼痛。,甘草，没药，乳香，苍术，麻黄，马钱子，土鳖虫，全蝎，僵蚕,川牛膝
TCMFx723,"眩晕, 心悸, 不寐, 血劳",阿胶，熟地黄，党参，山楂,红参
TCMF10448,风湿痹痛，腰腿疼痛，肢体麻木，跌打损伤。,补骨脂，杜仲叶，乳香，赤芍，当归，白术，狗脊，牛膝，续断，泽泻，土鳖虫,肉桂
TCMF7721,气血两虚，头晕目眩，心悸失眠，食欲不振，四肢乏力。,阿胶，熟地黄，枸杞子，党参，当归，川芎，白芍，白术，茯苓，甘草,黄芪
TCMF8784,肝胃不和，胸胁胀痛，呕吐吞酸，脘腹胀满，不思饮食。,柴胡，白芍，香附，延胡索，茯苓，白术，豆蔻，砂仁，陈皮，橘红，龙胆，黄连，厚朴，沉香，甘草,木香
TCMF8512,高脂血症，肥胖症，高血压等。,丹参，茵陈，何首乌，大黄，枸杞子，三七，泽泻，松花粉,葛根
TCMF10257,肾虚水肿，腰膝酸软，头晕耳鸣，尿频尿急。,太子参，制何首乌，枸杞子，菟丝子，车前子，泽兰，茯苓，赤芍,泽泻
TCMF12324,肾阴虚，腰膝酸软，头晕耳鸣，遗精盗汗，失眠多梦。,熟地黄，山茱萸，山药，黄芪，人参，五味子，菟丝子，锁阳，巴戟天，马钱子，鹿茸,远志
TCMF7954,疮疡溃烂，久不收口，疥癣瘙痒。,冰片，重楼，红粉，炉甘石，轻粉,石膏
TCMF7544,"理气疏肝, 消积和胃。用于肝胃气滞, 脘腹胀痛, 胸膈痞满, 不思饮食, 嗳气泛酸。",木香，砂仁，陈皮，莪术，延胡索，乌药，枳壳，厚朴，香附，谷芽，麦芽，甘草,沉香
TCMF8816,肾虚腰痛，腰膝酸软，头晕耳鸣，阳痿早泄，遗精滑精。,杜仲，鹿茸，肉苁蓉，山茱萸，菟丝子，五味子，枸杞子，西红花，人参，海龙,大黄
TCMF5947,"虚劳, 心悸, 不寐",人参，麦冬，五味子，黄芪，龙眼肉，肉桂，灵芝，鸡血藤，茯苓，山楂，丹参，酸枣仁，阿胶,当归
TCMF10584,感冒发热，咽喉肿痛，扁桃体炎，目赤肿痛。,金银花，黄芩，板蓝根，甘草,连翘
TCMF3657,胸痹,赤芍，丹参，降香，川芎,红花
TCMF11213,高血压，头痛，目赤肿痛，眩晕。,菊花，决明子，枸杞子，桑叶，夏枯草，甘草,薄荷
TCMF8737,感冒发热，咽喉肿痛，咳嗽痰黄，尿黄便干。,黄芩，金银花，葛根，连翘，板蓝根，菊花，茵陈，绵马贯众，白芷，大青叶,栀子
TCMF8607,感冒咳嗽，痰多胸闷，咽喉肿痛。,紫苏梗，茯苓，豆蔻，砂仁，厚朴，胆南星，法半夏，枳实，木蝴蝶，槟榔，蝉蜕,橘红
TCMF8659,咳嗽，气喘，痰多，胸闷。,甘草，茯苓，白前，苦杏仁，桑白皮，西洋参，白果，地龙,陈皮
TCMF10310,冠心病，心绞痛，心肌梗死，心律失常。,黄芪，丹参，麦冬，五味子,川芎
TCMFx3736,喉痹,胖大海，青果，金果榄，玄参，诃子，甘草,麦冬
TCMF11114,风湿痹痛，跌打损伤，疮疡肿毒。,巴豆霜，蓖麻子，猪牙皂，三棱，天花粉，莪术，大黄，麻黄，细辛，草乌,甘遂
TCMF7799,阳虚寒凝，肢体冷痛，风寒湿痹，腰腿疼痛。,附子，干姜，肉桂，细辛，麻黄，羌活，独活，防风，白术，甘草,桂枝
TCMF9267,感冒发热，头痛，咳嗽，鼻塞流涕。,青蒿，积雪草，甘草,香薷
TCMF7773,肺热咳嗽，痰多粘稠，气喘胸闷。,黄芩，瓜蒌，百部，白及，枇杷叶，北沙参，太子参,川贝母
TCMF11175,咳嗽气喘，痰多色白，胸闷气短，畏寒肢冷。,黄芪，紫菀，苦杏仁，胡椒，附子，前胡，白果,五味子
TCMF8227,阴虚内热，头晕目眩，腰膝酸软，遗精盗汗。,龟甲，鳖甲，熟地黄，女贞子，枸杞子，茯苓，泽泻，牡丹皮，车前子，丹参，五味子，覆盆子，桑椹，山楂，当归，山药，狗脊，牛膝,制何首乌
TCMF11228,骨质疏松症，骨关节疼痛，腰膝酸软。,知母，三棱，莪术，赤芍，淫羊藿，续断，牡蛎,川芎
TCMF7294,肾气不足，气血亏虚引起的头晕耳鸣，视减听衰，失眠健忘，食欲不振，腰膝酸软，心慌气短，中风后遗症；对脑功能减退，冠状血管疾患，脑血管栓塞及脱发也有一定作用。,黄精，枸杞子，熟地黄，党参，黄芪，山药，刺五加，淫羊藿，桑椹，山楂，砂仁，法半夏，茯苓，泽泻，马钱子,陈皮
TCMF11065,头痛，眩晕，鼻塞，流涕。,川芎，当归，细辛，白芷，羌活，独活，防风，蔓荆子，黄芩，麦冬，苍术，甘草,菊花
TCMF10429,气血两虚，心悸失眠，食欲不振，四肢乏力。,红参，五加皮，黄芪，五味子，麦冬，川芎，白芍，熟地黄，炙甘草,当归
TCMFx3697,疳病,太子参，北沙参，茯苓，山药，山楂，麦芽，白扁豆，陈皮，白芍，麦冬,葛根
TCMF11958,感冒发热，头痛，咳嗽，咽喉肿痛，瘟疫初起。,麦冬，薄荷，荆芥穗，紫苏叶，甘草，竹茹，天花粉，桔梗，苦杏仁，柴胡，玄参，冰片，水牛角，羚羊角，僵蚕，朱砂，雄黄,黄芩
TCMF9605,湿热下注，淋证，小便不利，皮肤瘙痒。,土茯苓，甘草，虎杖,淡竹叶
TCMF8109,冠心病，心绞痛，心肌梗死，脑梗死。,丹参，川芎，红花，赤芍，降香,冰片
TCMF9308,热病发热，咽喉肿痛，口舌生疮，牙龈肿痛。,麦冬，红花，瞿麦，檀香，胡黄连，苦地丁，人工牛黄,石膏
TCMFx4732,"眩晕, 月经过多",党参，白术，茯苓，当归，甘草，肉桂，白芍，熟地黄，黄芪,川芎
TCMF10928,肾阴虚，腰膝酸软，骨蒸潮热，盗汗遗精，消渴。,知母，黄柏，熟地黄，白芍，锁阳，干姜，陈皮,龟甲
TCMF8044,痔疮，肛裂，肛周炎等肛门疾病。,槐花，苦参，大黄，黄连，栀子，花椒，紫草，冰片,地榆
TCMF11868,冠心病，心绞痛，胸闷，心悸，气短。,薤白，姜黄，红花，赤芍，川芎，瓜蒌皮，当归，太子参，石菖蒲，远志，炙甘草,丹参
TCMFx4744,胎动不安,杜仲，白术，菟丝子，熟地黄，当归，续断，黄芩，厚朴，黄芪，陈皮，阿胶，艾叶，白芍，枳壳，砂仁，川贝母，甘草,川芎
TCMF10283,风寒感冒，发热恶寒，咳嗽痰稀，鼻塞流涕，头痛身痛。,麻黄，桂枝，干姜，五味子，法半夏，白芍，炙甘草,细辛
TCMF8146,更年期综合征，症见潮热汗出、头晕耳鸣、失眠多梦、心悸、烦躁不安、腰膝酸软。,知母，黄柏，金樱子，车前子，人参，牡蛎,淫羊藿
TCMF3263,"虚劳, 血风劳",党参，黄芪，黄精,何首乌
TCMF9516,血瘀证，痛经，闭经，跌打损伤。,三七，通草，熟地黄，桑寄生，丹参，红花，鸡血藤，当归，白芍,川芎
TCMFx5498,"感冒, 痄腮",淡竹叶，黄芩，大青叶，玄参，天花粉，羌活，牛蒡子，桔梗，连翘，白芷，川芎，赤芍，防风，柴胡，甘草,葛根
TCMF8737,感冒发热，咽喉肿痛，咳嗽痰黄，尿黄便干。,金银花，葛根，连翘，板蓝根，菊花，茵陈，绵马贯众，栀子，白芷，大青叶,黄芩
TCMF8969,肠燥便秘,火麻仁，大黄，苦杏仁，厚朴，枳实,白芍
TCMF8493,风寒湿痹，瘫痹拘挛，腰膝疼痛，手足麻木，跌打损伤。,荆芥，防风，羌活，苍术，麻黄，细辛，川乌，草乌，天麻，全蝎，当归，川芎，何首乌，朱砂，雄黄,石斛
TCMF11540,肾阳不足，腰膝酸软，畏寒肢冷，神疲乏力。,黄芪，红参，肉苁蓉，茯苓，山药，当归，鹿茸，五味子，牛膝，菟丝子，远志,附子
TCMF450,感冒,桂枝，白芷，防风，荆芥穗，白芍，桔梗，甘草，柴胡，羌活，苦杏仁，生姜,葛根
TCMFx6395,"虚劳, 眩晕, 头痛, 不寐, 健忘",党参，茯苓，白芍，续断，当归，三七，何首乌，红花，黄芪，牛膝，山药，牡丹皮，泽泻，白术，熟地黄，人参,杜仲叶
TCMF8451,肾虚腰痛，头晕耳鸣，遗精早泄，月经不调。,附子，熟地黄，山药，菟丝子，枸杞子，茯苓，泽泻，牡丹皮，肉桂,女贞子
TCMF8787,慢性咽炎，口腔溃疡，胃溃疡。,浙贝母，黄连，苦参，豆蔻，砂仁，蒲公英，白及，白蔹，三七，海螵蛸,黄芪
TCMF9159,便秘，肠燥便秘，老年性便秘。,黄芪，决明子，何首乌，核桃仁，肉苁蓉，黑芝麻，当归，枳实，苦杏仁,桃仁
TCMF10733,高血压，高脂血症，冠心病。,丹参，葛根，决明子，瓜蒌，山楂,制何首乌
TCMFx3378,急惊风,全蝎，僵蚕，蝉蜕，防风，羌活，麻黄，桔梗，半夏，大黄，甘草，人工牛黄，朱砂，麝香，冰片,黄连
TCMFx774,"急性支气管炎, 慢性支气管炎",鱼腥草，金荞麦，四季青，麻黄，紫菀，前胡，甘草,枳壳
TCMF10013,肝肾阴虚，气血不足，月经不调，崩漏带下，腰膝酸软，头晕目眩。,丹参，黄芪，白芍，银柴胡，人参，牡蛎，鹿角霜，鳖甲，甘草,香附
TCMF11144,风寒湿痹，关节疼痛，肢体麻木，腰腿疼痛。,麻黄，桂枝，羌活，独活，川芎，当归，乳香，没药，马钱子，附子，制川乌，木瓜，川牛膝,制草乌
TCMF11227,骨折，软组织损伤，风湿性关节炎,黄芪，乳香，没药，骨碎补,三七
TCMFx712,"胃饮, 水肿",木香，砂仁，苍术，厚朴，陈皮，茯苓，泽泻，猪苓，肉桂，甘草,白术
TCMF7795,湿热下注，痔疮肿痛，肛裂出血，肠风下血。,苦参，红花，白芍，黄连，五味子，五倍子，乌梅，川芎，丁香，人参，白矾,射干
TCMF12270,咳嗽痰多，气喘胸闷，痰稠不易咳出。,百合，川贝母，紫苏子，瓜蒌子，款冬花，法半夏，白果，陈皮，甘草,麻黄
TCMF8543,感冒咳嗽，痰多粘稠，咽喉肿痛。,浙贝母，葛根，天花粉，桔梗，前胡，茯苓，陈皮，苦杏仁，清半夏，甘草,玄参
TCMF7858,月经不调，痛经，产后恶露不绝,当归，川芎，桃仁，红花，续断，干姜，甘草,益母草
TCMF11721,肾虚腰痛，遗精早泄，阳痿不举，头晕耳鸣，腰膝酸软。,补骨脂，杜仲，巴戟天，黄芪，肉苁蓉，山茱萸，茯苓，白术，枸杞子，沉香，小茴香，知母，甘松，白芍，牡丹皮,何首乌
TCMF8544,感冒咳嗽，痰多气喘，胸膈满闷。,浙贝母，紫苏叶，葛根，茯苓，天花粉，桔梗，木香，苦杏仁，前胡，半夏，陈皮，枳壳,玄参
TCMF8669,风寒湿痹，关节疼痛，肌肉酸痛，屈伸不利。,葛根，白芍，威灵仙，川芎，三七，延胡索,羌活
TCMFx7004,"肺感风寒, 咳嗽多痰",荆芥，前胡，麻黄，旋覆花，甘草，赤芍，生姜，大枣,半夏
TCMF7396,乳腺增生症，属肝气郁结，痰瘀阻滞证候者，症见乳腺肿块，胀满疼痛。,牡蛎，海藻，昆布，鸡血藤，王不留行，柴胡，青皮，淫羊藿，菟丝子，赤芍，香附,丹参
TCMF7484,郁病,香附，木香，青皮，陈皮，枳壳，川芎，白芍，三棱，莪术，茯苓，栀子，黄芩，甘草,大黄
TCMF8968,感冒咳嗽，支气管炎，哮喘。,麻黄，紫苏叶，桔梗，紫菀，苦杏仁，连翘，鱼腥草，防风，法半夏，银杏叶，甘草,黄芩
TCMF10764,血热妄行所致的出血证，如吐血、衄血、便血、崩漏等。,槐花，马齿苋，三七，花蕊石,血余炭
TCMF11125,湿热泄泻，腹痛，腹泻，消化不良。,黄连，葛根，炙甘草，茯苓，白术，木香，厚朴，山楂，姜半夏,泽泻
TCMF10941,肝气郁结，胁肋疼痛，头痛眩晕，肢体麻木。,白芍，川芎，防风，羌活,当归
TCMF10691,寒湿阻滞，脘腹胀痛，呕吐泄泻，食欲不振。,木香，石菖蒲，香附,高良姜
TCMF12020,痛经，月经不调，寒凝血瘀型腹痛。,艾叶，白芍，当归，川芎，熟地黄，延胡索，吴茱萸，肉桂，小茴香,香附
TCMF10866,风热感冒，咽喉肿痛，牙龈肿痛，口舌生疮。,荆芥，石膏，细辛，牡丹皮，白芷，防风，青皮，甘草,青黛
TCMFx6417,胃脘痛,蒲公英，白芍，甘草，乌药，陈皮，木香,大血藤
TCMFx3475,遗精,砂仁，黄柏,甘草
TCMF11679,风寒湿痹，筋骨疼痛，四肢麻木，腰膝酸软。,炙黄芪，党参，当归，熟地黄，杜仲，续断，牛膝，秦艽，独活，威灵仙，干姜，白芷，川芎，菊花，枸杞子，白芍，龙眼肉，五加皮，大枣,酸枣仁
TCMF8227,阴虚内热，头晕目眩，腰膝酸软，遗精盗汗。,龟甲，鳖甲，制何首乌，熟地黄，女贞子，枸杞子，茯苓，泽泻，牡丹皮，车前子，丹参，五味子，覆盆子，桑椹，山楂，当归，山药，狗脊,牛膝
TCMF12324,肾阴虚，腰膝酸软，头晕耳鸣，遗精盗汗，失眠多梦。,山茱萸，山药，黄芪，人参，五味子，菟丝子，锁阳，巴戟天，马钱子，远志，鹿茸,熟地黄
TCMFx5575,痹病,苍术，忍冬藤，地龙，连翘，黄柏，薏苡仁，防风，川牛膝，桑枝，防己，威灵仙,粉萆薢
TCMF10285,咳嗽，气喘，痰多，胸闷。,川贝母，麦冬，知母，紫苏叶，竹茹，麻黄，五味子，苦杏仁，前胡，银杏叶，橘红，枳壳，槟榔，松花粉,石膏
TCMFx877,上呼吸道感染,蒲公英，紫花地丁，甘草,大青叶
TCMF8968,感冒咳嗽，支气管炎，哮喘。,黄芩，麻黄，紫苏叶，桔梗，紫菀，苦杏仁，连翘，鱼腥草，防风，法半夏，甘草,银杏叶
TCMF10921,痔疮，肛裂，便秘。,芦荟，乳香，玫瑰花，诃子,西红花
TCMF6024,积滞,山楂，大黄，牵牛子,猪牙皂
TCMF11945,月经不调，痛经，黄褐斑，面色萎黄。,黄芪，当归，熟地黄，何首乌，白芍，女贞子，枸杞子，红花，桃仁，菟丝子，阿胶,柴胡
TCMF11078,冠心病，心绞痛，心肌梗死，脑血栓形成等心脑血管疾病。,丹参，黄芪，当归，白芍，川芎，赤芍，桃仁，牛膝，地龙,红花
TCMF11404,血瘀证，胸痹心痛，月经不调，痛经。,丹参，黄芪，三棱，片姜黄，红花，木香，细辛，赤芍，黄连，牡丹皮，桃仁，川芎，延胡索，吴茱萸，枳壳,莪术
TCMF12424,皮肤溃疡，久不愈合，腐肉不脱，疼痛,麝香，儿茶，冰片,轻粉
TCMF10923,感冒风寒，头痛鼻塞，咳嗽痰多，脘腹胀满，肢体酸痛。,薄荷，广藿香，荆芥，紫苏叶，茯苓，天竺黄，荜茇，砂仁，白术，木香，天麻，白芍，厚朴，白芷，川芎，独活，防风，香附，山药,诃子
TCMF7815,月经不调，痛经，气血两虚。,党参，麦冬，白芍，益母草，香附，艾叶，三七,当归
TCMF8835,湿热下注所致的淋证，症见尿频、尿急、尿痛、小腹拘急、腰痛；泌尿系感染见上述证候者。,丹参，苦参，黄连，茯苓，白术，萹蓄，瞿麦，大黄，川木通，栀子，石菖蒲，甘草,绵萆薢
TCMF11629,肾虚腰痛，阳痿早泄，遗精滑精，神疲乏力。,肉苁蓉，锁阳，五味子，金樱子，女贞子，枸杞子，蛇床子,菟丝子
TCMF11722,肾虚腰痛，头晕耳鸣，遗精早泄，神疲乏力。,杜仲，鹿茸，制何首乌，女贞子，山茱萸，淫羊藿，菟丝子，人参，茯苓,枸杞子
TCMF10971,气阴两虚，免疫力低下，疲劳乏力，腰膝酸软，头晕耳鸣，失眠多梦。,黄芪，人参，黄精，麦冬，知母，灵芝，天花粉，制何首乌，五味子，当归，淫羊藿，菟丝子,黄柏
TCMF9866,眩晕，头痛，耳鸣，失眠，心悸。,天麻，白芍，川芎，茯苓，白术，竹茹，半夏，陈皮，泽泻，生姜，炙甘草,钩藤
TCMF11341,感冒发热，头痛鼻塞，咳嗽痰多，咽喉肿痛。,薄荷，荆芥穗，黄芩，赤小豆，紫苏子，麻黄，淡竹叶，芦根，天花粉，桔梗，苍耳子，菊花，牛蒡子，佩兰，青蒿，紫菀，蓼大青叶，蔓荆子，甘草,白茅根
TCMFx5621,"胃脘痛, 胁痛",佛手，砂仁，黄柏，延胡索，山楂,川楝子
TCMF8545,感冒发热，咳嗽痰黄，咽喉肿痛，口干舌燥。,黄芩，甘草，桔梗，大黄，冰片，人工牛黄，石膏，雄黄,黄芪
TCMF10014,肝肾不足，气血两虚，月经不调，崩漏带下，腰膝酸软，头晕耳鸣。,黄芪，人参，白芍，熟地黄，丹参，香附，牡蛎，桑螵蛸，鹿角胶，鹿角霜,当归
TCMF12400,皮肤红肿，瘙痒，水疱，糜烂，渗出,泽泻，木通，茯苓，金银花，连翘，牛蒡子，白芍，知母，防风，苍术，荆芥，甘草,蝉蜕
TCMF5087,"眩晕, 耳鸣, 解?",山药，熟地黄，杜仲，肉苁蓉，山茱萸，茯苓，菟丝子，巴戟天，泽泻，五味子，赤石脂,牛膝
TCMF7956,风寒湿痹，关节疼痛，肌肉酸痛，麻木不仁。,没药，乳香，徐长卿，细辛，川芎，丁香，肉桂，冰片,白芷
TCMF10381,肾虚腰痛，阳痿早泄，遗精滑精，肢冷畏寒。,黄芪，杜仲，肉苁蓉，沙苑子，锁阳，淫羊藿，山茱萸，熟地黄，续断，菟丝子，鹿角胶,牡丹皮
TCMF11829,感冒发热，头痛鼻塞，咳嗽痰多，胸闷呕恶。,广藿香，香薷，黄芩，紫苏叶，葛根，茯苓，麦芽，砂仁，桔梗，苍术，青蒿，厚朴，山楂，白芷，柴胡，川芎，甘草，独活，防风,干姜
TCMF12368,脚膝肿痛，沉重麻木，行走不便,白术，牛膝,苍术
TCMF8055,肝郁气滞，胸胁胀痛，月经不调，痛经。,柴胡，丹参，当归，川芎，黄芪，红花，白芍，赤芍，香附,桃仁
TCMF12074,小儿泄泻，消化不良，湿热内蕴。,黄芩，黄连，茯苓，滑石，白芍，厚朴，山楂，乌梅，甘草,葛根
TCMF9906,鼻塞，流涕，头痛，慢性鼻炎，过敏性鼻炎。,黄芪，白术，苍耳子，白芷，薄荷，防风,辛夷
TCMF8178,脾胃虚弱，食少便溏，气短乏力，面色萎黄。,黄芪，党参，甘草，茯苓，当归，陈皮，升麻，柴胡,白术
TCMF8081,肝郁脾虚，胸胁胀痛，食欲不振，腹胀便溏。,柴胡，茯苓，白芍，五味子，砂仁，青皮，当归,党参
TCMF8610,肺热咳嗽，痰多粘稠，声音嘶哑，咽喉肿痛。,川贝母，麦冬，黄芩，石斛，薄荷，玄参，木蝴蝶，僵蚕，甘草,赤芍
TCMF12220,脾胃虚弱，食积气滞，脘腹胀痛，消化不良。,甘草，麦芽，草豆蔻，豆蔻，红豆蔻，木香，厚朴，山楂，肉豆蔻，沉香，檀香，丁香，陈皮，枳实,苍术
TCMFx3008,"感冒, 风温",金银花，连翘，桔梗，荆芥穗，牛蒡子，甘草，薄荷，淡豆豉，羚羊角，水牛角，冰片,淡竹叶
TCMF11246,肾虚腰痛，遗精早泄，阳痿不举，头晕耳鸣，四肢无力。,炙甘草，炙黄芪，熟地黄，覆盆子，金樱子，菟丝子，山药，锁阳，狗脊，淫羊藿，续断，酸枣仁，陈皮，龟甲胶，鹿角胶,制何首乌
TCMF10356,跌打损伤，瘀血肿痛，筋骨疼痛。,重楼，没药，乳香，红花，马钱子，升麻，白芷，川芎，当归，防风，羌活，胆南星，石菖蒲，狗脊，三七，冰片，土鳖虫,血竭
TCMF12335,消痞除满，健脾和胃,枳实，黄连，半夏，麦芽，人参，白术，茯苓，甘草,厚朴
TCMF11664,头痛，目赤，口疮，牙痛，便秘，尿赤。,黄芩，黄连，大黄，川芎，薄荷，牵牛子,滑石
TCMF8293,肾虚腰痛，阳痿早泄，遗精滑精，腰膝酸软。,黄芪，枸杞子，淫羊藿，大枣，海马，海龙,巴戟天
TCMF11156,痛经，月经不调，产后瘀血腹痛，消化不良。,益母草，乳香，没药，三棱，川芎，党参，白术，茯苓，苍术，木香，大黄，白芍，地榆，木瓜，桃仁，当归，羌活，香附,山楂
TCMF12125,血虚萎黄，头晕目眩，心悸失眠，月经不调，崩漏下血。,熟地黄，当归，川芎，白芍，炙黄芪，山药，茯苓，泽泻，天花粉，墨旱莲，牡丹皮，女贞子，川牛膝，甘草,大黄
TCMF10313,心脾两虚，失眠多梦，头晕目眩，记忆力减退。,人参，酸枣仁，淫羊藿，干姜，菊花，天麻,甘草
TCMF8275,感冒发热，咽喉肿痛，咳嗽痰黄，口干舌燥。,金银花，连翘，大青叶，石膏，知母，玄参，麦冬，牛蒡子，桔梗，甘草,板蓝根
TCMF6984,"口燥咽干, 小便赤涩, 大便秘结, 治一切火热之症",黄连，黄芩，栀子,黄柏
TCMF9744,胸痹心痛，心悸气短，胸闷不舒，心绞痛。,薤白，丹参，姜黄，瓜蒌皮，红花，赤芍，川芎，当归，太子参，石菖蒲，炙甘草,远志
TCMF11054,清热解毒，用于治疗火热内盛所致的口舌生疮、牙龈肿痛、咽喉肿痛、便秘尿赤等症。,知母，黄芩，大黄，龙胆，升麻，栀子，白芷，防风，陈皮，冰片，石膏,黄柏
TCMF12097,脑血栓形成，脑栓塞，脑出血后遗症，脑动脉硬化，高血压等引起的头痛，眩晕，肢体麻木，半身不遂，语言障碍等症状。,丹参，川芎，红花，当归，地龙，水蛭，桃仁，牛膝，葛根，天麻，钩藤，石决明，羚羊角，人工牛黄，冰片,赤芍
TCMF1071,腰痛,狗脊，当归，白术，泽泻，乳香，补骨脂，续断，赤芍，牛膝，肉桂，土鳖虫,杜仲叶
TCMF3623,"感冒, 咳嗽",人参，紫苏叶，陈皮，法半夏，茯苓，甘草，葛根，木香，枳壳，前胡,桔梗
TCMF10887,气血两虚，头晕目眩，心悸失眠，月经不调。,炙甘草，炙黄芪，党参，茯苓，白芍，当归，熟地黄，阿胶,川芎
TCMFx946,水火烫伤,虎杖，冰片,黄柏
TCMF9054,湿热蕴结所致的水肿、淋证、小便不利。,丹参，黄芪，茯苓，大黄，川芎，桑白皮,白术
TCMF9317,气血两虚，月经不调，产后恶露不绝。,益母草，黄芪，当归，阿胶,陈皮
TCMF8624,风湿性关节炎，类风湿性关节炎，痛风，跌打损伤，瘀血肿痛。,北豆根，地龙，防己，青风藤，白芷，细辛，川芎，当归，赤芍，丹参，桃仁，牛膝，枳壳，木香，香附，乌药，延胡索，乳香，没药，血竭，儿茶，冰片，朱砂，珍珠，羚羊角，人工牛黄，麝香，雄黄,红花
TCMF9489,湿热下注，小便不利，水肿，淋证。,车前子，茯苓，猪苓，白茅根，白术，连翘，金银花，枸杞子，桑白皮，藕节，续断，陈皮，泽泻,大腹皮
TCMF11740,风热感冒，头痛，咳嗽，咽痛。,桑叶，菊花，连翘，苦杏仁，芦根，甘草,桔梗
TCMF7289,上呼吸道感染，气管炎，肺炎，咳嗽等。,麻黄，金银花，苦杏仁，瓜蒌，板蓝根，甘草,石膏
TCMF2845,"心悸, 不寐, 健忘, 遗精, 盗汗, 耳聋, 耳鸣",红参，鹿茸，酸枣仁，熟地黄，茯苓，玄参，远志，麦冬，五味子，当归，牛膝，山药，补骨脂，枸杞子，朱砂,川芎
TCMF10921,痔疮，肛裂，便秘。,芦荟，乳香，诃子，西红花,玫瑰花
TCMF6401,"眩晕, 不寐, 健忘",党参，人参，茯苓，黄芪，白术，山药，何首乌，当归，熟地黄，泽泻，牡丹皮，牛膝，白芍，杜仲叶，续断，阿胶，红花，三七，甘草，黄精，陈皮,川芎
TCMF9312,清热解毒，用于治疗感冒发热、咽喉肿痛、口舌生疮、痈肿疮疖。,黄芩，黄连，龙胆，大黄，玄参，菊花，甘草，冰片，朱砂，青黛,茯苓
TCMF10296,肾阳不足，腰膝酸软，畏寒肢冷，夜尿频多，阳痿早泄。,附子，肉桂，杜仲，补骨脂，锁阳，淫羊藿，党参，白术，鹿衔草，山茱萸，女贞子，覆盆子，柏子仁，远志，车前子，沙苑子，葛根，蛇床子,五味子
TCMF7744,寒凝血脉，肢体冷痛，脉象沉迟。,桂枝，干姜，细辛，当归，川芎，赤芍，炙甘草,附子
TCMF9670,脾胃虚弱，食少便溏，气短咳嗽，肢倦乏力。,人参，山药，白术，茯苓，白扁豆，砂仁，桔梗，甘草,薏苡仁
TCMF11823,肝肾阴虚，须发早白，头晕目眩，腰膝酸软。,麦冬，黑豆，茯苓，墨旱莲，何首乌，牡丹皮，桑椹，大枣，山药，泽泻,女贞子
TCMF10167,阴虚内热所致的消渴，症见多饮、多食、多尿、消瘦、乏力；2型糖尿病见上述证候者。,麦冬，黄芪，茯苓，天花粉，黄连，牡丹皮，五味子，红参，石膏,枸杞子
TCMF7479,胃饮,生姜,半夏
TCMFx3863,喉痹,穿山甲，土鳖虫，僵蚕，玄参,牡蛎
TCMF7553,肝郁脾虚，胸闷胁痛，食欲不振，情绪抑郁。,柴胡，白芍，当归，白术，甘草，薄荷，生姜,茯苓
TCMFx1021,痛风,秦艽，黄柏，延胡索，赤芍，川牛膝，车前子，土茯苓,泽泻
TCMF307,"肺气虚热, 咳嗽痰盛, 气促作喘, 夜卧不安",罂粟壳，知母，甘草，石膏，紫苏叶，款冬花，玄参，密蒙花，五味子，瓜蒌子，木香，桑叶，桔梗，前胡，大黄，川贝母，苦杏仁，葶苈子，百部，麦冬，天冬，枳壳，半夏，马兜铃,陈皮
TCMF11944,白癜风,苏木，乳香，红花，马齿苋，当归，白矾,白芷
TCMF12003,热入血分，吐血，衄血，便血，尿血，斑疹紫黑，舌绛起刺，脉数。,白茅根，侧柏叶，大黄，牡丹皮，栀子，白芍，荷叶,水牛角
TCMFx1623,痹病,牛膝，桃仁，麻黄，当归，草乌，红大戟，羌活，穿山甲，细辛，乌药,天麻
TCMF9226,皮肤瘙痒，湿疹，皮炎。,羌活，蛇床子，地肤子，白鲜皮，花椒，冰片,月季花
TCMFx3238,咳嗽,紫菀，川贝母，桔梗，清半夏，甘草，苦杏仁，薄荷,紫苏叶
TCMF11440,咳嗽痰多，气喘，胸闷。,川贝母，麦冬，天冬，五味子，枇杷叶，化橘红,苦杏仁
TCMF9240,肾虚腰痛，阳痿早泄，遗精滑精，小便频数。,黄芪，丁香，防风，牡蛎，海螵蛸,鹿茸
TCMF11417,风热感冒，咽喉肿痛，发热头痛，咳嗽。,金银花，连翘，荆芥穗，淡豆豉，牛蒡子，甘草,桔梗
TCMF7282,肝胆湿热，脾肺郁结引起的湿热黄疸，脘腹胀满，小便不利。,茵陈，泽泻，茯苓，猪苓，白术,肉桂
TCMF11889,急慢性鼻炎，鼻窦炎，过敏性鼻炎。,黄芩，苍耳子，辛夷，麻黄，细辛，蒲公英，石菖蒲,白芷
TCMF5712,"恶阻, 胎动不安, 滑胎",黄芪，党参，茯苓，白术，甘草，当归，川芎，白芍，熟地黄，阿胶，桑寄生，菟丝子，荆芥穗，厚朴，枳壳，川贝母，羌活，鹿茸,艾叶
TCMF11302,痰湿阻滞，咳嗽痰多，胸闷不舒，口渴咽干。,橘红，茯苓，枳壳，竹茹，天花粉，知母，苦杏仁，桔梗，甘草,半夏
TCMF9911,口腔溃疡，口舌生疮，牙龈肿痛。,夏枯草，茵陈，大黄，秦艽，牡丹皮，木贼，当归,枳实
TCMF9018,肝肾阴虚，目涩畏光，视物模糊，迎风流泪。,熟地黄，山茱萸，山药，茯苓，牡丹皮，枸杞子，菊花，白芍，当归，石决明，枳壳,泽泻
TCMF341,胸痹,丹参，川芎，红花，赤芍，槐花，降香,三七
TCMF8086,皮肤瘙痒，湿疹，皮炎，疮疖等皮肤病。,苦参，蒲公英，地肤子，蛇床子，冰片,赤芍
TCMF10014,肝肾不足，气血两虚，月经不调，崩漏带下，腰膝酸软，头晕耳鸣。,黄芪，人参，当归，熟地黄，丹参，香附，牡蛎，桑螵蛸，鹿角胶，鹿角霜,白芍
TCMF341,胸痹,丹参，红花，赤芍，槐花，三七，降香,川芎
TCMF8470,心肾不足，头晕目眩，失眠健忘，腰膝酸软。,肉苁蓉，枸杞子，当归，酸枣仁，山药，胆南星，远志,柏子仁
TCMF10846,感冒发热，咳嗽痰多，气喘胸闷。,射干，黄芩，紫苏叶，葛根，天花粉，党参，桔梗，苦杏仁，前胡，法半夏，橘红,厚朴
TCMF38,"风湿性关节炎, 腰肌劳损, 跌打损伤",独活，槲寄生，杜仲，防风，党参，当归，茯苓，白芍，熟地黄，牛膝，桂枝，细辛，甘草，川芎,秦艽
TCMF12153,肾虚腰痛，腰膝酸软，四肢无力，畏寒肢冷，小便频数。,附子，肉苁蓉，杜仲，车前子，牛膝，五味子，枸杞子，甘草,续断
TCMF7683,缺乳,黄芪，当归，熟地黄，漏芦，王不留行，穿山甲，通草，天花粉，鹿角霜，白芍，路路通,川芎
TCMF5712,"恶阻, 胎动不安, 滑胎",黄芪，党参，茯苓，白术，甘草，当归，川芎，白芍，熟地黄，阿胶，桑寄生，菟丝子，艾叶，厚朴，枳壳，川贝母，羌活，鹿茸,荆芥穗
TCMF8314,气血两虚，脾肾阳虚，四肢乏力，腰膝酸软，头晕耳鸣。,黄芪，红参，茯苓，猪苓，当归，白芍，川芎，熟地黄，肉桂，冬虫夏草，甘草,白术
TCMFx1247,"舒肝清热, 健脾养血用于肝郁血虚, 肝脾不和, 两胁胀痛, 头晕目眩, 倦怠食少, 月经不调, 脐腹胀痛",柴胡，当归，白芍，白术，茯苓，牡丹皮，栀子，薄荷,甘草
TCMFx5571,胃脘痛,白芍，甘草，桂枝，黄连，柴胡,高良姜
TCMF7868,慢性乙型肝炎肝纤维化，早期肝硬化。,鳖甲，赤芍，冬虫夏草,三七
TCMF10028,心阳不足，心悸怔忡，失眠多梦，肢冷畏寒。,黄芪，甘草，干姜，大枣，锁阳，淫羊藿,何首乌
TCMF739,"呕吐, 痞满",木香，白术，茯苓，香附，豆蔻，砂仁，陈皮，半夏，枳实，厚朴，甘草,广藿香
TCMFx5896,"偏枯, 痹病",黄芪，淫羊藿，石菖蒲，红参，当归，地龙，三七，防己，赤芍，桃仁，石决明，天麻，仙鹤草，槐花，白术，胆南星，葛根，玄参，黄连，连翘，泽泻，川芎，枸杞子，全蝎，何首乌，决明子，沉香，白附子，细辛，木香，僵蚕，猪牙皂，冰片，珍珠，大黄,红花
TCMF11829,感冒发热，头痛鼻塞，咳嗽痰多，胸闷呕恶。,广藿香，香薷，黄芩，紫苏叶，葛根，茯苓，麦芽，干姜，砂仁，桔梗，苍术，青蒿，山楂，白芷，柴胡，川芎，甘草，独活，防风,厚朴
TCMF4997,痹病,乌梢蛇，地龙，独活，羌活，荆芥，川乌，草乌，威灵仙，防风，香附，桂枝,土鳖虫
TCMF11664,头痛，目赤，口疮，牙痛，便秘，尿赤。,黄芩，黄连，川芎，薄荷，牵牛子，滑石,大黄
TCMF7986,肝肾不足，头晕目眩，失眠多梦，腰膝酸软。,制何首乌，枸杞子，桑椹，大枣，石菖蒲，远志,人参
TCMF9156,脾胃虚弱，水肿，肢体麻木。,黄芪，葛根，茯苓，泽泻，桂枝，炙甘草,白术
TCMF9446,乳腺增生，乳癖，乳房胀痛。,丹参，夏枯草，皂角刺，郁金，红花，地龙,香附
TCMF12064,小儿感冒，发热，咳嗽，头痛，身痛，惊风，痰多。,薄荷，紫苏叶，黄芩，黄连，茯苓，白术，胆南星，天麻，钩藤，白芍，厚朴，枳实，独活，羌活，山药，白附子，甘草,天竺黄
TCMF10431,心悸，失眠，气短，乏力。,红参，麦冬，生姜，大枣，黑芝麻，阿胶，甘草,桂枝
TCMFx7210,用于风寒束表、肺气不宣所致的感冒咳嗽，症见发热、恶寒、咳嗽、鼻塞流涕、头痛、无汗、肢体酸痛,紫苏叶，麻黄，苦杏仁，桔梗，陈皮，半夏，茯苓，黄芩，甘草,前胡
TCMF10074,气血两虚，头晕目眩，心悸失眠，食欲不振。,丹参，女贞子，山楂，枸杞子，大枣，甘草,黄芪
TCMF10401,胃脘疼痛，嗳气反酸，慢性胃炎，胃溃疡。,延胡索，木香，生姜，白及，海螵蛸，甘草，大枣,砂仁
TCMFx3055,腹胀,沉香，砂仁，苍术，枳实，麦芽，青皮，紫苏叶，细辛，川芎，桔梗，茯苓，甘草，栀子，厚朴，香附，木香，山楂，陈皮，广藿香，荆芥，防风，薄荷，半夏，白芍，葛根,白芷
TCMF7716,中风后遗症，脑梗塞，脑血栓形成，脑出血后遗症，肢体麻木，言语不利，口眼歪斜，头晕头痛。,黄芪，当归，川芎，赤芍，地龙，桃仁，红花，石菖蒲，远志，郁金，胆南星，僵蚕，全蝎，蜈蚣，冰片，人工牛黄,丹参
TCMFx6455,"咳嗽, 喘病, 心悸, 怔忡, 眩晕, 虚劳",灵芝，白术，茯苓，肉桂，陈皮，当归，白芍，熟地黄，黄芪，五味子，远志，甘草,人参
TCMF11251,风湿痹痛，筋骨痿软，腰膝酸软，失眠多梦。,黄精，土茯苓，砂仁，首乌藤，川芎,白芷
TCMF7408,风热感冒，发热头痛，咳嗽鼻塞，咽喉肿痛。,金银花，桔梗，薄荷，荆芥，淡豆豉，牛蒡子，甘草,连翘
TCMF898,"妇女经脉不行或不调, 或前或后, 赤白带下, 久不成孕",当归，白芍，香附，陈皮，熟地黄，川芎，甘草，白术，续断，砂仁，黄芩,大枣
TCMF11221,气血两虚，腰膝酸软，神疲乏力，头晕耳鸣。,人参，黄精，炙黄芪，炙甘草，白芍，女贞子，枸杞子，金樱子，菟丝子，淫羊藿，麦芽,蜂蜜
TCMFx5688,胃脘痛,党参，附子，黄芪，肉桂，肉苁蓉，白术，山楂，乌梅，陈皮，补骨脂，砂仁,山药
TCMF7629,疟疾，寒热往来，胸腹胀闷，呕吐恶心。,常山，槟榔，青皮，陈皮，厚朴，甘草,草果
TCMF7331,两胁胀满，食欲不振，呕吐，胃脘疼痛，大便失调。,柴胡，佛手，郁金，木香，乌药，陈皮，槟榔，莱菔子，白芍，白术，广藿香，甘草,香附
TCMF7403,热病初起，心烦失眠，胸中烦闷，懊侬不安，舌红苔黄，脉数。,淡豆豉,栀子
TCMF9697,心悸、胸闷、失眠、烦躁,黄芩，姜黄，大黄，麻黄，栀子，黄柏，石膏,细辛
TCMF8007,气血两虚，脾肾不足，头晕目眩，腰膝酸软，食欲不振，神疲乏力。,黄芪，党参，白术，当归，白芍，山药，熟地黄，川芎，牡丹皮，五味子,茯苓
TCMF7574,蛊虫病,柴胡，板蓝根，五味子，甘草,茵陈
TCMF11211,高血压，头晕目眩，烦躁易怒，口苦咽干。,芦荟，黄芩，黄连，天麻，钩藤，菊花，夏枯草，白芍，赤芍，降香，枳壳，麦冬，炙甘草，天竺黄，茺蔚子，龙胆，白薇，牡丹皮，连翘,大黄
TCMF9435,乳腺增生，乳痛症，乳腺纤维瘤。,天冬，浙贝母，丹参，夏枯草，黄芪，没药，乳香，三棱，莪术，白术，海藻，玄参，牡蛎，鸡内金,瓜蒌
TCMF7339,气血两虚，面色苍白，头晕目眩，心悸怔忡，食欲不振，四肢倦怠。,人参，白术，茯苓，当归，川芎，熟地黄，甘草，生姜，大枣,白芍
TCMF10126,皮肤瘙痒，湿疹，皮炎。,香薷，苦参，黄柏，白芷，防风，苍术，蛇床子，地肤子，花椒，冰片,薄荷
TCMF10390,肾阳不足，腰膝酸软，头晕耳鸣，畏寒肢冷，阳痿早泄，夜尿频多。,鹿茸，杜仲，巴戟天，附子，肉桂，淫羊藿，人参，当归，山茱萸，山药，熟地黄，枸杞子，天麻，蜈蚣,菟丝子
TCMFx7104,时疫感冒，发热，怕冷，无汗头痛，口渴咽干，四肢酸痛，痄腮肿痛。,葛根，牛蒡子，连翘，白芷，羌活，防风，玄参，大青叶，甘草，川芎，赤芍，淡竹叶,黄芩
TCMF8879,烂喉丹痧，咽喉肿痛，喉风喉痈，单双乳蛾，小儿热疖，痈疡疔疮，乳痈发背，无名肿毒。,牛黄，冰片，珍珠，蟾酥，雄黄,麝香
TCMFx322,"头痛, 眩晕, 耳鸣, 便秘",连翘，大黄，栀子，芒硝，石膏，青蒿，木香，广藿香，人工牛黄，冰片，雄黄,陈皮
TCMF6164,"急惊风, 咳嗽",天竺黄，朱砂，僵蚕，薄荷，黄连，血竭，山药，全蝎，牛黄，麝香，胆南星，钩藤,雄黄
TCMF11411,小儿惊风，高热惊厥，癫痫发作,巴豆霜，天竺黄，钩藤，朱砂,全蝎
TCMF9435,乳腺增生，乳痛症，乳腺纤维瘤。,天冬，浙贝母，丹参，夏枯草，黄芪，没药，三棱，莪术，瓜蒌，白术，海藻，玄参，牡蛎，鸡内金,乳香
TCMF9480,胸痹心痛，胸闷气短，心悸怔忡，痰瘀互结。,丹参，黄芪，瓜蒌，郁金，厚朴，半夏，枳壳，人参，全蝎，蜈蚣，鸡内金,白术
TCMFx7195,久病体弱，血亏目昏，虚痨咳嗽。,阿胶，黄芪，白术，熟地黄，枸杞子,党参
TCMF10449,风湿痹痛，腰腿疼痛，筋骨无力，肢体麻木。,杜仲，防己，海风藤，红花，何首乌，秦艽，草乌，赤芍，白芷，当归，独活，防风，桑寄生，骨碎补，千年健，三七，牛膝，续断，桂枝,威灵仙
TCMFx6332,痹病,川乌，地龙，草乌，乳香，威灵仙，栀子，没药，黄柏，黄芩，马钱子,甘草
TCMF11396,胃脘疼痛，痞满不适，食欲不振，消化不良。,黄芪，党参，茵陈，白芍，厚朴，乌梅，柴胡，延胡索,丹参
TCMF6378,"遗精, 遗精",狗脊，黄精，菟丝子，金樱子，补骨脂，当归，陈皮,何首乌
TCMFx6741,"行气活血, 泄热和胃。用于胃脘痛气滞血瘀兼肝胃郁热证, 症见胃脘疼痛, 胀闷, 灼热, 嗳气, 泛酸, 烦躁易怒, 口干口苦, 以及慢性浅表性胃炎及消化性溃疡见上述证候者。",柴胡，赤芍，枳壳，木香，丹参，延胡索，黄连，吴茱萸，大黄，党参，甘草,莪术
TCMF8412,风寒湿痹，关节疼痛，屈伸不利，瘀血阻络。,丹参，没药，乳香，麻黄，威灵仙，制川乌，当归,制草乌
TCMF10306,冠心病，心绞痛，高血压，高脂血症,丹参，木香，山楂，三七,粉葛
TCMFx183,"咳嗽, 肺痿, 崩漏, 胎动不安",党参，白术，黄芪，枸杞子，白芍，甘草,阿胶
TCMF3398,"感冒, 咳嗽, 哮病, 喘病",麻黄，厚朴，陈皮，柴胡，紫苏叶，甘草,苦杏仁
TCMF12432,咳嗽痰多，色黄黏稠，发热，口渴，咽喉肿痛，呕吐,橘红，姜半夏，茯苓，百部，白前，胆南星，枳壳，五味子，天竺黄，冰片，人工牛黄,川贝母
TCMFx708,"中虚气滞, 饮食不化, 呕恶胀满, 胃痛, 腹鸣泄泻",木香，砂仁，党参，白术，茯苓，甘草，陈皮,半夏
TCMF978,跌打损伤,乳香，没药，当归，延胡索，血竭，香附，自然铜，骨碎补,红花
TCMFx7205,用于疮疖溃烂，灼热发烧，流脓流水，丹毒疱疹，疥癣痛痒,金银花，连翘，蒲公英，紫花地丁，栀子，大黄，黄芩，木通，天花粉，玄参，赤芍，浙贝母，蝉蜕，防风，白芷，桔梗，甘草,白鲜皮
TCMF8415,跌打损伤，瘀血肿痛，筋骨疼痛。,红花，桃仁，当归，延胡索，木香，香附，防风，陈皮，甘草,白芷
TCMF7871,咽喉肿痛，声音嘶哑，口干舌燥,百合，玄参，射干，两面针,甘草
TCMF6695,"清肺, 化痰, 止咳。用于面赤身热, 咳嗽, 痰多, 咽痛。",麻黄，苦杏仁，甘草，桑白皮，瓜蒌皮，黄芩，板蓝根，法半夏，浙贝母，橘红，紫苏子，葶苈子，紫苏叶，细辛，薄荷，枇杷叶，白前，前胡，石菖蒲，天花粉，青礞石,石膏
TCMF9017,烧伤，烫伤，皮肤溃烂,冰片，牛黄，炉甘石,麝香
TCMF9041,中风，半身不遂，肢体麻木，口眼歪斜，言语不清，胸痹心痛，冠心病，心绞痛。,丹参，鸡血藤，没药，乳香，红花，赤芍，桃仁，川芎，当归，桑枝，牛膝，桂枝，水蛭，地龙，全蝎,黄芪
TCMFx57,"流行性乙型脑炎, 流感, 流行性腮腺炎, 传染性肝炎及麻疹",板蓝根,大青叶
TCMFx6560,"益气健脾, 和胃运中。用于小儿脾胃虚弱, 消化不良, 腹满胀痛, 面黄肌瘦。",白术，麦冬，南沙参，薏苡仁，白芍，稻芽，诃子,党参
TCMFx4744,胎动不安,白术，菟丝子，熟地黄，当归，续断，黄芩，厚朴，黄芪，川芎，陈皮，阿胶，艾叶，白芍，枳壳，砂仁，川贝母，甘草,杜仲
TCMF7577,风湿性关节炎，类风湿性关节炎，瘫痹证等。,全蝎，地龙，僵蚕，鸡血藤，络石藤，海风藤，钩藤,蜈蚣
TCMF599,"痰热阻肺所致的咳嗽, 痰黄粘稠, 喘息; 慢性支气管炎急性发作见上述证候者",金银花，前胡，苦杏仁，桑白皮，桔梗，射干，麻黄，川芎，甘草,浙贝母
TCMF10431,心悸，失眠，气短，乏力。,红参，麦冬，生姜，桂枝，大枣，黑芝麻，阿胶,甘草
TCMF9296,月经不调，崩漏，带下病，功能性子宫出血。,墨旱莲，白芍，赤芍，牡丹皮，女贞子，茜草，地榆，地骨皮，黄柏，海螵蛸,枸杞子
TCMF9645,气血两虚，头晕目眩，心悸失眠，食欲不振。,黄芪，当归，白术，茯苓，枸杞子，远志，人参,龙眼肉
TCMF9719,肾虚，腰膝酸软，头晕耳鸣，遗精早泄，畏寒肢冷。,韭菜子，补骨脂，肉苁蓉，巴戟天，淫羊藿，狗脊，熟地黄，当归，山药，人参，丁香，菟丝子，牡蛎,女贞子
TCMF7440,外寒内热，表里俱实，恶寒壮热，头痛咽干，小便短赤，大便秘结，瘰疬初起，风疹湿疮。,麻黄，荆芥，薄荷，大黄，芒硝，滑石，栀子，石膏，黄芩，连翘，桔梗，当归，川芎，白芍，白术，甘草,防风
TCMF11620,脾胃虚弱，食少便溏，气短咳嗽，肢倦乏力。,甘草，莪术，砂仁，木香，厚朴，沉香，柴胡，香附，檀香,豆蔻
TCMF5959,"咳嗽, 喘病",茯苓，清半夏，川贝母，百部，黄芩，胆南星，沉香，白前，冰片,石膏
TCMF8598,胆石症，胆囊炎，胆道感染。,金钱草，丹参，连钱草，决明子，蒲公英，茵陈，虎杖，乌梅，香附,柴胡
TCMFx1442,表里双解,柴胡，黄芩，半夏，生姜，甘草，人参，白芍，大枣,桂枝
TCMF10823,风寒湿痹，筋骨疼痛，四肢麻木，腰膝酸软。,杜仲，鹿角，麻黄，威灵仙，制草乌，制川乌，当归，独活，羌活，川牛膝,续断
TCMF12212,风湿痹痛，肢体麻木，关节不利，皮肤瘙痒。,麻黄，桂枝，苦参，苍术，威灵仙，川芎，红花，当归，防风，蝉蜕，地肤子，白鲜皮，甘草,火麻仁
TCMFx2955,腰痛,熟地黄，车前子，菟丝子，诃子，地骨皮，牛膝，茯苓,枳壳
TCMF8983,风湿性关节炎，类风湿性关节炎，痛风性关节炎，强直性脊柱炎等。,黄芪，甘草，苍术，薏苡仁，白芍，当归，玄参，黄柏，水蛭，全蝎，蜈蚣,金银花
TCMF10029,失眠多梦，头晕目眩，记忆力减退，心悸怔忡。,丹参，制何首乌，补骨脂，女贞子，酸枣仁，石菖蒲,五味子
TCMF9113,胃痛，胃胀，消化不良，慢性胃炎。,乳香，蒲公英，香附，延胡索，白矾,甘草
TCMF10671,再生障碍性贫血，气血两虚，头晕目眩，心悸失眠，腰膝酸软。,黄芪，党参，白术，黄精，麦冬，熟地黄，鸡血藤，当归，益母草，制何首乌，墨旱莲，补骨脂，淫羊藿，菟丝子，女贞子，枸杞子，白芍，阿胶，鹿茸,红参
TCMFx4380,"咳嗽, 哮病, 喘病",陈皮，橘红，法半夏，葶苈子，瓜蒌子，紫苏子，紫苏叶，桑白皮，苦杏仁，桔梗，前胡，马兜铃，款冬花，紫菀，百合，天冬，麦冬，北沙参，知母，五味子，麻黄，黄芩，白芍，石膏，甘草,远志
TCMFx49,"心悸, 胸闷, 心烦, 冠心病, 病毒性心肌炎引起的轻, 中度室性过早搏动见上述症状者",黄连，茯苓，苦参，人参，甘草，半夏，枳实，莲子心，青蒿，麦冬,常山
TCMF12279,心悸失眠，头晕目眩，腰膝酸软，气血两虚。,麦冬，西洋参，黄芪，当归，熟地黄，杜仲，续断，鹿茸，茯苓，白术，黄芩，柴胡，川芎，艾叶，阿胶，陈皮，佛手，肉桂,牡丹皮
TCMF11478,风寒湿痹，关节疼痛，肢体麻木。,檀香，黄芩，三棱，莪术，香加皮，细辛，枳实，香附，石菖蒲，花椒，九里香，两面针，高良姜,广藿香
TCMF3103,痹病,红参，肉桂，麻黄，熟地黄，甘草，大黄，防风，片姜黄，乌梢蛇，草豆蔻，独活，白芷，玄参，赤芍，青皮，僵蚕，粉萆薢，乳香，乌药，香附，桑寄生，没药，骨碎补，葛根，穿山甲，白附子，冰片，红花，威灵仙，厚朴，狗脊，苦参，巴戟天，地龙，鸡血藤，仙鹤草，丹参,苍术
TCMF10608,肾虚阳痿，腰膝酸软，头晕耳鸣，失眠多梦。,淫羊藿,五味子
TCMF11103,咳嗽，气喘，痰多，胸闷。,黄芩，紫苏子，桔梗，款冬花，麻黄，苦杏仁，前胡，桑白皮，葶苈子，姜半夏，白果，甘草,橘红
TCMFx7210,用于风寒束表、肺气不宣所致的感冒咳嗽，症见发热、恶寒、咳嗽、鼻塞流涕、头痛、无汗、肢体酸痛,麻黄，前胡，苦杏仁，桔梗，陈皮，半夏，茯苓，黄芩，甘草,紫苏叶
TCMF3087,"咳嗽, 百日咳",百部，苦杏仁，桑白皮，麦冬，知母，黄芩，陈皮，甘草，枳壳，桔梗,天南星
TCMF9718,肝气郁结，胸胁胀痛，脘腹胀满，情绪抑郁。,茯苓，片姜黄，木香，川楝子，白芍，厚朴，沉香,砂仁
TCMF12503,胸痛胸闷，心悸气短，乏力，口干，舌质紫暗，脉结代,麦冬，黄芪，五味子，丹参，川芎，山楂,人参
TCMF3861,痹病,当归，佛手，红花，陈皮，龙眼肉，肉豆蔻，川芎，肉桂，砂仁，栀子，地枫皮，姜黄，高良姜，丁香，千年健，檀香，甘草,白芷
TCMFx5109,"跌打损伤, 冻疮",川乌，草乌，天南星，红花，莪术，冰片，乳香，没药，姜黄，丁香，赤芍,细辛
TCMF7583,恶虫叮咬伤,重楼，大黄，黄芩，黄连，半边莲，白芷，天花粉，乳香，没药，甘草,雄黄
TCMF11689,脾胃虚弱，食积不化，脘腹胀满，大便不畅。,麦芽，山楂，陈皮，枳壳，枳实，桔梗,白术
TCMFx6318,"痹病, 腰痛, 关节痛",骨碎补，川乌，牛膝，肉桂，海龙，乳香，没药，香附，马钱子，防风，当归，红花，赤芍，草乌，木香，桃仁,秦艽
TCMF10280,脾胃虚寒，脘腹疼痛，喜温喜按，恶心呕吐，食欲不振。,炙甘草，生姜，白芍，桂枝,大枣
TCMF12141,气血两虚，心悸失眠，食欲不振，肢冷乏力。,党参，熟地黄，当归，白术，茯苓，生姜，大枣，白芍，五味子，远志，陈皮，炙甘草,黄芪
TCMF10148,肝郁脾虚所致的郁闷不舒、胸胁胀痛、头晕目眩、食欲减退、月经不调。,当归，白芍，白术，茯苓，炙甘草,柴胡
TCMF11588,眩晕，头痛，心悸，失眠，高血压。,清半夏，牛膝，磁石，赭石，冰片,珍珠母
TCMF10302,高脂血症，动脉硬化，冠心病，心绞痛。,黄芪，三七，山楂，泽泻，决明子，何首乌，葛根，茵陈，桑寄生，牛膝，淫羊藿，车前子，甘草,丹参
TCMF9665,冠心病，心绞痛，脑血栓，中风后遗症，肢体麻木，瘀血阻络。,丹参，鸡血藤，红花，桃仁，灵芝，冬虫夏草，当归，牛膝，桂枝，人参，地龙,赤芍
TCMF7406,气血两虚，月经不调，面色萎黄，头晕乏力。,当归，白芍，川芎，熟地黄，党参，白术，茯苓，甘草,黄芪
TCMF12466,胸闷，心悸，气短，乏力，头晕，头痛，舌质暗或有瘀斑，脉细涩,人参，黄芪，水蛭,灵芝
TCMF8889,外感风热，发热头痛，咳嗽咽痛。,黄芩，金银花，南板蓝根，石膏，甘草,柴胡
TCMF8801,老年性慢性支气管炎，肺气肿，哮喘等呼吸系统疾病。,黄精，补骨脂，黄芪，白术，防风，淫羊藿,甘草
TCMF9178,瘀血阻滞，症瘕积聚，高脂血症。,黄芪，决明子，三棱，莪术，山楂，桃仁，土鳖虫，水蛭,何首乌
TCMF7674,肾阳不足，腰膝酸软，神疲乏力，性功能减退。,人参，淫羊藿，巴戟天，枸杞子，五味子，麦冬，丹参，蛇床子，芦荟,黄芪
TCMF7377,胃肠手术后腹胀，胃肠活动减弱，老年性慢性便秘，气虚腹胀等。,黄芪，太子参，大黄，赤芍，桃仁，蒲公英，枳壳，木香，莱菔子,紫苏梗
TCMF11829,感冒发热，头痛鼻塞，咳嗽痰多，胸闷呕恶。,广藿香，香薷，黄芩，紫苏叶，葛根，茯苓，麦芽，干姜，砂仁，桔梗，苍术，青蒿，厚朴，山楂，白芷，柴胡，川芎，甘草，防风,独活
TCMF10560,外感热病，发热，咽喉肿痛，咳嗽，大便干燥。,石膏，知母，黄芩，蒲公英，金银花，连翘，青蒿，大黄，板蓝根,柴胡
TCMF11549,冠心病，心绞痛，心肌缺血,制何首乌，枸杞子，川芎，延胡索,丹参
TCMF6164,"急惊风, 咳嗽",天竺黄，朱砂，僵蚕，薄荷，黄连，血竭，雄黄，山药，全蝎，牛黄，麝香，胆南星,钩藤
TCMF5712,"恶阻, 胎动不安, 滑胎",黄芪，党参，茯苓，白术，甘草，当归，川芎，白芍，熟地黄，阿胶，桑寄生，菟丝子，艾叶，荆芥穗，厚朴，枳壳，羌活，鹿茸,川贝母
TCMF10113,肾虚腰痛，头晕耳鸣，失眠多梦，神疲乏力。,黄精，熟地黄，麦冬，枸杞子，山药，淫羊藿，人参，泽泻,女贞子
TCMF554,"冠心病, 高血压病所致轻, 中度充血性心力衰竭证",黄芪，人参，附子，丹参，葶苈子，玉竹，桂枝，红花，香加皮，陈皮,泽泻
TCMF7454,肾阳不足，命门火衰，腰膝酸冷，精神不振，怯寒畏冷，阳痿遗精，大便溏薄，尿频。,熟地黄，山药，山茱萸，枸杞子，杜仲，菟丝子，当归，附子，甘草,肉桂
TCMF8553,冠心病，心绞痛，心肌梗死，心律失常，高血压等心血管疾病。,丹参，红花，黄芪，麦冬，降香，木香，土木香，川楝子，大黄，木通，荜茇，茜草，栀子，肉豆蔻，诃子，檀香，三七，人工牛黄,广枣
TCMF10828,腰膝酸软，头晕耳鸣，遗精早泄，夜尿频多,鸡血藤，女贞子，金樱子，桑寄生，菟丝子,狗脊
TCMFx6099,"盗汗, 耳鸣, 遗精",知母，熟地黄，黄柏，山茱萸，牡丹皮，茯苓，泽泻,山药
TCMF7957,咳嗽，痰多，气喘。,桔梗，枇杷叶,川贝母
TCMF10244,小儿便秘，腹胀，食欲不振。,麦冬，肉苁蓉，栀子，当归，火麻仁，莱菔子，玄参,枳壳
TCMF7331,缺乳,王不留行，穿山甲，天花粉，当归，党参，麦冬，漏芦，桔梗，通草,黄芪
TCMF12001,头痛，眩晕，目赤，口苦，心烦，失眠，便秘。,黄芩，黄连，黄柏，大黄，玄明粉，龙胆，栀子，川芎，玄参，水牛角，羚羊角,冰片
TCMF12084,支气管哮喘，慢性支气管炎，肺气肿等引起的咳喘。,麻黄，石膏，五味子，洋金花，太子参，胆南星，远志,甘草
TCMF11538,胸痹心痛，胃脘疼痛，癥瘕积聚，痛经。,丹参，川芎，当归，桃仁，红花，乳香，没药，冰片，苦参，五倍子，甘草,山慈菇
TCMFx6508,"胸痹, 真心痛, 心悸, 怔忡",人参，附子，蟾酥，麝香，红花，冰片，灵芝，人工牛黄,珍珠
TCMF9807,风寒感冒，头痛发热，鼻塞流涕，咳嗽痰多，肢体酸痛。,荆芥，紫苏叶，防风，香附，大青叶，桔梗，陈皮，炙甘草,连翘
TCMF10425,咳嗽，气喘，痰多，胸闷。,川贝母，西洋参，玄参，石膏，麻黄，苦杏仁，砂仁，五味子，罂粟壳，甘草,陈皮
TCMF11268,肝硬化，肝脾肿大，肝区疼痛，脘腹胀满，食欲不振。,黑豆，昆布，三棱，莪术，郁金，半边莲，白术，红花，茵陈，虎杖，大黄，制何首乌，海藻，木瓜，桃仁，柴胡，当归，香附，熟地黄,白芍
TCMF8216,气血两虚，月经不调，崩漏，带下，产后体虚。,黄芪，当归，白术，茯苓，熟地黄，白芍，荆芥穗，补骨脂，川芎，延胡索，香附，西洋参，甘草，牡蛎，阿胶,杜仲
TCMF9923,痛经，月经不调，经行腹痛，寒凝血瘀。,茺蔚子，丹参，益母草，红花，炮姜，肉桂，当归，熟地黄，白芍，木香，香附，山楂，延胡索，青皮,川芎
TCMF11374,跌打损伤，骨折，瘀血肿痛,红花，当归，苏木，血竭，乳香，没药，安息香，芦荟，白矾,儿茶
TCMF11848,暑湿感冒，水土不服，饮食不节引起的头晕头痛，恶心呕吐，腹痛腹泻，胸闷痞满，肢体酸痛。,薄荷，广藿香，千金子霜，红大戟，木香，沉香，山慈菇，厚朴，木瓜，白芷，檀香，丁香，冰片，雄黄，甘草,香薷
TCMF8242,咳嗽，气喘，痰多。,麻黄，五味子，苦杏仁，银杏叶，豆蔻,核桃仁
TCMF10537,肾虚腰痛，腰膝酸软，头晕耳鸣，神疲乏力。,熟地黄，杜仲，巴戟天，淫羊藿，丹参，红花，川芎，制何首乌，女贞子，白术，砂仁，千年健，三七，甘草,人参
TCMF10414,咽喉肿痛，口舌生疮，牙龈肿痛。,麦冬，冬凌草，玄参，甘草，冰片,桔梗
TCMF7567,益气补血，通络下乳。用于改善妇女产后气血虚弱引起的无乳，少乳，乳汁清稀。,黄芪，当归，川芎，白芍，熟地黄，王不留行，漏芦，天花粉，穿山甲，甘草,通草
TCMF11571,慢性乙型肝炎，肝郁脾虚证。,薄荷，丹参，甘草，茯苓，麦芽，三棱，白术，川楝子，柴胡，当归，延胡索，香橼,白芍
TCMF9834,妇人胎前产后诸症，如月经不调、痛经、产后恶露不尽等。,益母草，白术，当归，香附，延胡索，人参，鳖甲,茯苓
TCMFx4355,"中风, 风痱",豨莶草，海风藤，千年健，威灵仙，油松节，川牛膝，续断，桑寄生，白术，狗脊，秦艽，独活，川芎，乳香，肉桂，防己，苍术，陈皮，杜仲，当归，伸筋草，熟地黄，茜草，木瓜，玉竹，地枫皮，没药，红花，麻黄,防风
TCMF9195,气血两虚，头晕目眩，心悸失眠，食欲不振。,人参，黄芪，葛根,三七
TCMF11992,泌尿系结石，尿路感染，小便不利，腰腹疼痛。,车前子，海金沙，黄芪，石韦，泽泻，广金钱草，鸡内金，甘草,延胡索
TCMF7679,"具有扶正固本, 滋阴养胃, 调理中焦, 行气消导。用于慢性胃炎所引起的胃脘灼热胀痛, 手足心热, 口干, 口苦, 纳差, 消瘦等症。",白术，山楂，陈皮，黄精，山药，玄参，乌梅，菟丝子，白芍，甘草,党参
TCMF11979,跌打损伤，瘀血肿痛，风湿痹痛。,红花，白芷，川芎，当归，三七,土鳖虫
TCMFx4166,咳嗽,紫菀，茯苓，麻黄，知母，金银花，陈皮，半夏，远志，平贝母，罂粟壳，山楂，羚羊角,前胡
TCMFx5203,痹病,五加皮，青风藤，当归，川芎，海风藤，木瓜，威灵仙，白芷，白术，红花，牛膝，菊花，党参，姜黄，独活，川乌，草乌，玉竹，豆蔻，檀香，肉豆蔻，丁香，砂仁，陈皮，肉桂,木香
TCMFx675,痘后吐蛔,人参，茯苓，白术，山药，白扁豆，莲子，薏苡仁，砂仁，桔梗,甘草
TCMF10208,小儿外感发热，咳嗽，咽痛。,薄荷，荆芥，黄芩，柴胡，大青叶，钩藤，蝉蜕，僵蚕，甘草,金银花
TCMF8890,胃痛，腹痛，消化不良，腹泻。,木香，荜茇，豆蔻,余甘子
TCMF12385,发热，恶寒，头痛，身痛，食欲不振，舌苔薄白，脉浮,茵陈，升麻，茯苓,甘草
TCMF8265,咳嗽，气喘，痰多,灵芝，苍术，千里光，麻黄，附子，连翘,满山红
TCMF10168,糖尿病，口渴多饮，多食易饥，尿频量多，消瘦乏力。,黄芪，红参，麦冬，枸杞子，天花粉，石膏，黄连，茯苓，牡丹皮,五味子
TCMF8947,肾虚腰痛，阳痿早泄，遗精滑精，神疲乏力，畏寒肢冷。,鹿茸，淫羊藿，补骨脂，肉苁蓉，仙茅，蛇床子，韭菜子，菟丝子，人参,当归
TCMF10252,外感温邪、脏腑实热引起的内热高烧，咳嗽痰盛，咽喉肿痛，小便短赤，大便干燥。,黄芩，柴胡，板蓝根，冰片，人工牛黄,金银花
TCMF9094,胆石症，胆囊炎，胆道感染。,金钱草，郁金，木香，茵陈，大黄，厚朴,芒硝
TCMFx5569,"口疮, 鼻疮, 喉痹, 牙痛, 眩晕, 便秘",黄芩，栀子，黄柏,大黄
TCMF9416,冠心病，心绞痛，脑血栓形成，脑栓塞。,丹参，红花，三七，赤芍，降香，冰片,川芎
TCMF1328,"月经不调, 带下病",党参，白术，当归，白芍，川芎，香附，木香，砂仁，延胡索,小茴香
TCMF8384,感冒引起的咳嗽，气喘，痰多。,黄芪，桔梗，麻黄，山楂，鱼腥草，淫羊藿，射干,地龙
TCMF10203,外感风寒，内伤湿滞，发热恶寒，头痛身重，胸膈满闷，恶心呕吐，腹痛泄泻。,紫苏叶，党参，茯苓，葛根，桔梗，前胡，木香，陈皮，枳壳，半夏，大枣，甘草,生姜
TCMFx5796,口疮,珍珠，牛黄，青黛，冰片,滑石
TCMF10986,肾阳不足，腰膝酸软，畏寒肢冷，精神不振，头晕耳鸣。,鹿茸，附子，黄芪，熟地黄，当归，肉苁蓉，菟丝子，山药，茯苓，远志，五味子，牛膝,人参
TCMFx3866,"阳痿, 遗精, 耳鸣, 眩晕",熟地黄，牛膝，枸杞子，山茱萸，茯苓，杜仲，远志，巴戟天，五味子，小茴香，楮实子，肉苁蓉，石菖蒲，大枣,山药
TCMF10912,小儿惊风，高热惊厥，痰热咳嗽。,钩藤，沉香，鱼腥草，胆南星，冰片，牛黄，僵蚕，珍珠,地龙
TCMF3960,"痹病, 跌打损伤",海马，桃仁，木香，肉桂，羌活，防风，附子，莪术，独活，血竭，麻黄，当归,白芷
TCMF12038,胃痛，胃胀，消化不良，食欲不振，慢性胃炎，胃溃疡。,薤白，木香，大黄，白芍，黄连，牡丹皮，柴胡，川芎，香附，吴茱萸，枳实,延胡索
TCMF8357,中风，癫痫，头痛，眩晕。,荆芥，紫苏叶，苍术，天麻，檀香，天南星，冰片，全蝎，僵蚕，朱砂，雄黄,巴豆霜
TCMF8098,肝郁脾虚所致的胁痛、腹胀、纳呆、便溏等症。,黄芪，白术，柴胡，青皮，茯苓，郁金，白芍，板蓝根，三七，水蛭，鸡内金,姜黄
TCMFx7127,温邪头痛，目赤口渴，湿热郁滞等。,金银花，白茅根，通草，大枣，甘草,菊花
TCMF7331,缺乳,穿山甲，天花粉，当归，党参，黄芪，麦冬，漏芦，桔梗，通草,王不留行
TCMF7650,气虚血瘀所致的胸痹心痛，心悸气短，肢冷麻木，舌质紫暗。,黄芪，当归，赤芍，川芎，红花，桃仁，鸡血藤，牛膝，炙甘草,丹参
TCMFx5160,"眩晕, 耳鸣",红参，熟地黄，何首乌，白术，茯苓，当归，大枣,枸杞子
TCMF2132,"头痛, 眩晕, 心悸, 不寐, 健忘",当归，茯苓，何首乌，酸枣仁，女贞子，合欢皮，黄精，远志，朱砂，桑叶,墨旱莲
TCMF7350,冠状动脉硬化引起的心绞痛，胸闷气短，心气不足，瘀血作痛。,川芎，三七，桃仁，红花，赤芍，人参，黄精，麦冬，枸杞子，郁金，降香，木香，陈皮,丹参
TCMF11856,肝郁气滞，胸胁胀痛，胃脘疼痛，食欲不振。,柴胡，香附，延胡索，豆蔻，厚朴，檀香，陈皮，青皮，香橼，枳壳，牵牛子，槟榔，鸡内金,白芍
TCMF10412,火热内盛，头痛目赤，口舌生疮，咽喉肿痛。,知母，石膏，黄芩，龙胆，玄参，柴胡,栀子
TCMF10399,胸痹心痛，心悸失眠，冠心病，心绞痛。,丹参，乳香，瓜蒌，柴胡，延胡索，枳壳,白芍
TCMFx6224,"中风, 风痱",三七，赤芍，豨莶草，红花，川芎，地龙，血竭,葛根
TCMF10954,心悸失眠，心烦不安，健忘多梦，头晕目眩。,麦冬，柏子仁，酸枣仁，丹参，炙甘草，茯苓，党参，桔梗，五味子，当归，石菖蒲，玄参，远志，朱砂,天冬
TCMF7865,感冒咳嗽，支气管炎，百日咳等引起的咳嗽。,百部，麦冬，知母，黄芩，桔梗，桑白皮，天南星，陈皮，甘草,苦杏仁
TCMF11585,风寒感冒，头痛，鼻塞，肢体酸痛。,木香，荆芥，防风，羌活，独活，川芎，白芷，薄荷，甘草,细辛
TCMF12152,心悸失眠，头晕目眩，健忘多梦，心烦不安。,麦冬，丹参，茯苓，党参，桔梗，首乌藤，五味子，当归，玄参，朱砂,柏子仁
TCMF7619,疮疡肿毒，丹毒，蜂窝组织炎，急性淋巴结炎等。,金银花，连翘，蒲公英，紫花地丁，天花粉，赤芍，当归,甘草
TCMF7716,中风后遗症，脑梗塞，脑血栓形成，脑出血后遗症，肢体麻木，言语不利，口眼歪斜，头晕头痛。,黄芪，当归，川芎，赤芍，地龙，桃仁，红花，丹参，石菖蒲，远志，郁金，僵蚕，全蝎，蜈蚣，冰片，人工牛黄,胆南星
TCMF9182,肝肾阴虚，头晕目眩，耳鸣，畏光，迎风流泪，视物昏花。,山茱萸，山药，茯苓，泽泻，牡丹皮，菊花，枸杞子,熟地黄
TCMF7932,感冒发热，咽喉肿痛，扁桃体炎，肺炎等。,金银花，黄芩，连翘，板蓝根,蒲公英
TCMFx1247,"舒肝清热, 健脾养血用于肝郁血虚, 肝脾不和, 两胁胀痛, 头晕目眩, 倦怠食少, 月经不调, 脐腹胀痛",柴胡，当归，白芍，白术，茯苓，甘草，牡丹皮，薄荷,栀子
TCMF12149,血虚发热，头晕目眩，心悸失眠，月经不调。,麦冬，茯苓，谷芽，党参，牡丹皮，山楂，地骨皮，酸枣仁，山药，熟地黄，陈皮，牡蛎，鳖甲,丹参
TCMFx320,"小儿惊风高热, 手足抽搐, 痰涎壅盛, 神昏谵语",全蝎，牛黄，胆南星，甘草，僵蚕，朱砂，黄连，天麻,冰片
TCMF11317,跌打损伤，瘀血肿痛，筋骨折伤。,乳香，血竭，当归，土鳖虫，麝香，朱砂,自然铜
TCMF7954,疮疡溃烂，久不收口，疥癣瘙痒。,冰片，重楼，石膏，炉甘石，轻粉,红粉
TCMFx6780,"清热, 宣肺, 平喘。用于小儿外感引起的发热恶寒, 咳嗽痰黄, 气促, 口干音哑, 咽喉肿痛。",麻黄，苦杏仁，石膏，甘草，黄芩，北豆根,板蓝根
TCMFx3886,"惊悸, 不寐, 眩晕, 耳鸣",龟甲胶，鹿角胶，酸枣仁，远志，茯苓，熟地黄，当归，川芎，黄芪，党参，白芍，丹参，砂仁，山药，芡实，甘草,白术
TCMF7326,治疗急性支气管炎，感冒后咳嗽、慢性支气管炎急性发作等呼吸系统疾病。,鱼腥草，金荞麦，四季青,麻黄
TCMF12481,咳嗽痰少，痰粘难咳，咽干口燥，胸闷气短，舌红少苔，脉细数,枇杷叶，紫菀，百部，浙贝母，紫苏子，苦杏仁，麻黄，茯苓，陈皮，天冬，芥子，北沙参，款冬花，枳壳，瓜蒌子，前胡，紫苏叶，甘草，桔梗,法半夏
TCMF6752,"清热散风, 解毒通便。用于风热所致头晕耳鸣, 目赤, 鼻流黄涕, 口舌生疮, 牙龈肿痛, 大便秘结。",大黄，连翘，菊花，白芷，黄柏，栀子，荆芥，防风，薄荷，川芎，桔梗,黄芩
TCMF10338,冠心病，心绞痛，心肌梗死，脑血栓形成，脑栓塞。,丹参，赤芍，红花，降香，冰片,川芎
TCMFx4933,咳嗽,桔梗，天花粉，枳壳，桑白皮，浙贝母，知母，百部，麦冬，苦杏仁，前胡，甘草，橘红,黄芩
TCMF9948,肝肾不足，腰膝酸软，筋骨无力。,白芍，牛膝，续断,杜仲
TCMF11259,肾虚遗精，腰膝酸软，头晕耳鸣，失眠多梦。,熟地黄，山茱萸，山药，茯苓，金樱子，芡实，黄柏，牡丹皮，锁阳，远志，牡蛎,知母
TCMFx3835,"虚劳, 解?, 眩晕, 腰痛",蛤蚧，党参，黄芪，枸杞子，当归，茯苓，熟地黄，女贞子，甘草，山药，木瓜，狗脊，巴戟天，续断，杜仲，黄精，骨碎补,白术
TCMF7330,气虚郁结，心悸失眠，食欲不振，神疲乏力。,黄芪，党参，白术，茯苓，柴胡，白芍，当归，香附,炙甘草
TCMFx3047,"腹胀, 胁痛",沉香，木香，柴胡，厚朴，豆蔻，砂仁，郁金，防风，葛根，乌药，枳壳，桔梗，槟榔，麦芽，谷芽，前胡，青皮，白芷，檀香，降香，羌活，广藿香，甘草,陈皮
TCMF11470,咳嗽，气喘，痰多，胸闷。,百部，紫苏子，南沙参，紫菀，白前，麻黄，苦杏仁，枇杷叶，桑白皮，桑叶，蛤壳，浙贝母,知母
TCMF960,感冒,葛根，麻黄，白芍，甘草，大枣，生姜,桂枝
TCMF9301,湿热下注所致的热淋，症见尿频、尿急、尿痛、小腹胀痛、腰痛、发热、畏寒。,车前子，萹蓄，瞿麦，大黄，栀子，木通，甘草,滑石
TCMF9472,热病，邪入心包，高热惊厥，神昏谵语，中风昏迷及脑炎、脑膜炎、中毒性脑病、脑出血、败血症等见上述证候者。,牛黄，麝香，水牛角，黄连，黄芩，栀子，冰片，郁金，珍珠，雄黄，蜂蜜,朱砂
TCMF8292,胃脘疼痛，胃寒呕吐，食欲不振。,胡椒，干姜，白术，陈皮，瓦楞子，牡蛎,黄芪
TCMF4377,咳嗽,知母，阿胶，款冬花，五味子，马兜铃，麻黄，旋覆花，陈皮，桔梗，葶苈子，苦杏仁，清半夏,甘草
TCMF11637,感冒，发热，头痛，咳嗽，胸闷，消化不良,广藿香，荆芥，香薷，紫苏叶，茯苓，甘草，麦芽，木香，青蒿，大黄，山楂，白芷，香附，莱菔子，法半夏，牵牛子，陈皮，青皮，枳实,苍术
TCMF10911,湿疹，皮炎，皮肤瘙痒。,苦参，紫花地丁，黄连，苍术，茵陈，虎杖，蛇床子，花椒，黄柏，冰片,地肤子
TCMF7749,肝郁气滞型不孕症，月经不调，痛经，乳房胀痛。,柴胡，白芍，当归，茯苓，白术，香附，丹参，菟丝子，枸杞子,甘草
TCMF8047,咳嗽，痰多，气喘。,百部，黄芩，桔梗，连翘，桑白皮，远志，甘草,陈皮
TCMF8163,失眠，心悸，头晕，神经衰弱。,百合，丹参，合欢花，茯苓，首乌藤，五味子，酸枣仁，刺五加，玄参，远志，灯心草，石膏，珍珠母,麦冬
TCMF11024,风寒湿痹，肢体麻木，腰腿疼痛，跌打损伤。,荆芥穗，防风，麻黄，细辛，川乌，草乌，白术，苍术，木香，八角茴香，当归，川芎，血竭，人参，桔梗，两头尖，制何首乌,炙甘草
TCMF8055,肝郁气滞，胸胁胀痛，月经不调，痛经。,柴胡，丹参，当归，川芎，黄芪，桃仁，白芍，赤芍，香附,红花
TCMF473,"跌打损伤, 闪腰挫气",乳香，没药，甘松，延胡索，细辛，香附，山柰,白芷
TCMF10088,中风后遗症，肢体麻木，言语不利，口眼歪斜。,丹参，红花，天麻，秦艽，川芎，桃仁，胆南星，姜半夏，三七，水蛭，冰片，人工牛黄，麝香,土鳖虫
TCMF9589,温病发热，咽喉肿痛，麻疹不透，丹毒，痄腮。,黄芩，淡豆豉，天花粉，连翘，忍冬藤，石菖蒲，玄参，紫草，水牛角,板蓝根
TCMFx1623,痹病,牛膝，桃仁，麻黄，当归，草乌，红大戟，天麻，羌活，穿山甲，细辛,乌药
TCMF7749,肝郁气滞型不孕症，月经不调，痛经，乳房胀痛。,柴胡，白芍，当归，白术，香附，丹参，菟丝子，枸杞子，甘草,茯苓
TCMF6939,"外感风寒湿邪, 恶寒发热, 头痛项强, 肢体酸痛, 腮肿",荆芥，防风，羌活，独活，柴胡，前胡，川芎，枳壳，桔梗，茯苓，甘草，薄荷,生姜
TCMFx2996,"绝经前后诸病, 月经失调, 痛经, 不孕, 性冷",人参，当归，川芎，丹参，淫羊藿，韭菜子，蛇床子，薏苡仁，蟾酥,赤芍
TCMFx4826,"咳嗽, 喘病",西青果，款冬花，麦冬，桑白皮，半夏，石膏，苦杏仁，白果，麻黄，川贝母，甘草，马兜铃，黄芩,百合
TCMF10698,失眠，心悸，头晕，记忆力减退。,珍珠母，五味子，丹参，远志，石菖蒲，茯苓，甘草,酸枣仁
TCMF241,"中风中经络, 风痰淤血痹阻脉络证, 症见半身不遂, 偏身麻木, 口眼歪斜, 语言蹇塞; 脑梗死急性期",川芎，丹参，天麻，石菖蒲，豨莶草，水蛭，槐花，人工牛黄，牛膝,黄芪
TCMF10870,心悸失眠，健忘多梦，头晕目眩，腰膝酸软。,麦冬，柏子仁，炙甘草，制何首乌，五味子，枸杞子，桑椹，大枣，远志,红参
TCMF11735,高血压，头晕目眩，耳鸣，肢体麻木。,甘草，茯苓，青葙子，小蓟，蛤壳，玄明粉,牛膝
TCMF11278,喉痹，乳蛾，喉风，喉痛，声音嘶哑。,山豆根，猪牙皂，天花粉，桔梗，连翘，板蓝根，诃子，冰片，珍珠,牛黄
TCMFx1442,表里双解,柴胡，黄芩，生姜，甘草，人参，桂枝，白芍，大枣,半夏
TCMF5073,"感冒, 风温",桑叶，连翘，薄荷，苦杏仁，桔梗，芦根，甘草,菊花
TCMF7409,气血亏虚引起的贫血及各种失血。,当归，阿胶，鸡血藤，淫羊藿，山楂,黄芪
TCMFx764,痹病,川乌，白芷，草乌，香附，甘草，白术，没药，麻黄，川芎，乳香，秦艽，地龙，当归，茯苓，赤小豆，羌活，赤芍，细辛，防风，天南星，桂枝，甘松,天麻
TCMF8478,脾胃虚弱，肺燥咳嗽，气短乏力。,黄芪，党参，黄精，山药，川贝母，五味子，丹参，白及，山茱萸，阿胶,制何首乌
TCMF9576,寒凝气滞所致的脘腹冷痛，胸胁胀痛，痛经。,附子，肉桂，桃仁，阿魏，当归，防风，羌活，丁香，僵蚕，麝香,大黄
TCMF7761,感冒发热，头痛身疼，咳嗽咽痛，大便干燥。,薄荷，荆芥穗，黄芩，连翘，大黄，白芍，甘草，防风，滑石,麻黄
TCMF12351,肝郁脾虚，湿阻中焦，症见胸胁胀痛，脘腹胀满，食欲不振，恶心呕吐，大便溏薄。,柴胡，黄芩，人参，半夏，陈皮，苍术，厚朴,甘草
TCMFx7421,腮腺炎。,蓼大青叶，板蓝根，连翘，蒲公英，牛黄,夏枯草
TCMFx3369,"温病, 发热",金银花，蝉蜕，石膏，滑石，大黄，赤芍，板蓝根，广藿香，羚羊角,黄芩
TCMF7550,肾虚血瘀，腰膝酸软，月经不调，痛经。,熟地黄，当归，白芍，川芎，桃仁，红花，杜仲，续断，鸡血藤,牛膝
TCMF8272,咳嗽，痰多，气喘。,枇杷叶，百部，车前子，桔梗，苦杏仁，甘草,麻黄
TCMF11733,风寒湿痹，关节疼痛，肌肉酸痛，肢体麻木。,荆芥，麻黄，杜仲，独活，川乌，草乌，川芎，当归，血竭，苍术，秦艽，防风，乳香，没药，甘草,羌活
TCMF8301,肝胃不和，脘腹胀痛，食欲不振，呕吐泄泻。,柴胡，青皮，甘草，麦冬，北沙参，茯苓，白术，山楂，麦芽，乌梅，莲子，芡实，胡黄连，槟榔,白芍
TCMF11982,瘀血内阻，月经不调，痛经，闭经，产后瘀血腹痛。,益母草，黑豆，苏木，乳香，莪术，红花，木香，香附，延胡索，大黄，桃仁，当归，肉桂，乌药，僵蚕,没药
TCMF11681,感冒风寒，头痛身疼，鼻塞流涕，咳嗽痰多。,防风，羌活，独活，柴胡，前胡，甘草,荆芥
TCMF10474,风热感冒，发热头痛，咳嗽咽痛。,薄荷，荆芥穗，大黄，绵马贯众，柴胡,僵蚕
TCMF10486,用于治疗肝肾阴虚所致的头晕目眩、腰膝酸软、耳鸣耳聋、须发早白等症,天冬，白芍，女贞子，桑椹，香附，石决明,黄精
TCMF9142,心悸，失眠，气短乏力，胸闷心痛。,黄芪，人参，当归，柏子仁，五味子，山楂，川芎，炙甘草,丹参
TCMF9891,风湿性关节炎，类风湿性关节炎，骨关节炎等引起的关节疼痛、肿胀、活动不利。,马钱子粉，川牛膝，全蝎,当归
TCMF11118,目赤肿痛，眼眵多泪，羞明怕光，头痛眩晕。,龙胆，菊花，薄荷，荆芥，决明子，谷精草，蒺藜，密蒙花，赤芍，木贼，栀子，白芷，防风，桑白皮，桑叶，黄柏，冰片，牛黄，蝉蜕,黄连
TCMF9751,肝郁肾虚所致的阳痿、早泄、遗精、滑精、功能性不射精、性欲减退、阴茎勃起功能障碍等。,荔枝核，柴胡，巴戟天，菟丝子，五味子，远志，蛇床子，石菖蒲，九香虫，水蛭，地龙，蜈蚣，蜂房,肉苁蓉
TCMF10922,中风，痰厥，惊风，癫痫等急症,川贝母，天麻，全蝎，僵蚕，大黄，黄连，胆南星，冰片，甘草,牛黄
TCMF1272,"太阴温病; 手厥阴暑温; 阳明温病, 斑疹, 温痘, 温疹, 温毒",牛黄，水牛角，麝香，珍珠，朱砂，雄黄，黄连，黄芩，栀子，冰片,郁金
TCMF9594,肾虚，腰膝酸软，头晕耳鸣，阳痿早泄，遗精盗汗。,黄芪，红参，制何首乌，肉苁蓉，茯苓，白术，车前子，菟丝子，五味子，覆盆子，金樱子，川芎，当归，蛇床子，小茴香，山药，淫羊藿,熟地黄
TCMF2,"活血化瘀, 清热利湿的功效, 慢性非细菌性前列腺炎",丹参，益母草，牛膝，黄柏，白头翁，王不留行,马鞭草
TCMF8000,头晕目眩，健忘失眠，心悸怔忡，肢体麻木。,麦冬，制何首乌，茯苓，白术，天麻，五味子，当归，人参,钩藤
TCMFx415,"妇女血亏, 月经不调",熟地黄，当归，川芎，白芍,益母草
TCMF11246,肾虚腰痛，遗精早泄，阳痿不举，头晕耳鸣，四肢无力。,炙甘草，炙黄芪，制何首乌，熟地黄，覆盆子，金樱子，菟丝子，山药，狗脊，淫羊藿，续断，酸枣仁，陈皮，龟甲胶，鹿角胶,锁阳
TCMF12471,形寒肢冷，腰膝酸软，气短喘促，夜尿频多，便溏，腰痛,红参，鹿茸，肉桂，干姜，炙甘草，白术，附子，肉豆蔻，大青盐，蜂蜜,党参
TCMF11702,心血不足，心悸失眠，头晕健忘，面色苍白。,麦冬，柏子仁，当归，茯苓，石菖蒲，合欢皮，首乌藤，川芎，龙眼肉，远志，肉桂，人参，九香虫，鹿茸，朱砂,酸枣仁
TCMF11044,风寒咳嗽，痰多气喘。,川贝母，薄荷，紫苏叶，桔梗，紫菀，清半夏，甘草,苦杏仁
TCMF12105,清热解毒，凉血止血，用于治疗热毒壅盛所致的感冒、咽喉肿痛、口腔溃疡、牙龈出血等。,穿心莲，栀子，沉香，冰片，人工牛黄，石膏，芒硝，珍珠，滑石,磁石
TCMF11855,肝郁脾虚，胸胁胀痛，食欲不振，腹胀便溏。,柴胡，白芍，草豆蔻，大黄，厚朴，香附，莱菔子，牵牛子，陈皮，青皮，肉桂，鸡内金,龙胆
TCMF7448,湿热蕴结所致的泄泻腹痛，便黄而黏，肛门灼热；以及风热感冒所致的发热恶风，头痛身痛。,葛根，黄芩，黄连,炙甘草
TCMF9435,乳腺增生，乳痛症，乳腺纤维瘤。,天冬，浙贝母，丹参，夏枯草，黄芪，没药，乳香，三棱，莪术，瓜蒌，白术，海藻，玄参，鸡内金,牡蛎
TCMF9072,头痛眩晕，目赤耳鸣，咽喉肿痛，口舌生疮，牙龈肿痛，大便燥结。,黄芩，黄连，荆芥穗，菊花，大黄，栀子，川芎，当归，人工牛黄,连翘
TCMF9714,肝郁脾虚，胸胁胀痛，食欲不振，神疲乏力。,柴胡，黄芩，郁金，党参，茯苓，白芍，当归，麦冬，五味子，枳壳，甘草,黄芪
TCMF8919,失眠，心悸，烦躁，头晕，头痛。,百合，丹参，当归，黄芩，黄连，葛根，石菖蒲，人参，牡蛎，合欢花,酸枣仁
TCMF9957,胸腹胀满，大便不通，饮食停滞，呕吐恶心，痰饮积聚。,巴豆霜，木香，沉香，檀香，大黄，厚朴，枳壳，大枣，麝香，朱砂,川芎
TCMF10687,肝肾阴虚，目昏不明，头晕耳鸣，腰膝酸软。,决明子，菊花，肉苁蓉，枸杞子，山茱萸，密蒙花,熟地黄
TCMFx6273,虚劳,人参，五味子，麦冬，黄芪，何首乌，当归，葛根，川芎，赤芍,红花
TCMF9833,肾阳不足，腰膝酸软，畏寒肢冷，性功能减退。,附子，巴戟天，淫羊藿，枸杞子，熟地黄，蛇床子，仙茅，肉桂,锁阳
TCMF10296,肾阳不足，腰膝酸软，畏寒肢冷，夜尿频多，阳痿早泄。,附子，杜仲，补骨脂，锁阳，淫羊藿，党参，白术，鹿衔草，山茱萸，女贞子，覆盆子，五味子，柏子仁，远志，车前子，沙苑子，葛根，蛇床子,肉桂
TCMF10795,中风后遗症，脑梗死，脑动脉硬化，眩晕，头痛。,丹参，葛根，黄芪，郁金，红花，天麻，川芎，石菖蒲，冰片，乌梢蛇，水蛭,人参
TCMF7396,乳腺增生症，属肝气郁结，痰瘀阻滞证候者，症见乳腺肿块，胀满疼痛。,牡蛎，昆布，鸡血藤，王不留行，柴胡，青皮，淫羊藿，菟丝子，赤芍，丹参，香附,海藻
TCMF473,"跌打损伤, 闪腰挫气",乳香，甘松，延胡索，细辛，香附，山柰，白芷,没药
TCMFx1436,"通治风, 寒, 湿三气, 合而成痹",姜黄，当归，白芍，防风，黄芪，甘草，生姜,羌活
TCMF5951,"头痛, 风温",川芎，菊花，黄芩，白芷，栀子，连翘，防风，蔓荆子，荆芥穗，黄连，甘草，羌活，薄荷，藁本,桔梗
TCMFx5602,"腹泻, 解?",党参，白术，茯苓，甘草，大枣,生姜
TCMFx707,"头晕目眩, 鼻干出血, 牙痛咽肿, 口舌生疮",栀子，黄连，黄柏，大黄，金银花，知母，天花粉,黄芩
TCMF11178,咳嗽，痰多，气喘，胸闷。,百部，浙贝母，天冬，玉竹，紫苏叶，紫苏子，茯苓，白茅根，瓜蒌子，桔梗，南沙参，款冬花，紫菀，白及，麻黄，白芍，枳实，枇杷叶,苦杏仁
TCMF10360,急慢性胆囊炎，胆石症，胆道感染，肝胆湿热证。,姜黄，木香，茵陈，大黄，诃子,龙胆
TCMF12200,小儿感冒，发热，咳嗽，痰多，消化不良。,薄荷，广藿香，黄芩，巴豆霜，茯苓，猪苓，麦芽，天竺黄，天花粉，厚朴，苦杏仁，山楂，防风，制天南星，陈皮，槟榔，甘草,朱砂
TCMF6999,"肝胆火旺, 惊悸不宁, 大便秘结",当归，芦荟，栀子，黄连，黄芩，黄柏，大黄，木香，青黛，麝香,龙胆
TCMF12084,支气管哮喘，慢性支气管炎，肺气肿等引起的咳喘。,麻黄，五味子，洋金花，太子参，胆南星，远志，甘草,石膏
TCMFx4344,"感冒, 腹痛, 呕吐, 腹泻",广藿香，紫苏叶，白芷，白术，陈皮，法半夏，厚朴，桔梗，甘草，大腹皮，大枣，生姜,茯苓
TCMF11124,小儿感冒，咽喉肿痛，咳嗽痰多，发热头痛。,浙贝母，黄连，牛黄，大黄，赤芍，乳香，没药，冰片，雄黄，甘草,天花粉
TCMF12106,气血两虚，头晕目眩，心悸失眠，食欲不振。,黄芪，鸡血藤，白术，大枣，陈皮,当归
TCMF2014,心悸,远志，黄芪，党参，熟地黄，柏子仁，酸枣仁，五味子，朱砂,茯苓
TCMF7466,"解?, 血劳",党参，黄芪，白术，茯苓，龙眼肉，酸枣仁，木香，甘草,当归
TCMFx611,"乳癖结节, 乳痈初起, 乳腺囊性增生病及乳腺炎前期",鹿角，昆布，天花粉，鸡血藤，三七，赤芍，海藻，漏芦，木香，玄参，牡丹皮，夏枯草，连翘，红花,蒲公英
TCMF10337,跌打损伤，骨折，软组织挫伤,三七，续断,红花
TCMF11638,慢性肝炎，肝硬化，肝功能不全。,黄芪，党参，黄精，山药，丹参，郁金，茵陈，板蓝根，秦艽，白芍，山楂，泽泻，甘草,当归
TCMF10831,脾胃虚弱，食欲不振，消化不良，脘腹胀满。,炙甘草，白术，茯苓，薏苡仁，麦芽，山楂，豆蔻，黄连，山药,党参
TCMFx877,上呼吸道感染,大青叶，蒲公英，甘草,紫花地丁
TCMF8277,肾虚腰痛，遗精早泄，头晕耳鸣，腰膝酸软。,杜仲，肉苁蓉，茯苓，巴戟天，山药，熟地黄，小茴香，牛膝,石菖蒲
TCMF7627,风寒湿痹，肢体疼痛，头痛，发热恶寒。,羌活，防风，细辛，川芎，白芷，苍术，黄芩，甘草,独活
TCMFx7334,病毒性心肌炎，心肌损伤,麦冬，丹参，降香，苦参，黄连，人工牛黄，蟾酥，冰片,玉竹
TCMF8651,瘀血内阻，月经不调，痛经，闭经，产后瘀血腹痛。,鸡血藤，三棱，莪术，白芍，当归，熟地黄，延胡索，乌药，北刘寄奴，凌霄花,牡丹皮
TCMF8063,气虚自汗，盗汗，四肢乏力，面色苍白。,党参，麻黄根，五味子,黄芪
TCMF7706,血虚夹瘀，月经不调，痛经，产后恶露不尽。,阿胶，红花，当归，川芎，白芍，熟地黄，黄芪，甘草,党参
TCMF7254,用于外感风邪引起的恶风身热，偏正头痛、鼻流清涕、牙疼喉痛,川芎，菊花，连翘，薄荷，蔓荆子，黄芩，栀子，羌活，藁本，防风，白芷，荆芥穗，桔梗，甘草,黄连
TCMF12054,小儿感冒，发热头痛，鼻塞流涕，咳嗽痰多，咽喉肿痛。,黄芩，荆芥穗，葛根，苍术，苦杏仁，白芷，川芎，防风，牛黄,羌活
TCMF7450,肾阳不足，腰膝酸软，畏寒肢冷，夜尿频多。,熟地黄，山药，泽泻，牡丹皮，茯苓，附子，肉桂,山茱萸
TCMF10193,心悸，失眠，健忘，头晕，心慌气短。,麦冬，人参，丹参，甘松，赤芍，黄连，南五味子，桑寄生，酸枣仁，土鳖虫,山茱萸
TCMFx715,"急, 慢性肠炎",仙鹤草，黄连，蝉蜕，石菖蒲，桔梗,木香
TCMF12239,痰湿咳嗽，胸脘痞闷，恶心呕吐。,陈皮，茯苓，生姜，甘草,半夏
TCMF8174,跌打损伤，骨折，筋伤，瘀血肿痛。,没药，乳香，红花，白芍，赤芍，川芎，当归，骨碎补，三七，五加皮，续断，熟地黄，血竭，自然铜,大黄
TCMF6752,"清热散风, 解毒通便。用于风热所致头晕耳鸣, 目赤, 鼻流黄涕, 口舌生疮, 牙龈肿痛, 大便秘结。",大黄，黄芩，连翘，菊花，白芷，黄柏，栀子，荆芥，防风，薄荷，桔梗,川芎
TCMF9999,肾阳不足，湿热下注所致的前列腺炎、前列腺增生等症。,附子，肉桂，熟地黄，山茱萸，山药，车前子，茯苓，泽泻，牡丹皮，瞿麦，牛膝，淫羊藿,虎杖
TCMFx4862,"月经失调, 痛经",当归，香附，白芍，延胡索，川芎，甘草，丹参，川楝子,红花
TCMF9155,风寒湿痹，肢体麻木，关节疼痛。,葛根，黄芪，姜黄，川芎，桂枝，菊花，白芍,威灵仙
TCMF7674,肾阳不足，腰膝酸软，神疲乏力，性功能减退。,人参，黄芪，淫羊藿，巴戟天，五味子，麦冬，丹参，蛇床子，芦荟,枸杞子
TCMF739,"呕吐, 痞满",木香，白术，茯苓，香附，豆蔻，砂仁，陈皮，半夏，枳实，厚朴，广藿香,甘草
TCMF7463,"腹痛, 痞满",木香，砂仁，枳壳，厚朴，青皮，牵牛子，乌药,大黄
TCMF9573,痰热壅肺所致的咳嗽、痰多稠黄、胸闷憋气、气促作喘、舌红苔黄、脉滑数等症。,石膏，麻黄，白前，五味子，苦杏仁，桑白皮，莱菔子，胆南星，射干,黄芩
TCMF10444,阴虚肺燥，咽喉干痛，干咳少痰，痰中带血。,玄参，麦冬，川贝母，牡丹皮，薄荷，甘草,白芍
TCMF10063,肾虚腰痛，遗精早泄，头晕目眩，视力减退，耳鸣耳聋，须发早白。,枸杞子，菟丝子，五味子，车前子，熟地黄，山茱萸，山药，泽泻，牡丹皮，茯苓,覆盆子
TCMF10528,糖尿病，气阴两虚，口渴多饮，消谷善饥，尿多，消瘦，乏力。,黄芪，天冬，北沙参，天花粉，茯苓，土茯苓，柏子仁，五味子，覆盆子，枸杞子，红花，香附，山药,玄参
TCMF4718,"咳嗽, 喉痹",山豆根，连翘，桔梗，栀子，黄芩，大黄，玄参，芒硝，知母，防风，薄荷，黄柏，甘草,牛蒡子
TCMF10099,肾虚腰痛，阳痿早泄，神疲乏力，腰膝酸软。,黄芪，杜仲，牛膝，茯苓，泽泻，肉苁蓉，淫羊藿，白芍，菟丝子，枸杞子，蛇床子，山药，红参，土鳖虫，牡蛎，鹿茸,黄精
TCMFx3921,痹病,熟地黄，鸡血藤，淫羊藿，骨碎补，女贞子，肉苁蓉，牛膝，莱菔子,狗脊
TCMFx3254,痹病,昆布，骨碎补，桂枝，威灵仙，牡蛎，杜仲叶，鸡血藤，附子，川乌，草乌，延胡索，白芍，三七，马钱子,党参
TCMF7464,"痈疽, 恶虫叮咬伤",红大戟，山慈菇，千金子霜，五倍子，朱砂，麝香,雄黄
TCMF9107,气虚血瘀，头晕目眩，胸闷心痛，肢体麻木。,党参，何首乌，赤芍，川芎，山楂，蒲黄，泽泻,丹参
TCMF9411,脱发，须发早白，头晕目眩，腰膝酸软。,枸杞子，女贞子，菟丝子，当归，丹参，黄芪，白术，茯苓，泽泻，甘草,何首乌
TCMF3103,痹病,红参，肉桂，麻黄，熟地黄，甘草，大黄，防风，片姜黄，乌梢蛇，草豆蔻，独活，白芷，玄参，赤芍，青皮，苍术，僵蚕，粉萆薢，乳香，乌药，香附，桑寄生，没药，骨碎补，葛根，穿山甲，白附子，冰片，威灵仙，厚朴，狗脊，苦参，巴戟天，地龙，鸡血藤，仙鹤草，丹参,红花
TCMFx1196,"肝肾不足, 须发早白, 遗精早泄, 头眩耳鸣, 腰痠背痛",何首乌，当归，补骨脂，菟丝子，茯苓，牛膝,枸杞子
TCMF8905,气血两虚，头晕目眩，腰膝酸软，心悸失眠。,党参，玉竹，肉苁蓉，牡丹皮，山楂，淫羊藿，冰片,黄芪
TCMF6128,消渴,黄芪，葛根，山药，知母，天花粉，五味子，太子参,鸡内金
TCMF10998,肾虚腰痛，腰膝酸软，畏寒肢冷，神疲乏力，头晕耳鸣。,鹿茸，补骨脂，黄芪，红参，制何首乌，黄精，韭菜子，菟丝子，仙茅，核桃仁，枸杞子，乳香，没药，沉香，龟甲，地龙,巴戟天
TCMF10928,肾阴虚，腰膝酸软，骨蒸潮热，盗汗遗精，消渴。,知母，熟地黄，龟甲，白芍，锁阳，干姜，陈皮,黄柏
TCMF9772,气滞血瘀所致的胸痹，症见胸闷、胸痛、心悸、气短；冠心病心绞痛见上述证候者。,苏木，红景天，川芎，当归，丹参，牛膝，西红花，地龙,黄芪
TCMFx4397,"咳嗽, 便秘, 积滞",大黄，茯苓，槟榔，朱砂，川贝母，红参，天竺黄，天麻，冰片,牵牛子
TCMF11830,气阴两虚，久咳痰少，咽干口燥，神疲乏力。,炙黄芪，党参，麦冬，知母，玄参,当归
TCMF7277,风热咳嗽，鼻流稠涕，发热头昏，咽干舌燥。,桑叶，菊花，黄芩，薄荷,桔梗
TCMF11489,气虚血瘀所致的胸闷、胸痛、心悸、气短、乏力等症状。,黄芪，赤芍，川芎，石菖蒲，远志，土鳖虫，水蛭，全蝎,丹参
TCMF7464,"痈疽, 恶虫叮咬伤",红大戟，山慈菇，千金子霜，五倍子，雄黄，麝香,朱砂
TCMF9804,清热解毒，镇惊安神。用于热病高热，烦躁不安，神昏谵语，惊风抽搐，斑疹吐衄，尿赤便秘。,黄芩，黄柏，栀子，石膏，朱砂，冰片，人工牛黄，滑石，甘草,大黄
TCMF9839,胸痹心痛，冠心病心绞痛。,川芎，赤芍，红花，桃仁，降香，冰片,丹参
TCMF7328,脾胃虚弱，气短乏力，食欲不振，腹胀便溏。,黄芪，党参，白术，陈皮，升麻，柴胡，甘草,当归
TCMF10882,气血两虚，心悸失眠，神疲乏力，免疫力低下。,黄芪，红花，冬虫夏草，酸枣仁,丹参
TCMF9433,乳腺增生，乳房胀痛，乳癖,半枝莲，瓜蒌，野菊花，赤芍，香附，制天南星，陈皮,青皮
TCMF9033,心神不宁，失眠多梦，心悸怔忡，食欲不振。,甘草,大枣
TCMFx6487,腹泻,党参，白术，茯苓，甘草，丁香，砂仁，肉豆蔻，山药,豆蔻
TCMF7651,泌尿系结石，症见腰腹疼痛，排尿困难，尿血等。,黄芪，党参，茯苓，金钱草，海金沙，鸡内金，石韦，瞿麦，滑石，甘草,白术
TCMF7252,用于妇人宿有瘢块，或血瘀经闭，经行腹痛，产后恶露不尽。,桂枝，桃仁，赤芍，茯苓,牡丹皮
TCMF6339,"痹病, 眩晕, 耳鸣",女贞子,五加皮
TCMF1272,"太阴温病; 手厥阴暑温; 阳明温病, 斑疹, 温痘, 温疹, 温毒",水牛角，麝香，珍珠，朱砂，雄黄，黄连，黄芩，栀子，郁金，冰片,牛黄
TCMFx858,"脑梗塞, 冠心病, 心绞痛",黄芪，赤芍，丹参，当归，桃仁，红花，乳香，没药，鸡血藤，牛膝，桂枝，桑枝，地龙，全蝎，水蛭,川芎
TCMFx360,"胸痹, 眩晕, 症见胸闷, 心前区刺痛, 眩晕, 头疼, 冠心病, 心绞痛, 脑动脉硬化见上述证候者",丹参，何首乌，赤芍，枸杞子，葛根，川芎，红花，牛膝，地龙，郁金，远志,泽泻
TCMF11035,风热感冒，咽喉肿痛，头痛发热。,荆芥，防风，石膏，青黛，白芷，细辛，青皮，甘草,牡丹皮
TCMF4497,"感冒, 风温, 咳嗽",薄荷，桔梗，黄芩，麻黄，前胡，茯苓，冰片，紫苏叶，麦冬，清半夏，石膏，甘草，苦杏仁，川贝母,橘红
TCMF10102,肾虚腰痛，头晕耳鸣，阳痿早泄，神疲乏力。,鹿茸，蛤蚧，补骨脂，杜仲，巴戟天，淫羊藿，黄芪，人参，麦冬，枸杞子，菟丝子,肉苁蓉
TCMF10341,产后恶露不行，少腹疼痛，产后血晕。,益母草，红花，桃仁，川芎，当归，炙甘草,干姜
TCMF12347,火热内盛，烦躁口渴，便秘尿赤，口舌生疮，咽喉肿痛。,栀子，黄连，黄芩，大黄,黄柏
TCMF9304,高血压，头痛，眩晕，失眠。,槐花，女贞子，钩藤，桃仁，天南星，三七，牛膝，玄参，地龙，羚羊角，石膏,菊花
TCMF9985,胃寒疼痛，胃气痛，食积痛。,巴豆霜，豆蔻，木香，沉香，枳壳，肉桂，高良姜，人参，雄黄,丁香
TCMF11094,清热解毒，用于治疗感冒发热，咽喉肿痛，口腔溃疡，疮疖肿毒。,黄连，黄芩，栀子，金银花，连翘，板蓝根，大青叶，蒲公英，紫花地丁，甘草,黄柏
TCMF12026,风寒湿痹，肢体麻木，关节疼痛，屈伸不利。,防风，荆芥，川芎，白芷，羌活，独活，当归，白芍，桂枝，细辛，麻黄，苍术，石菖蒲，全蝎，僵蚕，蜈蚣，乌梢蛇，甘草,天麻
TCMF11684,风湿痹痛，筋骨痿软，腰膝酸冷，肢体麻木。,补骨脂，锁阳，淫羊藿，党参，茯苓，何首乌，当归，秦艽，威灵仙，独活，桑寄生，川芎，木瓜，甘草,白术
TCMF9811,火热内盛，头痛目赤，口鼻生疮，咽喉肿痛，牙龈肿痛，大便干燥。,黄芩，大黄，黄柏,栀子
TCMF12508,"发热, 恶寒, 咳嗽, 鼻塞流涕, 头痛, 无汗, 肢体痠痛",紫苏叶，前胡，桔梗，苦杏仁，麻黄，甘草，陈皮，姜半夏，茯苓，枳壳,黄芩
TCMF8161,风湿痹痛，筋骨痿软，腰膝酸软，肢体麻木。,泽兰，木香，续断，细辛，威灵仙，大血藤，白芷，独活，五加皮，两面针，桂枝,土鳖虫
TCMF9736,用于湿热下注引起的腰腿疼痛、下肢痿软、风湿性关节炎等症,车前子，黄芪，苍术，黄柏，肉桂,川牛膝
TCMF9164,气虚体弱，食欲不振，神疲乏力，面色苍白。,茯苓，党参,黄芪
TCMF414,月经失调,当归，白芍，熟地黄,川芎
TCMF4556,跌打损伤,血竭，红花，土鳖虫，三七，朱砂，乳香，麝香，没药，冰片,儿茶
TCMFx4661,"心悸, 健忘, 不寐",党参，茯苓，远志,石菖蒲
TCMF11522,风痰壅盛，喉痹，牙关紧闭，高热惊厥。,薄荷，天麻，白附子，人工牛黄，地龙，全蝎，僵蚕，石膏，青黛,大黄
TCMF10410,火热内盛，咽喉肿痛，口舌生疮，牙龈肿痛。,知母，黄芩，龙胆，栀子，柴胡，玄参,石膏
TCMF9789,痰瘀互结所致的胸痹心痛，心悸怔忡，眩晕头痛，失眠多梦，中风偏瘫，言语謇涩，肢体麻木，口眼歪斜等。,黄芪，川芎，丹参，天麻，远志，石菖蒲,胆南星
TCMF11844,气血两虚，面色苍白，气短心悸，头晕自汗，四肢不温。,炙黄芪，炙甘草，党参，白术，当归，白芍，熟地黄，川芎，肉桂,茯苓
TCMF12283,肾虚腰痛，腰膝酸软，头晕耳鸣，遗精早泄，月经不调。,鹿茸，杜仲，黄芪，西洋参，当归，白芍，熟地黄，麦冬，黄芩，茯苓，白术，川芎，柴胡，牡丹皮，艾叶，续断，肉桂，陈皮，阿胶,佛手
TCMF12307,心悸失眠，健忘多梦，头晕目眩，神疲乏力。,丹参，黄芪，红参，当归，白芍，茯苓，白术，川芎，远志，陈皮，牡蛎，珍珠,朱砂
TCMF691,咳嗽,麻黄，石膏，桔梗，百部，罂粟壳，甘草,苦杏仁
TCMF10691,寒湿阻滞，脘腹胀痛，呕吐泄泻，食欲不振。,木香，石菖蒲，高良姜,香附
TCMF12481,咳嗽痰少，痰粘难咳，咽干口燥，胸闷气短，舌红少苔，脉细数,枇杷叶，紫菀，百部，紫苏子，苦杏仁，麻黄，法半夏，茯苓，陈皮，天冬，芥子，北沙参，款冬花，枳壳，瓜蒌子，前胡，紫苏叶，甘草，桔梗,浙贝母
TCMF11798,脾胃虚弱，食积停滞，脘腹胀痛，恶心呕吐，消化不良。,广藿香，紫苏叶，茯苓，苍术，麦芽，山楂，豆蔻，砂仁，生姜，桔梗，白芷，大黄，厚朴，香附，姜半夏，槟榔,陈皮
TCMF11872,风热感冒，发热头痛，咳嗽咽痛。,薄荷，荆芥，淡豆豉，牛蒡子，连翘，金银花，甘草，淡竹叶，栀子，忍冬藤,桔梗
TCMFx6318,"痹病, 腰痛, 关节痛",骨碎补，川乌，牛膝，肉桂，海龙，秦艽，乳香，没药，香附，马钱子，防风，当归，红花，赤芍，草乌，木香,桃仁
TCMF7764,痛经，经闭，月经不调，产后腹痛。,木香，白芍，牡丹皮，桃仁，当归，川牛膝，延胡索,桂枝
TCMF8736,急慢性肝炎，肝功能异常，黄疸，胁痛，食欲不振。,黄芩，菊花，茵陈，绵马贯众，连翘，栀子，金银花，白芷，板蓝根，大青叶,葛根
TCMF11374,跌打损伤，骨折，瘀血肿痛,红花，当归，苏木，血竭，乳香，没药，儿茶，芦荟，白矾,安息香
TCMF10939,跌打损伤，风湿痹痛，瘀血肿痛。,没药，乳香，冰片，玄明粉，芒硝,白矾
TCMFx712,"胃饮, 水肿",木香，砂仁，苍术，白术，陈皮，茯苓，泽泻，猪苓，肉桂，甘草,厚朴
TCMF8331,胸痹心痛，胸闷气短，心悸失眠，冠心病，心绞痛。,降香，乳香，三棱，莪术，木香，厚朴，桃仁，沉香，蒲黄，延胡索，陈皮，佛手，花蕊石，冰片，鸡内金，蜂蜜，麝香，朱砂，珍珠,郁金
TCMF10947,肾阴虚，腰膝酸软，头晕耳鸣，潮热盗汗，遗精早泄。,熟地黄，天冬，知母，枸杞子，锁阳，白芍，黄柏，龟甲，干姜,五味子
TCMF12326,风湿痹痛，跌打损伤，皮肤瘙痒，疮疡肿毒,儿茶，没药，乳香，蛇床子，冰片，白矾，钟乳石，雄黄,麝香
TCMF11891,风热感冒，咽喉肿痛，咳嗽。,野菊花，忍冬藤,射干
TCMF7977,宫颈糜烂，宫颈炎，阴道炎,苦参，没药，乳香，冰片，炉甘石,蛇床子
TCMF11581,脾胃虚弱，消化不良，食欲不振，脘腹胀满，呕吐泄泻。,甘松，广藿香，黄芩，荆芥，紫苏叶，茯苓，稻芽，麦芽，草豆蔻，桔梗，艾叶，苍术，木香，青蒿，徐长卿，山楂，白芷，防风,厚朴
TCMF8444,脾胃虚弱，食积气滞，脘腹胀痛，消化不良。,麦芽，砂仁，白术，木香，山楂，香附，枳壳，枳实,陈皮
TCMFx1061,痹病,麻黄，虎杖，菝葜，桂枝，秦艽，木瓜，甘草，防风，桑寄生,马钱子
TCMF9067,火热内盛，咽喉肿痛，牙龈肿痛，口舌生疮，目赤肿痛。,黄芩，大黄，人工牛黄，石膏，雄黄，冰片，甘草,桔梗
TCMF10380,气滞血瘀所致的胸痹，心痛，胸闷，心悸，气短，失眠多梦，舌质紫暗或有瘀斑，脉弦涩。,红花，赤芍，川芎，柴胡，枳壳，牛膝，当归，桔梗，甘草,桃仁
TCMF9278,气血两虚，心悸失眠，肢体麻木，腰膝酸软。,丹参，黄芪，赤芍，红参，桂枝,刺五加
TCMF11258,肝肾不足，头晕目眩，腰膝酸软，须发早白，牙齿松动。,何首乌，熟地黄，女贞子，桑椹，菟丝子，车前子，沙苑子，白术，菊花，细辛，地骨皮，锁阳，石菖蒲，牛膝，远志，钟乳石,续断
TCMF12253,小儿惊风，高热惊厥，手足抽搐，烦躁不安。,珍珠母，钩藤，僵蚕，胆南星，天竺黄，丹参,甘草
TCMF8334,肝肾不足，腰膝酸软，头晕目眩，神疲乏力。,熟地黄，淫羊藿，巴戟天，枸杞子，菟丝子，鹿角胶，龟甲胶，杜仲，续断，牛膝，党参，白术，茯苓，甘草,狗脊
TCMF9304,高血压，头痛，眩晕，失眠。,槐花，菊花，钩藤，桃仁，天南星，三七，牛膝，玄参，地龙，羚羊角，石膏,女贞子
TCMF7356,骨折，筋骨损伤，骨质疏松。,当归，川芎，白芍，熟地黄，续断，杜仲，牛膝，骨碎补，自然铜,黄芪
TCMF8228,肾阳不足，腰膝酸软，畏寒肢冷，阳痿早泄，夜尿频多。,鹿茸，海马，红参，补骨脂，锁阳，淫羊藿，肉苁蓉，天冬，熟地黄，枸杞子，砂仁，杜仲，丁香，大青盐,牛膝
TCMF9517,中风后遗症，脑血栓形成，脑栓塞，脑动脉硬化，脑出血后遗症。,川芎，丹参，三七，水蛭，土鳖虫，地龙，僵蚕，全蝎，蜈蚣，冰片，人工牛黄,红花
TCMF7559,肝气郁结，胸闷胁痛，情绪抑郁，食欲不振。,柴胡，白芍，当归，茯苓，香附，甘草,白术
TCMF11743,小儿惊风，痰热壅盛，神昏抽搐，咽喉肿痛。,朱砂，麻黄，冰片，灯心草，蟾酥，麝香，白矾，青黛，珍珠，雄黄,牛黄
TCMF9791,脾胃虚弱，食欲不振，脘腹胀痛，慢性胃炎，胃溃疡。,核桃仁，白及，金荞麦，大血藤，延胡索,土木香
TCMF8435,血虚寒凝，月经不调，痛经，产后腹痛。,鸡血藤，干姜，当归，白芍，川芎，熟地黄，炙甘草,阿胶
TCMFx769,"脉管炎, 硬皮病, 动脉硬化性下肢血管闭塞症",丹参，郁金，乳香，没药,鸡血藤
TCMF409,"不寐, 心悸, 不寐, 眩晕, 崩漏, 便血",党参，黄芪，茯苓，当归，白术，甘草，远志，龙眼肉，木香，大枣，生姜,酸枣仁
TCMFx3446,痹病,麻黄，马钱子，防风，甘草，独活，地枫皮，千年健，乳香，羌活，木瓜，桂枝，牛膝，杜仲,没药
TCMF11538,胸痹心痛，胃脘疼痛，癥瘕积聚，痛经。,丹参，川芎，当归，桃仁，红花，乳香，没药，冰片，苦参，山慈菇，五倍子,甘草
TCMF11331,暑湿感冒，头痛身重，恶心呕吐，胃肠不适,广藿香，香薷，白术，法半夏，茯苓，陈皮，厚朴，甘草,紫苏叶
TCMF9152,胸痹心痛，心悸气短，心肾阳虚。,麦冬，丹参，茯苓，郁金，金银花，淫羊藿，枳壳，桂枝，龟甲，紫石英,黄芪
TCMF11916,眩晕，头痛，失眠，记忆力减退。,黄精，黄芪，党参，茯苓，熟地黄，枸杞子，砂仁，陈皮，法半夏，泽泻，马钱子，刺五加，淫羊藿，桑椹，山药,山楂
TCMF9278,气血两虚，心悸失眠，肢体麻木，腰膝酸软。,丹参，赤芍，刺五加，红参，桂枝,黄芪
TCMF11904,痛经，月经不调，寒凝血瘀型腹痛。,当归，桂枝，艾叶，香附，川芎，熟地黄，吴茱萸，小茴香，延胡索,白芍
TCMF10915,感冒咳嗽，痰多，气喘。,浙贝母，黄芩，天花粉，紫苏叶，麻黄，前胡，桑叶，制天南星，山楂，陈皮，枳壳，甘草,桔梗
TCMF9378,气虚血瘀，面色萎黄，头晕乏力，月经不调。,人参，牡丹皮,茯苓
TCMFx7278,跌打损伤，瘀血肿痛。,当归，土鳖虫，三七，乳香，冰片,自然铜
TCMF7393,跌打损伤，瘀血阻滞，胸胁疼痛。,柴胡，当归，红花，天花粉，桃仁，穿山甲，大黄,甘草
TCMF8725,胸痹心痛，胸闷气短，心悸失眠。,姜黄，木香，大黄，冬虫夏草，阿魏，丁香，九香虫,诃子
TCMFx3246,"风温, 感冒, 痄腮",金银花，羌活，大黄，拳参,大青叶
TCMF11614,肝气郁结，胁肋胀痛，胸闷不舒，情绪抑郁。,广藿香，茯苓，没药，乳香，天竺黄，豆蔻，砂仁，白术，木香，白及，制何首乌，细辛，黄连，厚朴，钩藤，木瓜，白芷，柴胡，川芎,沉香
TCMF10437,气血两虚，月经不调，崩漏下血，体弱乏力。,熟地黄，黄芪，党参，白芍，川芎，茯苓，炙甘草,当归
TCMF10126,皮肤瘙痒，湿疹，皮炎。,香薷，薄荷，苦参，黄柏，防风，苍术，蛇床子，地肤子，花椒，冰片,白芷
TCMF9228,慢性肝炎，早期肝硬化，脂肪肝，中毒性肝炎。,黄芪，党参，黄精，山药，郁金，茵陈，板蓝根，白芍，当归，泽泻,丹参
TCMFx4180,"胁痛, 胃脘痛",沉香，佛手，木香，檀香，砂仁，豆蔻，枳壳，厚朴，川楝子，延胡索，陈皮，白芍，茯苓,片姜黄
TCMF8273,急慢性支气管炎，咳嗽痰多。,车前草，桔梗，蒲公英，千里光,罂粟壳
TCMF9754,血瘀证，胸闷心痛，跌打损伤，瘀血肿痛。,三七，丹参，红花，白术，茯苓，当归，川芎，赤芍，甘草,桃仁
TCMF38,"风湿性关节炎, 腰肌劳损, 跌打损伤",独活，槲寄生，秦艽，防风，党参，当归，茯苓，白芍，熟地黄，牛膝，桂枝，细辛，甘草，川芎,杜仲
TCMF9850,慢性肝炎，肝硬化，肝功能不全。,黄芪，党参，当归，银柴胡，五味子,水飞蓟
TCMFx5865,"急惊风, 积滞",钩藤，僵蚕，天麻，全蝎，黄连，大黄，胆南星，浙贝母，天竺黄，法半夏，化橘红，牛黄，朱砂，麝香，冰片,滑石
TCMF10858,风湿痹痛，筋骨疼痛，关节不利，肢体麻木。,细辛，草乌，川乌，红花，桃仁，赤芍，白术，白芷，当归，独活，防风，羌活，香附，丁香，天南星，牛膝，桂枝,麻黄
TCMF9787,风湿痹痛，肢体麻木，腰腿疼痛。,鸡血藤，红花，川芎，秦艽，威灵仙，木瓜，独活，羌活，伸筋草，三七，两面针，桂枝,当归
TCMF8335,烧伤，烫伤，疮疡肿毒,千里光，黄连，红花，白芷，黄柏，冰片，水牛角,虎杖
TCMF7466,"解?, 血劳",党参，黄芪，白术，当归，龙眼肉，酸枣仁，木香，甘草,茯苓
TCMF7276,小儿风热感冒，发热恶风，头痛目赤，咽喉肿痛，痒腮，喉痹。,金银花，连翘，大青叶，板蓝根，栀子，黄芩，牡丹皮，淡竹叶，地龙，重楼，白薇,柴胡
TCMF11625,月经不调，痛经，闭经，崩漏，带下，产后腹痛。,人参，阿胶，熟地黄，白芍，川芎，天冬，黄芩，茯苓，白术，山茱萸，酸枣仁，益母草，延胡索，小茴香，香附，砂仁，艾叶,当归
TCMF7681,湿热下注所致的热淋，症见尿频、尿急、尿痛、腰痛、小腹坠胀等。,瞿麦，萹蓄，木通，车前子，滑石，栀子，大黄,炙甘草
TCMF7595,痿证，肢体痿软无力，腰膝酸软，畏寒肢冷。,人参，白术，黄芪，当归，白芍，炙甘草,茯苓
TCMF8433,肝胆湿热，胁痛，黄疸，口苦，尿黄。,茵陈，栀子，牛膝，白芍，枸杞子，大枣，三七，人工牛黄,鸡骨草
TCMF438,"胸腹胀满, 消化不良, 呕吐恶心, 停食停水, 气滞闷郁, 胃脘刺痛",香附，枳壳，木香，柴胡，丁香，高良姜，陈皮，豆蔻，延胡索，檀香，片姜黄，厚朴，沉香，青皮，甘草，莪术，肉桂,砂仁
TCMF9973,胃痞，胃脘痛，痞满不适，纳差乏力。,半枝莲，莪术，石斛，白芍，太子参，三七，甘草,郁金
TCMF8476,脾胃虚弱，食欲不振，消化不良，脘腹胀满。,白术，麦芽，山楂，陈皮，枳实,党参
TCMF12266,咳嗽痰多，胸闷气促，咽喉肿痛。,百部，麦冬，天冬，知母，紫苏叶，炙甘草，桔梗，款冬花，木香，大黄，马兜铃，密蒙花，五味子，苦杏仁，前胡，桑叶，葶苈子，姜半夏，玄参,川贝母
TCMF10177,脾胃虚弱，食少腹胀，消化不良，嗳气吞酸。,枳实，白术，木香，砂仁，陈皮，半夏，生姜，大枣,茯苓
TCMF10809,气血两虚，腰膝酸软，神疲乏力，头晕目眩。,黄芪，党参，当归，熟地黄，茯苓，白术，麦冬，五味子，枸杞子，山茱萸，防风，羌活，陈皮，肉桂，龟甲胶，大枣,川芎
TCMF5504,感冒,天花粉，葛根，白芷，连翘，玄参，甘草，大青叶，柴胡，羌活，川芎，赤芍，防风，黄芩，牛蒡子，淡竹叶,桔梗
TCMF11835,中风后遗症，脑动脉硬化，脑血栓形成，脑栓塞，高血压脑病，脑出血后遗症等引起的肢体麻木，瘫痪，言语不清，头晕目眩，头痛等症状。,三七，灯盏细辛,银杏叶
TCMFx1244,骨性关节炎,熟地黄，肉苁蓉，狗脊，女贞子，鸡血藤，莱菔子，骨碎补，牛膝,淫羊藿
TCMF9094,胆石症，胆囊炎，胆道感染。,郁金，木香，茵陈，大黄，厚朴，芒硝,金钱草
TCMF7583,恶虫叮咬伤,重楼，雄黄，大黄，黄芩，黄连，白芷，天花粉，乳香，没药，甘草,半边莲
TCMF12358,皮肤瘙痒，起疱流水，糜烂，伴有发热，口渴，小便短赤,茯苓，苍术，荆芥，黄芩，当归，蒲公英，半夏,防风
TCMFx3339,"流痰, 肺痨, 麻风",三七，黄芪，骨碎补，乳香,没药
TCMF11395,清热解毒，润肺止咳，用于风热感冒，咽喉肿痛，咳嗽痰多。,川贝母，麦冬，石斛，黄芩，玄参，薄荷，胖大海，赤芍，薏苡仁，泽泻，木蝴蝶，蝉蜕，僵蚕，甘草,牡丹皮
TCMF8443,气血两虚兼有血瘀所致的月经不调，症见月经周期错后、行经量少、淋漓不净、精神不振、肢体乏力。,人参，熟地黄，当归，白术，茯苓，甘草，丹参，益母草，泽兰，红花，赤芍,川芎
TCMF8012,肠炎，痢疾，腹泻，消化不良。,黄连，木香，石菖蒲，蝉蜕,桔梗
TCMFx3896,虚劳,熟地黄，沙苑子，龙眼肉，杜仲，地骨皮，巴戟天，枸杞子，菟丝子，当归，楮实子，韭菜子，山药，补骨脂,牛膝
TCMF8428,暑湿感冒，头痛身重，胸闷，恶心呕吐，食欲不振。,广藿香，石膏，防风，甘草,栀子
TCMF8140,风湿痹痛，筋骨疼痛，肢体麻木，腰膝酸软。,甘草，葛根，没药，红花，白芍，桃仁，伸筋草，狗脊，牛膝，续断,乳香
TCMFx4180,"胁痛, 胃脘痛",沉香，佛手，檀香，砂仁，豆蔻，枳壳，厚朴，川楝子，延胡索，陈皮，片姜黄，白芍，茯苓,木香
TCMF12422,局部红肿热痛，疮疡溃烂，脓液稠厚，皮肤瘙痒,黄连，黄柏，木贼，防风，苦参，独活,羌活
TCMF9455,乳腺增生，乳痛症，乳腺炎。,柴胡，香附，丹参，当归，赤芍，茯苓，白术，陈皮，青皮，薄荷，王不留行,白芍
TCMFx4513,"阴疽, 发背, 流注",苍术，石斛，麻黄，全蝎，羌活，当归，荆芥，甘草，防风，天麻，细辛，何首乌，朱砂,川芎
TCMF10047,气血两虚，头晕目眩，心悸失眠，腰膝酸软。,黄芪，党参，白术，当归，熟地黄，白芍，川芎，茯苓，三七，炙甘草，肉桂，鹿茸,人参
TCMF11973,胃溃疡，慢性胃炎，胃痛，胃胀。,赤小豆，薏苡仁，木香，细辛，山楂，乌梅，檀香，肉桂，鸡内金,炙甘草
TCMF8048,咳嗽，痰多，气喘。,黄芩，桑白皮，桔梗，连翘，远志，陈皮，甘草,百部
TCMF10397,鼻炎，鼻塞，流涕，头痛。,苍耳子，辛夷，薄荷，白芷，防风，白术，甘草,黄芪
TCMF8461,肾阳不足，腰膝酸软，肢冷畏寒，下肢痿弱。,干姜，锁阳，牛膝，熟地黄，陈皮,当归
TCMF12279,心悸失眠，头晕目眩，腰膝酸软，气血两虚。,麦冬，西洋参，黄芪，当归，熟地黄，杜仲，续断，鹿茸，茯苓，白术，黄芩，牡丹皮，柴胡，川芎，阿胶，陈皮，佛手，肉桂,艾叶
TCMFx158,"夏季食凉饮冷, 猝然闷乱烦躁, 腹痛吐泻, 牙关紧闭, 四肢逆冷",丁香，苍术，天麻，大黄，甘草，冰片，麝香，蟾酥，雄黄，朱砂,麻黄
TCMF8706,血虚眩晕，心悸失眠，面色苍白，月经不调。,当归，制何首乌，桑椹，麦芽，地肤子，佛手，阿胶，蜂蜜,明党参
TCMF11240,小儿急惊风，高热神昏，惊厥抽搐，痰涎壅盛。,黄芩，黄连，天竺黄，胆南星，天麻，全蝎，羚羊角，栀子，牛黄，麝香，朱砂，雄黄，冰片,钩藤
TCMF7472,阳明腑实证，症见大便不通，脘腹胀满，疼痛拒按，发热汗出，舌苔黄燥，脉沉实。,大黄，枳实，厚朴，甘草,芒硝
TCMF11544,咳嗽，痰多，气喘，胸闷。,石膏，麻黄，天花粉，牛蒡子，细辛，苦杏仁，射干，蛤壳，青黛，甘草,栀子
TCMF9747,肾虚阳痿，腰膝酸软，头晕耳鸣，神疲乏力,韭菜子，丹参，枸杞子，蛇床子，人参，鹿茸,淫羊藿
TCMF9385,心悸失眠，健忘多梦，头晕目眩，腰膝酸软。,人参，桑椹，麦冬，五味子，酸枣仁，柏子仁，远志，石菖蒲，茯苓，甘草,枸杞子
TCMF750,"腹胀, 便秘",枳壳，太子参，大黄，莱菔子，木香，赤芍，紫苏梗，黄芪，桃仁,蒲公英
TCMF7738,气血两虚，月经不调，痛经，闭经，产后恶露不尽。,当归，川芎，白芍，熟地黄，黄芪，党参，白术，茯苓，甘草，阿胶，艾叶,益母草
TCMF10571,湿热黄疸，脾胃虚弱，消化不良，湿热泄泻。,土茯苓，黄芩，茵陈，大黄，党参，白术，草豆蔻，木香，赤芍，牡丹皮，女贞子，连翘，金银花，山楂，川芎，当归，板蓝根,五味子
TCMFx3655,感冒,桔梗，浙贝母，荆芥，枇杷叶，厚朴，天花粉，桑叶，紫苏叶，薄荷，防风，甘草,前胡
TCMF11063,风寒湿痹，肢体疼痛，麻木拘挛，腰腿疼痛，瘫痿无力。,安息香，广藿香，黄芩，甘草，葛根，乳香，豆蔻，白术，木香，天麻，何首乌，大黄，麻黄，细辛，赤芍，两头尖，威灵仙，制草乌，沉香,没药
TCMF11003,风寒湿痹，肢体疼痛，麻木不仁，屈伸不利。,葛根，麻黄，细辛，炙甘草，茯苓，白术，木香，赤芍，黄连，制草乌，两头尖，威灵仙，当归，防风，羌活，香附，胆南星，石菖蒲，红参,大黄
TCMFx1037,"类风湿关节炎, 骨关节炎, 强直性脊柱炎",马钱子粉，地龙，党参，茯苓，白术，川芎，三七，牛膝，甘草,丹参
TCMF10354,风寒湿痹，关节疼痛，肢体麻木，腰膝酸软。,羌活，独活，川芎，白芷，细辛，秦艽，桂枝，甘草,防风
TCMF11973,胃溃疡，慢性胃炎，胃痛，胃胀。,赤小豆，炙甘草，薏苡仁，细辛，山楂，乌梅，檀香，肉桂，鸡内金,木香
TCMF3619,胸痹,野菊花，川芎，延胡索，珍珠母，茯苓，桂枝，牛膝，降香，三七，半夏，大枣，甘草，柴胡，冰片,首乌藤
TCMFx5218,痹病,白芍，柴胡，香附，木香，木瓜，秦艽，防风，独活，羌活，地枫皮，青风藤，海风藤，续断，麻黄，乳香，没药，川芎，当归，延胡索，苍术，厚朴，杜仲，甘草，赭石，马钱子,牛膝
TCMF11803,肾虚腰痛，遗精早泄，阳痿不举，头晕耳鸣，神疲乏力。,补骨脂，肉苁蓉，淫羊藿，黄芪，红参，炙甘草，熟地黄，制何首乌，当归，车前子，茯苓，白术，五味子，覆盆子，金樱子，川芎，蛇床子，小茴香，山药,枸杞子
TCMF8206,冠心病，心绞痛。,苏合香，乳香，土木香，冰片,檀香
TCMF7294,肾气不足，气血亏虚引起的头晕耳鸣，视减听衰，失眠健忘，食欲不振，腰膝酸软，心慌气短，中风后遗症；对脑功能减退，冠状血管疾患，脑血管栓塞及脱发也有一定作用。,黄精，枸杞子，熟地黄，党参，黄芪，山药，刺五加，淫羊藿，桑椹，山楂，陈皮，法半夏，茯苓，泽泻，马钱子,砂仁
TCMF10213,小儿风热感冒，发热，咳嗽，鼻塞，流涕，咽喉肿痛，头痛。,薄荷，荆芥穗，黄芩，连翘，金银花，栀子，芦根，淡竹叶，桔梗，牛蒡子，赤芍，柴胡，防风，枳壳，僵蚕，甘草,石膏
TCMF151,"小儿惊风, 抽搐神昏",全蝎，僵蚕，朱砂，甘草,雄黄
TCMFx3480,"眩晕, 耳鸣, 心悸, 不寐, 月经失调",人参，鹿茸，鹿角胶，龟甲胶，三七，黄芪，党参，熟地黄，枸杞子，五味子，茯苓，白术，山药，白芍，肉桂，砂仁，香附，远志，大枣，陈皮，甘草,当归
TCMFx858,"脑梗塞, 冠心病, 心绞痛",黄芪，赤芍，丹参，当归，川芎，桃仁，红花，乳香，没药，鸡血藤，牛膝，桂枝，桑枝，地龙，水蛭,全蝎
TCMFx3231,咳嗽,川贝母，款冬花，紫苏叶，紫菀，前胡，桔梗，陈皮，甘草,苦杏仁
TCMF9835,妇人月经不调，痛经，闭经，产后腹痛，症瘕积聚。,人参，当归，白术，茯苓，甘草，没药，延胡索，藁本，黄柏，鳖甲，赤石脂,香附
TCMF1357,喉痹,人工牛黄,黄柏
TCMF11916,眩晕，头痛，失眠，记忆力减退。,黄精，黄芪，党参，茯苓，熟地黄，枸杞子，砂仁，陈皮，法半夏，泽泻，刺五加，淫羊藿，桑椹，山楂，山药,马钱子
TCMF11224,少阳阳明合病，胸胁苦满，心下痞硬，呕吐，便秘。,柴胡，黄芩，大黄，枳实，生姜，大枣,半夏
TCMFx3886,"惊悸, 不寐, 眩晕, 耳鸣",龟甲胶，鹿角胶，酸枣仁，远志，熟地黄，当归，川芎，黄芪，党参，白芍，丹参，白术，砂仁，山药，芡实，甘草,茯苓
TCMF960,感冒,麻黄，白芍，桂枝，甘草，大枣，生姜,葛根
TCMF12522,下肢肿胀，疼痛，肤色暗红，条索状物，肢体沉重，乏力,黄芪，金银花，黄柏，苍术，薏苡仁，玄参，当归，白芍，甘草，蜈蚣，全蝎,水蛭
TCMF10429,气血两虚，心悸失眠，食欲不振，四肢乏力。,红参，五加皮，五味子，麦冬，当归，川芎，白芍，熟地黄，炙甘草,黄芪
TCMF8604,急性咽炎，慢性咽炎急性发作，风热外束、痰热内盛所致的咽喉肿痛、声音嘶哑、咽干口渴、发热、恶风、咳嗽有痰、舌红苔黄、脉弦数或滑数。,黄芩，金银花，菊花，连翘，牛蒡子，板蓝根，玄参，胖大海，木蝴蝶，蝉蜕，僵蚕,赤芍
TCMF8144,风湿痹痛，筋骨痿软，跌打损伤。,葛根，没药，乳香，红花，白芍，伸筋草，狗脊，牛膝，续断，甘草,桃仁
TCMF985,感冒,金银花，连翘，薄荷，荆芥，淡豆豉，牛蒡子，淡竹叶，甘草,桔梗
TCMFx4933,咳嗽,黄芩，桔梗，天花粉，枳壳，浙贝母，知母，百部，麦冬，苦杏仁，前胡，甘草，橘红,桑白皮
TCMF9662,心脏病，心绞痛，心悸失眠，神志不清。,马钱子，干姜，木香，广枣，肉豆蔻，沉香，诃子,安息香
TCMF10403,脾胃虚弱，食欲不振，肢倦乏力,黄芪，党参，白术，当归，龙眼肉,茯苓
TCMF10304,心悸，胸闷，气短，心烦失眠。,麦冬，丹参，黄芪，当归，葛根，红花，白芍，川芎，金银花，大青叶，枳壳，防风,甘草
TCMF7256,用于肠胃积热，胸腹胀满，大便秘结,火麻仁，苦杏仁，白芍，陈皮，木香,大黄
TCMF282,"外感病, 邪犯少阳证, 症见寒热往来, 胸胁苦满, 食欲不振, 心烦喜呕, 口苦咽干",柴胡，黄芩，半夏，党参，生姜，甘草,大枣
TCMF7310,肝胆湿热，胁痛，黄疸，胆囊炎，胆石症。,柴胡，黄芩，白芍，郁金，金钱草，大黄，甘草,茵陈
TCMF5868,痔疮,芒硝，防风，黄连，鱼腥草，五倍子，甘草,花椒
TCMFx991,"腹胀, 便秘",大黄，当归，苦杏仁，郁李仁，火麻仁，枳实，白芍,厚朴
TCMF8830,风湿性关节炎，类风湿性关节炎，骨关节炎，腰腿疼痛。,丹参，补骨脂，黄芪，杜仲，防己，没药，乳香，红花，秦艽，木瓜，桃仁，当归，桑寄生，牛膝，续断，桂枝，乌梢蛇，地龙,威灵仙
TCMFx7204,用于阳不化气、水湿内停所致的水肿，症见小便不利、水肿腹胀、呕逆泄泻、渴不思饮,茯苓，猪苓，白术，肉桂,泽泻
TCMFx3189,咳嗽,薄荷，菊花，苦杏仁，桑叶，连翘，枇杷叶，桔梗，浙贝母，前胡，甘草,黄芩
TCMF9911,口腔溃疡，口舌生疮，牙龈肿痛。,夏枯草，茵陈，大黄，秦艽，木贼，当归，枳实,牡丹皮
TCMF9458,风湿痹痛，跌打损伤，瘀血肿痛。,乳香，没药，麝香,血竭
TCMF12361,腰膝酸软，畏寒肢冷，神疲乏力，夜尿频多,杜仲，补骨脂，鹿茸,没药
TCMFx3254,痹病,昆布，骨碎补，党参，桂枝，威灵仙，牡蛎，杜仲叶，鸡血藤，附子，川乌，延胡索，白芍，三七，马钱子,草乌
TCMF11649,热毒壅盛，咽喉肿痛，口舌生疮，牙龈肿痛。,黄柏，煅石膏，青黛，轻粉,蛤壳
TCMF8708,咳嗽，痰多，气喘，胸闷。,石膏，麦冬，浙贝母，瓜蒌皮，苦杏仁，茯苓，法半夏，陈皮，化橘红，桔梗，款冬花，紫菀，甘草,紫苏子
TCMF10193,心悸，失眠，健忘，头晕，心慌气短。,麦冬，人参，丹参，甘松，赤芍，黄连，桑寄生，山茱萸，酸枣仁，土鳖虫,南五味子
TCMF11311,肝火上炎，目赤肿痛，头痛眩晕，口苦咽干。,黄连，黄芩，龙胆，决明子，胡黄连，茺蔚子，密蒙花，木贼，石决明，柴胡，青皮，枳壳,黄柏
TCMF9621,肾阳不足，腰膝酸软，畏寒肢冷，阳痿早泄，夜尿频多。,附子，肉桂，杜仲，补骨脂，锁阳，淫羊藿，党参，白术，鹿衔草，山茱萸，女贞子，五味子，柏子仁，远志，车前子，沙苑子，葛根，蛇床子，甘草,覆盆子
TCMF8144,风湿痹痛，筋骨痿软，跌打损伤。,葛根，乳香，红花，桃仁，白芍，伸筋草，狗脊，牛膝，续断，甘草,没药
TCMFx4602,"月经失调, 痛经",当归，川芎，黄芪，甘草，香附，熟地黄，阿胶，砂仁，益母草，白芍，艾叶，茯苓，陈皮，杜仲,白术
TCMF11343,外感风寒，内伤湿滞，头痛昏重，胸膈痞闷，脘腹胀痛，呕吐泄泻。,广藿香，紫苏叶，白芷，陈皮，大腹皮，白术，茯苓，桔梗，半夏，甘草,厚朴
TCMF8171,脾胃虚弱，食少便溏，气短咳嗽，肢倦乏力。,白芍，茯苓，白术，山药，薏苡仁，泽泻，白扁豆，莲子，砂仁，桔梗,甘草
TCMFx6258,"眩晕, 耳聋, 耳鸣",升麻，葛根，黄柏，蔓荆子，党参，黄芪，甘草,白芍
TCMF8379,湿热下注，皮肤瘙痒，湿疹，疮疡肿毒。,黄连，黄芩，黄柏，栀子，大黄，苦参，白鲜皮，地肤子，蛇床子，花椒,冰片
TCMF8826,肺虚咳嗽，气喘，痰多，久咳不愈。,百部，百合，甘草，白及，五味子，枇杷叶，牡蛎，蛤蚧,冬虫夏草
TCMF1387,"急惊风, 咳嗽, 积滞",黄连，雄黄，天麻,朱砂
TCMF8334,肝肾不足，腰膝酸软，头晕目眩，神疲乏力。,淫羊藿，巴戟天，枸杞子，菟丝子，鹿角胶，龟甲胶，狗脊，杜仲，续断，牛膝，党参，白术，茯苓，甘草,熟地黄
TCMF11744,中风，中暑，惊风，痰厥，寒凝气滞所致的胸痹心痛。,蟾酥，麝香，天麻，大黄，麻黄，丁香，朱砂，雄黄，甘草,苍术
TCMF8544,感冒咳嗽，痰多气喘，胸膈满闷。,浙贝母，紫苏叶，葛根，茯苓，桔梗，木香，苦杏仁，前胡，半夏，玄参，陈皮，枳壳,天花粉
TCMF6999,"肝胆火旺, 惊悸不宁, 大便秘结",当归，龙胆，栀子，黄连，黄芩，黄柏，大黄，木香，青黛，麝香,芦荟
TCMFx877,上呼吸道感染,大青叶，紫花地丁，甘草,蒲公英
TCMF10913,小儿脾胃虚弱，食欲不振，大便溏泄，面黄肌瘦，夜寐不安，睡中露睛。,白扁豆，茯苓，白术，炙甘草，山药，莲子，芡实，麦芽，山楂，太子参，薏苡仁，石菖蒲，陈皮,北沙参
TCMF11949,风寒湿痹，筋骨疼痛，腰膝酸软，四肢麻木。,附子，桂枝，威灵仙，独活，防风，白芍，红花，知母，伸筋草，骨碎补，淫羊藿，续断，熟地黄,狗脊
TCMF11455,消渴症，口渴多饮，多尿，消瘦乏力。,玉竹，黄连，黄柏，五味子，枸杞子，红参，熟地黄,麦冬
TCMFx5886,"积滞, 急惊风",钩藤，僵蚕，天麻，黄连，大黄，胆南星，浙贝母，天竺黄，半夏，橘红，滑石，人工牛黄，朱砂，麝香，冰片,全蝎
TCMF9238,咳嗽，痰多，气喘。,枇杷叶，百部，桔梗，桑白皮，罂粟壳,白前
TCMF12002,头痛，眩晕，目赤肿痛，口苦咽干，烦躁易怒。,黄芩，黄柏，大黄，龙胆，栀子，川芎，玄参，冰片，水牛角，羚羊角，玄明粉,黄连
TCMF8413,风湿痹痛，筋骨疼痛，肢体麻木，腰膝酸软。,连钱草，鸡血藤，益母草，何首乌，钩藤，独活,两面针
TCMF11255,气血两虚，头晕目眩，心悸失眠，食欲不振。,党参，何首乌，茯苓，女贞子，陈皮,龙眼肉
TCMF8691,脑动脉硬化，脑供血不足，记忆力减退，头痛眩晕。,人参，丹参，补骨脂，何首乌，赤芍，川芎，石菖蒲，远志,茯苓
TCMF7324,高脂血症，肝郁脾虚。,黄芪，白术，茯苓，泽泻，决明子，柴胡，丹参,山楂
TCMF12062,小儿消化不良，食欲不振，脘腹胀满，恶心呕吐。,麦芽，苍术，龙胆，山楂，石菖蒲，佛手，枳壳，九香虫,石斛
TCMF8065,湿热下注，小便不利，淋沥涩痛，尿血，尿频尿急。,车前子，萹蓄，益母草，牡丹皮，栀子，黄柏，甘草,大黄
TCMF9621,肾阳不足，腰膝酸软，畏寒肢冷，阳痿早泄，夜尿频多。,附子，肉桂，杜仲，补骨脂，锁阳，淫羊藿，党参，白术，鹿衔草，山茱萸，女贞子，覆盆子，五味子，柏子仁，远志，车前子，葛根，蛇床子，甘草,沙苑子
TCMF10962,气血两虚，腰膝酸软，头晕目眩，失眠多梦。,鸡血藤，党参，白术，墨旱莲，女贞子，锁阳，人参,玉竹
TCMF8432,肾阳不足，腰膝酸软，畏寒肢冷，神疲乏力，夜尿频多。,鹿茸，淫羊藿，补骨脂，巴戟天，锁阳，人参，麦冬，丹参，砂仁，石菖蒲，五味子，远志，甘草,肉苁蓉
TCMF9617,湿热蕴结所致的水肿，小便不利，腰痛，尿频，尿急，尿痛。,黄芪，石韦,黄芩
TCMF10112,肾虚阳痿，腰膝酸软，神疲乏力，畏寒肢冷。,韭菜子，仙茅，枸杞子，红参，丹参，鹿茸,蛇床子
TCMF10446,肾虚腰痛，神疲乏力，头晕耳鸣，须发早白。,黄精，黄芪，核桃仁，何首乌，砂仁，枸杞子，菟丝子，黑芝麻，鹿茸,人参
TCMF4450,"感冒, 偏头痛, 头痛",川芎，薄荷，荆芥，羌活，防风，细辛，白芷，甘草，菊花,僵蚕
TCMF8061,湿热下注，尿路感染，小便不利，淋漓涩痛，尿血，尿频，尿急，尿痛。,车前子，夏枯草，决明子，茯苓，瞿麦，石斛，黄连，牡丹皮，女贞子，墨旱莲，山药，熟地黄，菟丝子，泽泻，槟榔，菊花，木通,山茱萸
TCMF833,高脂血症,荷叶，丹参，山楂，番泻叶,补骨脂
TCMF12112,风寒感冒，头痛鼻塞，恶寒发热，肢体酸痛。,细辛，防风，香附，土木香，白芷，川芎，薄荷，荆芥，桔梗，甘草,羌活
TCMF8276,心悸失眠，健忘怔忡，阴虚血少，头晕目眩。,柏子仁，枸杞子，麦冬，当归，茯苓，石菖蒲，玄参，炙甘草,熟地黄
TCMF10309,冠心病，心绞痛，心肌梗死，心律失常，高血压等心血管疾病。,麦冬，丹参，黄芪，赤芍，人参,冰片
TCMF10708,湿热下注，小便不利，淋沥涩痛，尿频尿急。,滑石粉，木通，车前子，栀子，大黄，瞿麦，萹蓄，灯心草,甘草
TCMF11234,肝肾不足，腰膝酸软，头晕耳鸣，失眠多梦，须发早白，遗精早泄。,天冬，柏子仁，丹参，杜仲，肉苁蓉，茯苓，木香，五味子，巴戟天，覆盆子，地骨皮，枸杞子，山茱萸，牛膝，远志,麦冬
TCMF8293,肾虚腰痛，阳痿早泄，遗精滑精，腰膝酸软。,黄芪，巴戟天，枸杞子，淫羊藿，海马，海龙,大枣
TCMF7843,湿热下注、瘀血内阻所致的带下病，症见带下量多、色黄、质稠、臭秽，小腹疼痛，腰骶酸痛，口苦咽干；慢性盆腔炎、附件炎、子宫内膜炎见上述证候者。,土茯苓，丹参，苦参，三棱，莪术，川楝子，赤芍，当归，山药，芡实，延胡索，黄柏,香附
TCMF8705,痰热咳嗽，痰多粘稠，胸闷气促。,川贝母，桔梗，前胡，款冬花，枇杷叶，半夏，木香，远志,橘红
TCMF6313,"咳嗽, 喘病",法半夏，款冬花，白果，川贝母，陈皮，枳壳，甘草，桑白皮，紫苏子，百合，麻黄,瓜蒌子
TCMFx551,急性支气管炎及慢性支气管炎急性发作,满山红，黄芩,暴马子皮
TCMF10749,感冒咳嗽，支气管炎，咳嗽痰多。,百部，桔梗，紫菀，白前，陈皮，甘草,荆芥
TCMF10903,咳嗽，痰多，气喘。,百部，白前，甘草,桔梗
TCMF8706,血虚眩晕，心悸失眠，面色苍白，月经不调。,当归，制何首乌，桑椹，麦芽，明党参，佛手，阿胶，蜂蜜,地肤子
TCMF12097,脑血栓形成，脑栓塞，脑出血后遗症，脑动脉硬化，高血压等引起的头痛，眩晕，肢体麻木，半身不遂，语言障碍等症状。,丹参，川芎，赤芍，当归，地龙，水蛭，桃仁，牛膝，葛根，天麻，钩藤，石决明，羚羊角，人工牛黄，冰片,红花
TCMF10222,小儿感冒，发热，咳嗽，鼻塞，流涕。,薄荷，菊花，白薇，连翘，地骨皮，板蓝根，大青叶，石膏,广藿香
TCMF9687,肝肾两亏，阴虚火旺，内障目暗，视物昏花。,熟地黄，麦冬，天冬，枸杞子，肉苁蓉，菟丝子，决明子，菊花，青葙子，黄连，五味子，茯苓，山药，川芎，防风，牛膝，甘草,石斛
TCMF6123,"咳嗽, 喘病",红参，蛤蚧，知母，桑白皮，茯苓，甘草，苦杏仁,川贝母
TCMF7429,黄疸，肝炎，胆囊炎。,茵陈，栀子，大黄，甘草,板蓝根
TCMF8440,肾阳不足，腰膝酸软，小便频数，夜尿多，畏寒肢冷。,附子，熟地黄，山茱萸，山药，茯苓，车前子，牡丹皮，牛膝，肉桂,泽泻
TCMF7628,肝气郁结，胸闷胁痛，乳房胀痛，月经不调。,柴胡，白芍，茯苓，白术，香附，郁金，川芎，甘草,当归
TCMF9344,胰腺炎，胆囊炎，胆石症,甘草，葛根，茯苓，天花粉,川贝母
TCMFx3435,"咳嗽, 喘病",虎杖，功劳木,枇杷叶
TCMF11975,脾胃虚寒，脘腹疼痛，呕吐泄泻，手足不温。,甘草，山药，白及，赤芍，香附，青皮，乌药，高良姜，珍珠,白术
TCMF11317,跌打损伤，瘀血肿痛，筋骨折伤。,乳香，血竭，当归，土鳖虫，麝香，自然铜,朱砂
TCMF7848,阴道炎，宫颈炎，盆腔炎等妇科炎症。,白术，苦参，蛇床子，冰片，白矾,紫珠叶
TCMF11637,感冒，发热，头痛，咳嗽，胸闷，消化不良,广藿香，荆芥，香薷，紫苏叶，茯苓，甘草，麦芽，苍术，木香，青蒿，大黄，山楂，白芷，香附，莱菔子，法半夏，陈皮，青皮，枳实,牵牛子
TCMF11234,肝肾不足，腰膝酸软，头晕耳鸣，失眠多梦，须发早白，遗精早泄。,麦冬，天冬，柏子仁，丹参，肉苁蓉，茯苓，木香，五味子，巴戟天，覆盆子，地骨皮，枸杞子，山茱萸，牛膝，远志,杜仲
TCMF9331,胃热炽盛，胃脘疼痛，口干口苦，牙龈肿痛。,黄连，地榆,白芍
TCMF147,"头晕脑胀, 牙龈肿痛, 口舌生疮, 咽喉红肿, 耳痛耳鸣, 大便干燥, 小便黄赤",黄连，连翘，防风，白芷，菊花，大黄，桔梗，甘草，栀子，蔓荆子，荆芥穗，黄芩，薄荷，黄柏，川芎，旋覆花,石膏
TCMF10242,小儿湿热泄泻，症见大便稀溏、色黄或绿、有粘液、肛门灼热、腹痛、食欲不振、小便短赤。,车前子，砂仁，苍术，山楂，乌梅，诃子，儿茶,猪苓
TCMFx929,"热淋, 石淋",连钱草，木通，石韦，滑石，苘麻子，车前子，忍冬藤，瞿麦，甘草,徐长卿
TCMF9525,脾胃虚弱，食少腹胀，消化不良，咳嗽痰多。,沙棘，甘草，白术，茯苓，陈皮,生姜
TCMF11081,气血两虚，面色萎黄，头晕目眩，心悸失眠，月经不调。,熟地黄，阿胶，炙黄芪，党参，茯苓，白芍，川芎，炙甘草,当归
TCMF179,"厌食, 症见食欲不振, 消化不良, 面黄身瘦, 大便稀溏",党参，黄芪，白术，茯苓，山药，薏苡仁，何首乌，大枣，山楂，麦芽，桑枝,麦冬
TCMF9052,慢性肾功能衰竭，尿毒症，水肿，尿少，尿频，尿急，尿痛，血尿，蛋白尿等。,麦冬，土茯苓，丹参，槐花，白茅根，葶苈子，红花，大黄，连翘，钩藤，栀子，地榆，枸杞子，黄柏，桂枝，人参，牡蛎，青黛,金银花
TCMF4544,"健忘, 不寐, 眩晕, 心悸, 阳痿, 遗精",黄精，淫羊藿，苍耳子，红参，远志，酸枣仁，五味子，枸杞子，鹿茸，龟甲，茯苓，大枣，熟地黄，鹿角胶,麦冬
TCMF10809,气血两虚，腰膝酸软，神疲乏力，头晕目眩。,黄芪，党参，当归，熟地黄，茯苓，白术，麦冬，枸杞子，山茱萸，川芎，防风，羌活，陈皮，肉桂，龟甲胶，大枣,五味子
TCMF12045,风湿痹痛，跌打损伤，肢体麻木，关节疼痛。,荆芥，黄藤，三棱，莪术，木香，徐长卿，细辛，枳实，沉香，白芷，川芎，五加皮，牛膝，两面针，桂枝,防风
TCMF9793,食欲不振，消化不良，脾胃虚弱。,山药,山楂
TCMFx4550,"症积, 积滞",三棱，莪术，山楂，青皮，陈皮，枳实，牵牛子，大黄,槟榔
TCMF8999,气血两虚，头晕目眩，心悸失眠，面色萎黄。,黄芪，当归，川芎，白芍，甘草,熟地黄
TCMF8001,烧伤，烫伤，皮肤溃烂。,黄芩，黄柏，栀子，地榆，冰片,黄连
TCMFx3262,痹病,马钱子，麻黄，苍术，续断，桃仁，红花，乳香，没药，千年健，地枫皮，羌活，地龙，桂枝，穿山甲，木瓜，牛膝,当归
TCMF7332,风热感冒，发热头痛，咳嗽咽痛。,金银花，连翘，板蓝根，大青叶，牛蒡子，薄荷，甘草,桔梗
TCMF8376,阴虚内热，口干咽燥，心烦失眠，大便干结。,丹参，红花，大黄，赤芍，木贼，乌梅，桑白皮，玄参,麦冬
TCMF7454,肾阳不足，命门火衰，腰膝酸冷，精神不振，怯寒畏冷，阳痿遗精，大便溏薄，尿频。,熟地黄，山药，山茱萸，枸杞子，杜仲，菟丝子，肉桂，附子，甘草,当归
TCMFx837,癫痫,桂枝，党参，半夏，柴胡，黄芩，甘草，生姜，大枣,白芍
TCMF3103,痹病,红参，肉桂，麻黄，熟地黄，甘草，大黄，防风，片姜黄，乌梢蛇，草豆蔻，独活，白芷，玄参，赤芍，青皮，苍术，僵蚕，粉萆薢，乳香，乌药，香附，桑寄生，没药，骨碎补，葛根，穿山甲，白附子，冰片，红花，威灵仙，厚朴，狗脊，苦参，地龙，鸡血藤，仙鹤草，丹参,巴戟天
TCMF3031,咳嗽,款冬花，陈皮，麦冬，天花粉，北沙参，石膏，五味子，桔梗，牡丹皮，薄荷，天冬，苦杏仁，前胡，百合，麻黄，紫菀,黄芩
TCMF7778,风寒湿痹，关节疼痛，肢体麻木，腰膝酸软。,独活，羌活，红花，木瓜，天南星，当归，川牛膝，续断，乌药,苍术
TCMF8102,急慢性肝炎，胆囊炎，肝功能不全。,柴胡，茵陈，苍术，蒲公英，虎杖，白茅根，甘草,夏枯草
TCMF9573,痰热壅肺所致的咳嗽、痰多稠黄、胸闷憋气、气促作喘、舌红苔黄、脉滑数等症。,黄芩，石膏，麻黄，白前，五味子，苦杏仁，桑白皮，胆南星，射干,莱菔子
TCMF8531,湿热下注所致的阴痒、带下量多、色黄腥臭、湿疹、脚癣等。,土茯苓，苦参，千里光，虎杖，黄柏，徐长卿，花椒，蛇床子，人参叶，甘草,赤芍
TCMF7177,癫痫。,金礞石，郁金，白矾，黄连，乌梅,全蝎
TCMF3559,"痹病, 尪痹",草乌，高良姜，丁香,当归
TCMFx3208,痹病,老鹳草，丁公藤，桑白皮,豨莶草
TCMF8319,肝气郁结，胸胁胀痛，月经不调，情绪抑郁等。,柴胡，白芍，红花，茯苓，甘草,薄荷
TCMFx4172,"腰痛, 跌打损伤",红花，防风，白芷，当归,天南星
TCMF10473,胆囊炎，胆石症,姜黄，蒲公英，大黄，柴胡，延胡索，牡蛎,赤芍
TCMF12196,气虚血瘀，肢体麻木，腰膝酸软，头晕目眩。,黄芪，党参，麦冬，山药，薏苡仁，制何首乌，桑枝，大枣,茯苓
TCMF11784,风湿痹痛，跌打损伤，筋骨疼痛。,麝香，乳香，血竭，冰片,没药
TCMF12319,风湿痹痛，筋骨疼痛，肢体麻木，跌打损伤。,羌活，独活，防风，川牛膝，乳香，没药，自然铜，木瓜，马钱子，千年健，桂枝，地枫皮，甘草,杜仲
TCMF8232,气血两虚，肝肾不足，腰膝酸软，筋骨无力。,黄芪，当归，杜仲，补骨脂，丹参，红花，白术，何首乌，女贞子，枸杞子，核桃仁，川芎，山茱萸，山药，熟地黄，柴胡,龟甲
TCMF10362,脾胃虚寒，脘腹冷痛，四肢不温，食欲不振。,大枣，牡蛎,黄芪
TCMF10806,热毒壅盛所致的疮疡肿毒，咽喉肿痛，丹毒，淋巴结炎。,黄芩，夏枯草，皂角刺，天花粉，紫花地丁，蒲公英，虎杖，赤芍，白芷，柴胡，当归，防风，板蓝根，胆南星，玄参,人工牛黄
TCMF8957,食积痰饮，消化不良，脘腹胀满，嗳气吞酸，大便秘结。,槟榔，大黄，牵牛子，香附,猪牙皂
TCMF11758,跌打损伤，瘀血肿痛，风湿痹痛。,大蒜，芦荟，侧柏叶，苏木，没药，乳香，三棱，莪术，砂仁，生姜,苍耳子
TCMF3103,痹病,红参，肉桂，麻黄，熟地黄，甘草，大黄，防风，片姜黄，乌梢蛇，草豆蔻，独活，白芷，玄参，赤芍，青皮，苍术，僵蚕，粉萆薢，乳香，乌药，香附，桑寄生，没药，骨碎补，葛根，穿山甲，白附子，冰片，红花，威灵仙，厚朴，狗脊，苦参，巴戟天，地龙，鸡血藤，仙鹤草,丹参
TCMF10381,肾虚腰痛，阳痿早泄，遗精滑精，肢冷畏寒。,黄芪，杜仲，沙苑子，锁阳，淫羊藿，山茱萸，熟地黄，牡丹皮，续断，菟丝子，鹿角胶,肉苁蓉
TCMFx3472,"眩晕, 不寐",枸杞子，黄芪，麦冬，阿胶,党参
TCMF8451,肾虚腰痛，头晕耳鸣，遗精早泄，月经不调。,附子，山药，菟丝子，女贞子，枸杞子，茯苓，泽泻，牡丹皮，肉桂,熟地黄
TCMF10942,肺肾两虚，久咳虚喘，痰中带血，腰膝酸软。,红参，黄精，麦冬，核桃仁，百部，浙贝母，茯苓，当归，陈皮，乌梢蛇，龟甲胶，鹿角胶，蛤蚧，白及,桔梗
TCMFx4826,"咳嗽, 喘病",西青果，麦冬，桑白皮，半夏，石膏，苦杏仁，白果，麻黄，川贝母，百合，甘草，马兜铃，黄芩,款冬花
TCMF505,"盆腔炎, 阴痒, 带下病, 热淋",赤芍，三棱，芡实，苦参，黄柏，土茯苓，川楝子，延胡索，当归，香附，丹参，山药,莪术
TCMF9040,脑血栓，脑栓塞，脑动脉硬化，脑出血后遗症等引起的肢体麻木，半身不遂，言语不利，头晕目眩。,丹参，葛根，黄芪，鸡血藤，党参，天麻，制何首乌，桃仁，川芎，胆南星，三七，西红花，冰片，人工牛黄，全蝎，蜈蚣，石决明,郁金
TCMF10865,血虚发热，面色苍白，头晕目眩，心悸失眠，月经不调。,黄芪，当归，党参，白芍，川芎，茯苓，炙甘草,熟地黄
TCMFx4124,"咳嗽, 喘病",罂粟壳，人参，枳实，石膏，川贝母，陈皮，麻黄，玄参，苦杏仁，五味子，甘草,砂仁
TCMF10870,心悸失眠，健忘多梦，头晕目眩，腰膝酸软。,麦冬，柏子仁，炙甘草，制何首乌，五味子，枸杞子，桑椹，大枣，红参,远志
TCMF7923,急性早幼粒细胞白血病,青黛，雄黄,丹参
TCMF12269,咳嗽痰多，气喘胸闷，咽喉肿痛。,浙贝母，黄芩，紫苏叶，紫苏子，款冬花，麻黄，苦杏仁，桑白皮，半夏，白果，冰片，石膏,西青果
TCMF9524,气血两虚，面色萎黄，头晕目眩，心悸失眠，月经不调。,黄芪，当归，白术,党参
TCMF7430,脾胃虚弱，气短乏力，食少便溏，久泻脱肛，崩漏下血。,黄芪，人参，白术，甘草，茯苓，陈皮，升麻，柴胡,当归
TCMFx3642,"痹病, 阳痿, 早泄",白芍，五加皮，狗脊，熟地黄，桂枝，党参，骨碎补，白术，金樱子，女贞子，鸡血藤，淫羊藿，川牛膝，茯苓，当归，菟丝子,杜仲
TCMF11384,小儿惊风，痰热壅盛，高热惊厥，神昏抽搐。,天竺黄，胆南星，牛黄，雄黄,朱砂
TCMF7633,血劳,黄芪，茯苓，白术，当归，龙眼肉，酸枣仁，远志，木香，甘草,党参
TCMF11693,感冒发热，头痛身痛，咳嗽痰多，胸闷不畅。,知母，甘松，薄荷，广藿香，荆芥，香薷，泽兰，紫苏叶，紫苏子，白扁豆，赤小豆，甘草,黄芩
TCMF8811,湿热下注，小便不利，淋沥涩痛。,栀子，瞿麦,黄连
TCMF8209,痛经，月经不调，经前乳房胀痛。,丹参，红花，白芍，当归，川楝子，香附，延胡索，炙甘草,川芎
TCMF9748,湿热下注所致的阴痒、带下量多、色黄味臭；霉菌性阴道炎、滴虫性阴道炎见上述证候者。,土茯苓，重楼，苦参，皂角刺，苍术，蛇床子，花椒，黄柏,蝉蜕
TCMF9999,肾阳不足，湿热下注所致的前列腺炎、前列腺增生等症。,附子，肉桂，熟地黄，山茱萸，车前子，茯苓，泽泻，虎杖，牡丹皮，瞿麦，牛膝，淫羊藿,山药
TCMF12295,血热妄行所致的吐血、衄血、便血、崩漏下血，血色鲜红，或兼有发热、烦躁、口渴、便秘、尿赤等症。,荆芥穗，槐花，没药，乳香，大黄，桃仁，当归，胡黄连，石决明，芒硝，雄黄，滑石,郁李仁
TCMF7678,"咯血, 便血, 血证",花蕊石，三七，茜草，侧柏叶，大蓟，小蓟，地榆，槐花,白及
TCMF7724,急性咽炎，慢性咽炎，喉炎，扁桃体炎。,人工牛黄，冰片，玄参，天花粉，诃子，桔梗，甘草,青黛
TCMF10532,产后缺乳，乳少，乳汁不通。,黄芪，当归，川芎，柴胡，漏芦，王不留行，通草,路路通
TCMFx4421,绝经前后诸症,淫羊藿，山楂，党参，附子，玉竹，黄芪，牡丹皮，冰片,肉苁蓉
TCMF8550,湿热下注所致的淋证，症见尿频、尿急、尿痛、腰痛等,金钱草，川楝子，桃仁，石韦，黄柏，乌药,牛膝
TCMF7538,"祛风, 除湿, 清热解毒, 止痒。用于儿童风热型或湿热型丘疹性荨麻疹。症状可见脓疱疮, 风团, 水疱, 瘙痒等。疗程3至6天。",荆芥，防风，地肤子，石膏，甘草,苍术
TCMF11096,脾胃虚弱，食少便溏，胸腹胀满，呕吐泄泻。,广藿香，茯苓，白术，草豆蔻，砂仁，麦芽，木香，沉香，香附，丁香，法半夏，陈皮，青皮,厚朴
TCMF10258,小儿湿热泄泻，症见大便稀薄如水样，腹痛，发热，恶心呕吐，食欲不振。,车前子，广藿香，白扁豆，薏苡仁，砂仁，党参，白术，厚朴，莲子，泽泻，滑石粉,芡实
TCMF4262,"不寐, 血劳, 眩晕",丹参，远志，陈皮，首乌藤，白术，大枣,熟地黄
TCMFx3898,"虚劳, 不寐",人参，鹿茸，黄芪，龟甲胶，熟地黄，牛膝，山药，丹参，枸杞子，五味子，桑寄生,菟丝子
TCMF10737,感冒发热，咳嗽痰多，气喘。,麻黄，连翘，洋金花,苦杏仁
TCMF5660,"腹泻, 腹痛",白术，车前子，肉豆蔻，诃子，白扁豆，薏苡仁，山药，甘草，木香，罂粟壳，党参,莲子
TCMF9234,高血压，头晕目眩，头痛耳鸣，失眠多梦。,杜仲，杜仲叶，天麻，川芎,野菊花
TCMF7955,肝肾不足，腰膝酸软，神疲乏力，失眠多梦。,淫羊藿，蜂蜜,五加皮
TCMF9852,高血压，头痛，眩晕，肢体麻木。,丹参，夏枯草，黄芪，防己，川芎，桑寄生，三七,钩藤
TCMF10115,肾阳不足，腰膝酸软，畏寒肢冷，性功能减退。,鹿茸，肉苁蓉，巴戟天，仙茅，淫羊藿，枸杞子,何首乌
TCMF2925,"咳嗽, 口疮, 鼻疮, 喉痹",川贝母，知母，大黄，黄芩，前胡，天花粉，桔梗，桑白皮,苦杏仁
TCMF3801,月经失调,熟地黄，五味子，杜仲，续断，白芍，山药，牡蛎，地榆，蒲黄，槲寄生,海螵蛸
TCMF9209,前列腺炎，前列腺增生，尿频，尿急，尿痛，淋漓不尽。,白茅根，丹参，茯苓，红花，赤芍，桃仁，金银花，王不留行，延胡索，大枣，泽泻,泽兰
TCMF10376,血虚头晕，气血不足，肢体麻木，月经不调。,丹参，党参，熟地黄，桂枝，附子,鸡血藤
TCMF12255,心悸失眠，心烦不安，健忘多梦。,朱砂，柏子仁，酸枣仁，茯苓，远志，黄芪，当归，黄连，甘草,熟地黄
TCMF12398,头项肿痛，发热恶寒，咽喉肿痛，痰多黄稠，脉洪数,黄芩，柴胡，桔梗，防风，羌活，枳壳，甘草，连翘，射干，白芷，黄连，荆芥,川芎
TCMFx6648,"益气养阴, 养胃生津。适用于气阴两虚所致的干咳, 口燥咽干, 两目干涩, 视物模糊, 五心烦热, 午后潮热, 大便干结, 神疲乏力, 腰膝酸软。",西洋参,铁皮石斛
TCMF11966,脾胃虚弱，湿阻中焦，食欲不振，脘腹胀满，大便溏泄。,人参，白术，猪苓，泽泻，广藿香，苍术，厚朴，豆蔻，木香，甘草,茯苓
TCMF11525,高血压，头痛，眩晕，耳鸣，失眠，肢体麻木。,丹参，决明子，天麻，赤芍，牡丹皮，栀子，川芎，桑寄生，火麻仁，牛膝,淫羊藿
TCMF12481,咳嗽痰少，痰粘难咳，咽干口燥，胸闷气短，舌红少苔，脉细数,枇杷叶，紫菀，百部，浙贝母，紫苏子，苦杏仁，麻黄，法半夏，陈皮，天冬，芥子，北沙参，款冬花，枳壳，瓜蒌子，前胡，紫苏叶，甘草，桔梗,茯苓
TCMF11423,湿热痢疾，腹痛腹泻，里急后重。,黄连，厚朴，党参，白术，茯苓，甘草，陈皮，鸦胆子，当归，枳壳,木香
TCMF8612,肾阳不足，腰膝酸软，畏寒肢冷，阳痿早泄，宫寒不孕。,附子，肉桂，骨碎补，牛膝，熟地黄，菟丝子，肉苁蓉，甘草，麝香,续断
TCMF8411,血瘀引起的头痛、眩晕、肢体麻木、胸痹心痛。,益母草，葛根，川芎，红花，何首乌，肉苁蓉，牛膝，西洋参,泽泻
TCMFx3898,"虚劳, 不寐",人参，鹿茸，黄芪，龟甲胶，熟地黄，牛膝，丹参，枸杞子，菟丝子，五味子，桑寄生,山药
TCMF9592,肾虚腰痛，遗精早泄，阳痿不举，头晕耳鸣，腰膝酸软。,补骨脂，肉苁蓉，淫羊藿，黄芪，红参，炙甘草，制何首乌，当归，茯苓，白术，车前子，五味子，覆盆子，金樱子，枸杞子，川芎，蛇床子，小茴香，山药,熟地黄
TCMF8147,更年期综合征，症见潮热汗出、头晕耳鸣、失眠多梦、心悸、烦躁、易怒、腰膝酸软等。,女贞子,淫羊藿
TCMFx6310,"咳嗽, 喘病",西青果，麻黄，苦杏仁，石膏，甘草，紫苏子，半夏，浙贝母，桑白皮，白果，黄芩，款冬花，冰片,紫苏叶
TCMF11872,风热感冒，发热头痛，咳嗽咽痛。,薄荷，荆芥，淡豆豉，牛蒡子，连翘，金银花，桔梗，甘草，淡竹叶，栀子,忍冬藤
TCMF11877,肝郁气滞，脾胃虚弱，气血不足。,柴胡，白芍，当归，茯苓，白术，麦冬，阿胶，干姜，桔梗，防风，大豆黄卷，苦杏仁，川芎，白蔹，大枣，桂枝，人参，甘草,山药
TCMFx3152,"腹泻, 腹痛",草豆蔻，小茴香,肉桂
TCMF12071,小儿暑湿感冒，症见发热、头痛、呕吐、腹泻、食欲不振。,荆芥穗，香薷，佩兰，青蒿，黄芩，黄连，厚朴，苦杏仁，芦根，滑石，甘草,薄荷
TCMF12046,胃痛，胃胀，消化不良，呕吐，呃逆。,麦冬，甘草，竹茹，木香，五味子,延胡索
TCMF9450,乳腺增生，乳痛症，乳腺炎。,瓜蒌皮，土贝母，蒲公英，赤芍，柴胡，延胡索,丹参
TCMF9721,肝郁脾虚，湿热内蕴所致的胁痛、腹胀、纳呆、乏力等。,黄芪，茯苓，蒲公英，五味子，山楂,茵陈
TCMF7300,高血压，高血脂。,杜仲叶，钩藤，黄芩，决明子，益母草，女贞子，葛根,夏枯草
TCMF7078,"营卫气血不足, 风邪入侵, 营血痺阻, 肌肉麻木, 手足无力",黄芪，桂枝，生姜，大枣,白芍
TCMF12123,心脑血管疾病，如冠心病、心绞痛、脑血栓等。,人参，黄芪，当归，川芎，白芍，熟地黄，丹参，三七，红花，冰片,桃仁
TCMF6178,"喉痹, 咳嗽, 口疮",金银花，射干，桔梗，玄参，麦冬，牛黄，冰片,金果榄
TCMF8177,肝肾不足，瘀血阻络所致的骨性关节炎、骨质疏松症。,鸡血藤，枸杞子，骨碎补，锁阳，淫羊藿，续断，熟地黄，莱菔子,狗脊
TCMF10725,湿热泄泻，腹痛腹胀，消化不良。,黄连，苍术，木香，肉豆蔻，小茴香，诃子，山药，黄柏，人参,砂仁
TCMF9606,脾肾两虚，腰膝酸软，食欲不振，神疲乏力。,山药，熟地黄，山茱萸，枸杞子，菟丝子，车前子，泽泻，五味子，淫羊藿，山楂，陈皮,鸡内金
TCMFx6671,"补气润肺, 止咳化痰。用于气阴两虚所致的咳嗽, 痰粘或气急干咳。",法半夏，陈皮，瓜蒌子，芥子，苦杏仁，枇杷叶，紫苏子，麦冬，川贝母，桑白皮，五味子,红参
TCMFx6267,腹泻,党参，白术，半夏，茯苓，陈皮，生姜，大枣,甘草
TCMF9861,肾虚引起的腰膝酸软，畏寒肢冷，神疲乏力，头晕耳鸣。,韭菜子，黄芪，人参，巴戟天，枸杞子，龟甲胶，鹿茸，蜂蜜,淫羊藿
TCMF7509,"毒蛇咬伤, 恶虫叮咬伤",重楼，黄连，黄柏，黄芩，大黄，半边莲，白芷，冰片，朱砂,雄黄
TCMF11856,肝郁气滞，胸胁胀痛，胃脘疼痛，食欲不振。,柴胡，香附，白芍，延胡索，豆蔻，厚朴，檀香，陈皮，青皮，香橼，枳壳，牵牛子，槟榔,鸡内金
TCMF12112,风寒感冒，头痛鼻塞，恶寒发热，肢体酸痛。,细辛，防风，香附，土木香，白芷，薄荷，荆芥，羌活，桔梗，甘草,川芎
TCMF12328,脾胃虚弱，食积不化，脘腹胀满，恶心呕吐，食欲不振。,广藿香，茯苓，麦芽，草豆蔻，豆蔻，砂仁，白术，木香，山楂，香附，莱菔子，丁香，陈皮，青皮，枳壳，肉桂，高良姜,甘草
TCMF11540,肾阳不足，腰膝酸软，畏寒肢冷，神疲乏力。,黄芪，红参，附子，茯苓，山药，当归，鹿茸，五味子，牛膝，菟丝子，远志,肉苁蓉
TCMF11198,湿热蕴结，发热口渴，胸闷腹胀，小便短赤，黄疸，痢疾。,黄芩，茵陈，滑石，川贝母，豆蔻，广藿香，连翘，木通，石菖蒲，薄荷,射干
TCMF10795,中风后遗症，脑梗死，脑动脉硬化，眩晕，头痛。,丹参，葛根，郁金，红花，天麻，川芎，石菖蒲，冰片，人参，乌梢蛇，水蛭,黄芪
TCMFx4142,"癫痫, 狂病",牛黄，朱砂，清半夏，槟榔，麝香，巴豆霜，雄黄,郁金
TCMF10544,肾阳不足，腰膝酸软，畏寒肢冷，精神萎靡，阳痿早泄。,黄芪，菟丝子，人参，鹿茸,肉苁蓉
TCMF8932,气血两虚，腰膝酸软，头晕耳鸣，心悸失眠。,鹿角胶，枸杞子，熟地黄，当归，白芍，川芎，丹参，茯苓，甘草,人参
TCMF10180,胆囊炎，胆石症,金钱草，黄芩，茵陈，三棱，莪术，延胡索，大黄，芒硝，枳壳,木香
TCMF11148,脾胃虚弱，食少便溏，气短咳嗽，肢倦乏力。,党参，白术，茯苓，山药，莲子，白扁豆，薏苡仁，砂仁，陈皮，炙甘草,桔梗
TCMF8866,气血两虚，心悸失眠，腰膝酸软，头晕目眩。,人参，当归，灵芝，制何首乌，杜仲，丹参，五味子，枸杞子，熟地黄，蜂蜜,酸枣仁
TCMF10951,肾虚引起的头晕耳鸣，失眠健忘，腰膝酸软，神疲乏力。,鹿茸，红参，熟地黄，枸杞子，补骨脂，麦冬，五味子，酸枣仁，茯苓，山药，川芎，当归，玄参，远志，牛膝,朱砂
TCMF10330,冠心病，心绞痛，心律失常,丹参，黄芪，赤芍，桂枝,五味子
TCMF8480,脾胃虚弱，肝气郁结，食欲不振，腹胀便溏，胁肋胀痛。,广藿香，茯苓，薏苡仁，白扁豆，山药，黄连，山楂，麦芽，陈皮，泽泻，芡实，蜂蜜,白术
TCMF9118,气血两虚，心悸失眠，食欲不振，肢倦乏力。,人参，黄芪，白术，茯苓，甘草，当归，白芍，熟地黄，麦冬，五味子，远志，石菖蒲，肉桂，陈皮，生姜，大枣,川芎
TCMFx7138,头晕目眩，暴发火眼，牙齿疼痛，口舌生疮，咽喉肿痛，耳痛耳鸣，大便秘结，小便短赤。,黄连，黄芩，黄柏，石膏，栀子，大黄，连翘，菊花，荆芥穗，白芷，川芎，防风，薄荷，旋覆花，桔梗,蔓荆子
TCMF10390,肾阳不足，腰膝酸软，头晕耳鸣，畏寒肢冷，阳痿早泄，夜尿频多。,鹿茸，杜仲，巴戟天，附子，淫羊藿，人参，当归，山茱萸，山药，熟地黄，枸杞子，天麻，菟丝子，蜈蚣,肉桂
TCMF9167,便秘，肠燥津亏，脾胃虚弱。,黄精，麦冬，黄芪，肉苁蓉，郁李仁，火麻仁，当归，桑椹，太子参，玄参，枳壳，黑芝麻，蜂蜜,白术
TCMF8540,热毒炽盛，血热妄行所致的发热、咽喉肿痛、皮肤紫斑等。,黄芩，野菊花，连翘，苦地丁，紫草，甘草,白芷
TCMF8017,慢性乙型肝炎，肝功能异常，胁痛，乏力，食欲不振。,龙胆，板蓝根，柴胡，郁金，丹参，虎杖，黄芪，茯苓，麦芽，白芍，枸杞子,甘草
TCMF9149,气血两虚，久病体弱，免疫力低下。,黄芪，人参，当归，阿胶，黄精，茯苓，鸡内金,冬虫夏草
TCMF8468,脾胃虚弱，食少便溏，腹胀腹泻，肢倦乏力。,黄芪，党参，白术，苍术，茯苓，茵陈，肉豆蔻，黄柏，牡蛎,车前子
TCMF11658,高热惊厥，神昏谵语，头痛眩晕，牙关紧闭，口噤不开，面赤气粗，舌红苔黄，脉弦数。,黄芩，黄连，黄柏，栀子，郁金，木香，石决明，朱砂，雄黄，冰片,大黄
TCMF3606,咳嗽,罗汉果，桑白皮，百部，白前，桔梗,枇杷叶
TCMFx7200,气虚血滞、脉络瘀阻所致的中风中经络，半身不遂、肢体麻木、口眼歪斜、舌强语謇及胸痹心痛、胸闷、心悸、气短；脑梗塞、冠心病心绞痛属上述证候者,黄芪，丹参，赤芍，川芎，桃仁，红花，乳香，没药，鸡血藤，牛膝，桂枝，桑枝，地龙，全蝎，水蛭,当归
TCMF601,"头痛, 齿痛, 口舌生疮",熟地黄，菟丝子，枸杞子，五味子，白芍，黄芪，党参，川芎，菊花，决明子，车前子，密蒙花，鸡内金，金荞麦，升麻，山楂,黄精
TCMF9730,肾虚腰痛，阳痿早泄，遗精，尿频，神疲乏力。,韭菜子，附子，黄芪，人参，杜仲，肉苁蓉，锁阳，淫羊藿，冬虫夏草，龟甲胶，阿胶，海马，当归，熟地黄，枸杞子，山茱萸，菟丝子，仙茅，肉桂,五味子
TCMF7401,黄疸，湿热蕴结，身目俱黄，小便短赤，大便不畅。,栀子，大黄，黄连，黄芩，甘草,茵陈
TCMF7979,清热化痰，止咳平喘。用于风热咳嗽，痰多气喘。,重楼，甘草，马兜铃,川贝母
TCMF23,"头晕, 心悸, 目眩, 耳鸣, 健忘, 失眠, 疲乏无力; 更年期综合征, 病后体虚见上述证候者",黄芪，金樱子，枸杞子，女贞子，菟丝子，淫羊藿，白芍，甘草，麦芽，黄精,人参
TCMF10590,肾虚腰痛，阳痿早泄，遗精滑精，夜尿频多。,淫羊藿，菟丝子，枸杞子，覆盆子，车前子,五味子
TCMF7566,产后缺乳，乳络不通，乳房胀痛。,黄芪，白芍，川芎，王不留行，穿山甲，通草，甘草,当归
TCMF2910,"慢惊风, 腹痛, 腹胀",川贝母，厚朴，柴胡，玄参，知母，朱砂，巴豆霜，肉桂，血竭，麝香，冰片,肉豆蔻
TCMF10142,气血两虚，心悸失眠，头晕目眩，月经不调。,红参，炙甘草，牡丹皮，川芎，三七,玉竹
TCMF9394,中风瘫痿，半身不遂，言语不清，口眼歪斜，手足拘挛，肢体麻木，筋骨疼痛，腰膝酸软。,黄芪，何首乌，葛根，川芎，防风，茯苓，黄连，赤芍，乳香，麻黄，细辛，香附，檀香，骨碎补，桑寄生，豆蔻，片姜黄,广藿香
TCMF10568,急性黄疸型肝炎，湿热黄疸，肝胆湿热。,茵陈，泽兰，白茅根，滑石，甘草,蒲公英
TCMF7250,阴虚火旺者，症见潮热面红、自汗盗汗，心烦不宁，失眠多梦，头晕耳鸣，腰膝酸软，手足心热；妇女卵巢功能衰退、更年期综合征见上述表现者,黄连，白芍，阿胶，黄芩，茯苓,熟地黄
TCMF12111,高血压，头晕目眩，耳鸣，腰膝酸软。,钩藤，黄芩，夏枯草，益母草,杜仲
TCMFx4410,"积滞, 痞满, 腹胀",木香，香附，乌药，青皮，陈皮，枳实，枳壳，厚朴，三棱，莪术，山楂，槟榔，吴茱萸，甘松，桔梗，黄芩，大黄，牵牛子,肉桂
TCMF12219,瘀血阻滞，肢体麻木，关节疼痛，跌打损伤。,郁金，红花，乳香，桃仁，当归，皂角刺，木鳖子，莪术，大黄，秦艽，马钱子，香附，黄柏，土鳖虫，玄明粉，青黛，雄黄,没药
TCMF8262,心气虚寒，心悸易惊，失眠多梦，健忘。,柏子仁，黄芪，党参，当归，茯苓，远志，五味子，酸枣仁，川芎，肉桂，朱砂,甘草
TCMF11526,气血两虚，心悸失眠，食欲不振，体倦乏力。,炙黄芪，茯苓，灵芝，党参，制何首乌，枸杞子，当归，大枣，山药，龙眼肉，熟地黄，陈皮,黄精
TCMF10671,再生障碍性贫血，气血两虚，头晕目眩，心悸失眠，腰膝酸软。,黄芪，党参，白术，黄精，麦冬，鸡血藤，当归，红参，益母草，制何首乌，墨旱莲，补骨脂，淫羊藿，菟丝子，女贞子，枸杞子，白芍，阿胶，鹿茸,熟地黄
TCMF8195,气血两虚，面色苍白，头晕乏力，月经不调。,黄芪，党参，当归，熟地黄，白术，茯苓，白芍，川芎，甘草,阿胶
TCMFx7176,小儿风寒外束，肺经痰热，面赤身热，咳嗽气促，痰多粘稠，咽痛声哑。,麻黄，紫苏叶，细辛，薄荷，橘红，法半夏，浙贝母，前胡，白前，瓜蒌皮，枇杷叶，桑白皮，苦杏仁，葶苈子，紫苏子，青礞石，石菖蒲，黄芩，天花粉，板蓝根,石膏
TCMF11243,气血两虚，头晕目眩，心悸失眠，食欲不振，月经不调。,炙黄芪，党参，当归，白芍，川芎，茯苓，甘草，阿胶,熟地黄
TCMF9679,肺肾阴虚，口干咽燥，潮热盗汗，腰膝酸软。,麦冬，黄芪，人参，天花粉，茯苓，葛根，乌梅，甘草,五味子
TCMF10340,产后恶露不绝，产后腹痛。,益母草，当归，红花，桃仁，干姜，炙甘草,川芎
TCMF260,咳嗽,紫苏叶，菊花，葛根，川贝母，苦杏仁，枇杷叶，紫苏子，桑白皮，前胡，射干，栀子，黄芩，知母，板蓝根，冰片,人工牛黄
TCMF11573,肝肾不足，腰膝酸软，头晕耳鸣，视物模糊。,人参，白术，附子，枸杞子，甘草,熟地黄
TCMF2846,"咳嗽, 喘病",知母，玄参，罂粟壳，款冬花，紫菀，苦杏仁，百部，浙贝母,麦冬
TCMFx791,"偏枯, 痹病",川乌，红花，血竭，乳香，土鳖虫，地龙，全蝎，川牛膝，桂枝，人参,没药
TCMF7348,风寒湿痹，肢体关节疼痛，麻木不仁，屈伸不利。,黄芪，当归，川芎，赤芍，桂枝，细辛，牛膝，秦艽，防风，独活，桑寄生，续断，甘草,杜仲
TCMF11626,脾胃虚弱，食少便溏，气短乏力，肢倦懒言。,党参，白术，苍术，葛根，炙甘草，白芍，当归，刺五加，升麻，柴胡，五味子，陈皮,黄芪
TCMFx6318,"痹病, 腰痛, 关节痛",骨碎补，川乌，牛膝，肉桂，海龙，秦艽，乳香，没药，香附，马钱子，防风，当归，红花，赤芍，草乌，桃仁,木香
TCMF10827,肾阳不足，脾胃虚弱，腰膝酸软，食欲不振，畏寒肢冷。,附子，肉桂，人参，山药，茯苓，杜仲，制何首乌，肉苁蓉，锁阳，鹿角胶，甘草,鹿茸
TCMF10194,糖尿病，症见口渴多饮，多食易饥，尿频量多，神疲乏力。,黄芪，人参，丹参，天花粉，白芍，沙苑子，枸杞子,黄连
TCMF8247,慢性肾功能衰竭，肾虚腰痛，尿频尿急，水肿。,蒲公英，诃子，莲子，菟丝子，泽泻，肉桂，人工牛黄，阿胶，鸡内金,三七
TCMF11429,冠心病，心绞痛，心肌缺血。,红花，川芎，刺五加，三七，泽泻,丹参
TCMF2239,"月经失调, 胎动不安",益母草，香附，川芎，续断，艾叶，白芍，白术，杜仲，党参，茯苓，砂仁，阿胶，黄芩，陈皮，熟地黄，甘草,当归
TCMF10288,咳嗽，气喘，痰多，胸闷。,五味子，葶苈子，北沙参，枸杞子，银杏叶，阿胶,麻黄
TCMF10125,消化不良，食欲不振，脘腹胀痛。,草果，木香,蜘蛛香
TCMF2985,"虚劳, 眩晕, 遗精",鹿角，知母，党参，山药，黄芪，茯苓，芡实，枸杞子，菟丝子，金樱子，熟地黄，牛膝，麦冬，楮实子，黄柏，山茱萸，五味子，龙眼肉,天冬
TCMF10262,小儿腹泻，呕吐，消化不良。,茯苓，白术，厚朴，姜半夏，陈皮，甘草,广藿香
TCMF10627,产后腹痛，恶露不尽，血瘀痛经。,益母草，当归，川芎，红花，炮姜，甘草,桃仁
TCMF7259,小儿感冒风寒内热停食引起：头痛身热，咳嗽痰盛，气促作喘，咽喉肿痛，烦躁不安。,前胡，天南星，苦杏仁，天花粉，麻黄，紫苏叶，桑叶，黄芩，山楂，枳壳，陈皮，甘草，浙贝母,青黛
TCMF6015,急惊风,黄连，胆南星，天竺黄，全蝎，甘草，牛黄，朱砂，冰片,僵蚕
TCMF3707,感冒,麻黄，紫苏叶，苦杏仁，薄荷，前胡，金银花，石膏，菊花，黄芩，甘草，桔梗,桑叶
TCMFx22,"头晕, 心悸, 目眩, 耳鸣, 健忘, 失眠, 疲乏无力; 更年期综合征, 病后体虚见上述证候者",人参，金樱子，女贞子，淫羊藿，甘草，黄精，黄芪，枸杞子，白芍，麦芽,菟丝子
TCMF11517,清热解毒，用于治疗感冒发热、咽喉肿痛、扁桃体炎、肺炎等。,金银花，灵芝，黄芩，黄连，栀子，板蓝根，天花粉，玄参，甘草,连翘
TCMF5087,"眩晕, 耳鸣, 解?",山药，熟地黄，肉苁蓉，山茱萸，茯苓，菟丝子，巴戟天，泽泻，牛膝，五味子，赤石脂,杜仲
TCMF10364,肾虚腰痛，腰膝酸软，头晕耳鸣，神疲乏力。,丹参，黄芪，杜仲，牛膝，茯苓，五味子，枸杞子，山药，淫羊藿，续断，熟地黄，菟丝子，人参,当归
TCMF10182,脾胃虚寒，脘腹冷痛，呕吐泄泻。,炙黄芪，冰片,吴茱萸
TCMF10732,湿热积滞，脘腹胀痛，大便不通，小便不利。,黄连，黄芩，黄柏，栀子，大黄，木香，牵牛子，芒硝,槟榔
TCMF7870,高血压，高血脂，肥胖，便秘。,决明子，丹参，荷叶，淫羊藿，黑芝麻，大枣，蜂蜜,黄芪
TCMF7911,肾虚，腰膝酸软，阳痿早泄，遗精遗尿，头晕耳鸣，须发早白。,巴戟天，淫羊藿，杜仲，续断，何首乌，党参，黄芪，当归，枸杞子，肉苁蓉，仙茅，金樱子，覆盆子，甘草,熟地黄
TCMFx888,消渴,人参，黄连，天花粉，天冬，黄芪，枸杞子，沙苑子，葛根，知母，五倍子，五味子,丹参
TCMF10741,咳嗽，痰多，气喘，胸闷。,麦冬，知母，紫苏子，苦杏仁，法半夏，茯苓，陈皮，化橘红，桔梗，款冬花，紫菀，甘草，石膏,瓜蒌皮
TCMF7259,小儿感冒风寒内热停食引起：头痛身热，咳嗽痰盛，气促作喘，咽喉肿痛，烦躁不安。,前胡，天南星，苦杏仁，天花粉，麻黄，紫苏叶，桑叶，青黛，黄芩，山楂，枳壳，甘草，浙贝母,陈皮
TCMF10973,气阴两虚所致的消渴，症见口渴多饮、多食易饥、尿频量多、神疲乏力。,黄芪，人参，麦冬，玉竹，熟地黄，茯苓，白术，泽泻，牛膝，五味子，牛蒡子，僵蚕,山药
TCMF12109,清热解毒，镇惊安神。用于热入心包、热盛动风证，症见高热烦燥、神昏谵语、惊风抽搐、舌红绛、脉数。,麦冬，大豆黄卷，甘草，干姜，桔梗，白术，白芍，白蔹，柴胡,黄芩
TCMF9228,慢性肝炎，早期肝硬化，脂肪肝，中毒性肝炎。,黄芪，党参，黄精，丹参，郁金，茵陈，板蓝根，白芍，当归，泽泻,山药
TCMFx5648,"吐血, 衄血, 崩漏, 血证",大蓟，小蓟，茜草，栀子，牡丹皮，侧柏叶，白茅根，大黄，荷叶,棕榈
TCMF11610,脾肾两虚，气血不足，腰膝酸软，食欲不振，神疲乏力。,黄芪，白术，茯苓，山药，熟地黄，当归，白芍，枸杞子，山茱萸，麦冬，五味子，川芎，牡丹皮，白扁豆，薏苡仁，莲子，芡实，牛膝,党参
TCMF11218,痛经，月经不调，盆腔炎等。,车前子，红花，赤芍，炮姜，海藻，柴胡，川芎，香附，延胡索,泽兰
TCMF13,"小便黄赤, 尿频尿急, 尿道灼热涩痛",木通，车前子，黄芩，猪苓，黄柏，大黄，萹蓄，瞿麦，知母，泽泻，栀子，甘草，滑石,茯苓
TCMFx1196,"肝肾不足, 须发早白, 遗精早泄, 头眩耳鸣, 腰痠背痛",当归，补骨脂，枸杞子，菟丝子，茯苓，牛膝,何首乌
TCMF8494,肝肾阴虚，头晕目眩，腰膝酸软，须发早白。,黄精，麦冬，天冬，侧柏叶，黑豆，黄芪，茯苓，制何首乌，山药，芡实，熟地黄，黑芝麻，珍珠,西洋参
TCMF9602,肝肾不足，筋骨痿软，腰膝酸楚，关节疼痛，屈伸不利。,熟地黄，枸杞子，山茱萸，杜仲，补骨脂，续断，牛膝，狗脊，木瓜，独活，鸡血藤，当归，白芍，延胡索，乳香，没药，血竭，三七，骨碎补，自然铜，土鳖虫，冰片,川芎
TCMFx3601,"胸痹, 心悸",枸杞子，何首乌，淫羊藿，红花，石菖蒲，丹参，冰片,桑寄生
TCMF3801,月经失调,熟地黄，五味子，杜仲，续断，白芍，山药，海螵蛸，地榆，蒲黄，槲寄生,牡蛎
TCMF11299,湿热下注所致的痹病，症见关节红肿热痛，屈伸不利，下肢沉重等。,土茯苓，丹参，夏枯草，泽兰，黄芪，防己，薏苡仁，女贞子，当归，川牛膝,丝瓜络
TCMF8436,脾胃虚弱，食少便溏，气短咳嗽，肢倦乏力。,黄芪，党参，白术，茯苓，山药，薏苡仁，白扁豆，莲子，桔梗，甘草,砂仁
TCMF9858,风湿性关节炎，类风湿性关节炎，腰腿疼痛，坐骨神经痛。,秦艽，制川乌，白芍，白芷，川芎，白屈菜，夏天无，甘草,蟾酥
TCMF331,"痞满, 胃脘痛",柴胡，延胡索，香附，甘草，白芍,枳壳
TCMFx3684,咳嗽,熟地黄，党参，黄芪，紫菀，五味子,桑白皮
TCMF11720,肝肾不足，气血两虚，腰膝酸软，头晕目眩，心悸失眠。,人参，龟甲，何首乌，熟地黄，山茱萸，山药，麦冬，丹参，杜仲，灵芝，砂仁，菊花，赤芍，牡丹皮，五味子，当归，玄参，菟丝子，泽泻,肉苁蓉
TCMF7962,肺结核，咳嗽，咯血，胸痛。,百部，薏苡仁，白及，红大戟，三七,浙贝母
TCMF8744,湿热下注，尿路感染，皮肤炎症。,黄连，黄芩，大黄，金银花，连翘，蒲公英，紫花地丁，甘草,栀子
TCMF12023,哮喘，慢性支气管炎，寒痰咳嗽。,生姜，细辛，芥子，延胡索,甘遂
TCMF7840,血瘀兼气阴两虚证的视网膜静脉阻塞，症见视力下降或视觉异常、眼底瘀血征象、神疲乏力、咽干、口干等；以及用于血瘀兼气阴两虚的稳定性劳累型心绞痛，症见胸闷痛、心悸、心慌、气短、乏力、心烦、口干。,丹参，益母草，三七，党参，白术，墨旱莲，女贞子，当归，香附,蒲黄
TCMF9681,白内障，青光眼，视物模糊，眼干眼涩。,余甘子，诃子，毛诃子，丁香，金钱白花蛇，甘草,红花
TCMF10500,感冒发热，头痛，咽痛，便秘。,柴胡，黄芩，黄连，黄柏，大黄，芒硝，甘草,栀子
TCMFx5356,"月经失调, 带下病",当归，香附，地骨皮，人参，艾叶，牡丹皮，鳖甲，白术，川芎，茯苓，黄芪，青蒿,白芍
TCMF11732,风寒湿痹，关节疼痛，筋脉拘挛，肢体麻木，腰腿疼痛。,麻黄，细辛，防风，海风藤，威灵仙，草豆蔻，乳香，红花，桃仁，黄芩，大黄，茯苓，白术，党参，当归，附子，制草乌，木香，赤芍,川芎
TCMF9126,咳嗽，气喘，胸胁疼痛。,甘草，诃子，檀香,丁香
TCMF8257,清热解毒，用于瘟疫，流感，麻疹，猩红热，腮腺炎等。,石膏，栀子，甘松，红花，土木香，诃子，胡黄连，苦地丁，人工牛黄,川楝子
TCMF9961,湿热蕴结所致的泄泻、痢疾，症见腹痛、腹泻、里急后重、大便脓血；肠炎、痢疾见上述证候者。,功劳木,布渣叶
TCMFx122,"风温, 感冒",川芎，黄芩，蔓荆子，薄荷，荆芥穗，藁本，白芷，菊花，栀子，黄连，连翘，羌活，桔梗，甘草,防风
TCMF11883,失眠，心悸，头晕，健忘。,酸枣仁，知母，丹参，茯苓，首乌藤，五味子，远志，甘草,石菖蒲
TCMFx3177,"虚劳, 不寐",枸杞子，熟地黄，黄精，远志,百合
TCMF10809,气血两虚，腰膝酸软，神疲乏力，头晕目眩。,黄芪，党参，当归，熟地黄，茯苓，白术，麦冬，五味子，枸杞子，山茱萸，川芎，防风，羌活，陈皮，肉桂，龟甲胶,大枣
TCMF7353,四肢厥逆，恶寒蜷卧，脉微而复利，利虽止而余症仍在者。,附子，炙甘草，人参,干姜
TCMFx2926,"粉刺, 湿疹, 酒糟鼻",当归,苦参
TCMF7963,感冒发热，咽喉肿痛，咳嗽痰黄。,黄芩，连翘，金银花,板蓝根
TCMFx5146,"咳嗽, 喘病",人参，罂粟壳，五味子，川贝母，砂仁，枳实，麻黄，苦杏仁，石膏，甘草，玄参,陈皮
TCMF447,"消化不良, 食欲不振, 大便稀溏, 精神困倦",党参，黄芪，山药，麦冬，大枣，麦芽，桑枝，太子参，薏苡仁，何首乌，山楂，陈皮,茯苓
TCMFx7393,肝郁伤神所致的失眠症。症见：失眠多梦，精神抑郁或急躁易怒，胸胁苦满或胸膈不畅，口苦目眩，舌边尖略红，苔白或微黄，脉弦。,柴胡，酸枣仁，合欢花，白芍，蝉蜕，灯心草,僵蚕
TCMF8117,风热感冒，发热头痛，咳嗽鼻塞，咽喉肿痛。,荆芥，淡豆豉，连翘，金银花，桔梗，牛蒡子，淡竹叶，甘草,薄荷
TCMF9633,气血两虚，腰膝酸软，头晕耳鸣，失眠多梦，面色苍白。,当归，麦冬，枸杞子，补骨脂，淫羊藿，鸡血藤，芦根，附子，茜草，甘草,黄芪
TCMF8407,痛经，闭经，月经不调，产后瘀血腹痛。,益母草，紫苏子，降香，苏木，没药，乳香，三棱，姜黄，艾叶，红花，大黄，白芍，两头尖，苦杏仁，桃仁，阿魏，川芎，当归，小茴香,香附
TCMF7817,气血两虚，月经不调，崩漏带下，经期腹痛。,炙黄芪，熟地黄，当归，白芍，香附，川贝母，知母，黄连，茯苓，干姜，艾叶，青蒿，秦艽，牡丹皮，地骨皮，延胡索,柴胡
TCMF10649,风湿痹痛，跌打损伤，筋骨疼痛。,重楼，急性子，没药，乳香，莪术，细辛，老鹳草，骨碎补，三七，延胡索，花椒，血竭，乌梢蛇,当归
TCMF9827,风邪犯肺、肺气失宣所致的咳嗽、咽痒、痰稀白、气喘等症。,紫苏叶，麻黄，牛蒡子，前胡，枇杷叶，地龙，蝉蜕，紫苏子,五味子
TCMF985,感冒,金银花，连翘，薄荷，荆芥，牛蒡子，桔梗，淡竹叶，甘草,淡豆豉
TCMFx980,"积滞, 腹胀, 腹泻",鳖甲，黄芪，陈皮，白芍，白术，香附，草果，乌梅，川芎，焦槟榔，厚朴,枳实
TCMF7783,风热咳嗽，痰多粘稠，咽痛，发热。,浙贝母，薄荷，桔梗，菊花，连翘，枇杷叶，前胡，桑叶，甘草,黄芩
TCMFx6835,"具有散风清热。用于风热头晕目眩, 偏正头痛, 鼻塞。",川芎，白芷，薄荷，石膏,荆芥穗
TCMF9098,皮肤瘙痒，湿疹，荨麻疹，皮炎等皮肤病。,荆芥穗，益母草，皂角刺，浮萍，白茅根，土贝母，桔梗，苍耳子，红花，牛蒡子，地肤子，大黄，白芍，赤芍，牡丹皮，天葵子，连翘，茜草,鸡血藤
TCMF307,"肺气虚热, 咳嗽痰盛, 气促作喘, 夜卧不安",罂粟壳，知母，陈皮，甘草，石膏，紫苏叶，玄参，密蒙花，五味子，瓜蒌子，木香，桑叶，桔梗，前胡，大黄，川贝母，苦杏仁，葶苈子，百部，麦冬，天冬，枳壳，半夏，马兜铃,款冬花
TCMF8624,风湿性关节炎，类风湿性关节炎，痛风，跌打损伤，瘀血肿痛。,北豆根，地龙，防己，青风藤，白芷，细辛，川芎，当归，赤芍，丹参，红花，桃仁，牛膝，枳壳，木香，香附，乌药，延胡索，乳香，没药，血竭，儿茶，冰片，朱砂，珍珠，羚羊角，人工牛黄，麝香,雄黄
TCMFx4759,急惊风,全蝎，牛黄，朱砂，冰片，黄连，胆南星，天麻，甘草,僵蚕
TCMFx7041,"心脾蕴热, 咽喉腮舌肿痛",防风，荆芥，薄荷，桔梗，黄芩，黄连，栀子，连翘，玄参，大黄，芒硝，牛蒡子，金银花，淡竹叶,甘草
TCMFx3217,"心悸, 不寐, 遗精, 盗汗",人参，淫羊藿，菟丝子，黄芪，灵芝，黄精，麦冬，当归，知母，黄柏，天花粉，五味子,何首乌
TCMF7406,气血两虚，月经不调，面色萎黄，头晕乏力。,当归，白芍，川芎，熟地黄，黄芪，白术，茯苓，甘草,党参
TCMF10238,小儿感冒，发热，咳嗽，鼻塞，流涕。,麻黄，白芷，浙贝母，瓜蒌皮，板蓝根，大青叶，葶苈子，青黛,艾叶
TCMF7339,气血两虚，面色苍白，头晕目眩，心悸怔忡，食欲不振，四肢倦怠。,人参，白术，茯苓，川芎，白芍，熟地黄，甘草，生姜，大枣,当归
TCMF11377,风寒湿痹，肢体麻木，关节疼痛。,荆芥，防风，苍术，羌活，川芎，天麻，全蝎，何首乌，石斛，麻黄，细辛，朱砂，炙甘草,当归
TCMF9141,肾虚精亏，腰膝酸软，头晕耳鸣，遗精早泄，失眠多梦。,韭菜子，巴戟天，枸杞子，菟丝子，覆盆子，金樱子，知母，黄柏，人参,当归
TCMF11149,脾肾两虚，食欲不振，腰膝酸软，遗精早泄。,茯苓，五味子，山药，菟丝子,莲子
TCMFx3499,"眩晕, 头痛",天麻，枸杞子，茯苓，鹿茸，何首乌，五味子,人参
TCMF3157,"腹泻, 解?",白术，莲子，薏苡仁，山药，广藿香，白扁豆，甘草，明党参，砂仁,茯苓
TCMF9232,风寒湿痹，筋骨疼痛，腰膝酸软，四肢麻木。,党参，石斛，马钱子，草乌，川乌，钩藤，木瓜，半夏，天南星，续断,川牛膝
TCMFx678,胃脘痛,鸡内金，海螵蛸，牡蛎，木香，阿魏,决明子
TCMF11140,风湿性关节炎，类风湿性关节炎，关节疼痛，肌肉酸痛，肢体麻木。,独活，防风，川芎，当归，鸡血藤，苍术，木瓜，穿山龙，甘草,羌活
TCMF8121,风寒感冒，头痛发热，鼻塞流涕，咳嗽痰多，肢体酸痛。,紫苏叶，桂枝，防风，独活，桔梗，白芍，苦杏仁，谷芽，大枣，甘草,生姜
TCMF6052,"痛证, 头痛, 牙痛, 癌痛",细辛，当归，川芎，羌活，独活，白芷,防风
TCMF11447,气血两虚，脾胃虚弱，肝郁气滞。,黄芪，当归，白术，茯苓，枸杞子，柴胡，香附，续断，陈皮,白芍
TCMF7642,寒饮咳喘，症见咳嗽气喘，喉中痰鸣，痰多清稀，胸膈满闷，舌苔白滑，脉弦滑或弦紧。,射干，麻黄，生姜，细辛，紫菀，款冬花，大枣，五味子,半夏
TCMF9953,气血两虚，头晕目眩，腰膝酸软，食欲不振。,何首乌，熟地黄，黑豆，山药，砂仁，山楂，陈皮,党参
TCMF11225,风湿痹痛，跌打损伤，筋骨疼痛，腰腿疼痛。,没药，乳香，郁金，红花，木香，秦艽，独活，牛膝，白芍，三七，延胡索，桂枝，血竭,马钱子
TCMFx1135,心悸,人参，五味子,麦冬
TCMF12022,寒性腹痛，月经不调，痛经。,生姜，大枣，甘草,艾叶
TCMF10466,清热解毒，泻火通便。,黄芩，黄连，蜂蜡,大黄
TCMF10949,肾虚阳痿，腰膝酸软，神疲乏力，畏寒肢冷。,韭菜子，玉竹，仙茅，锁阳，狗脊，淫羊藿，人参，海马，鹿茸,当归
TCMF10701,中风，中暑，惊风，癫痫，心痛，眩晕。,麝香，牛黄，冰片，血竭，珍珠,人参
TCMF11988,风寒湿痹，腰腿疼痛，肢体麻木，筋骨无力。,黄精，黄芪，丹参，杜仲，肉苁蓉，葛根，秦艽，细辛，乳香，没药，丝瓜络，白术，赤芍，牡丹皮，女贞子，覆盆子，金樱子，木瓜，桃仁,三棱
TCMF7977,宫颈糜烂，宫颈炎，阴道炎,苦参，乳香，蛇床子，冰片，炉甘石,没药
TCMFx5206,"耳聋, 遗精, 盗汗",人参，鹿茸，补骨脂，巴戟天，当归，杜仲，牛膝，茯苓，菟丝子，黄芪，龙眼肉，黄柏，香附，冬虫夏草,五味子
TCMF7536,"益气健脾, 养血安神, 补益心脾。",黄芪，党参，白术，当归，龙眼肉，茯苓，远志，木香，甘草,酸枣仁
TCMF7292,头晕心悸，目眩耳鸣，健忘无力。亦可用于脑动脉硬化，冠心病，前列腺增生，更年期综合征，病后虚弱等症。,人参，黄芪，黄精，枸杞子，淫羊藿，丹参，麦冬，菟丝子，酸枣仁，茯苓，甘草,女贞子
TCMF4202,胁痛,穿山甲，泽兰，白薇，枳实，北豆根,五味子
TCMF9533,冠心病，心绞痛，心肌梗死，高血压，高脂血症,黄芪，人参，麦冬，丹参，葛根，决明子，灵芝，红花，何首乌，川芎，香附，三七，蒲黄，佛手,海藻
TCMF7842,妇科炎症，如盆腔炎、附件炎等。,土茯苓，丹参，苦参，三棱，川楝子，赤芍，当归，香附，山药，延胡索，黄柏,莪术
TCMF9432,乳腺增生，乳癖，乳房胀痛。,浙贝母，皂角刺，乳香，昆布，海藻，三棱，莪术，郁金，柴胡，党参，白芍，川芎，当归，玄参，枳壳，牡蛎,夏枯草
TCMF11455,消渴症，口渴多饮，多尿，消瘦乏力。,麦冬，玉竹，黄连，五味子，枸杞子，红参，熟地黄,黄柏
TCMF7484,郁病,香附，木香，陈皮，枳壳，川芎，白芍，三棱，莪术，茯苓，栀子，黄芩，大黄，甘草,青皮
TCMF8771,口腔炎症，咽喉肿痛，口干舌燥。,麦冬，金银花，甘草,天冬
TCMF11139,风寒感冒，咳嗽痰多，气喘。,麻黄，黄芩，款冬花，法半夏，肉桂，甘草,苦杏仁
TCMF2908,"不寐, 耳鸣, 健忘, 性冷",红参，珍珠，灵芝，枸杞子，淫羊藿，丹参，甘草，黄精,何首乌
TCMF10405,清热解毒，用于治疗火热内盛所致的咽喉肿痛，口舌生疮，热毒疮疡。,黄连，黄芩，黄柏，栀子，金银花，甘草,连翘
TCMFx3835,"虚劳, 解?, 眩晕, 腰痛",蛤蚧，党参，黄芪，枸杞子，当归，茯苓，熟地黄，甘草，山药，木瓜，狗脊，白术，巴戟天，续断，杜仲，黄精，骨碎补,女贞子
TCMFx6251,"咳嗽, 腹胀, 便秘",玄参，麦冬，苦杏仁，胆南星，紫苏子，天花粉，紫苏叶，川贝母，知母，瓜蒌子，甘草，桔梗，竹茹，桑白皮,焦槟榔
TCMF11003,风寒湿痹，肢体疼痛，麻木不仁，屈伸不利。,葛根，麻黄，细辛，炙甘草，茯苓，白术，木香，大黄，赤芍，黄连，制草乌，两头尖，威灵仙，当归，防风，羌活，胆南星，石菖蒲，红参,香附
TCMF9849,血热引起的皮肤瘙痒，荨麻疹，湿疹，皮肤炎症等。,桃仁，红花，紫草，白薇，苍术，全蝎，海螵蛸，甘草,降香
TCMF8886,肾阴虚，头晕耳鸣，腰膝酸软，骨蒸潮热，盗汗遗精，消渴。,熟地黄，山茱萸，泽泻，茯苓，牡丹皮,山药
TCMF9565,心悸失眠，气短乏力，头晕目眩，腰膝酸软。,人参，鹿茸，蛤蚧，砂仁，红花，莲子心，三七，地龙，海马，羚羊角,龙眼肉
TCMF10014,肝肾不足，气血两虚，月经不调，崩漏带下，腰膝酸软，头晕耳鸣。,黄芪，人参，当归，白芍，熟地黄，丹参，香附，牡蛎，鹿角胶，鹿角霜,桑螵蛸
TCMF10345,风热咳嗽，痰多不畅，咽喉肿痛。,薄荷，桔梗，桑叶，玄参，苦杏仁，陈皮，青黛，甘草,白芍
TCMF8101,肝肾阴虚，头晕目眩，腰膝酸软，耳鸣耳聋，须发早白。,制何首乌，熟地黄，女贞子，墨旱莲，五味子，当归，白芍，黄芪，党参，茯苓，泽泻，牡丹皮，川芎，甘草,牛膝
TCMF11465,风湿痹痛，筋骨痿软，跌打损伤，瘀血肿痛。,土茯苓，丹参，马钱子，骨碎补，延胡索,当归
TCMF8400,胃脘痞满，呕吐泄泻，寒热错杂。,黄芩，黄连，干姜，党参，大枣，炙甘草,半夏
TCMFx3004,感冒,桂枝，当归，荆芥，防风，白芍，薄荷，甘草,黄芩
TCMF9213,肾虚、血瘀所致的淋证，症见尿频、尿急、排尿不畅、淋沥涩痛；慢性前列腺炎及前列腺增生症见上述证候者。,黄芪，车前草，川牛膝，蒲黄,淫羊藿
TCMF9948,肝肾不足，腰膝酸软，筋骨无力。,杜仲，牛膝，续断,白芍
TCMF8647,咳嗽痰多，气喘，胸闷，呼吸困难。,百部，川贝母，薤白，浙贝母，黄芩，紫苏子，茯苓，生姜，党参，桔梗，款冬花，旋覆花，紫菀，白前，麻黄，细辛，白芍，五味子,马兜铃
TCMFx980,"积滞, 腹胀, 腹泻",鳖甲，黄芪，陈皮，枳实，白芍，白术，香附，草果，川芎，焦槟榔，厚朴,乌梅
TCMFx5109,"跌打损伤, 冻疮",川乌，草乌，天南星，红花，冰片，乳香，没药，姜黄，丁香，细辛，赤芍,莪术
TCMF7380,脾胃虚寒，呕吐泄泻，脘腹冷痛。,干姜，半夏，炙甘草,人参
TCMF9756,脾肾两虚，气血不足，免疫力低下。,人参，熟地黄，杜仲，巴戟天，鹿角胶，天冬，枸杞子，桑椹，五味子，茯苓，肉苁蓉，牛膝，半枝莲，猫爪草，沙棘，五加皮，酸枣仁,白术
TCMF10090,肾虚精亏，腰膝酸软，神疲乏力，头晕耳鸣，失眠多梦，性功能减退。,鹿茸，人参，黄芪，当归，杜仲，肉苁蓉，枸杞子，韭菜子，菟丝子,熟地黄
TCMF9442,乳腺增生，乳痛症，乳腺囊性增生。,淫羊藿，仙茅，巴戟天，知母，黄柏，当归，泽泻，牡丹皮，海藻，昆布，乳香，没药，两头尖，鹿衔草，漏芦,夏枯草
TCMF8608,肝郁气滞，痰湿内阻所致的目赤肿痛，视物昏花，羞明流泪。,紫苏梗，合欢皮，茯苓，豆蔻，砂仁，生姜，厚朴，胆南星，法半夏，橘红，枳实，木蝴蝶，槟榔，蝉蜕,青皮
TCMFx47,"月经不调, 痛经",熟地黄，川芎，白芍，黄芪，党参，甘草,当归
TCMF7771,感冒发热，咳嗽，咽痛。,麻黄，石膏，桔梗，黄芩，金银花，连翘，板蓝根，甘草,苦杏仁
TCMFx1442,表里双解,柴胡，黄芩，半夏，生姜，甘草，人参，桂枝，白芍,大枣
TCMF11568,冠心病，心绞痛，高血压，高脂血症,丹参，葛根，川芎，红花，当归，地龙，槐花，木贼，山楂,党参
TCMF11138,风湿痹痛，筋骨痿软，肢体麻木，腰膝酸软。,杜仲，麻黄，防风，羌活，独活，乳香，没药，自然铜，乌梢蛇，蜈蚣，甘草,牛膝
TCMF11245,肝肾阴虚，腰膝酸软，头晕耳鸣，目昏不明。,龟甲，鳖甲，制何首乌，熟地黄，车前子，丹参，茯苓，当归,牛膝
TCMF9881,清热化痰，止咳平喘。用于痰热阻肺所致的咳嗽痰多、胸闷气喘；慢性支气管炎见上述证候者。,川贝母，黄芩，石膏，旋覆花，鱼腥草，甘草,苦杏仁
TCMFx3209,胸痹,红参,麦冬
TCMF11266,妇人血气不和，心腹疼痛，经水不调，赤白带下，症瘕积聚。,杜仲，没药，乳香，川乌，水蛭，牡蛎,苍术
TCMFx862,脑血栓,川芎，当归，人参，冰片,红花
TCMF12043,痈疽疮疡，无名肿毒，湿疹瘙痒。,苦参，木鳖子，苍术，赤芍，白蔹，当归，天南星，白鲜皮，肉桂，冰片,草乌
TCMF10178,瘰疬，瘿瘤，乳癖。,丹参，黄芩，夏枯草，昆布，牡蛎，土贝母，白芍，猫爪草，牡丹皮，柴胡，当归，香附，玄参，全蝎,山慈菇
TCMF8112,急慢性咽炎，扁桃体炎，口腔炎。,黄芩，连翘，板蓝根，桔梗，薄荷，牛蒡子，玄参，天花粉，甘草,浙贝母
TCMFx4194,感冒,荆芥，防风，羌活，独活，前胡，柴胡，枳壳，茯苓，桔梗，甘草,川芎
TCMF10729,脾胃虚弱，食积不化，脘腹胀满。,山楂,白术
TCMF12306,气血两虚，头晕目眩，心悸失眠，腰膝酸软。,炙黄芪，党参，当归，熟地黄，麦冬，茯苓，白术，五味子，枸杞子，川芎，防风，山茱萸，大枣，陈皮，肉桂，龟甲胶,羌活
TCMF4555,感冒,荆芥穗，防风，白芷，柴胡，葛根，薄荷，蒲公英，板蓝根，苦地丁，黄芩，芦根，玄参，甘草,苦杏仁
TCMF11638,慢性肝炎，肝硬化，肝功能不全。,黄芪，党参，黄精，山药，丹参，当归，郁金，茵陈，秦艽，白芍，山楂，泽泻，甘草,板蓝根
TCMF609,"乳癖, 乳核",柴胡，青皮，赤芍，丹参，王不留行，鸡血藤，牡蛎，海藻，昆布，淫羊藿，菟丝子,香附
TCMFx7205,用于疮疖溃烂，灼热发烧，流脓流水，丹毒疱疹，疥癣痛痒,金银花，连翘，蒲公英，紫花地丁，栀子，大黄，黄芩，木通，天花粉，玄参，赤芍，浙贝母，白鲜皮，蝉蜕，防风，桔梗，甘草,白芷
TCMF880,"偏枯, 风痱",黄芪，当归，地龙，川芎，桃仁，红花,赤芍
TCMF7003,"外感咳嗽, 喀痰不畅",桔梗，荆芥，紫菀，百部，白前，甘草,陈皮
TCMF9877,气阴两虚，消渴，腰膝酸软，尿频量多。,黄芪，麦冬，天花粉，茯苓，山药，五味子，覆盆子，枸杞子,泽泻
TCMF10002,脾胃虚寒，脘腹冷痛，呕吐泄泻，四肢不温。,白术，厚朴，川芎，当归，丁香，延胡索，肉桂,吴茱萸
TCMF9647,气血两虚，头晕目眩，四肢乏力，腰膝酸软。,白术，山药，白扁豆，刀豆，桑枝，黄柏,鹿茸
TCMF11855,肝郁脾虚，胸胁胀痛，食欲不振，腹胀便溏。,柴胡，白芍，草豆蔻，龙胆，厚朴，香附，莱菔子，牵牛子，陈皮，青皮，肉桂，鸡内金,大黄
TCMFx1061,痹病,马钱子，麻黄，虎杖，桂枝，秦艽，木瓜，甘草，防风，桑寄生,菝葜
TCMF3800,"虚劳, 遗精, 早衰症",何首乌，黑豆，牛膝，茯苓，菟丝子，补骨脂，枸杞子,当归
TCMF10851,热病神昏，高热惊厥，烦躁不安，头痛如劈，言语不清，口渴唇焦，尿赤便秘。,石膏，羚羊角，玄参，升麻，甘草，木香，沉香，丁香，朱砂，芒硝，滑石，麝香,磁石
TCMF8746,骨质疏松，腰膝酸软，四肢无力，头晕目眩。,鸡血藤，肉苁蓉，女贞子，莱菔子，狗脊，牛膝，淫羊藿，熟地黄,骨碎补
TCMF7842,妇科炎症，如盆腔炎、附件炎等。,土茯苓，丹参，苦参，三棱，莪术，赤芍，当归，香附，山药，延胡索，黄柏,川楝子
TCMF10361,肾虚腰痛，阳痿早泄，遗精，遗尿，带下，不孕不育,补骨脂，肉苁蓉，白术，人参，熟地黄，当归，枸杞子，菟丝子，蛇床子，淫羊藿,仙茅
TCMF10135,胃痛，胃胀，消化不良，食欲不振，恶心呕吐。,党参，白术，茯苓，甘草，豆蔻，砂仁，木香，厚朴，陈皮，麦芽,香附
TCMF8284,肾阳不足，腰膝酸软，畏寒肢冷，头晕耳鸣。,海龙，黄芪，肉苁蓉，白芍，枸杞子，川芎，当归，陈皮，甘草,肉桂
TCMF8124,感冒咳嗽，支气管炎。,荆芥，防风，桔梗，百部，紫菀，款冬花，白前，前胡，陈皮，半夏，茯苓,甘草
TCMF9706,失眠多梦，记忆力减退，头晕耳鸣，心悸怔忡。,柏子仁，酸枣仁，丹参，当归，合欢皮，党参，枸杞子，桑椹，葛根，石菖蒲，牛膝，远志,何首乌
TCMF9876,心悸失眠，健忘多梦，心烦口燥，大便干燥。,麦冬，天冬，丹参，当归，玄参，党参，茯苓，甘草，五味子，石菖蒲，远志，朱砂，桔梗，甘草,酸枣仁
TCMF8216,气血两虚，月经不调，崩漏，带下，产后体虚。,黄芪，当归，白术，茯苓，熟地黄，荆芥穗，补骨脂，川芎，延胡索，香附，杜仲，西洋参，甘草，牡蛎，阿胶,白芍
TCMF789,"不寐, 健忘, 视瞻昏渺, 耳聋, 脱发症, 白发症",淫羊藿，黄精，枸杞子，黄芪，丹参,何首乌
TCMF7859,风寒湿痹，关节疼痛，四肢麻木，腰膝酸软。,附子，制川乌，党参，当归，淫羊藿,肉桂
TCMF9764,肾虚腰痛，神疲乏力，头晕耳鸣，食欲不振。,杜仲，党参，五味子，枸杞子，西洋参，鹿角胶，蜂蜜,山楂
TCMF9442,乳腺增生，乳痛症，乳腺囊性增生。,淫羊藿，仙茅，巴戟天，知母，黄柏，当归，泽泻，牡丹皮，夏枯草，海藻，昆布，乳香，没药，两头尖，鹿衔草,漏芦
TCMF8567,跌打损伤，风湿痹痛，局部肿痛。,没药，乳香，红花，虎杖，秦艽，制草乌，金铁锁,大血藤
TCMF907,感冒,紫苏叶，麻黄，陈皮，茯苓，黄芩，前胡，苦杏仁，甘草，半夏，枳壳,桔梗
TCMF6394,"腹泻, 痢疾",人参，白术，茯苓，白扁豆，苍术，广藿香，木香，丁香，檀香，砂仁，肉豆蔻，肉桂，吴茱萸，芡实，薏苡仁，车前子，黄连，诃子，天冬，麦冬，槟榔,滑石
TCMF11245,肝肾阴虚，腰膝酸软，头晕耳鸣，目昏不明。,龟甲，鳖甲，制何首乌，熟地黄，丹参，茯苓，当归，牛膝,车前子
TCMF12473,口渴多饮，多食易饥，尿频量多，形体消瘦，五心烦热，潮热盗汗，舌红少苔，脉细数,地骨皮，紫苏子，龟甲，地龙，水蛭，冬虫夏草,郁金
TCMFx6021,跌打损伤,丁香，莲子，大黄，儿茶，白芍，血竭，牡丹皮，当归，茯苓，红花，甘草,木香
TCMF7563,气虚血瘀所致的胸痹心痛，心悸气短，肢冷麻木，中风后遗症等。,黄芪，丹参，当归，川芎，赤芍，桃仁，红花，地龙，牛膝,甘草
TCMF609,"乳癖, 乳核",柴胡，香附，青皮，赤芍，丹参，王不留行，鸡血藤，牡蛎，海藻，昆布，菟丝子,淫羊藿
TCMFx1316,"筋痹, 不能屈伸",马钱子，麻黄，独活，羌活，桂枝，甘草，千年健，牛膝，乳香，木瓜，没药，杜仲,防风
TCMF7791,湿热下注，痔疮肿痛，大便出血。,决明子，苦参，青葙子，川楝子，枳实，瞿麦，诃子,枫香脂
TCMF11065,头痛，眩晕，鼻塞，流涕。,川芎，当归，细辛，白芷，羌活，独活，蔓荆子，黄芩，麦冬，苍术，菊花，甘草,防风
TCMF11057,肾虚精亏，腰膝酸软，头晕耳鸣，遗精早泄，阳痿不育，尿频遗尿。,补骨脂，沙苑子，茯苓，核桃仁，制何首乌，五味子，覆盆子，金樱子，枸杞子，山药，莲须，莲子，芡实，续断，人参，牡蛎，鹿茸,韭菜子
TCMF12472,咳嗽，鼻塞，流涕，恶寒发热，头痛,地龙，麻黄，桔梗,茜草
TCMF12104,清热解毒，凉血消肿，用于治疗热毒瘀血所致的咽喉肿痛、牙痛、口腔溃疡、目赤肿痛等。,重楼，人工牛黄，水牛角，珍珠,三七
TCMF9630,脾胃虚弱，食欲不振，肢倦乏力，大便溏泄。,黄精，天冬，玉竹，荜茇，肉桂，天花粉，枳壳，益智，红花,冬葵果
TCMF7676,肾阳不足，精血亏损，腰膝酸软，畏寒肢冷，阳痿早泄，宫寒不孕。,当归，杜仲，枸杞子，仙茅，巴戟天，韭菜子，蛇床子，附子，人参，白术,熟地黄
TCMFx22,"头晕, 心悸, 目眩, 耳鸣, 健忘, 失眠, 疲乏无力; 更年期综合征, 病后体虚见上述证候者",人参，金樱子，女贞子，淫羊藿，甘草，黄精，黄芪，枸杞子，菟丝子，麦芽,白芍
TCMF10138,脾胃虚弱，食少便溏，脘腹胀满，呕吐吞酸。,广藿香，茯苓，白术，豆蔻，砂仁，木香，厚朴，半夏，陈皮，枳实，甘草,香附
TCMF10167,阴虚内热所致的消渴，症见多饮、多食、多尿、消瘦、乏力；2型糖尿病见上述证候者。,麦冬，黄芪，茯苓，天花粉，黄连，五味子，枸杞子，红参，石膏,牡丹皮
TCMF8949,气血两虚，月经不调，痛经，闭经，产后瘀血腹痛。,人参，黄芪，益母草，麦芽，郁金，路路通，当归，通草,麦冬
TCMF8222,风湿痹痛，筋骨疼痛，跌打损伤,赤芍，威灵仙，当归，伸筋草，延胡索,乳香
TCMF12270,咳嗽痰多，气喘胸闷，痰稠不易咳出。,百合，川贝母，紫苏子，瓜蒌子，麻黄，款冬花，法半夏，白果，甘草,陈皮
TCMF11207,疮疡肿毒，湿疹瘙痒，皮肤瘙痒，痤疮。,黄芩，夏枯草，白茅根，薏苡仁，白术，苍术，大黄，赤芍，牡丹皮，连翘，玫瑰花，鸡冠花，石膏,苦参
TCMF10833,肾虚引起的头晕耳鸣，失眠健忘，腰膝酸软，神疲乏力。,何首乌，女贞子，枸杞子，黄芪，白芍，丹参，金樱子，淫羊藿，菟丝子，肉桂，甘草,覆盆子
TCMF7360,肺气虚弱，咳嗽痰多，气短乏力，咽喉干燥。,黄芪，白术，防风，桔梗，麦冬，百合，枇杷叶，甘草，南沙参,北沙参
TCMFx5206,"耳聋, 遗精, 盗汗",鹿茸，补骨脂，巴戟天，当归，杜仲，牛膝，茯苓，菟丝子，黄芪，龙眼肉，五味子，黄柏，香附，冬虫夏草,人参
TCMF8611,急慢性喉炎，声带小结，声带息肉。,浙贝母，丹参，马勃，红花，蒲公英，板蓝根，玄参，木蝴蝶，蝉蜕,金银花
TCMFx899,"月经失调, 痛经",木香，川芎，延胡索，熟地黄，红花，白术，泽兰，当归，赤芍，乌药，丹参，吴茱萸，鸡血藤，菟丝子,香附
TCMF9946,肾阳虚引起的腰膝酸软、畏寒肢冷、阳痿早泄等。,人参，黄芪，益母草，蛇床子，皂角刺，续断，枳壳，桂枝，甘草,淫羊藿
TCMF8869,风热感冒，咽喉肿痛，头痛发热，咳嗽痰多。,薄荷，荆芥穗，连翘，金银花，淡豆豉，甘草，淡竹叶，牛蒡子，羚羊角,桔梗
TCMF10436,气血两虚，头晕目眩，心悸失眠，月经不调。,黄芪，党参，当归，白芍，川芎，茯苓，炙甘草,熟地黄
TCMF11889,急慢性鼻炎，鼻窦炎，过敏性鼻炎。,黄芩，苍耳子，辛夷，麻黄，细辛，白芷，石菖蒲,蒲公英
TCMF10538,慢性肾炎，蛋白尿，血尿，腰膝酸软，神疲乏力。,黄芪，淫羊藿，枸杞子，丹参，泽泻，茯苓，车前子，白术，甘草,女贞子
TCMFx258,"小儿饮食积滞, 痰热蕴肺所致的咳嗽, 夜间加重, 喉间痰鸣, 腹胀, 口臭",山楂，枳实，瓜蒌，葶苈子，连翘，枇杷叶，莱菔子，桔梗，蝉蜕,槟榔
TCMF10876,咳嗽，痰多，气喘，肺虚久咳。,冬虫夏草，川贝母，款冬花，百部，苦杏仁，陈皮，木香，人参，蛤蚧，甘草,砂仁
TCMF12210,肝肾阴虚，腰膝酸软，头晕目眩，心悸失眠。,麦冬，天冬，柏子仁，酸枣仁，杜仲，山茱萸，茯苓，白术，车前子，沙苑子，木香，石斛，肉苁蓉，五味子，巴戟天，覆盆子，枸杞子，当归，山药,地骨皮
TCMF10615,痛经，月经不调，产后腹痛。,益母草，干姜，红花，桃仁，川芎，甘草,当归
TCMF9277,肺热咳嗽，痰多粘稠，气短胸闷，呼吸困难。,甘草，降香，苦参，红花，木香，草乌叶，肉豆蔻，沉香，北沙参，诃子，檀香，牛黄，麝香，石膏,全蝎
TCMF12187,胸痹心痛，心悸气短，冠心病，心绞痛。,附子，红参，三七，安息香，冰片，牛黄，蟾酥，麝香，珍珠,红花
TCMF9947,风湿痹痛，关节疼痛，腰膝酸软，肢体麻木。,附子，独活，威灵仙，知母，红花，伸筋草，淫羊藿，续断，熟地黄，皂角刺,白芍
TCMF10276,肝肾不足，气血瘀滞，头晕目眩，腰膝酸软。,何首乌，川芎，淫羊藿,西洋参
TCMF7294,肾气不足，气血亏虚引起的头晕耳鸣，视减听衰，失眠健忘，食欲不振，腰膝酸软，心慌气短，中风后遗症；对脑功能减退，冠状血管疾患，脑血管栓塞及脱发也有一定作用。,黄精，枸杞子，熟地黄，党参，黄芪，山药，淫羊藿，桑椹，山楂，砂仁，陈皮，法半夏，茯苓，泽泻，马钱子,刺五加
TCMF9163,心悸，气短，胸闷，乏力。,人参，黄芪，红花，玉竹，香加皮，葶苈子，陈皮，泽泻，桂枝,丹参
TCMF12102,风湿痹痛，腰膝酸软，筋骨无力，肢体麻木。,益母草，黄芪，巴戟天，白薇，赤芍，当归，石菖蒲，淫羊藿,伸筋草
TCMF12218,气血两虚，月经不调，崩漏带下，产后虚弱。,人参，黄芪，白术，茯苓，当归，白芍，熟地黄，甘草，阿胶,川芎
TCMF9335,热病，邪入心包，高热惊厥，神昏谵语；中风昏迷及脑炎、脑膜炎、中毒性脑病、脑出血、败血症见上述证候者。,牛黄，黄芩，黄连，栀子，麝香，冰片，郁金，朱砂，珍珠,雄黄
TCMFx6039,咳嗽,满山红，人参叶，枸杞子,黄芪
TCMF10782,中风瘫痨，肢体麻木，口眼歪斜，言语不清。,大黄，水蛭，全蝎，蜈蚣,僵蚕
TCMFx5111,"咳嗽, 便秘",大黄，知母，天花粉，麦冬，化橘红，苦杏仁，桑白皮，浙贝母，桔梗，枳壳，甘草，前胡，百部,黄芩
TCMF11867,风湿痹痛，筋骨痿软，腰膝酸痛，肢体麻木。,杜仲，当归，青风藤，海风藤，秦艽，独活，麻黄，防风，苍术，厚朴，木香，乳香，没药，白芍，木瓜，甘草,柴胡
TCMF8345,肝肾不足，腰膝酸软，筋骨无力，四肢麻木。,杜仲，制何首乌，巴戟天，当归，山药，骨碎补，淫羊藿，续断,龟甲
TCMF12137,风寒湿痹，肢体麻木，关节疼痛，痰湿阻络。,降香，天竺黄，三棱，莪术，郁金，天麻，细辛，厚朴，沉香，防风，羌活，香附，芥子，清半夏，延胡索，橘红，青皮，枳壳,制天南星
TCMF8813,脾胃虚寒，气滞腹痛，消化不良。,高良姜，郁金，白芍，枳壳，甘草,柴胡
TCMF7996,肾虚腰痛，阳痿早泄，神疲乏力。,锁阳，五味子，蜂蜜,枸杞子
TCMF11207,疮疡肿毒，湿疹瘙痒，皮肤瘙痒，痤疮。,黄芩，夏枯草，苦参，白茅根，薏苡仁，白术，大黄，赤芍，牡丹皮，连翘，玫瑰花，鸡冠花，石膏,苍术
TCMF9271,心悸失眠，心虚胆怯，健忘多梦，心烦口燥。,人参，麦冬，天冬，木通，地骨皮，石菖蒲，牛膝，远志,白术
TCMF11376,感冒风寒，头痛鼻塞，咳嗽痰多，肢体酸痛。,薄荷，广藿香，荆芥，紫苏叶，甘草，荜茇，天花粉，豆蔻，天麻，柴胡,砂仁
TCMFx5629,脚气,苍术，牛膝，黄柏,薏苡仁
TCMF11937,痛经，月经不调，经行腹痛，寒凝血瘀。,肉桂，干姜，当归，川芎，丹参，红花，茺蔚子，益母草，延胡索，白芍，山楂，香附，青皮,熟地黄
TCMF10872,气虚体弱，久病虚损，神疲乏力，食欲不振，失眠多梦，腰膝酸软。,党参，人参，冬虫夏草，鹿茸，麦冬，五味子，丹参，当归，枸杞子，蜂蜜,黄芪
TCMF11685,肝胆火旺，心烦不宁，头晕目眩，大便秘结。,龙胆，黄芩，黄连，黄柏，栀子，大黄，当归，木香,芦荟
TCMFx129,"风热感冒所致的发热恶风, 头痛身痛",葛根，黄连，甘草,黄芩
TCMFx5264,虚劳,白术，当归，杜仲，枸杞子，茯苓，山药，人参，党参，熟地黄，酸枣仁，砂仁，丹参，甘草，鹿茸，黄芪，肉桂，远志，陈皮，川芎,白芍
TCMF10953,肾阳不足，腰膝酸软，阳痿早泄，畏寒肢冷。,韭菜子，补骨脂，枸杞子，仙茅，锁阳，红参，牛膝，淫羊藿，肉桂，海龙，鹿茸,蛇床子
TCMFx22,"头晕, 心悸, 目眩, 耳鸣, 健忘, 失眠, 疲乏无力; 更年期综合征, 病后体虚见上述证候者",金樱子，女贞子，淫羊藿，甘草，黄精，黄芪，枸杞子，菟丝子，白芍，麦芽,人参
TCMF8991,脾胃虚弱，食欲不振，脘腹胀满，呕吐泄泻。,木香，砂仁，白术，陈皮，茯苓，生姜，大枣,半夏
TCMF7401,肝郁脾虚夹瘀，症见纳呆，腹胀嗳气，胁肋胀痛，疲乏无力等。,柴胡，灵芝，丹参,五味子
TCMF8401,脾肾两虚，气血不足，腰膝酸软，神疲乏力。,黄芪，薏苡仁，枸杞子，山药，玄参,水蛭
TCMF7744,寒凝血脉，肢体冷痛，脉象沉迟。,附子，桂枝，细辛，当归，川芎，赤芍，炙甘草,干姜
TCMFx4916,痹病,木瓜，络石藤，香加皮，鸡血藤，槲寄生,海风藤
TCMFx3896,虚劳,熟地黄，沙苑子，龙眼肉，杜仲，地骨皮，巴戟天，枸杞子，菟丝子，楮实子，牛膝，韭菜子，山药，补骨脂,当归
TCMF8039,气血两虚，心悸失眠，食欲不振，腰膝酸软。,核桃仁，大枣，肉桂，海马,西洋参
TCMF11920,咽喉肿痛，声音嘶哑，咳嗽痰多。,麦冬，浙贝母，玄参，瓜蒌皮，桔梗，诃子，甘草，青果,茯苓
TCMF8192,肾阳不足，腰膝酸软，畏寒肢冷，阳痿早泄，夜尿频多。,附子，肉苁蓉，杜仲，锁阳，淫羊藿，沙苑子，菟丝子，人参，鹿茸，朱砂,海马
TCMF11420,泌尿系统结石，肾绞痛，尿路感染。,车前子，广金钱草，夏枯草，赤芍，黄芪，茯苓，巴戟天，当归，桃仁，鸡内金，甘草,淫羊藿
TCMF12197,银屑病，皮肤瘙痒，湿疹,土茯苓，金银花，连翘，赤芍，苦参，防风，白鲜皮，黄柏，蝉蜕，甘草,当归
TCMF8367,肝郁脾虚，湿热内蕴所致的胁痛、腹胀、纳呆、乏力、尿黄、便溏等。,柴胡，陈皮，白术，苍术，泽泻，茵陈，大黄，决明子，瓜蒌，墨旱莲，女贞子，小蓟，山楂，枸杞子，甘草,猪苓
TCMFx4933,咳嗽,黄芩，天花粉，枳壳，桑白皮，浙贝母，知母，百部，麦冬，苦杏仁，前胡，甘草，橘红,桔梗
TCMF7839,脾胃虚弱，食少便溏，气短咳嗽，肢倦乏力,黄芪，党参，白术，茯苓，甘草，陈皮，当归，柴胡,升麻
TCMF9336,心悸气短，胸闷心痛，心衰水肿。,黄芪，麦冬，丹参，香加皮，葶苈子,人参
TCMF10962,气血两虚，腰膝酸软，头晕目眩，失眠多梦。,玉竹，鸡血藤，白术，墨旱莲，女贞子，锁阳，人参,党参
TCMF10517,肾虚腰痛，头晕耳鸣，神疲乏力，阳痿早泄。,黄芪，麦冬，制何首乌，肉苁蓉，淫羊藿，五味子，枸杞子，蛇床子，菟丝子,熟地黄
TCMF7751,肝旺脾虚之泄泻，症见肠鸣腹痛，大便泄泻，泻必腹痛，泻后痛缓，舌苔薄白，脉两关不调，左弦而右缓者。,白芍，陈皮，防风,白术
TCMF7399,风寒感冒，头痛发热，恶寒身痛，鼻流清涕，咳嗽咽干。,荆芥，防风，薄荷，柴胡，葛根，桔梗，苦杏仁，白芷，苦地丁，芦根,紫苏叶
TCMFx3886,"惊悸, 不寐, 眩晕, 耳鸣",龟甲胶，鹿角胶，远志，茯苓，熟地黄，当归，川芎，黄芪，党参，白芍，丹参，白术，砂仁，山药，芡实，甘草,酸枣仁
TCMFx6247,"咳嗽, 百日咳",牛蒡子，川贝母，紫苏子，桑白皮，枳壳，陈皮，山楂，葶苈子，百部，桔梗，法半夏，青蒿，麻黄,旋覆花
TCMF7789,风湿痹阻、瘀血阻络所致的痹病，症见关节疼痛、肿胀、屈伸不利、局部畏风寒、肢体麻木、腰膝酸软。,鸡血藤，没药，乳香，苍术，红花，威灵仙，土鳖虫，乌梢蛇，地龙，全蝎，蜈蚣，蜂房，蕲蛇,金钱白花蛇
TCMF8537,瘀血阻滞，热毒内蕴所致的血栓性疾病，如静脉炎、血栓性静脉炎等。,丹参，赤芍，牛膝，冰片，青黛,黄连
TCMF7178,痰湿中阻、肝肾不足引起的头昏、头晕。,半夏，陈皮，白术，茯苓，泽泻，女贞子，墨旱莲，牛膝，甘草,菊花
TCMF11118,目赤肿痛，眼眵多泪，羞明怕光，头痛眩晕。,龙胆，黄连，菊花，薄荷，荆芥，决明子，谷精草，蒺藜，密蒙花，赤芍，木贼，栀子，白芷，防风，桑白皮，桑叶，黄柏，冰片，牛黄,蝉蜕
TCMFx4921,"感冒, 痄腮",羌活，荆芥穗，防风，淡豆豉，川芎，薄荷，赤芍，葛根，金银花，连翘，牛蒡子，蓼大青叶，黄芩，淡竹叶，天花粉，桔梗，柴胡，玄参，甘草，水牛角，牛黄，冰片,白芷
TCMF7791,湿热下注，痔疮肿痛，大便出血。,决明子，苦参，枫香脂，青葙子，川楝子，枳实，瞿麦,诃子
TCMF10387,血瘀证，痛经，闭经，跌打损伤。,牡丹皮,赤芍
TCMF7884,湿热下注所致的淋证，症见小便短赤、淋沥涩痛、口燥咽干等。,车前子，川木通，栀子，瞿麦，灯心草，滑石，甘草,大黄
TCMF479,"阴虚火旺, 虚火上浮, 口鼻干燥, 咽喉肿痛",玄参，甘草，麦冬,桔梗
TCMF11293,泌尿系结石，尿路感染，小便不利，腰腹疼痛。,金钱草，海金沙，当归，牛膝，蒲黄，鸡内金,赤小豆
TCMF2239,"月经失调, 胎动不安",益母草，香附，川芎，当归，续断，艾叶，白芍，白术，杜仲，党参，砂仁，阿胶，黄芩，陈皮，熟地黄，甘草,茯苓
TCMF3372,痹病,当归，红花，桔梗，独活，甘草，茜草，老鹳草，草乌,牛膝
TCMFx377,感冒,柴胡，陈皮，防风，甘草，生姜,赤芍
TCMF5608,"眩晕, 耳鸣, 耳聋, 耳疖",柴胡，龙胆，熟地黄，黄芩，青黛，天南星，木香，青皮，陈皮，当归，栀子,芦荟
TCMFx5682,"癫痫, 痴呆",水牛角，珍珠，石菖蒲，黄连，麦冬，远志，胆南星，牛黄，朱砂，酸枣仁，甘草,茯苓
TCMF12034,脾胃虚弱，食欲不振，消化不良，脘腹胀满。,谷芽，南沙参，白术，山药，九香虫,麦芽
TCMFx7126,妇女湿热带下。症见阴部瘙痒红肿，带下量多，色黄或如豆渣状，口苦口干，尿黄便结，舌红苔黄腻，脉弦数。适用于霉菌性、滴虫性及非特异性阴道炎。,蛇床子，苦参，栀子，黄柏，黄芩，地肤子，金银花，土荆皮，薄荷，独活，苍术,茵陈
TCMF11536,清热解毒，化痰开窍，用于痰热内闭所致的发热、神昏、惊厥、咽喉肿痛等。,石菖蒲，珍珠,牛黄
TCMF9260,风寒湿痹，肢体麻木，腰腿疼痛。,秦艽，威灵仙，当归，干姜，苍术，木瓜，川芎，独活，牛膝，桂枝，甘草,炙黄芪
TCMF12373,头痛，头晕，恶心呕吐,蔓荆子，川芎，白芷，半夏,甘草
TCMF38,"风湿性关节炎, 腰肌劳损, 跌打损伤",独活，槲寄生，杜仲，秦艽，防风，党参，当归，茯苓，白芍，熟地黄，牛膝，细辛，甘草，川芎,桂枝
TCMFx3480,"眩晕, 耳鸣, 心悸, 不寐, 月经失调",人参，鹿茸，鹿角胶，龟甲胶，三七，黄芪，熟地黄，枸杞子，五味子，当归，茯苓，白术，山药，白芍，肉桂，砂仁，香附，远志，大枣，陈皮，甘草,党参
TCMF9750,风热感冒，发热头痛，咳嗽咽痛，鼻塞流涕。,薄荷，荆芥，淡豆豉，金银花，连翘，桔梗，栀子，淡竹叶，甘草,牛蒡子
TCMF10052,脾胃虚寒，消化不良，食欲不振，腹部胀痛，泄泻。,荜茇，豆蔻，肉桂，石榴皮,红花
TCMF7092,气血两虚证、用于肿瘤放、化疗引起的白细胞减少，免疫功能低下，食欲不振，神疲乏力，头晕气短等。,黄芪，白术，茯苓，鸡血藤，女贞子，墨旱莲，灵芝，天花粉,当归
TCMF10184,脾胃虚弱，食欲不振，消化不良，脘腹胀满。,党参，白术，山楂，枳壳,鸡内金
TCMF12199,小儿惊风，感冒发热，咳嗽痰多，呕吐泄泻。,天竺黄，天麻，钩藤，清半夏，陈皮，鸡内金，朱砂,川贝母
TCMF11966,脾胃虚弱，湿阻中焦，食欲不振，脘腹胀满，大便溏泄。,人参，白术，茯苓，猪苓，泽泻，苍术，厚朴，豆蔻，木香，甘草,广藿香
TCMF8431,外感风寒，内伤湿滞，发热恶寒，头痛，胸膈满闷，脘腹疼痛，恶心呕吐，肠鸣泄泻。,广藿香，紫苏叶，桔梗，白术，厚朴，白芷，半夏，大腹皮,陈皮
TCMF11146,中风瘫痪，口眼歪斜，言语不清，手足拘挛，肢体麻木，半身不遂。,黄芪，当归，天竺黄，姜黄，乳香，没药，红花，甘草,天麻
TCMF11466,中风偏瘫，肢体麻木，言语不清，口眼歪斜，头痛眩晕。,丹参，红花，黄芪，红参，天麻，葛根，穿山龙,甘草
TCMF7762,急性胃肠炎，消化不良，腹泻。,飞扬草,九里香
TCMF10383,血瘀证，月经不调，痛经，闭经，产后瘀血腹痛。,熟地黄，当归，川芎，白芍，牡丹皮，黄芪，山药，泽泻，天花粉，墨旱莲，大黄，女贞子，川牛膝，甘草,茯苓
TCMF8869,风热感冒，咽喉肿痛，头痛发热，咳嗽痰多。,薄荷，荆芥穗，连翘，金银花，淡豆豉，甘草，淡竹叶，桔梗，羚羊角,牛蒡子
TCMF11594,高热惊厥，神昏谵语，头痛眩晕，目赤耳鸣，口舌生疮，咽喉肿痛。,牛黄，黄芩，黄连，金银花，连翘，板蓝根，玄参，麦冬，天花粉，葛根，石决明，珍珠，朱砂，郁金，栀子，蒲公英，大黄，冰片,甘草
TCMF12252,脘腹胀痛，消化不良，食欲不振。,大蒜,砂仁
TCMFx5160,"眩晕, 耳鸣",枸杞子，熟地黄，何首乌，白术，茯苓，当归，大枣,红参
TCMF10641,气阴两虚，心悸失眠，口干咽燥，体倦乏力。,黄芪，党参，天冬，知母，丹参，红花，黄连，五味子，当归，红参，淫羊藿，熟地黄，玄参，鹿茸，天花粉,麦冬
TCMF12268,咳嗽，痰多，气喘。,百合，川贝母，紫苏子，瓜蒌子，款冬花，麻黄，马兜铃，桑白皮，半夏，白果，陈皮，青果,甘草
TCMF11826,阳痿早泄，腰膝酸软，精神萎靡，畏寒肢冷。,韭菜子，鹿茸，马钱子，蛇床子，人参，蟾酥,淫羊藿
TCMF10456,失眠，心悸，头晕，乏力。,甘草，合欢皮，首乌藤，女贞子，大枣,灵芝
TCMF10656,湿疹，皮炎，皮肤瘙痒，疮疡溃烂。,炉甘石，珍珠，冰片，轻粉,青黛
TCMF10405,清热解毒，用于治疗火热内盛所致的咽喉肿痛，口舌生疮，热毒疮疡。,黄连，黄柏，栀子，连翘，金银花，甘草,黄芩
TCMF7865,感冒咳嗽，支气管炎，百日咳等引起的咳嗽。,百部，麦冬，知母，黄芩，桔梗，苦杏仁，桑白皮，天南星，甘草,陈皮
TCMF6168,"腹泻, 痢疾",葛根，黄芩，黄连，白芍，茯苓，山楂，乌梅，甘草，滑石,厚朴
TCMF7313,真阴不足，腰酸遗泄，盗汗，口燥咽干，舌尖红，脉细数。,熟地黄，山茱萸，山药，茯苓，炙甘草,枸杞子
TCMF7679,"具有扶正固本, 滋阴养胃, 调理中焦, 行气消导。用于慢性胃炎所引起的胃脘灼热胀痛, 手足心热, 口干, 口苦, 纳差, 消瘦等症。",党参，白术，陈皮，黄精，山药，玄参，乌梅，菟丝子，白芍，甘草,山楂
TCMF1025,痹病,苍术，忍冬藤，地龙，黄柏，防风，防己，粉萆薢，薏苡仁，威灵仙，川牛膝，桑枝,连翘
TCMF8911,肾阳不足，腰膝酸软，畏寒肢冷，阳痿早泄，夜尿频多。,鹿茸，人参，熟地黄，山茱萸，山药，茯苓，白术，枸杞子，淫羊藿,牡丹皮
TCMF11247,心脾两虚，气血不足，失眠多梦，健忘，头晕目眩，食欲不振，四肢倦怠。,炙黄芪，党参，当归，熟地黄，丹参，川芎，白术，酸枣仁，远志，山药，芡实，砂仁，炙甘草，龟甲胶，鹿角胶,茯苓
TCMF12004,小儿热毒，疮疖脓肿，口舌生疮，咽喉肿痛。,黄芩，黄连，大黄，龙胆，玄参，连翘，茯苓，天花粉，桔梗，冰片，水牛角，朱砂，青黛,菊花
TCMF7458,"疏风止痒, 燥湿解毒。适用于风邪外来, 湿毒内蕴, 腠理失和所致的皮肤, 阴部瘙痒症。",苦参，百部，蛇床子，花椒，白鲜皮，石菖蒲，地肤子，胡黄连，白矾,龙胆
TCMF11782,热病神昏，中风痰迷，惊风抽搐，癫痫发狂，头痛，眩晕，目赤，咽喉肿痛，口舌生疮，牙龈肿痛，大便燥结。,牛黄，麝香，黄芩，黄柏，栀子，冰片，石膏，大黄，钩藤，防风，赤芍，当归，麦冬，连翘，金银花，桔梗，朱砂，雄黄，甘草,黄连
TCMF7427,免疫力低下，疲劳乏力，久病体虚，气血两亏。,冬虫夏草，人参，黄芪，当归，灵芝，茯苓，白术，甘草,枸杞子
TCMFx1316,"筋痹, 不能屈伸",麻黄，独活，羌活，桂枝，甘草，千年健，牛膝，乳香，木瓜，没药，防风，杜仲,马钱子
TCMF8640,阴虚内热，口干咽燥，心悸失眠，头晕耳鸣。,黄精，麦冬，知母，丹参，葛根，苦参，茯苓，苍术，佩兰，何首乌，黄连，地骨皮，山茱萸，荔枝核，淫羊藿,人参
TCMF10122,气血两虚，腰膝酸软，神疲乏力，失眠多梦。,黄精，玉竹，黄芪，鸡血藤，杜仲，肉苁蓉，枸杞子，熟地黄，菟丝子，木香，陈皮，佛手，人参,制何首乌
TCMF10963,气血两虚，腰膝酸软，头晕目眩，失眠多梦。,党参，红参，白术，熟地黄，玉竹，鸡血藤，墨旱莲，女贞子，锁阳，淫羊藿，续断,狗脊
TCMF9914,冠心病心绞痛，脑梗死，高脂血症。,人参，降香，乳香，赤芍，酸枣仁，檀香，冰片，水蛭，全蝎，蜈蚣，蝉蜕,土鳖虫
TCMF11498,气血两虚，免疫力低下，疲劳乏力。,灵芝，白芍，淫羊藿,黄芪
TCMF7618,小儿感冒发热，头痛，咳嗽。,黄芩，黄连，栀子，连翘，石膏，知母，薄荷，冰片,金银花
TCMFx321,疮疡,天南星，金银花，甘草，没药，白芷，乳香，人工牛黄,连翘
TCMFx3640,"月经失调, 痛经",益母草，延胡索，当归，人参，熟地黄，白芍，川芎，白术，茯苓，甘草,阿胶
TCMF10980,气血两虚，腰膝酸软，头晕耳鸣，失眠多梦，食欲不振。,人参，白术，炙甘草，制何首乌，熟地黄，当归，川芎，白芍，桑寄生，牛膝，山药，龙眼肉，肉桂，鹿茸,党参
TCMF11831,气血两虚，乳汁不足，久病体弱。,炙黄芪，当归，麦冬，知母，玄参,党参
TCMF11098,风寒感冒，头痛鼻塞，咳嗽痰多。,丁香，防风，白芷，川芎，羌活，薄荷，荆芥，桔梗，甘草,细辛
TCMF9227,慢性肝炎，早期肝硬化，脂肪肝，中毒性肝炎等,党参，黄精，山药，丹参，当归，茵陈，板蓝根，郁金，秦艽，白芍，山楂，泽泻，甘草,黄芪
TCMF7911,肾虚，腰膝酸软，阳痿早泄，遗精遗尿，头晕耳鸣，须发早白。,巴戟天，淫羊藿，杜仲，何首乌，熟地黄，党参，黄芪，当归，枸杞子，肉苁蓉，仙茅，金樱子，覆盆子，甘草,续断
TCMF10887,气血两虚，头晕目眩，心悸失眠，月经不调。,炙甘草，炙黄芪，茯苓，白芍，川芎，当归，熟地黄，阿胶,党参
TCMFx5433,"痹病, 跌打损伤",黄芪，海藻，三棱，莪术，川芎，白附子，天南星，半夏，川乌，草乌，白蔹，山豆根，赤芍，苍术，红花,鸡血藤
TCMF8853,心悸失眠，神疲乏力，食欲不振。,灵芝,茯苓
TCMF11105,咳嗽，气喘，痰多,平贝母，黄芩，麻黄，五味子，乌梅，防风，白果,天冬
TCMF8138,瘀血阻络所致的头痛、眩晕、肢体麻木、瘫痹；中风后遗症，脑动脉硬化症见上述证候者。,川芎，当归，红花，桃仁，丹参，赤芍，鸡血藤，地龙，桂枝,黄芪
TCMFx1067,感冒,大青叶，荆芥，防风，薄荷，牛蒡子，桔梗，白芷，甘草,连翘
TCMF9132,气滞血瘀，胸胁胀痛，月经不调。,木香,红花
TCMF7291,皮损基底红，便秘，尿黄属血热风燥型的银屑病。,拳参，土茯苓，北豆根,白鲜皮
TCMF9431,乳腺增生，乳痛症，乳腺炎。,柴胡，丹参，赤芍，海藻，牡蛎，淫羊藿，青皮,香附
TCMF11811,失眠，心悸，头晕，耳鸣。,女贞子，墨旱莲，合欢皮，沙苑子，地骨皮，五味子，甘草,郁金
TCMF7474,妇人冲任虚损，崩漏下血，月经过多，淋漓不止，产后或流产损伤冲任，下血不绝，或妊娠胞阻，胎漏下血，腹中疼痛。,熟地黄，当归，白芍，川芎，艾叶，甘草,阿胶
TCMF7569,脾胃虚寒，水肿，肢冷，腹痛。,桂枝，附子，白术，甘草,茯苓
TCMF10072,中风痰厥，神昏不醒，痰涎壅盛，关窍不利，语言不出。,麝香，朱砂，金礞石，雄黄,冰片
TCMF48,"头晕, 头痛, 心悸气喘, 乏力, 缺氧引起的红细胞增多症, 见上述证候者",沙棘，枸杞子,红景天
TCMF11461,腰椎间盘突出症，腰椎管狭窄症，腰腿疼痛。,丹参，黄芪，延胡索，鹿角胶,杜仲
TCMF11930,感冒发热，咳嗽痰多，头痛鼻塞。,黄芩，紫苏叶，麻黄，桔梗，前胡，苦杏仁，茯苓，半夏，陈皮，枳壳,甘草
TCMF10914,小儿脾胃虚弱，食欲不振，大便不调，面黄肌瘦，夜寐不安。,白扁豆，茯苓，白术，炙甘草，山药，莲子，芡实，北沙参，山楂，陈皮，石菖蒲,麦芽
TCMF7924,气血两虚，脾胃虚弱，食欲不振，神疲乏力，面色萎黄。,黄芪，鸡血藤，茯苓，何首乌，菟丝子,当归
TCMF12316,风寒湿痹，筋骨疼痛，脾胃虚弱，食欲不振。,薄荷，细辛，辛夷，砂仁，豆蔻，红花，川牛膝，熟地黄，当归，枸杞子，大枣，甘草,木香
TCMF10141,跌打损伤，瘀血肿痛，风湿痹痛,三七，乳香，没药，红花，鸡血藤，木香，香附，细辛，白芷，制草乌，制川乌,冰片
TCMF12531,面色苍白，四肢无力，食欲不振，腹痛喜温,当归，甘草，木香，人参,肉桂
TCMF7943,肾阳不足，腰膝酸软，畏寒肢冷，性功能减退。,肉苁蓉，巴戟天，枸杞子，仙茅，沉香，肉桂，人参,淫羊藿
TCMF11338,跌打损伤，瘀血肿痛，筋骨疼痛。,鸡血藤，丹参，当归，赤芍，川芎，桃仁，红花，三棱，莪术，乳香，没药，牛膝，土鳖虫，血竭，自然铜，续断，桑寄生，木香，香附，延胡索，甘草,骨碎补
TCMF10672,痔疮肿痛，大便出血，肛门瘙痒。,黄连，荆芥穗，槐花，槐角，赤芍，当归，阿胶,黄芩
TCMF12043,痈疽疮疡，无名肿毒，湿疹瘙痒。,苦参，木鳖子，草乌，赤芍，白蔹，当归，天南星，白鲜皮，肉桂，冰片,苍术
TCMF11691,肝胆火旺，心烦不宁，头晕目眩，大便秘结。,芦荟，大黄，黄芩，黄连，黄柏，龙胆，青黛，木香，当归，麝香,栀子
TCMF7795,湿热下注，痔疮肿痛，肛裂出血，肠风下血。,红花，白芍，黄连，五味子，五倍子，乌梅，川芎，丁香，射干，人参，白矾,苦参
TCMFx6161,腹泻,苍术，羌活，车前子，甘草，川乌,大黄
TCMF12088,肝郁气滞，心神不宁，失眠多梦，头晕目眩，烦躁易怒。,麦冬，柏子仁，黄芩，龙胆，栀子，车前子，泽泻，茯苓，枳壳，酸枣仁，远志，牡蛎，珍珠母,当归
TCMF2939,"月经失调, 痛经, 带下病",当归，川芎，党参，白术，熟地黄，香附，白芍，黄芩，茯苓，牡丹皮，陈皮，白薇，甘草，续断，菟丝子，桑寄生，砂仁，延胡索，肉桂，阿胶，荆芥，艾叶,杜仲
TCMF10071,肾虚腰痛，遗精早泄，阳痿不育，须发早白，失眠健忘。,麦冬，天冬，柏子仁，车前子，补骨脂，黄芪，杜仲，砂仁，菊花，制何首乌，肉苁蓉，五味子，巴戟天，覆盆子，枸杞子，山茱萸，山药，熟地黄，菟丝子,白术
TCMF8820,胆囊炎，胆石症，胆道感染。,麦冬，甘草，麦芽，竹茹，三棱，莪术，郁金，龙胆，山楂，柴胡，莱菔子，蒲黄，陈皮，乌药,青皮
TCMF7427,免疫力低下，疲劳乏力，久病体虚，气血两亏。,冬虫夏草，人参，黄芪，当归，枸杞子，灵芝，茯苓，甘草,白术
TCMF7878,咽喉肿痛，声音嘶哑，咳嗽痰多。,桔梗，板蓝根，诃子，冰片,玄明粉
TCMF9227,慢性肝炎，早期肝硬化，脂肪肝，中毒性肝炎等,黄芪，党参，黄精，山药，丹参，当归，茵陈，板蓝根，郁金，秦艽，山楂，泽泻，甘草,白芍
TCMF9804,清热解毒，镇惊安神。用于热病高热，烦躁不安，神昏谵语，惊风抽搐，斑疹吐衄，尿赤便秘。,黄芩，栀子，大黄，石膏，朱砂，冰片，人工牛黄，滑石，甘草,黄柏
TCMF179,"厌食, 症见食欲不振, 消化不良, 面黄身瘦, 大便稀溏",党参，黄芪，白术，茯苓，山药，薏苡仁，麦冬，何首乌，大枣，山楂，桑枝,麦芽
TCMF12127,血瘀证，症见胸痹心痛，头痛眩晕，月经不调，闭经痛经。,三七，丹参，红花，当归，川芎，桃仁，牛膝，枳壳，甘草,赤芍
TCMF10383,血瘀证，月经不调，痛经，闭经，产后瘀血腹痛。,熟地黄，当归，川芎，白芍，牡丹皮，黄芪，山药，茯苓，泽泻，天花粉，墨旱莲，大黄，女贞子，川牛膝,甘草
TCMF3813,虚劳,牡蛎，五味子，淫羊藿，黄精，茯苓，鸡内金，青黛,黄芪
TCMF9725,冠心病，心绞痛，心律失常,黄精，丹参，红花，何首乌，川芎,淫羊藿
TCMF9649,湿热瘀阻所致的皮肤病，如湿疹、皮炎、皮肤瘙痒等。,土茯苓，丹参，黄芩，甘草，白鲜皮，蝉蜕,当归
TCMF8444,脾胃虚弱，食积气滞，脘腹胀痛，消化不良。,麦芽，砂仁，白术，木香，香附，陈皮，枳壳，枳实,山楂
TCMFx611,"乳癖结节, 乳痈初起, 乳腺囊性增生病及乳腺炎前期",蒲公英，昆布，天花粉，鸡血藤，三七，赤芍，海藻，漏芦，木香，玄参，牡丹皮，夏枯草，连翘，红花,鹿角
TCMF8961,气血两虚，头晕目眩，心悸失眠，食欲不振，四肢乏力。,黄芪，党参，白术，阿胶,当归
TCMFx3805,"月经失调, 血劳, 血风劳",当归，香附，党参，黄芪，白芍，熟地黄，甘草，茯苓,川芎
TCMF12164,肾阳不足，小便频数，夜尿多，腰膝酸软。,补骨脂，肉桂，桑螵蛸,大青盐
TCMF10372,胃溃疡，十二指肠溃疡，慢性胃炎。,重楼，白及，延胡索,海螵蛸
TCMF11677,鼻渊，鼻塞，头痛，流脓涕。,安息香，苏合香，重楼，黄芩，丹参，紫苏叶，降香，巴豆霜，甘遂，千金子霜，山豆根，茯苓，胡椒，干姜，莪术，郁金，桔梗，苍术，木香,猪牙皂
TCMF9574,瘀血阻滞，痰湿内阻，气血两虚。,鸡血藤，红花，昆布，海藻，党参，白术，人参，天花粉，木香，黄连，枸杞子，酸枣仁，龙眼肉，延胡索,当归
TCMF10901,气血两虚，免疫力低下，疲劳乏力，久病体虚。,黄芪，党参，枸杞子，人参,冬虫夏草
TCMF8163,失眠，心悸，头晕，神经衰弱。,百合，麦冬，丹参，合欢花，茯苓，首乌藤，五味子，刺五加，玄参，远志，灯心草，石膏，珍珠母,酸枣仁
TCMF10072,中风痰厥，神昏不醒，痰涎壅盛，关窍不利，语言不出。,冰片，麝香，朱砂，雄黄,金礞石
TCMF11028,肝肾不足，气血两虚，腰膝酸软，神疲乏力，头晕目眩。,黄芪，党参，丹参，杜仲，制何首乌，枸杞子，川芎,当归
TCMF12081,小儿惊风，高热，抽搐，便秘。,大黄，黄连，滑石粉，槟榔，冰片，牛黄，朱砂，珍珠,牵牛子
TCMF9839,胸痹心痛，冠心病心绞痛。,丹参，赤芍，红花，桃仁，降香，冰片,川芎
TCMFx3017,咳嗽,半夏，麻黄，紫菀，桔梗，枇杷叶，陈皮，甘草，薄荷,远志
TCMF12048,小儿感冒，发热，咳嗽，痰多，呕吐，泄泻。,薄荷，广藿香，桔梗，苍术，茯苓，木香，细辛，黄连，甘草,天麻
TCMF10683,阴虚内热，口干咽燥，大便干结。,山麦冬,玄参
TCMF11941,风湿痹痛，肢体麻木，寒湿内阻。,制川乌，防风，花椒，赤小豆，桔梗，大黄，肉桂,粉萆薢
TCMF8568,气血两虚，腰膝酸软，头晕耳鸣，失眠多梦。,黄芪，当归，丹参，茯苓，甘草，杜仲，制何首乌，熟地黄，石斛，金樱子，西洋参,淫羊藿
TCMF9917,胸痹心痛，胸闷气短，心悸怔忡。,降香，山楂,丹参
TCMF11758,跌打损伤，瘀血肿痛，风湿痹痛。,大蒜，芦荟，侧柏叶，苏木，没药，三棱，莪术，砂仁，生姜，苍耳子,乳香
TCMF11949,风寒湿痹，筋骨疼痛，腰膝酸软，四肢麻木。,附子，桂枝，威灵仙，防风，白芍，红花，知母，伸筋草，骨碎补，狗脊，淫羊藿，续断，熟地黄,独活
TCMF10548,糖尿病及其并发症，如口渴多饮、多食易饥、尿频量多、神疲乏力等。,黄芪，丹参，葛根，茯苓，牡蛎,枸杞子
TCMF12516,头痛眩晕，心烦易怒，失眠多梦，面色苍白，舌淡苔薄，脉细弦,当归，川芎，白芍，熟地黄，鸡血藤，夏枯草，延胡索，细辛,钩藤
TCMFx3886,"惊悸, 不寐, 眩晕, 耳鸣",龟甲胶，酸枣仁，远志，茯苓，熟地黄，当归，川芎，黄芪，党参，白芍，丹参，白术，砂仁，山药，芡实，甘草,鹿角胶
TCMF10536,肾虚腰痛，腰膝酸软，骨质疏松，筋骨痿弱。,杜仲，巴戟天，淫羊藿，制何首乌，女贞子，丹参，红花，川芎，当归，人参，白术，甘草，砂仁，千年健，三七,熟地黄
TCMF8493,风寒湿痹，瘫痹拘挛，腰膝疼痛，手足麻木，跌打损伤。,荆芥，防风，羌活，苍术，麻黄，细辛，川乌，草乌，天麻，全蝎，当归，川芎，何首乌，石斛，雄黄,朱砂
TCMF10906,外感风寒，内伤湿滞，发热恶寒，头痛身重，胸闷脘痞，腹痛吐泻。,羌活，独活，川芎，柴胡，前胡，党参，桔梗，枳壳，甘草,茯苓
TCMFx6473,胃脘痛,北沙参，白芍，川楝子，玉竹，甘草，麦冬,石斛
TCMF11677,鼻渊，鼻塞，头痛，流脓涕。,安息香，苏合香，重楼，黄芩，丹参，紫苏叶，降香，甘遂，千金子霜，山豆根，猪牙皂，茯苓，胡椒，干姜，莪术，郁金，桔梗，苍术，木香,巴豆霜
TCMF9291,咽喉肿痛，口舌生疮，牙龈肿痛。,知母，黄芩，蒲公英，野菊花，牡丹皮，地骨皮，忍冬藤，白芷，蒲黄，甘草,连翘
TCMFx3017,咳嗽,半夏，紫菀，桔梗，枇杷叶，远志，陈皮，甘草，薄荷,麻黄
TCMF3318,"痹病, 跌打损伤, 项痹",乳香，没药，白芍，三七，木香，红花，郁金，独活，牛膝，秦艽，桂枝，血竭，马钱子,延胡索
TCMF9844,糖尿病，高血压，冠心病,黄芪，麦冬，黄精，赤芍，葛根，黄连，桑叶，牛膝，淫羊藿,丹参
TCMFx4975,"痹病, 偏枯",乌梢蛇，草乌，附子，威灵仙，防风，麻黄，海风藤，细辛，白附子，胆南星，蜈蚣，地龙，乳香，桃仁，红花，当归，川芎，赤芍，牛膝，骨碎补，熟地黄，党参，白术，茯苓，木香，香附，草豆蔻，石菖蒲，黄芩，大黄，牛黄，冰片,桂枝
TCMF9561,跌打损伤，瘀血肿痛，筋骨疼痛。,三棱，郁金，红花，大黄，赤芍，牡丹皮，川芎，当归，防风，香附，蒲黄，续断，延胡索，陈皮，青皮，枳壳，乌药,莪术
TCMF4377,咳嗽,知母，阿胶，款冬花，五味子，马兜铃，麻黄，旋覆花，陈皮，甘草，桔梗，葶苈子，苦杏仁,清半夏
TCMF8574,附件炎、盆腔炎、子宫内膜炎等引起的带下病，症见带下量多、色黄质稠、小腹疼痛、腰骶酸痛。,鸡血藤，皂角刺，三棱，赤芍，紫花地丁，蒲公英，金银花，川芎，香附，王不留行，延胡索,黄芩
TCMF9678,糖尿病，口渴多饮，消谷善饥，尿多，消瘦，乏力。,人参，黄芪，麦冬，五味子，乌梅，茯苓，葛根，甘草,天花粉
TCMF9179,肝肾不足，腰膝酸软，筋骨痿弱，头晕目眩。,人参，黄芪，麦冬，补骨脂，乳香，秦艽，地骨皮，川芎，泽泻,鹿角
TCMF8588,冠心病，心绞痛，心肌缺血，胸闷，心悸。,丹参，川芎，降香，郁金，黄芪，当归，首乌藤，赤芍，葛根，决明子，安息香，苏合香，乳香，没药，白芷，土木香，沉香，香附，菊花,薤白
TCMF8461,肾阳不足，腰膝酸软，肢冷畏寒，下肢痿弱。,锁阳，当归，牛膝，熟地黄，陈皮,干姜
TCMFx1286,"积年气块, 脐腹疼痛",木瓜，当归，白芷，威灵仙，狗脊，牛膝，鸡血藤，海风藤，人参，附子，草乌,川芎
TCMFx7226,用于心脾两虚，气短心悸，失眠多梦，头晕头昏，肢倦乏力，食欲不振，崩漏便血,炙黄芪，龙眼肉，党参，白术，当归，酸枣仁，远志，木香，大枣,茯苓
TCMFx3338,"胃脘痛, 腹痛",丁香,肉桂
TCMF9349,脾胃虚弱，气虚下陷，久泻脱肛，子宫脱垂，崩漏下血，神疲乏力，食少腹胀，便溏久泻。,党参，白术，升麻，柴胡，当归，陈皮,炙黄芪
TCMF7698,脾胃虚弱，气虚下陷，久泻久痢，脱肛，崩漏，子宫脱垂等。,黄芪，人参，白术，炙甘草，当归，陈皮，柴胡,升麻
TCMFx4180,"胁痛, 胃脘痛",沉香，木香，檀香，砂仁，豆蔻，枳壳，厚朴，川楝子，延胡索，陈皮，片姜黄，白芍，茯苓,佛手
TCMFx5250,胃脘痛,黄精，高良姜，莱菔子，鹿角胶，人参，苍术，陈皮，淫羊藿，肉桂，红花，丁香，黄芪，五味子,白术
TCMF9728,风寒湿痹，筋骨疼痛，四肢麻木，腰膝酸软。,独活，羌活，川芎，红花，木瓜，玉竹，白术，当归，桑寄生，川牛膝，续断,防风
TCMF11423,湿热痢疾，腹痛腹泻，里急后重。,厚朴，木香，党参，白术，茯苓，甘草，陈皮，鸦胆子，当归，枳壳,黄连
TCMF3777,"痞满, 痢疾, 腰痛",柴胡，白芍，甘草,枳壳
TCMF9865,气虚血瘀，心悸气短，胸闷心痛。,黄芪，蒲黄,党参
TCMF9653,湿疹，皮炎，皮肤瘙痒。,苦参，防风，蛇床子，白鲜皮，黄柏,荆芥
TCMF12000,心火亢盛，烦躁失眠，口舌生疮，小便短赤。,黄芩，栀子，防己，金果榄，槟榔，冰片,木香
TCMF8342,小儿惊风，痰热咳嗽，心悸失眠，脾胃虚弱。,朱砂，天竺黄，红参，山药，茯苓，枳壳，枳实，甘草,胆南星
TCMF11824,胃虚不化，水气致痞，心下痞硬，干噫食臭，胁下有水气，腹中雷鸣，下利。,生姜，干姜，黄连，人参，甘草，大枣，姜半夏,黄芩
TCMF9277,肺热咳嗽，痰多粘稠，气短胸闷，呼吸困难。,甘草，降香，苦参，红花，木香，全蝎，草乌叶，肉豆蔻，沉香，北沙参，诃子，檀香，牛黄，石膏,麝香
TCMF10954,心悸失眠，心烦不安，健忘多梦，头晕目眩。,麦冬，天冬，柏子仁，酸枣仁，丹参，炙甘草，茯苓，党参，五味子，当归，石菖蒲，玄参，远志，朱砂,桔梗
TCMF11626,脾胃虚弱，食少便溏，气短乏力，肢倦懒言。,黄芪，党参，白术，苍术，葛根，炙甘草，白芍，刺五加，升麻，柴胡，五味子，陈皮,当归
TCMF7182,跌打损伤，闪腰岔气，伤筋动骨，皮肤青肿，血瘀疼痛。,当归，血竭，土鳖虫，自然铜，朱砂,麝香
TCMF3975,急惊风,胆南星，僵蚕，全蝎，白附子，赭石，天麻，冰片，乳香,麝香
TCMFx5218,痹病,白芍，柴胡，香附，木香，木瓜，秦艽，防风，独活，羌活，地枫皮，青风藤，海风藤，牛膝，续断，麻黄，乳香，没药，川芎，延胡索，苍术，厚朴，杜仲，甘草，赭石，马钱子,当归
TCMF7865,感冒咳嗽，支气管炎，百日咳等引起的咳嗽。,百部，麦冬，知母，黄芩，桔梗，苦杏仁，桑白皮，天南星，陈皮,甘草
TCMF10849,热病神昏，高热惊厥，烦躁不安，口渴引饮，尿赤便秘，小儿惊风。,石膏，羚羊角，玄参，升麻，甘草，木香，沉香，丁香，芒硝，滑石，朱砂，磁石,麝香
TCMF12260,咳嗽，痰多，气喘，胸闷。,川贝母，知母，茯苓，瓜蒌子，五味子，枳实，陈皮，桑白皮，枳壳，石膏,黄芩
TCMF10426,肾虚腰痛，阳痿早泄，神疲乏力，头晕耳鸣，失眠多梦。,红参，鹿茸，冬虫夏草，淫羊藿，肉苁蓉，补骨脂，菟丝子，枸杞子，五味子，山茱萸，当归，川芎，白芍，炙甘草,熟地黄
TCMFx3610,"感冒, 咳嗽",党参，紫苏叶，前胡，茯苓，半夏，陈皮，枳壳，桔梗，甘草，木香，大枣，生姜,葛根
TCMF9655,湿热瘀阻所致的慢性结肠炎、肠易激综合征等。,半枝莲，丹参，白扁豆，补骨脂，苦参，山豆根，防己，三棱，莪术，苦杏仁,乌梅
TCMF9724,冠心病，心绞痛，高脂血症,黄精，丹参，红花，川芎，淫羊藿,制何首乌
TCMF10843,湿疹，皮炎，皮肤瘙痒,苦参，五倍子，功劳木，花椒,紫花地丁
TCMF10884,肾虚腰痛，腰膝酸软，头晕耳鸣，遗精早泄，阳痿不育。,巴戟天，肉苁蓉，杜仲，狗脊，牛膝，党参，白术，炙甘草，制何首乌，熟地黄，枸杞子，韭菜子，菟丝子，天花粉，远志，泽泻，山药，芡实,当归
TCMF8624,风湿性关节炎，类风湿性关节炎，痛风，跌打损伤，瘀血肿痛。,北豆根，地龙，防己，青风藤，白芷，细辛，川芎，当归，赤芍，丹参，红花，桃仁，牛膝，枳壳，木香，香附，乌药，延胡索，没药，血竭，儿茶，冰片，朱砂，珍珠，羚羊角，人工牛黄，麝香，雄黄,乳香
TCMF7928,脑动脉硬化，脑供血不足，记忆力减退，失眠多梦。,麦冬，丹参，五味子，枸杞子,人参
TCMFx302,"哮喘, 咳嗽, 胸闷痰多; 支气管哮喘, 喘息性支气管炎见上述证候者",麻黄，苦杏仁，连翘,洋金花
TCMF5463,"伤食, 积滞",鸡内金，阿魏,牵牛子
TCMF10827,肾阳不足，脾胃虚弱，腰膝酸软，食欲不振，畏寒肢冷。,附子，人参，山药，茯苓，杜仲，制何首乌，肉苁蓉，锁阳，鹿角胶，鹿茸，甘草,肉桂
TCMF11988,风寒湿痹，腰腿疼痛，肢体麻木，筋骨无力。,黄精，黄芪，丹参，杜仲，肉苁蓉，葛根，秦艽，细辛，乳香，三棱，丝瓜络，白术，赤芍，牡丹皮，女贞子，覆盆子，金樱子，木瓜，桃仁,没药
TCMF7673,高脂血症，肥胖，脂肪肝。,茵陈，泽泻，山楂，决明子，何首乌，大黄,丹参
TCMF11235,慢性非特异性溃疡性结肠炎，慢性腹泻，腹痛，腹胀，消化不良。,干姜，木香，乌梅，延胡索，罂粟壳,黄连
TCMF7554,阳气虚弱，四肢厥冷，脉微欲绝。,附子，人参，炙甘草,干姜
TCMFx1212,咳逆,血竭，麝香，冰片，乳香，没药，红花，朱砂,儿茶
TCMF8548,情志不畅，肝郁气滞所致的失眠、心悸、胸闷、焦虑、抑郁等症。,郁金，当归，白术，茯苓，百合，酸枣仁，远志，栀子，石菖蒲，胆南星，甘草，大枣,柴胡
TCMF11925,痛经，经闭，癥瘕积聚，血瘀腹痛。,三棱，莪术，大黄，牡丹皮，桃仁，当归，牛膝，肉桂,红花
TCMF10322,心悸，气短，胸闷，失眠多梦。,麦冬，赤芍，桂枝,五味子
TCMF7956,风寒湿痹，关节疼痛，肌肉酸痛，麻木不仁。,没药，乳香，细辛，白芷，川芎，丁香，肉桂，冰片,徐长卿
TCMF8180,慢性支气管炎，肺气肿，支气管哮喘，慢性阻塞性肺疾病等属肺肾两虚者。,白术，补骨脂，麦冬，茯苓，五味子，炙甘草,党参
TCMF8638,咽喉肿痛，声音嘶哑，口干舌燥，咳嗽痰多。,麦冬，北豆根，金果榄，桔梗，黄连，金银花，胖大海,玄参
TCMF11808,冠心病，心绞痛，心律失常，高血压，高脂血症,丹参，益母草，黄芪，茯苓，附子，山药，锁阳,泽泻
TCMF12204,心悸，失眠，健忘，头晕。,人参，丁香，肉桂，人工牛黄，蟾酥,冰片
TCMF7332,风热感冒，发热头痛，咳嗽咽痛。,金银花，连翘，板蓝根，大青叶，牛蒡子，桔梗，甘草,薄荷
TCMFx3139,阴痒,黄柏，轻粉，雄黄，蜈蚣,冰片
TCMF10601,冠心病，心绞痛，脑动脉硬化，高脂血症。,银杏叶，丹参，川芎，红花，三七，山楂，泽泻，决明子，何首乌,葛根
TCMF9882,高血压，高血脂，头晕头痛，胸闷心悸。,黄芩，茵陈，大黄，木香，山楂，泽泻,葶苈子
TCMF7329,湿热毒邪内蕴所致急性、迁延性、慢性肝炎和重症肝炎（Ⅰ型）。也可用于其它型重症肝炎的综合治疗。,栀子，黄芩，金银花,茵陈
TCMF12148,月经不调，经期腹痛，气血两虚。,丹参，当归，益母草，泽兰，茯苓，白术，生姜，艾叶，木香，香附，人参，川芎，白芍，牛膝，续断，陈皮，大腹皮,鹿茸
TCMF6546,"不寐, 眩晕, 心悸, 耳鸣, 健忘",五味子，首乌藤，合欢花，黄精，当归，丹参，远志，知母，磁石,酸枣仁
TCMF7053,"伤寒头痛, 疮疡初起",羌活，独活，柴胡，前胡，川芎，枳壳，桔梗，金银花，连翘，甘草，生姜，薄荷,茯苓
TCMF7572,疮疡肿毒，发热，便秘，腹胀，口渴，苔黄腻，脉数实。,黄芩，栀子，连翘，大黄，芒硝，当归，白芍，木香，桔梗，薄荷，甘草,黄连
TCMF7305,高血压，头痛，眩晕，耳鸣，失眠。,珍珠母，石决明，钩藤，菊花，牛膝，白芍，黄芩，桑寄生，杜仲，磁石，甘草,夏枯草
TCMF5837,"咳嗽, 喘病",黄芩，紫苏子，甘草，桑白皮，苦杏仁，地骨皮，石膏,麻黄
TCMF7323,血劳,鸡血藤，枸杞子，白芍，虎杖，墨旱莲，太子参，仙鹤草,熟地黄
TCMFx7041,"心脾蕴热, 咽喉腮舌肿痛",防风，荆芥，薄荷，桔梗，黄芩，栀子，连翘，玄参，大黄，芒硝，牛蒡子，甘草，金银花，淡竹叶,黄连
TCMF11560,咳嗽，气喘，痰多,麻黄，川贝母，桔梗，茯苓，细辛，橘红,五味子
TCMF10615,痛经，月经不调，产后腹痛。,益母草，干姜，红花，川芎，当归，甘草,桃仁
TCMF11409,清热解毒，凉血消肿，用于火热内盛，咽喉肿痛，牙龈肿痛，口舌生疮，目赤肿痛。,黄芩，黄连，黄柏，栀子，大黄，连翘，薄荷，荆芥穗，菊花，蔓荆子，川芎，防风，桔梗，甘草，冰片，牛黄，石膏,白芷
TCMF10373,气血两虚，脾肾不足，头晕目眩，腰膝酸软，神疲乏力。,炙黄芪，当归，百合，天冬，丹参，茯苓，山药，灵芝，薏苡仁，制何首乌，肉苁蓉，冬虫夏草，金樱子，山楂，枸杞子，大枣，酸枣仁，莲子,核桃仁
TCMF12174,肝郁气滞，胁肋疼痛，胸闷不舒，食欲不振。,三棱，郁金，延胡索，茯苓，白术，木香，陈皮，牡丹皮，厚朴，山楂，当归，板蓝根，鸡内金,丹参
TCMF7641,痈疮肿毒，脓成不溃，或溃后脓出不畅。,黄芪，当归，穿山甲，皂角刺,川芎
TCMF8531,湿热下注所致的阴痒、带下量多、色黄腥臭、湿疹、脚癣等。,土茯苓，苦参，千里光，黄柏，徐长卿，赤芍，花椒，蛇床子，人参叶，甘草,虎杖
TCMF7971,跌打损伤，瘀血肿痛，风湿痹痛。,乳香，没药，红花，川芎，当归，白芷，土鳖虫,三七
TCMF5623,"月经失调, 痛经, 不孕",吴茱萸，当归，白芍，阿胶，肉桂，牡丹皮，生姜，党参，半夏，麦冬，甘草,川芎
TCMF6195,咳嗽,荆芥，百部，紫菀，白前，前胡，款冬花，麻黄，陈皮，苦杏仁，防风,桔梗
TCMF11781,跌打损伤，骨折，瘀血肿痛。,麝香，自然铜，朱砂，儿茶，苏木，没药，乳香，红花，赤芍，川芎，当归，骨碎补，三七，牛膝，续断，桂枝，血竭，土鳖虫，麻黄,马钱子
TCMF10746,咳嗽，痰多，气喘，胸闷。,薄荷，煅石膏，朱砂,川贝母
TCMFx244,肝风夹瘀证的偏头痛,川芎，天麻，菊花，蔓荆子，藁本，丹参，墨旱莲，女贞子，牛膝,白芍
TCMF187,"脾气虚弱, 四肢无力",人参，黄芪，天麻，熟地黄，泽泻，决明子，菟丝子，鹿角，枸杞子，细辛,当归
TCMF11803,肾虚腰痛，遗精早泄，阳痿不举，头晕耳鸣，神疲乏力。,补骨脂，肉苁蓉，淫羊藿，黄芪，红参，炙甘草，熟地黄，制何首乌，车前子，茯苓，白术，五味子，覆盆子，金樱子，枸杞子，川芎，蛇床子，小茴香，山药,当归
TCMF3424,"腰痛, 眩晕",红参，鹿茸，蛤蚧，熟地黄，枸杞子，山茱萸，肉苁蓉，巴戟天，杜仲，远志，沉香，山药，茯苓，白术，益智，补骨脂,当归
TCMF11824,胃虚不化，水气致痞，心下痞硬，干噫食臭，胁下有水气，腹中雷鸣，下利。,生姜，干姜，黄芩，黄连，人参，大枣，姜半夏,甘草
TCMFx5482,"咳嗽, 喘病",陈皮，清半夏，桔梗，葶苈子，旋覆花，马兜铃，款冬花，五味子，苦杏仁，党参，甘草，知母，阿胶,麻黄
TCMF7783,风热咳嗽，痰多粘稠，咽痛，发热。,浙贝母，薄荷，黄芩，桔梗，菊花，连翘，枇杷叶，桑叶，甘草,前胡
TCMF12020,痛经，月经不调，寒凝血瘀型腹痛。,艾叶，白芍，当归，川芎，香附，延胡索，吴茱萸，肉桂，小茴香,熟地黄
TCMF11596,冠心病，心绞痛，心肌梗死，脑血栓形成等心脑血管疾病。,木香,丹参
TCMF8238,外感风寒，内热壅盛，发热恶寒，头痛身痛，咳嗽气喘。,桂枝，生姜，大枣，石膏，苦杏仁，炙甘草,麻黄
TCMF11122,气血两虚，脾胃虚弱，食欲不振，四肢乏力。,黄芪，党参，麦冬，制何首乌，茯苓，白术，薏苡仁，麦芽，山楂，桑枝，大枣,山药
TCMF8984,风湿痹痛，肢体麻木，瘫痹拘挛，屈伸不利。,黄芪，甘草，苍术，薏苡仁，金银花，黄柏，玄参，当归，白芍，水蛭，蜈蚣,全蝎
TCMFx3025,痹病,防己，白术，茯苓，甘草，党参，川乌,肉桂
TCMFx611,"乳癖结节, 乳痈初起, 乳腺囊性增生病及乳腺炎前期",鹿角，蒲公英，昆布，天花粉，鸡血藤，三七，赤芍，海藻，漏芦，玄参，牡丹皮，夏枯草，连翘，红花,木香
TCMFx6375,"咳嗽, 感冒",紫苏叶，前胡，苦杏仁，紫菀，石膏，麻黄，桑白皮，川贝母，款冬花，甘草，瓜蒌子，葶苈子,薄荷
TCMF7667,心肾不交，失眠多梦，心悸怔忡，遗精盗汗。,肉桂,黄连
TCMF8716,高脂血症，肥胖症,茵陈，何首乌，桑寄生,决明子
TCMF9209,前列腺炎，前列腺增生，尿频，尿急，尿痛，淋漓不尽。,白茅根，丹参，泽兰，茯苓，红花，赤芍，桃仁，金银花，王不留行，延胡索，泽泻,大枣
TCMF12020,痛经，月经不调，寒凝血瘀型腹痛。,艾叶，白芍，川芎，熟地黄，香附，延胡索，吴茱萸，肉桂，小茴香,当归
TCMF9232,风寒湿痹，筋骨疼痛，腰膝酸软，四肢麻木。,党参，石斛，马钱子，川乌，钩藤，木瓜，半夏，天南星，川牛膝，续断,草乌
TCMF3599,腰痛,杜仲，菟丝子，肉苁蓉，远志，当归，莲子，泽泻，牡丹皮，白芍，淫羊藿，黄芪，熟地黄，山药，茯苓，陈皮，砂仁，女贞子，金樱子，山茱萸，巴戟天，柏子仁，党参，枸杞子，甘草,白术
TCMF10680,心悸失眠，头晕目眩，健忘多梦，腰膝酸软。,麦冬，茯苓，党参，牡丹皮，五味子，枸杞子，当归，远志，泽泻,石菖蒲
TCMF9533,冠心病，心绞痛，心肌梗死，高血压，高脂血症,黄芪，人参，麦冬，丹参，葛根，灵芝，红花，何首乌，海藻，川芎，香附，三七，蒲黄，佛手,决明子
TCMF11288,胃脘疼痛，嗳气吞酸，慢性胃炎，胃溃疡。,炙甘草，白芍，香附，海螵蛸,延胡索
TCMF7498,脾胃虚弱，气短乏力，食少便溏，久泻脱肛，崩漏下血。,黄芪，白术，甘草，茯苓，当归，陈皮，升麻，柴胡，生姜，大枣,党参
TCMFx555,"冠心病稳定型劳累型心绞痛I, II级",黄芪，丹参，人参，茯苓，三七，水蛭，红花，川芎，山楂，蒲黄，何首乌，葛根，黄芩，玄参,甘草
TCMF11455,消渴症，口渴多饮，多尿，消瘦乏力。,麦冬，玉竹，黄连，黄柏，五味子，枸杞子，红参,熟地黄
TCMF6466,近视,党参，石菖蒲，茯苓，泽泻，麦冬，枸杞子，当归，牡丹皮，远志,五味子
TCMFx1072,中风,红花，川牛膝,豨莶草
TCMFx4213,"急惊风, 积滞",天麻，白附子，胆南星，天竺黄，钩藤，蝉蜕，僵蚕，麝香，冰片,全蝎
TCMF10497,肝郁脾虚，湿热内蕴所致的胁痛、腹胀、纳呆、乏力等症。,丹参，白术，三棱，郁金，木香，厚朴，山楂，鸡内金，牡丹皮，当归，板蓝根，延胡索，陈皮,茯苓
TCMF409,"不寐, 心悸, 不寐, 眩晕, 崩漏, 便血",党参，黄芪，茯苓，酸枣仁，当归，白术，甘草，龙眼肉，木香，大枣，生姜,远志
TCMF7399,风寒感冒，头痛发热，恶寒身痛，鼻流清涕，咳嗽咽干。,荆芥，防风，紫苏叶，薄荷，柴胡，葛根，苦杏仁，白芷，苦地丁，芦根,桔梗
TCMF11333,外感风寒，内伤湿滞，头痛昏重，胸膈痞闷，脘腹胀痛，呕吐泄泻。,紫苏叶，生姜，厚朴，陈皮，姜半夏，白术，茯苓，桔梗，白芷，大腹皮，甘草,广藿香
TCMF10539,肾虚，腰膝酸软，遗精，早泄，小便频数。,韭菜子，补骨脂，沙苑子，金樱子，覆盆子，五味子，女贞子，枸杞子，桑椹，车前子，附子,芡实
TCMF11840,气血两虚，头晕目眩，心悸失眠，月经不调，肢体麻木。,炙黄芪，党参，白术，茯苓，白芍，川芎，熟地黄，山药，五味子,当归
TCMFx7038,"喉痛声哑, 失音",桔梗，川芎，砂仁，诃子，儿茶，薄荷，大黄，甘草,连翘
TCMFx4421,绝经前后诸症,淫羊藿，山楂，党参，玉竹，肉苁蓉，黄芪，牡丹皮，冰片,附子
TCMF9669,糖尿病，消渴，口渴多饮，多食易饥，尿频量多，形体消瘦，疲乏无力。,人参，知母，天花粉，葛根，五味子，地骨皮，山药，鸡内金,黄芪
TCMF4783,"腹痛, 胃脘痛",白芍，川楝子，陈皮，木香，香附，血竭，甘草，丹参，乳香，没药,郁金
TCMF9354,风寒湿痹，关节疼痛，肢体麻木，腰膝酸软。,丹参，黄芪，人参，五加皮，茯苓，白术，秦艽，防风，白芍，当归,杜仲
TCMF8957,食积痰饮，消化不良，脘腹胀满，嗳气吞酸，大便秘结。,大黄，牵牛子，香附，猪牙皂,槟榔
TCMF5616,遗精,党参，黄柏，肉苁蓉，天冬，甘草，熟地黄,砂仁
TCMFx1113,"眩晕, 耳鸣, 咳嗽, 肺痿, 肺痈",青黛,蛤壳
TCMF1912,"血劳, 月经失调, 闭经",当归，阿胶，党参，茯苓，黄芪，白芍，熟地黄，川芎,甘草
TCMF8224,肝肾不足，腰膝酸软，头晕耳鸣，四肢无力。,黄芪，杜仲，补骨脂，麦冬，天冬，玉竹，熟地黄，茯苓，白术，木香，肉苁蓉，巴戟天，覆盆子，山茱萸，仙茅，狗脊，红参，川牛膝，淫羊藿,五味子
TCMF11074,肝胆湿热，胁痛，黄疸，消化不良。,连钱草，山楂，陈皮,郁金
TCMF8327,小儿感冒发热，咽喉肿痛，咳嗽痰多。,黄连，黄芩，栀子，金银花，连翘，板蓝根，玄参，天花粉，赤芍,甘草
TCMF8210,风湿痹痛，筋骨疼痛，腰膝酸软，四肢麻木。,丹参，当归，威灵仙，制草乌，穿山龙，千年健，川牛膝，桂枝，甘草,红花
TCMF11438,咳嗽痰多，胸闷气急。,川贝母，紫苏子，桔梗，款冬花，紫菀，麻黄，苦杏仁，枇杷叶，前胡，天花粉，木香，远志，橘红，肉桂，甘草,半夏
TCMF7255,用于小儿外感风热所致的感冒，症见高热、头痛、咽喉肿痛、鼻塞流涕、咳嗽、大便干结,柴胡，黄芩，金银花，连翘，板蓝根，水牛角，大黄,葛根
TCMF7851,妇人阴痒，带下量多，色黄如脓，或呈泡沫状，气味腥臭，伴见心烦少寐，口苦而腻，小便黄赤。,龙胆，黄柏，荆芥，防风，蛇床子，白鲜皮,苦参
TCMF9063,感冒咳嗽，支气管炎，哮喘等引起的咳嗽痰多。,苦杏仁，紫菀，百部，甘草,麻黄
TCMF9151,脾肾两虚，食欲不振，腰膝酸软，神疲乏力。,黄精，白术，巴戟天，山楂，锁阳，鸡内金,黄芪
TCMF8259,肾虚腰痛，四肢无力，气短喘促，精神疲乏。,蛤蚧，黄精，黄芪，党参，杜仲，骨碎补，狗脊，续断，山药，熟地黄,巴戟天
TCMF8437,感冒咳嗽，支气管炎，肺炎等呼吸系统疾病。,四季青，甘草，紫菀，前胡，金荞麦，麻黄，枳壳,鱼腥草
TCMFx4356,"喉痈, 疔疮",水牛角，野菊花，南板蓝根,荆芥穗
TCMF10739,咳嗽，痰多，气喘。,川贝母，薄荷，黄芩，紫苏叶，紫苏子，甘草，茯苓，桔梗，南沙参，白前，麻黄，厚朴，防风，前胡，桑叶，葶苈子，法半夏，白果，陈皮,银杏叶
TCMF9635,心悸失眠，头晕目眩，腰膝酸软，气短乏力。,红景天，西洋参,龟甲胶
TCMF10126,皮肤瘙痒，湿疹，皮炎。,香薷，薄荷，苦参，黄柏，白芷，防风，苍术，蛇床子，地肤子，花椒,冰片
TCMF10250,小儿感冒发热，咳嗽痰多，气喘。,百部，川贝母，黄芩，石膏，茯苓，沉香，胆南星,冰片
TCMFx4928,"不寐, 健忘",刺五加,枸杞子
TCMF8287,肾虚腰痛，阳痿早泄，神疲乏力，畏寒肢冷。,海马，九香虫，人参，黄芪，杜仲，牛膝，茯苓，山药，肉苁蓉，锁阳，巴戟天，菟丝子，覆盆子，山茱萸，五味子，韭菜子，小茴香，甘草,枸杞子
TCMF12104,清热解毒，凉血消肿，用于治疗热毒瘀血所致的咽喉肿痛、牙痛、口腔溃疡、目赤肿痛等。,重楼，三七，人工牛黄，珍珠,水牛角
TCMF12457,皮肤瘙痒，皮疹，局部皮肤增厚，色素沉着，或有糜烂、渗出,百部，苦参，雄黄，狼毒,蛇床子
TCMF12162,气滞血瘀，胸胁胀痛，脘腹胀满，饮食不消。,莪术，郁金，香附，木香，槟榔，青皮，陈皮，枳壳，厚朴，三棱，大黄,芒硝
TCMF10912,小儿惊风，高热惊厥，痰热咳嗽。,钩藤，沉香，鱼腥草，冰片，牛黄，地龙，僵蚕，珍珠,胆南星
TCMF8986,心悸，失眠，头晕，胸闷，心绞痛。,人参，麦冬，丹参，郁金，黄芩，黄连，夏枯草，钩藤，朱砂，冰片，安息香，牛黄，珍珠，石菖蒲,降香
TCMF11601,月经不调，痛经，闭经，崩漏，带下。,黄芩，益母草，党参，白术，当归，茯苓，砂仁，香附，延胡索，甘草,白芍
TCMFx5696,"胸痹, 胃脘痛, 腹胀, 腹痛",丁香，乳香，没药，小茴香，冰片，沉香，香附，檀香，降香，广藿香，麝香,木香
TCMF8829,急慢性肝炎，迁延性肝炎，肝硬化，肝功能不全。,茵陈，郁金，板蓝根，黄芪，五味子，甘草,当归
TCMF10156,风湿痹痛，筋骨疼痛，跌打损伤。,黑种草子，芥子，丁香,黑芝麻
TCMF1444,"诸肢节疼痛, 身体魁羸, 脚肿如脱, 头眩短气, 温温欲吐, 桂枝芍药知母汤主之",桂枝，白芍，生姜，白术，防风，附子，麻黄，甘草,知母
TCMF11613,急性胆囊炎，急性胰腺炎，急性阑尾炎，急性肠炎，急性菌痢等。,黄连，黄芩，黄柏，栀子，大黄，连翘，金银花，知母，玄参，赤芍，牡丹皮，甘草,天花粉
TCMF11603,泌尿系结石，尿路感染，小便不利，腰腹疼痛。,车前子，连钱草，木通，甘草,徐长卿
TCMF10428,心肾不交，失眠多梦，记忆力减退，神疲乏力。,灵芝，西洋参，远志，石菖蒲，龟甲,五味子
TCMF8898,骨质疏松，腰膝酸软，四肢无力,冬虫夏草，枸杞子,沙棘
TCMF9963,胃痛，胃胀，消化不良，慢性胃炎。,白及，延胡索，佛手,石菖蒲
TCMF8068,胃脘疼痛，嗳气吞酸，慢性胃炎，胃溃疡。,黄芪，白芍，甘草，白及，延胡索，白芷,海螵蛸
TCMF9251,湿热下注所致的痢疾、泄泻、肛门灼热、腹痛、里急后重。,黄芩，黄连，黄柏，连翘，甘草,赤芍
TCMF11328,筋骨疼痛，跌打损伤，风湿痹痛,没药，乳香，红花，血竭，制川乌，桂枝，川牛膝，土鳖虫，地龙，人参,全蝎
TCMFx5276,虚劳,党参，当归，白芍，熟地黄，川芎，茯苓，白术，甘草，人参，砂仁，鹿角胶，香附,黄芪
TCMF3524,"虚劳, 眩晕",党参，黄芪，熟地黄，狗脊，女贞子，覆盆子，何首乌，牛膝，当归，陈皮，南沙参，杜仲，川芎，百合，茯苓，山药，白术，甘草，白芍,泽泻
TCMF11535,风湿痹痛，筋骨疼痛，跌打损伤。,没药，乳香，马钱子，草乌，川乌，桑枝，蛇蜕,蜈蚣
TCMF11553,小儿感冒，发热，咳嗽，气喘。,紫苏子，麻黄，牛蒡子，射干，细辛，芥子，栀子，青黛，天花粉，石膏，甘草，牛黄，苦杏仁,蛤壳
TCMF10045,瘀血阻滞所致的胸痹心痛，跌打损伤，瘀血肿痛。,蒲黄,冰片
TCMF5352,"牙痛, 便秘",大黄，川芎，黄连，黄芩，滑石，牵牛子,薄荷
TCMF11912,头痛，眩晕，高血压，神经衰弱。,天麻，杜仲，野菊花，川芎，当归，虎杖，牛膝，玄参,钩藤
TCMFx6390,"腹泻, 腹胀",党参，白术，陈皮，白扁豆，甘草，薏苡仁，山药，泽泻，茯苓,莲子
TCMFx6375,"咳嗽, 感冒",紫苏叶，前胡，苦杏仁，紫菀，石膏，麻黄，桑白皮，薄荷，川贝母，款冬花，甘草，葶苈子,瓜蒌子
TCMFx3504,"症积, 痛经, 月经失调",香附，益母草，当归，熟地黄，白芍，柴胡，川芎，延胡索，乌药，红花，干漆，三棱，莪术，艾叶，丹参，乌梅,牡丹皮
TCMF8736,急慢性肝炎，肝功能异常，黄疸，胁痛，食欲不振。,黄芩，葛根，菊花，茵陈，绵马贯众，连翘，栀子，金银花，白芷，大青叶,板蓝根
TCMF10300,冠心病，心绞痛，高脂血症。,川芎，丹参，葛根，山楂，泽泻，决明子，白芍，黄芪,沙棘
TCMF8651,瘀血内阻，月经不调，痛经，闭经，产后瘀血腹痛。,鸡血藤，三棱，莪术，白芍，牡丹皮，当归，熟地黄，延胡索，北刘寄奴，凌霄花,乌药
TCMFx3570,跌打损伤,乳香，没药，白芷，山柰，川乌，草乌，木香，冰片，甘松，红花，儿茶，当归，香附，土鳖虫，细辛，朱砂，自然铜，血竭，积雪草，陈皮,三七
TCMF8617,感冒，发热，头痛，鼻塞，咳嗽。,薄荷，广藿香，荆芥，甘草，葛根，芦根，茵陈，连翘，金银花，板蓝根，大青叶，石膏,柴胡
TCMF9891,风湿性关节炎，类风湿性关节炎，骨关节炎等引起的关节疼痛、肿胀、活动不利。,当归，川牛膝，全蝎,马钱子粉
TCMF11948,风湿性关节炎，类风湿性关节炎，骨关节炎，腰腿疼痛。,附子，桂枝，独活，威灵仙，防风，伸筋草，骨碎补，红花，白芍，知母，续断，狗脊，熟地黄,淫羊藿
TCMF11347,肝硬化，肝癌，肝纤维化,半枝莲，丹参，杜仲，三棱，莪术，白术，海藻，桃仁，当归，桂枝，鳖甲,三七
TCMFx3555,跌打损伤,三七，乳香，没药，白芷，山柰，川乌，草乌，木香，冰片，甘松，红花，儿茶，当归，香附，朱砂，自然铜，血竭，积雪草，陈皮，细辛,土鳖虫
TCMFx3961,"疳病, 腹胀, 腹泻",党参，白术，茯苓，白扁豆，薏苡仁，山药，莲子，陈皮,芡实
TCMF5504,感冒,天花粉，葛根，桔梗，连翘，玄参，甘草，大青叶，柴胡，羌活，川芎，赤芍，防风，黄芩，牛蒡子，淡竹叶,白芷
TCMF7307,"肝郁血虚发热, 月经不调, 怔忡不宁",柴胡，白芍，白术，茯苓，牡丹皮，栀子，薄荷，甘草,当归
TCMF428,"高脂血症, 症见气短, 乏力, 头晕, 头痛, 胸闷, 腹胀, 食少纳呆等; 也可用于高脂血症及动脉粥样硬化引起的心脑血管疾病的辅助治疗",山楂，荷叶，何首乌,决明子
TCMF11451,感冒发热，咽喉肿痛，头痛咳嗽。,板蓝根，牛黄,菊花
TCMF11815,慢性肾炎，蛋白尿，血尿，腰膝酸软，神疲乏力。,黄芪，党参，茯苓，益母草，紫苏叶，墨旱莲，女贞子，金樱子，菟丝子，山药，莲子，蝉蜕,白术
TCMF12201,小儿感冒，咳嗽，食欲不振，消化不良。,川贝母，白扁豆，木香，山药，牛黄，鸡内金,白术
TCMF10140,感冒发热，头痛，咳嗽，咽痛。,知母，石膏，薄荷，广藿香，香薷，连翘，金银花，板蓝根，射干，甘草,荆芥穗
TCMF7962,肺结核，咳嗽，咯血，胸痛。,百部，浙贝母，薏苡仁，白及，红大戟,三七
TCMF10890,风湿痹痛，瘫痹不遂，筋骨疼痛，腰膝酸软。,巴豆，蓖麻子，黄芪，生姜，艾叶，麻黄，细辛，马钱子，草乌，川乌，威灵仙，当归，地龙，鳖甲，血余炭,甘草
TCMF11170,心悸失眠，头晕目眩，气血两虚。,钩藤,鸡血藤
TCMF12148,月经不调，经期腹痛，气血两虚。,丹参，当归，益母草，泽兰，茯苓，白术，生姜，艾叶，木香，香附，鹿茸，川芎，白芍，牛膝，续断，陈皮，大腹皮,人参
TCMF7611,癫狂病,牛黄，朱砂，珍珠，黄连，栀子，郁金，胆南星，冰片，雄黄，巴豆霜,黄芩
TCMF10090,肾虚精亏，腰膝酸软，神疲乏力，头晕耳鸣，失眠多梦，性功能减退。,鹿茸，人参，黄芪，当归，熟地黄，杜仲，肉苁蓉，枸杞子，菟丝子,韭菜子
TCMF7271,湿热凝结引起：红白痢疾，腹痛下坠。,黄连，黄芩，黄柏，木香，厚朴，枳壳，槟榔，当归，白芍，吴茱萸，甘草,延胡索
TCMF7462,久泻久痢，滑脱不禁,赤石脂,禹余粮
TCMF9533,冠心病，心绞痛，心肌梗死，高血压，高脂血症,黄芪，人参，麦冬，丹参，葛根，决明子，红花，何首乌，海藻，川芎，香附，三七，蒲黄，佛手,灵芝
TCMF7621,疮疡肿毒，皮肤感染，湿疹瘙痒。,黄连，黄芩，黄柏，栀子，大黄,甘草
TCMF10419,肾阳不足，腰膝酸软，畏寒肢冷，性功能减退。,巴戟天，山茱萸，锁阳，熟地黄，砂仁，蛇床子，九香虫，海马，蛤蚧,淫羊藿
TCMF10214,小儿脾胃虚弱，食欲不振，大便稀溏，肢倦乏力。,党参，白术，山楂，莲子，陈皮，蜂蜜,茯苓
TCMF10422,风寒湿痹，筋骨疼痛，跌打损伤，瘀血肿痛。,荆芥，乳香，没药，苏合香，木香，白及，大黄，白蔹，白芷，川芎，当归，防风，陈皮，香橼，桂枝，肉桂，地龙，僵蚕,赤芍
TCMF3899,感冒,金银花，连翘，黄芩，青蒿，荆芥，桔梗，甘草，板蓝根,防风
TCMF12064,小儿感冒，发热，咳嗽，头痛，身痛，惊风，痰多。,薄荷，紫苏叶，黄芩，黄连，茯苓，白术，天竺黄，胆南星，天麻，钩藤，厚朴，枳实，独活，羌活，山药，白附子，甘草,白芍
TCMFx499,"外寒内热, 表里俱实, 恶寒壮热, 头痛咽干, 小便短赤, 大便秘结, 风疹湿疮",防风，薄荷，大黄，栀子，桔梗，川芎，白芍，连翘，白术，荆芥穗，麻黄，芒硝，滑石，石膏，黄芩，甘草,当归
TCMF10885,痈疽发背，对口疮，搭手，肿毒，乳痈，无名肿毒，一切恶疮。,黄芩，大黄，蓖麻子，木鳖子，儿茶，没药，乳香，桔梗，赤芍，当归，川芎，连翘，白蔹，栀子，金银花，白芷，玄参，黄柏，血竭,苍术
TCMF11887,气血两虚，胎动不安，腰膝酸软，四肢乏力。,黄芪，当归，白术，熟地黄，川芎，阿胶，荆芥穗，羌活,桑寄生
TCMF7330,湿热阻于皮肤所致湿疮，见瘙痒、红斑、丘疹、水泡、渗出、糜烂等或湿热下注所致阴痒、白带量多等症。急性湿疹或阴道炎见有上述证候者。,金银花，蒲公英，马齿苋，土茯苓，蛇床子，白鲜皮，地榆，大黄，甘草,赤芍
TCMF9111,泌尿系统感染，前列腺炎，尿频尿急，腰膝酸软。,土茯苓，车前子，夏枯草，丹参，川芎，蒲公英，三七,杜仲
TCMF11997,肾虚腰痛，遗精早泄，阳痿不育，小便频数。,菟丝子，枸杞子，五味子，覆盆子,车前子
TCMF8590,食积停滞，脘腹胀满，大便秘结。,大黄，厚朴，枳实，苍术，陈皮，鸡内金,甘草
TCMF7864,白癜风，银屑病。,白芷，防风，蛇床子，秦艽，马齿苋，栀子，冰片，甘草,补骨脂
TCMF12464,局部肿胀，疼痛拒按，活动受限，肌肤青紫,穿山龙，骨碎补，地龙，威灵仙，续断，当归，苏木，土鳖虫，自然铜，马钱子，蜂蜜,红花
TCMF340,胸痹,三七，葛根，山楂，木香,丹参
TCMF11889,急慢性鼻炎，鼻窦炎，过敏性鼻炎。,苍耳子，辛夷，麻黄，细辛，白芷，蒲公英，石菖蒲,黄芩
TCMF7314,疝气,小茴香，吴茱萸，木香，陈皮，荔枝核，橘核，肉桂，延胡索，甘草,川楝子
TCMF8485,气血两虚，肝肾不足，头晕目眩，腰膝酸软，食欲不振，心悸失眠。,黄芪，红参，当归，熟地黄，制何首乌，茯苓，白术，枸杞子，女贞子，白芍，桑椹，半夏，陈皮,川芎
TCMF12520,颈部肿块，质软或稍硬，可随吞咽上下移动，心烦易怒，口苦咽干，舌质红，苔薄黄，脉弦滑,昆布，海藻，蛤壳，浙贝母，桔梗，夏枯草，槟榔,陈皮
TCMF7556,宫外孕，附件炎，盆腔炎。,丹参，桃仁，三棱，莪术，乳香，没药，蜈蚣，全蝎，天花粉,赤芍
TCMF11943,湿热泄泻，腹痛，里急后重。,广藿香，甘草，茯苓，木香，白芍，厚朴，丁香，朱砂,赤石脂
TCMF9676,胃痛，消化不良，寒疝腹痛。,荜茇，胡椒，豆蔻，肉桂,诃子
TCMF8487,脾胃虚弱，食积不化，食欲不振，脘腹胀满。,太子参，山药，山楂，陈皮,麦芽
TCMFx5688,胃脘痛,党参，附子，黄芪，山药，肉苁蓉，白术，山楂，乌梅，陈皮，补骨脂，砂仁,肉桂
TCMF1147,胸痹,三七，人参，降香,丹参
TCMFx5682,"癫痫, 痴呆",水牛角，珍珠，石菖蒲，黄连，麦冬，远志，胆南星，牛黄，朱砂，茯苓，甘草,酸枣仁
TCMF11680,外感风寒，内伤饮食，头痛身热，恶寒无汗，胸膈满闷，腹痛吐泻。,薄荷，广藿香，炙甘草，朱砂，没药，乳香，荜茇，豆蔻，砂仁，苏合香，白术，木香，天麻，细辛，肉豆蔻，防风，羌活，香附，诃子,沉香
TCMF12335,消痞除满，健脾和胃,枳实，厚朴，黄连，半夏，麦芽，白术，茯苓，甘草,人参
TCMF10277,小儿腹泻，消化不良，脾胃虚弱。,茯苓，薏苡仁，白术，人参，金银花，诃子，芡实，罂粟壳,鸡内金
TCMFx3036,"月经失调, 痛经, 症积",益母草，柴胡，当归，川芎，白芍,木香
TCMF9595,气血两虚，心脾不足，失眠多梦，食欲不振，体倦乏力。,黄精，阿胶，百合，茯苓，覆盆子，木瓜，枸杞子，桑椹，大枣，龙眼肉，甘草,山药
TCMF8552,感冒初期，发热恶寒，头痛鼻塞，咳嗽痰多。,生姜，金银花，防风,山楂
TCMFx3475,遗精,黄柏，甘草,砂仁
TCMF5424,"痞满, 胃脘痛, 便秘",半夏，龙胆，木香，大黄,枳实
TCMF9473,气滞血瘀所致的胸痹心痛，眩晕头痛，肢体麻木，中风后遗症。,丹参，郁金，枳壳，白术，厚朴，人参，全蝎，蜈蚣，鸡内金,清半夏
TCMF11259,肾虚遗精，腰膝酸软，头晕耳鸣，失眠多梦。,熟地黄，山茱萸，山药，茯苓，金樱子，芡实，知母，黄柏，锁阳，远志，牡蛎,牡丹皮
TCMFx2969,"血劳, 月经失调, 痛经",当归，熟地黄，川芎，党参，白芍，甘草,黄芪
TCMF12112,风寒感冒，头痛鼻塞，恶寒发热，肢体酸痛。,细辛，防风，香附，土木香，白芷，川芎，荆芥，羌活，桔梗，甘草,薄荷
TCMF7485,乳腺增生，乳房胀痛，乳癖。,柴胡，白芍，当归，丹参，王不留行，天花粉，鹿角霜，夏枯草，昆布,牡蛎
TCMF5680,"虚劳, 心悸, 眩晕, 月经过多",党参，茯苓，甘草，当归，川芎，白芍，熟地黄，黄芪，肉桂,白术
TCMF8797,脾胃虚弱，食积停滞，脘腹胀满。,山楂，莱菔子,葛根
TCMF7581,肝气郁结，胁肋胀痛，月经不调，情绪抑郁。,柴胡，当归，白芍，川芎，熟地黄，炙甘草,香附
TCMFx5264,虚劳,白术，当归，杜仲，枸杞子，茯苓，白芍，山药，人参，党参，熟地黄，酸枣仁，砂仁，丹参，鹿茸，黄芪，肉桂，远志，陈皮，川芎,甘草
TCMF8232,气血两虚，肝肾不足，腰膝酸软，筋骨无力。,黄芪，当归，杜仲，补骨脂，龟甲，丹参，红花，白术，何首乌，女贞子，枸杞子，核桃仁，川芎，山茱萸，山药，柴胡,熟地黄
TCMF7590,风寒湿痹，关节疼痛，肢体麻木，腰膝酸软。,独活，秦艽，防风，川芎，当归，赤芍，白芍，桂枝，细辛，茯苓，甘草,羌活
TCMF267,泄泻,党参，白术，茯苓，葛根，甘草，木香,广藿香
TCMF12462,关节疼痛，屈伸不利，腰腿酸软，畏寒肢冷，肢体麻木,制川乌，制草乌，马钱子，麻黄，桂枝，人参，乌梢蛇，鹿茸，续断，细辛，刺五加,牛膝
TCMF8646,跌打损伤，瘀血肿痛，风湿痹痛。,苏木，乳香，大黄，赤芍，牡丹皮，威灵仙，枳实，当归，伸筋草，三七，延胡索,冰片
TCMF11916,眩晕，头痛，失眠，记忆力减退。,黄精，黄芪，党参，茯苓，熟地黄，枸杞子，砂仁，陈皮，法半夏，泽泻，马钱子，刺五加，淫羊藿，桑椹，山楂,山药
TCMF9211,前列腺炎，前列腺增生，尿频，尿急，尿痛，腰膝酸软。,黄芪，茯苓，冬葵果，虎杖，柴胡，川牛膝，淫羊藿，枳壳，桂枝，土鳖虫,桃仁
TCMF10732,湿热积滞，脘腹胀痛，大便不通，小便不利。,黄连，黄芩，黄柏，栀子，大黄，槟榔，牵牛子，芒硝,木香
TCMF9653,湿疹，皮炎，皮肤瘙痒。,荆芥，苦参，防风，蛇床子，白鲜皮,黄柏
TCMF8642,风寒湿痹，关节疼痛，肌肉酸痛，筋骨不利。,赤芍，制草乌，地龙,淫羊藿
TCMFx1151,小儿惊风,天竺黄，朱砂，麝香，胆南星,雄黄
TCMF9453,乳癖，乳痈，乳腺增生，乳房胀痛。,夏枯草，鸡血藤，昆布，天花粉，红花，漏芦，木香，蒲公英，赤芍，牡丹皮，连翘，三七，玄参，鹿角,海藻
TCMF9765,气血两虚，免疫力低下，疲劳乏力，腰膝酸软。,人参，熟地黄，杜仲，巴戟天，肉苁蓉，天冬，枸杞子，茯苓，白术，五味子，酸枣仁，沙棘，猫爪草，山药，五加皮，牛膝，鹿角胶,桑椹
TCMF9717,肝气郁结，胸胁胀痛，脘腹疼痛，嗳气吞酸，食欲不振。,柴胡，郁金，白芍，甘草，木香，香附，厚朴，枳实，延胡索，陈皮，佛手，蜂蜜,川芎
TCMF11812,慢性肾炎，肾功能不全，蛋白尿，水肿。,人参，黄芪，丹参，泽泻，益母草，白术，甘草,茯苓
TCMF8433,肝胆湿热，胁痛，黄疸，口苦，尿黄。,鸡骨草，茵陈，栀子，牛膝，枸杞子，大枣，三七，人工牛黄,白芍
TCMF11497,肝肾阴虚，腰膝酸软，头晕目眩，耳鸣耳聋，潮热盗汗。,枸杞子，熟地黄，山茱萸，山药，茯苓，泽泻，牡丹皮，牡蛎,淫羊藿
TCMF8636,口腔溃疡，牙龈肿痛，咽喉炎,黄芩，苦参，栀子,金银花
TCMFx7167,急性肾功能衰竭。,大黄，丹参，红花,黄芪
TCMF12461,肛门肿痛，大便下血，痔疮脱出，肛周潮湿,地榆，牡丹皮，槐花，枳壳，栀子，甘草,黄芩
TCMF11111,风寒湿痹，关节疼痛，肢体麻木。,独活，羌活，防风，川芎，当归，白芍，桂枝，细辛，甘草,秦艽
TCMFx685,2型糖尿病,红参，黄芪，黄精，白术，葛根，五味子，黄连，大黄，甘草,茯苓
TCMF9374,肝肾不足，腰膝酸软，头晕目眩，须发早白，遗精早泄，月经不调。,韭菜子，杜仲，肉苁蓉，党参，白术，麦冬，五味子，枸杞子，川芎，当归，防风，羌活，茯苓，陈皮，桑椹，山茱萸，大枣，熟地黄，肉桂,黄芪
TCMF8794,胃痛、消化不良、胃胀,佛手，吴茱萸，香橼,黄连
TCMF8340,头痛，眩晕，高血压,虎杖,钩藤
TCMF11598,热病高热，昏迷，惊风抽搐，烦躁不安，头痛，咽痛，大便燥结。,牛黄，大黄，芒硝，石膏，栀子，青蒿，广藿香，木香，陈皮，冰片，雄黄,连翘
TCMF5123,痹病,红参，枸杞子，地枫皮，玉竹，锁阳，川牛膝，淫羊藿，丹参，狗脊，白术,红花
TCMF8526,湿疹，皮炎，瘙痒症，体癣，股癣，手足癣，花斑癣，寻常疣，扁平疣，尖锐湿疣等。,薄荷，黄芪，苦参，艾叶，苍术，茵陈，地肤子，栀子，山银花，蛇床子，土荆皮，石菖蒲，黄柏,独活
TCMFx7105,急喉痹（急性咽炎）、风热乳蛾（急性充血性扁桃体炎）属内有郁热、外感风解证者，症见：咽痛或吞咽痛，咽干灼热，口渴多饮，咳嗽，痰黄，便干，尿黄，舌质红，苔薄白或黄，脉浮数有力。,连翘，荆芥，薄荷，牛蒡子，桔梗，甘草,黄芩
TCMF11169,胃痛，胃胀，消化不良，食欲不振。,木香，大黄，陈皮,石菖蒲
TCMF9354,风寒湿痹，关节疼痛，肢体麻木，腰膝酸软。,丹参，人参，杜仲，五加皮，茯苓，白术，秦艽，防风，白芍，当归,黄芪
TCMFx3818,"口疮, 喉痹, 积滞",金银花，连翘，山楂，苦杏仁，陈皮,菊花
TCMF12323,肾虚不孕，月经不调，腰膝酸软，头晕耳鸣。,杜仲，续断，菟丝子，熟地黄，何首乌，枸杞子，桑寄生，党参，砂仁，艾叶，白术，阿胶，鹿角霜,人参
TCMF8286,气血两虚，腰膝酸软，头晕目眩，心悸失眠。,黄芪，肉苁蓉，枸杞子，白芍，川芎，陈皮，肉桂，甘草,当归
TCMF11816,清热解毒，疏肝理气，用于治疗肝郁气滞，胸闷胁痛，口苦咽干，心烦失眠。,知母，黄芩，黄连，郁金，木香，厚朴,朱砂
TCMFx3768,"心悸, 不寐, 眩晕, 崩漏, 便血",黄芪，党参，当归，龙眼肉，木香，茯苓，远志，酸枣仁，甘草，大枣,白术
TCMFx3601,"胸痹, 心悸",枸杞子，何首乌，淫羊藿，红花，石菖蒲，丹参，桑寄生,冰片
TCMF10141,跌打损伤，瘀血肿痛，风湿痹痛,乳香，没药，红花，鸡血藤，木香，香附，细辛，白芷，制草乌，制川乌，冰片,三七
TCMFx4344,"感冒, 腹痛, 呕吐, 腹泻",广藿香，紫苏叶，白芷，白术，陈皮，厚朴，茯苓，桔梗，甘草，大腹皮，大枣，生姜,法半夏
TCMF9730,肾虚腰痛，阳痿早泄，遗精，尿频，神疲乏力。,韭菜子，附子，黄芪，人参，杜仲，肉苁蓉，锁阳，淫羊藿，冬虫夏草，龟甲胶，阿胶，海马，当归，熟地黄，五味子，枸杞子，山茱萸，菟丝子，肉桂,仙茅
TCMF8439,疥疮，顽癣，湿疹，神经性皮炎,安息香，蓖麻子，儿茶，硫黄,麝香
TCMF8919,失眠，心悸，烦躁，头晕，头痛。,百合，酸枣仁，丹参，当归，黄芩，黄连，石菖蒲，人参，牡蛎，合欢花,葛根
TCMF12254,心悸失眠，头晕目眩，痰迷心窍，神志不清。,麦冬，红参，茯苓，远志，酸枣仁，石菖蒲，郁金，牛黄，朱砂，珍珠母,甘草
TCMF7407,阳痿,淫羊藿，巴戟天，肉苁蓉，蛇床子，枸杞子，菟丝子，五味子，覆盆子，山茱萸，熟地黄，当归，人参，鹿茸，海马,黄芪
TCMF12495,尿频，排尿延缓，尿后余沥，腰膝酸软,黄芪，冬葵果，桃仁，桂枝，淫羊藿，柴胡，茯苓，虎杖，枳壳,土鳖虫
TCMF10128,鼻渊、鼻塞、流涕、头痛。,夏枯草，野菊花，辛夷，白芷，川芎，防风，甘草,黄芪
TCMF3677,带下病,白术，苍术，陈皮，荆芥，党参，甘草，柴胡，山药，车前子,白芍
TCMF7608,早衰症,人参，制何首乌，枸杞子，黄精，麦冬，五味子,淫羊藿
TCMF10193,心悸，失眠，健忘，头晕，心慌气短。,麦冬，人参，甘松，赤芍，黄连，南五味子，桑寄生，山茱萸，酸枣仁，土鳖虫,丹参
TCMF11144,风寒湿痹，关节疼痛，肢体麻木，腰腿疼痛。,麻黄，桂枝，独活，川芎，当归，乳香，没药，马钱子，附子，制草乌，制川乌，木瓜，川牛膝,羌活
TCMF10228,小儿感冒发热、咳嗽、气喘。,麻黄，苦杏仁，金银花，板蓝根，甘草,石膏
TCMF1034,"腰痛, 风寒湿痹",马钱子粉，川牛膝，麻黄，没药，僵蚕，土鳖虫，甘草，乳香，苍术,全蝎
TCMF7603,咳嗽痰多，支气管炎，哮喘。,半夏，枇杷叶，远志，紫菀，款冬花，麻黄，甘草,桔梗
TCMF9193,气血两虚，头晕目眩，心悸失眠，腰膝酸软。,五味子，酸枣仁，刺五加，黄柏,何首乌
TCMF5712,"恶阻, 胎动不安, 滑胎",黄芪，茯苓，白术，甘草，当归，川芎，白芍，熟地黄，阿胶，桑寄生，菟丝子，艾叶，荆芥穗，厚朴，枳壳，川贝母，羌活，鹿茸,党参
TCMFx3872,"阳痿, 早泄, 滑精, 梦遗, 腰痛",龟甲胶，巴戟天，补骨脂，续断，杜仲，熟地黄，当归，白芍，枸杞子，五味子，山药，山茱萸，麦冬，芡实，肉桂，附子，牡丹皮，泽泻，茯苓,鹿角胶
TCMFx2982,"腹泻, 脱肛, 阴挺",黄芪，甘草，柴胡，党参，白术，当归，生姜，陈皮，大枣,升麻
TCMFx4315,感冒,香薷，白芷，紫苏叶，苍术，丁香，陈皮，大腹皮，法半夏，茯苓，生姜，甘草,广藿香
TCMF8512,高脂血症，肥胖症，高血压等。,丹参，葛根，茵陈，何首乌，大黄，枸杞子，泽泻，松花粉,三七
TCMF10605,冠心病，心绞痛，心肌缺血，脑动脉硬化，脑血栓形成，脑栓塞,丹参，灯盏细辛,银杏叶
TCMF11317,跌打损伤，瘀血肿痛，筋骨折伤。,血竭，当归，土鳖虫，麝香，朱砂，自然铜,乳香
TCMF12086,咳嗽，气喘，痰多，胸闷。,川贝母，知母，紫苏叶，竹茹，瓜蒌，麻黄，五味子，苦杏仁，乌梅，前胡，诃子，白果，银杏叶，橘红，枳壳，槟榔，松花粉，石膏,麦冬
TCMF10199,热毒蕴结所致的痈肿疮疡，咽喉肿痛，口舌生疮。,甘草，紫花地丁，大青叶,蒲公英
TCMF12364,发热，心烦，口渴，怠惰嗜卧，四肢无力，夜热甚,石斛，木通，石膏,知母
TCMF9764,肾虚腰痛，神疲乏力，头晕耳鸣，食欲不振。,杜仲，党参，五味子，山楂，枸杞子，鹿角胶，蜂蜜,西洋参
TCMF10673,心脾两虚，失眠多梦，神疲乏力，食欲不振。,人参，鹿茸，制何首乌，淫羊藿，酸枣仁，甘草，干姜,大枣
TCMFx4991,"乳痈, 疔疮, 疮疡, 黄水疮",麝香，当归，乳香，三七，黄连，朱砂，丹参，川芎，没药，芦荟,红花
TCMF8439,疥疮，顽癣，湿疹，神经性皮炎,安息香，儿茶，麝香，硫黄,蓖麻子
TCMF693,"骨性关节炎, 软组织损伤",红花，川乌，何首乌，续断，威灵仙，延胡索，防风，鸡血藤,蝉蜕
TCMF5306,"水肿, 眩晕, 耳鸣",金樱子，菟丝子，山药，墨旱莲，莲须，黄芪，党参，白术，茯苓，紫苏叶，蝉蜕，益母草,女贞子
TCMF12192,黄疸，湿重于热，小便不利，发热恶寒，头身困重，胸脘痞满，食欲不振。,茵陈，茯苓，泽泻，苍术，桂枝,猪苓
TCMF8793,乳痈，乳癖，乳汁不通。,丝瓜络，漏芦，白芍，当归，王不留行,黄芪
TCMFx4850,"偏枯, 痹病",川芎，草乌，石斛，半夏，川牛膝，天南星，党参，钩藤，续断，陈皮，马钱子,木瓜
TCMFx3824,咳嗽,陈皮，茯苓，甘草，生姜,半夏
TCMF10965,心悸失眠，头晕目眩，神经衰弱。,知母，丹参，茯苓，制何首乌，五味子，川芎，酸枣仁,麦冬
TCMF697,痹病,川乌，秦艽，甘草，穿山龙，天南星，当归，草乌，白芷，粉萆薢，薏苡仁，徐长卿,红花
TCMF8606,咽喉肿痛，声音嘶哑，发热咳嗽。,黄芩，菊花，牛蒡子，赤芍，连翘，金银花，板蓝根，玄参，木蝴蝶，蝉蜕，僵蚕,胖大海
TCMF11794,心悸失眠，烦躁不安，头晕目眩，食欲不振。,丹参，合欢花，合欢皮，五味子，当归，大枣，酸枣仁，山药，远志，珍珠母,首乌藤
TCMF4556,跌打损伤,血竭，红花，儿茶，土鳖虫，三七，乳香，麝香，没药，冰片,朱砂
TCMF12370,咳嗽，胸痛，咳吐脓血，发热，口干咽燥,玄参，蒲公英，金银花，紫花地丁，菊花，甘草，陈皮，黄芩，桔梗,款冬花
TCMF7410,肝胃不和郁热证引起的胸脘胁痛，嗳气呃逆，吐酸嘈杂，脘胀纳呆，口干口苦，舌红苔黄等及反流性食管炎，功能性消化不良见上述证候者。,柴胡，白芍，枳实，清半夏，黄连，旋覆花，赭石，海螵蛸，浙贝母，瓦楞子，白及，甘草,吴茱萸
TCMF12178,脾胃虚弱，食少腹胀，大便溏泄，肢倦乏力。,人参，白术，茯苓，山药，莲子，白扁豆，薏苡仁，芡实，麦芽，山楂，砂仁，木香，青皮，枳壳，当归，甘草,陈皮
TCMF11812,慢性肾炎，肾功能不全，蛋白尿，水肿。,人参，黄芪，茯苓，泽泻，益母草，白术，甘草,丹参
TCMF10138,脾胃虚弱，食少便溏，脘腹胀满，呕吐吞酸。,广藿香，茯苓，豆蔻，砂仁，木香，厚朴，香附，半夏，陈皮，枳实，甘草,白术
TCMFx22,"头晕, 心悸, 目眩, 耳鸣, 健忘, 失眠, 疲乏无力; 更年期综合征, 病后体虚见上述证候者",人参，金樱子，女贞子，淫羊藿，甘草，黄精，黄芪，菟丝子，白芍，麦芽,枸杞子
TCMF12279,心悸失眠，头晕目眩，腰膝酸软，气血两虚。,麦冬，西洋参，黄芪，当归，杜仲，续断，鹿茸，茯苓，白术，黄芩，牡丹皮，柴胡，川芎，艾叶，阿胶，陈皮，佛手，肉桂,熟地黄
TCMF8029,慢性乙型肝炎，肝功能异常，胁痛，黄疸。,土茯苓，车前子，丹参，夏枯草，山豆根，炙甘草，垂盆草，红花，蒲公英,野菊花
TCMF10291,湿热泄泻，腹痛，腹泻，消化不良。,苍术，厚朴，茯苓，泽泻，木香，槟榔，白芍，甘草,黄连
TCMF12119,眩晕，头痛，耳鸣，失眠，健忘。,女贞子，墨旱莲，茯苓，白术，泽泻，菊花，半夏，陈皮，牛膝,甘草
TCMF7910,高血压，头痛，眩晕，耳鸣，失眠。,石决明，夏枯草，菊花，黄精，制何首乌，女贞子，葛根，牛膝,桑寄生
TCMF12236,跌打损伤，瘀血肿痛，筋骨疼痛。,没药，乳香，当归，血竭，人参，牛黄，麝香，珍珠,三七
TCMF8294,寒湿痹阻所致的痹病，症见肢体关节疼痛、肿胀、屈伸不利、局部畏寒、肢冷、麻木。,附子，制川乌，桂枝，细辛，黄芪，白术，甘草，白芍，当归，威灵仙，木瓜,麻黄
TCMF10455,泌尿系结石，尿路感染，小便不利，淋漓涩痛。,金钱草，海金沙，石韦，瞿麦，滑石，车前子，木通，栀子，大黄,甘草
TCMF10672,痔疮肿痛，大便出血，肛门瘙痒。,黄芩，荆芥穗，槐花，槐角，赤芍，当归，阿胶,黄连
TCMF7898,咽喉肿痛，声音嘶哑，口腔炎症。,冬凌草，桔梗，甘草,薄荷
TCMF10085,月经不调，痛经，产后瘀血，腰膝酸软，脾胃虚弱。,丹参，荆芥穗，益母草，白芍，茯苓，白术，豆蔻，砂仁，木香，苍术，厚朴，红花，赤芍，附子，牡丹皮，木瓜，山楂，甘草,杜仲
TCMF11763,风寒湿痹，关节疼痛，肢体麻木。,荆芥，防己，桂枝,细辛
TCMF11035,风热感冒，咽喉肿痛，头痛发热。,荆芥，防风，青黛，牡丹皮，白芷，细辛，青皮，甘草,石膏
TCMF9700,脾胃虚弱，食欲不振，消化不良，脘腹胀满。,甘草，山楂，鸡内金,白术
TCMFx5578,"积滞, 胃脘痛",檀香，细辛，肉桂，赤小豆，鸡内金，甘草，山楂，乌梅，薏苡仁,木香
TCMF11736,风寒湿痹，肢体麻木，关节疼痛。,荆芥，防风，威灵仙，独活，羌活，制川乌，香附，桂枝，土鳖虫，乌梢蛇，地龙,制草乌
TCMF10369,热毒血瘀，疮疡肿毒，丹毒，咽喉肿痛。,黄芩，黄连，大黄，栀子，天花粉，连翘，黄柏，青黛，甘草,玄参
TCMF8818,胆结石，胆囊炎，胆道感染。,金钱草，黄芩，茵陈，郁金，木香，大黄，芒硝,槟榔
TCMF7355,小儿疹后余毒未尽，烦躁，口渴，口疮，便秘，疥肿溃烂。,牛黄，珍珠，雄黄，黄连，天花粉，赤芍，乳香，没药，冰片，大黄,川贝母
TCMF9187,肾虚腰痛，阳痿早泄，遗精，头晕耳鸣，失眠多梦。,肉苁蓉，锁阳，五味子，金樱子，蛇床子，女贞子，枸杞子，菟丝子,淫羊藿
TCMF8033,肾虚，腰膝酸软，头晕耳鸣，记忆力减退。,补骨脂，肉苁蓉，巴戟天，益智，山药，白术，乳香，姜黄，砂仁，苍术，木香，香附，甘草,没药
TCMF10047,气血两虚，头晕目眩，心悸失眠，腰膝酸软。,人参，黄芪，党参，白术，当归，熟地黄，白芍，茯苓，三七，炙甘草，肉桂，鹿茸,川芎
TCMF8136,气阴两虚，心悸气短，失眠多梦，神疲乏力。,麦冬，黄芪，山药,黄精
TCMF9669,糖尿病，消渴，口渴多饮，多食易饥，尿频量多，形体消瘦，疲乏无力。,黄芪，人参，知母，天花粉，葛根，地骨皮，山药，鸡内金,五味子
TCMF10278,小儿腹泻，消化不良，腹痛。,黄芩，大黄，荆芥，麻黄，赤芍，胡椒，马钱子，牡丹皮，当归，独活，防风，羌活，骨碎补，丁香，玄参，黄柏，肉桂，吴茱萸,白芷
TCMF7436,风寒水饮，恶寒发热，无汗，喘咳痰稀。,桂枝，白芍，干姜，细辛，半夏，甘草,麻黄
TCMF11377,风寒湿痹，肢体麻木，关节疼痛。,荆芥，苍术，羌活，川芎，当归，天麻，全蝎，何首乌，石斛，麻黄，细辛，朱砂，炙甘草,防风
TCMF8798,小儿感冒，发热，咳嗽，咽喉肿痛。,儿茶，胡黄连，石膏，冰片，玄明粉，滑石粉,青黛
TCMF11557,心悸失眠，头晕目眩，耳鸣健忘，神经衰弱。,酸枣仁，五味子，远志，茯苓，石菖蒲，丹参，天冬，麦冬，知母，甘草,黄连
TCMF11572,肝郁脾虚，气血不足，头晕目眩，心悸失眠。,党参，人参，北沙参，五味子，枸杞子，川楝子，当归，桂枝,麦冬
TCMF9517,中风后遗症，脑血栓形成，脑栓塞，脑动脉硬化，脑出血后遗症。,川芎，丹参，红花，三七，水蛭，地龙，僵蚕，全蝎，蜈蚣，冰片，人工牛黄,土鳖虫
TCMF3416,"痹病, 破伤风",三七，僵蚕，白附子，防风，羌活，天南星，白芷,天麻
TCMF7445,"髓劳, 血劳",熟地黄，当归，白芍，川芎，鹿角胶，枸杞子，黄芪，党参，白术，茯苓，甘草,阿胶
TCMF11507,清热解毒，用于治疗感冒发热，咽喉肿痛，咳嗽痰多。,川贝母，黄芩，麦冬，天花粉，薄荷，桔梗，牛蒡子，大黄，连翘，金银花，板蓝根，山楂，玄参，僵蚕,大青叶
TCMF5087,"眩晕, 耳鸣, 解?",山药，熟地黄，杜仲，肉苁蓉，山茱萸，茯苓，菟丝子，泽泻，牛膝，五味子，赤石脂,巴戟天
TCMF3218,"眩晕, 心悸, 耳鸣, 不寐, 健忘, 阳痿, 遗精",人参，金樱子，枸杞子，女贞子，菟丝子，淫羊藿，白芍，麦芽，黄精,甘草
TCMF7362,阴虚内热，骨蒸潮热，午后发热，手足心热，烦躁失眠，盗汗，口干咽燥，脉细数。,银柴胡，胡黄连，知母，秦艽，青蒿，甘草,地骨皮
TCMF8130,痔疮，肛裂，肛周炎等肛门疾病,五倍子,冰片
TCMFx22,"头晕, 心悸, 目眩, 耳鸣, 健忘, 失眠, 疲乏无力; 更年期综合征, 病后体虚见上述证候者",人参，金樱子，女贞子，淫羊藿，黄精，黄芪，枸杞子，菟丝子，白芍，麦芽,甘草
TCMF4720,心悸,人参，麦冬，五味子,黄芪
TCMF9222,前列腺炎，尿频，尿急，尿痛，腰膝酸软。,土茯苓，苦参，薏苡仁，白术，大黄，川木通，金樱子，泽泻，鹿茸，蜈蚣,虎杖
TCMF10349,风寒感冒，头痛鼻塞，恶寒发热，肢体酸痛。,细辛，香附，土木香，防风，白芷，川芎，荆芥，薄荷，桔梗，甘草,羌活
TCMF9350,风湿痹痛，筋骨痿软，肢体麻木，腰膝酸痛。,玉竹，红花，秦艽，木瓜，川芎，当归，防风，桑枝，五加皮，川牛膝，续断,天麻
TCMF11299,湿热下注所致的痹病，症见关节红肿热痛，屈伸不利，下肢沉重等。,土茯苓，丹参，夏枯草，泽兰，黄芪，防己，薏苡仁，丝瓜络，女贞子，川牛膝,当归
TCMF11912,头痛，眩晕，高血压，神经衰弱。,天麻，钩藤，杜仲，野菊花，当归，虎杖，牛膝，玄参,川芎
TCMF7357,"急, 慢性滑膜炎",夏枯草，防己，泽泻，豨莶草，茯苓，丹参，续断，赤芍，车前子，甘草,狗脊
TCMF11338,跌打损伤，瘀血肿痛，筋骨疼痛。,鸡血藤，丹参，当归，赤芍，桃仁，红花，三棱，莪术，乳香，没药，牛膝，土鳖虫，血竭，自然铜，骨碎补，续断，桑寄生，木香，香附，延胡索，甘草,川芎
TCMF8961,气血两虚，头晕目眩，心悸失眠，食欲不振，四肢乏力。,黄芪，白术，当归，阿胶,党参
TCMF12004,小儿热毒，疮疖脓肿，口舌生疮，咽喉肿痛。,黄连，大黄，龙胆，玄参，连翘，菊花，茯苓，天花粉，桔梗，冰片，水牛角，朱砂，青黛,黄芩
TCMF11156,痛经，月经不调，产后瘀血腹痛，消化不良。,益母草，乳香，没药，三棱，川芎，党参，白术，茯苓，苍术，大黄，白芍，地榆，木瓜，桃仁，当归，羌活，香附，山楂,木香
TCMF1157,"寒淋冷气入胞, 以致小便闭塞, 胀痛难禁, 不时淋漓, 少腹隐痛",茯苓，猪苓，白术，桂枝,泽泻
TCMF11071,中风后遗症，瘫痿痹痛，肢体麻木，口眼歪斜，言语不利。,全蝎，穿山甲，僵蚕，地龙，胆南星，白附子，蜈蚣，天麻，钩藤，丹参，赤芍，桃仁，川芎，当归，黄芪，党参，白术，茯苓，甘草,红花
TCMF7954,疮疡溃烂，久不收口，疥癣瘙痒。,冰片，重楼，石膏，红粉，炉甘石,轻粉
TCMFx2923,"恶露不绝, 产后腹痛, 痛经",益母草，当归，川芎，香附，延胡索，熟地黄，红花，桃仁,赤芍
TCMF7716,中风后遗症，脑梗塞，脑血栓形成，脑出血后遗症，肢体麻木，言语不利，口眼歪斜，头晕头痛。,黄芪，当归，川芎，赤芍，地龙，桃仁，红花，丹参，石菖蒲，远志，郁金，胆南星，全蝎，蜈蚣，冰片，人工牛黄,僵蚕
TCMF10499,急慢性肝炎，肝硬化，肝功能异常。,茵陈，猪胆粉，五味子，栀子，大黄，丹参，郁金，白芍，甘草,板蓝根
TCMF12283,肾虚腰痛，腰膝酸软，头晕耳鸣，遗精早泄，月经不调。,鹿茸，杜仲，黄芪，西洋参，当归，白芍，熟地黄，麦冬，黄芩，茯苓，白术，川芎，柴胡，牡丹皮，艾叶，续断，肉桂，佛手，阿胶,陈皮
TCMF8331,胸痹心痛，胸闷气短，心悸失眠，冠心病，心绞痛。,降香，乳香，三棱，莪术，郁金，木香，厚朴，桃仁，沉香，蒲黄，延胡索，陈皮，花蕊石，冰片，鸡内金，蜂蜜，麝香，朱砂，珍珠,佛手
TCMF10910,感冒咳嗽，痰多，气喘。,薄荷，桔梗，麻黄，半夏，陈皮，紫菀，枇杷叶，甘草,远志
TCMF12209,肾虚腰痛，遗精早泄，阳痿不举，畏寒肢冷，神疲乏力。,补骨脂，杜仲，沙苑子，巴戟天，淫羊藿，茯苓，肉苁蓉，附子，当归，莲须，牛膝，菟丝子，肉桂,枸杞子
TCMF11408,咳嗽痰多，气喘胸闷，慢性支气管炎，支气管哮喘。,百部，川贝母，薤白，浙贝母，黄芩，紫苏子，炙甘草，茯苓，生姜，党参，桔梗，款冬花，紫菀，白前，麻黄，马兜铃，白芍，五味子，苦杏仁,细辛
TCMF10679,肝肾不足，视物昏花，目涩羞明，腰膝酸软。,麦冬，枸杞子，党参，茯苓，牡丹皮，当归，石菖蒲，远志，泽泻,五味子
TCMF8266,感冒发热，咽喉肿痛，咳嗽痰多。,黄芩，葛根，桔梗，青蒿，连翘，枇杷叶,柴胡
TCMF8551,咽喉肿痛，声音嘶哑，口干舌燥。,金银花，连翘，板蓝根，玄参，射干，甘草，冰片,桔梗
TCMF12034,脾胃虚弱，食欲不振，消化不良，脘腹胀满。,谷芽，麦芽，南沙参，山药，九香虫,白术
TCMF11160,湿热瘀阻所致的腹痛、腹泻、胁痛、黄疸等。,甘草，川楝子，延胡索，大黄，牡丹皮，大血藤，忍冬藤，大青叶,赤芍
TCMFx1305,"气滞胃寒, 两胁胀满, 胃脘刺痛, 肚腹隐痛",乌药，檀香，延胡索，香橼，蒲黄，沉香，厚朴，乳香，降香，丁香,香附
TCMFx4550,"症积, 积滞",三棱，莪术，山楂，陈皮，枳实，槟榔，牵牛子，大黄,青皮
TCMF10238,小儿感冒，发热，咳嗽，鼻塞，流涕。,麻黄，白芷，瓜蒌皮，板蓝根，大青叶，葶苈子，艾叶，青黛,浙贝母
TCMF7336,气血两虚，面色苍白，头晕目眩，心悸失眠，食欲不振。,人参，黄芪，当归，熟地黄，白芍，川芎，茯苓，甘草,白术
TCMF11170,心悸失眠，头晕目眩，气血两虚。,鸡血藤,钩藤
TCMF10228,小儿感冒发热、咳嗽、气喘。,麻黄，苦杏仁，石膏，金银花，板蓝根,甘草
TCMF8649,肝气郁结，胸胁胀痛，月经不调，痛经。,柴胡，香附，川芎，白芍，合欢皮，茯苓，甘草，郁金，枳壳，路路通，橘核，大腹皮，当归,青皮
TCMFx5999,"胃脘痛, 腹胀",肉桂，牡蛎，小茴香，砂仁，高良姜，白芍，甘草,延胡索
TCMF11547,脾胃虚弱，气短乏力，食少便溏，久泻脱肛，崩漏下血。,黄芪，党参，甘草，当归，陈皮，升麻，柴胡，生姜，大枣,白术
TCMF8153,慢性盆腔炎，附件炎，子宫内膜炎等,车前子，泽兰，红花，川芎，炮姜，海藻，柴胡，当归，香附，延胡索,赤芍
TCMF440,"心悸气短, 头晕目眩, 倦怠乏力, 腰膝酸软, 面色苍白, 唇甲色淡, 或伴出血; 再生障碍性贫血, 缺铁性贫血见以上述证候者",菟丝子，红参，鸡血藤，阿胶，当归，女贞子，黄芪，益母草，熟地黄，白芍，何首乌，淫羊藿，黄精，党参，麦冬，仙鹤草，白术，枸杞子，墨旱莲,补骨脂
TCMF10075,清热解毒，凉血消肿，用于治疗热毒炽盛引起的咽喉肿痛，口舌生疮，牙龈肿痛等。,黄芩，黄连，龙胆，栀子，川芎，冰片,玄参
TCMFx5433,"痹病, 跌打损伤",黄芪，鸡血藤，海藻，三棱，莪术，川芎，白附子，天南星，半夏，川乌，草乌，白蔹，山豆根，赤芍，苍术,红花
TCMF4797,"癃闭, 劳淋",淫羊藿，蒲黄，车前草，川牛膝,黄芪
TCMF12182,肾虚腰痛，头晕耳鸣，须发早白，失眠多梦，神疲乏力。,麦冬，天冬，侧柏叶，黑豆，炙黄芪，茯苓，核桃仁，制何首乌，大枣，山药，芡实，熟地黄，玄参，黑芝麻，大青盐，珍珠,黄精
TCMFx1212,咳逆,血竭，麝香，冰片，没药，红花，朱砂，儿茶,乳香
TCMF4944,"疳病, 虫积",天南星，槟榔,使君子
TCMFx6120,"伤食, 积滞, 疳病",枳壳，三棱，黄芩，莪术，厚朴，槟榔，青皮，陈皮，大黄，牵牛子，香附，木香，巴豆霜,朱砂
TCMF8662,肝肾阴虚，头晕目眩，腰膝酸软，须发早白。,黄精，墨旱莲，女贞子,制何首乌
TCMF11803,肾虚腰痛，遗精早泄，阳痿不举，头晕耳鸣，神疲乏力。,补骨脂，肉苁蓉，淫羊藿，黄芪，红参，炙甘草，熟地黄，制何首乌，当归，车前子，茯苓，白术，五味子，覆盆子，金樱子，枸杞子，川芎，蛇床子，小茴香,山药
TCMF10524,脾胃虚弱，食欲不振，气短乏力，腰膝酸软。,黄芪，何首乌，当归，淫羊藿，菟丝子,枸杞子
TCMFx5725,"虚劳, 月经失调, 痛经",当归，白芍，茯苓，甘草，党参，黄芪，川芎,熟地黄
TCMFx7278,跌打损伤，瘀血肿痛。,当归，土鳖虫，自然铜，三七，冰片,乳香
TCMF10906,外感风寒，内伤湿滞，发热恶寒，头痛身重，胸闷脘痞，腹痛吐泻。,羌活，独活，川芎，柴胡，前胡，茯苓，党参，枳壳，甘草,桔梗
TCMF9001,冠心病，心绞痛，心肌梗死，心律失常,没药，乳香，沉香，葶苈子，血竭，冰片，人工牛黄，麝香，朱砂，珍珠，雄黄,蟾酥
TCMF8333,痛经，月经不调，血瘀腹痛。,胡芦巴，苏木，木香，香附，延胡索，丹参，红花，牛膝，甘草,桃仁
TCMF8510,糖尿病及其并发症，如糖尿病周围神经病变、糖尿病肾病等。,黄精，黄芪，太子参,玄参
TCMFx123,急性鼻炎,黄芩，白芷，苍耳子，辛夷，鹅不食草，薄荷,麻黄
TCMF11477,风寒感冒，鼻塞流涕，头痛，咳嗽。,朱砂，荜茇，苍术，鹅不食草，细辛，白芷，丁香，石菖蒲，冰片，雄黄,白矾
TCMF4382,痹病,木瓜，玉竹，羌活，独活，当归，陈皮，秦艽，川芎，红花，千年健，川牛膝，桑寄生,五加皮
TCMF7695,脾胃虚弱，气血不足，食欲不振，肢倦乏力。,黄芪，白术，茯苓，当归，白芍，熟地黄，川芎，肉桂，甘草,人参
TCMF12490,面色无华，头晕发枯，疲乏无力，失眠多梦，月经不调,制何首乌，太子参，当归，丹参，桑椹，墨旱莲，杜仲，肉苁蓉，黑芝麻，枸杞子，黄芪，山药，知母，天花粉，山楂,蜂蜜
TCMF1385,"心下有痰饮, 胸胁支满, 目眩, 苓桂术甘汤主之夫短气有微饮, 当从小便去之, 苓桂术甘汤主之",茯苓，桂枝，白术,甘草
TCMF6866,"具有疏风清热, 利咽止咳。用于感冒风热证, 症见发热或微有恶风, 咳嗽痰少, 鼻塞流涕, 喷嚏, 咽红痛痒, 头痛等。",金银花，前胡，牛蒡子，苦杏仁，蝉蜕，人工牛黄，芦根，桔梗,黄芩
TCMF7837,月经不调，痛经，产后腹痛，气血两虚。,黄芩，益母草，紫苏叶，甘草，茯苓，砂仁，党参，白术，木香，沉香，川芎，当归，香附，川牛膝，熟地黄，陈皮，乌药，阿胶,白芍
TCMF12403,鼻衄，心悸，气短，乏力，舌尖红，脉细数,人参,莲子心
TCMF10670,肾虚腰痛，腰膝酸软，神疲乏力，头晕耳鸣。,补骨脂，杜仲，黄芪，党参，当归，茯苓，白术，砂仁，益智，黄芩，艾叶，乌梅，枸杞子，山茱萸，山药，狗脊，续断，菟丝子，桑寄生,白芍
TCMF5424,"痞满, 胃脘痛, 便秘",半夏，龙胆，大黄，枳实,木香
TCMF8914,气虚血瘀所致的头痛、眩晕、肢体麻木。,黄芪，地龙,川芎
TCMFx5770,咳嗽,麻黄，金银花，苦杏仁，板蓝根，石膏，瓜蒌,甘草
TCMFx764,痹病,川乌，白芷，草乌，甘草，白术，没药，麻黄，川芎，乳香，秦艽，地龙，当归，茯苓，赤小豆，羌活，天麻，赤芍，细辛，防风，天南星，桂枝，甘松,香附
TCMF11119,脾胃虚弱，食欲不振，气短乏力，肺燥咳嗽。,麦冬，白扁豆，葛根，茯苓，白芍，山楂，北沙参，太子参，山药，陈皮,麦芽
TCMF8968,感冒咳嗽，支气管炎，哮喘。,黄芩，紫苏叶，桔梗，紫菀，苦杏仁，连翘，鱼腥草，防风，法半夏，银杏叶，甘草,麻黄
TCMF8687,肾虚，腰膝酸软，神疲乏力，头晕耳鸣。,冬虫夏草，大枣，龙眼肉，枳壳，鹿茸,黄芪
TCMF8652,胸痹心痛，心悸失眠，月经不调，痛经。,丹参，香附，桂枝,延胡索
TCMFx4498,咳嗽,橘红，川贝母，半夏，桔梗，远志，紫苏子，紫菀，款冬花，枇杷叶，苦杏仁，麻黄，肉桂，天花粉，木香，甘草,前胡
TCMF10877,中暑，脘腹胀痛，恶心呕吐，痢疾泄泻，小儿痰厥。,千金子霜，红大戟，五倍子，冰片，麝香，朱砂，珍珠，雄黄,牛黄
TCMF8104,肝郁气滞，湿热内蕴，症见胁肋胀痛，口苦纳呆，小便黄赤，大便不爽。,丹参，夏枯草，茯苓，党参，蒲公英，虎杖，白芍，桃仁，柴胡，当归，枳壳，鳖甲,白术
TCMF9191,肾虚精亏，腰膝酸软，头晕耳鸣，阳痿早泄，遗精滑精。,韭菜子，黄芪，人参，杜仲，肉苁蓉，附子，枸杞子，当归，淫羊藿，熟地黄，菟丝子,鹿茸
TCMF11369,脾胃虚弱，湿阻中焦，脘腹胀满，食欲不振，大便溏泄。,姜黄，白术，茯苓,甘草
TCMF12286,跌打损伤，瘀血肿痛，筋骨疼痛。,没药，乳香，红花，赤芍，大黄，麻黄，天花粉，骨碎补，三七，续断，自然铜,当归
TCMFx555,"冠心病稳定型劳累型心绞痛I, II级",黄芪，丹参，人参，茯苓，水蛭，红花，川芎，山楂，蒲黄，何首乌，葛根，黄芩，玄参，甘草,三七
TCMF9311,热性病，感冒发热，咽喉肿痛，肺炎，肠炎等。,炉甘石，麦冬，栀子，连翘，木香，沉香，丁香，红花，牛黄，麝香,石膏
TCMFx1066,感冒,荆芥穗，薄荷，防风，柴胡，紫苏叶，葛根，桔梗，苦杏仁，白芷，苦地丁,芦根
TCMFx3758,"感冒, 风温",石膏，知母，黄芩，大青叶，薄荷，连翘，牛黄，板蓝根，水牛角，芦根,柴胡
TCMF9087,咳嗽，气喘，痰多，胸闷。,百部，天冬，浙贝母，紫苏叶，紫苏子，甘草，茯苓，桔梗，款冬花，紫菀，苦杏仁，枇杷叶，北沙参，前胡，芥子，法半夏，陈皮，枳壳,麻黄
TCMF7010,"感冒风寒, 发热恶寒 头痛无汗, 咳嗽鼻塞",陈皮，川芎，甘草，香附，紫苏叶，白芷，升麻，葛根，赤芍，生姜,麻黄
TCMF7924,气血两虚，脾胃虚弱，食欲不振，神疲乏力，面色萎黄。,黄芪，鸡血藤，何首乌，当归，菟丝子,茯苓
TCMF4244,胃脘痛,川楝子，延胡索，木香，厚朴，砂仁，豆蔻，枳壳，沉香，茯苓，白芍，片姜黄，朱砂,陈皮
TCMF9108,脾肾阳虚，腰膝酸软，畏寒肢冷，神疲乏力，食少便溏。,人参，鹿茸，巴戟天，锁阳，菟丝子，枸杞子，韭菜子，肉苁蓉，淫羊藿，天冬，酸枣仁，柴胡，蛇床子，熟地黄,茯苓
TCMF7312,绝经前后诸症,酸枣仁，五味子，丹参，茯苓，川芎，甘草,知母
TCMF1445,"遗精, 消渴",黄芩，麦冬，地骨皮，黄芪，太子参，莲子，茯苓，甘草,车前子
TCMF8290,风湿性关节炎，类风湿性关节炎，风寒湿痹，关节疼痛，肢体麻木。,荆芥，防风，防己，苍术，秦艽，威灵仙，川芎，当归，独活，羌活，香附，延胡索，桂枝，土鳖虫，地龙,制川乌
TCMFx3570,跌打损伤,三七，没药，白芷，山柰，川乌，草乌，木香，冰片，甘松，红花，儿茶，当归，香附，土鳖虫，细辛，朱砂，自然铜，血竭，积雪草，陈皮,乳香
TCMF11960,脾胃虚弱，食少便溏，胸腹胀满，恶心呕吐。,薤白，黄芩，白扁豆，刀豆，茯苓，谷芽，麦芽，瓜蒌，豆蔻，砂仁，郁金，苏合香，桔梗，白术，木香，细辛，黄连，厚朴，甘草,薄荷
TCMFx6390,"腹泻, 腹胀",党参，白术，陈皮，白扁豆，薏苡仁，山药，莲子，泽泻，茯苓,甘草
TCMF11737,瘰疬，瘿瘤，乳癖，乳痈，疮疡肿毒，瘀血阻滞所致的疼痛。,乳香，木鳖子，蜂房，制草乌，当归，石菖蒲，地龙,没药
TCMF6063,眩晕,泽泻，白术，茯苓，陈皮，半夏，女贞子，墨旱莲，菊花，牛膝,甘草
TCMF10820,肝肾不足，风湿痹阻所致的骨性关节炎、腰腿疼痛、屈伸不利、手足麻木、跟骨刺等。,鸡血藤，独活，骨碎补，狗脊，淫羊藿，续断，熟地黄,木香
TCMF10595,风热感冒，发热头痛，咳嗽口干，咽喉疼痛。,薄荷，荆芥，连翘，淡豆豉，牛蒡子，桔梗，淡竹叶，芦根，甘草,金银花
TCMF8743,清热解毒，用于治疗火热毒邪所致的疮疡肿毒，咽喉肿痛，口舌生疮。,黄连，黄芩，黄柏，栀子，金银花，蒲公英，紫花地丁，甘草,连翘
TCMF12257,妇人月经不调，经期腹痛，腰膝酸软，气血两虚。,党参，炙黄芪，当归，白芍，川芎，麦冬，黄芩，荆芥，益母草，肉苁蓉，茯苓，砂仁，陈皮，艾叶，炙甘草,杜仲
TCMF4925,"麻疹, 感冒",防风，山豆根，川芎，赤小豆，羌活，牛蒡子，黄连，天花粉，荆芥，大青叶，赤芍，当归，甘草，栀子，连翘，滑石，薄荷，柴胡，黄芩，升麻，雄黄，朱砂,玄参
TCMF8647,咳嗽痰多，气喘，胸闷，呼吸困难。,百部，川贝母，薤白，浙贝母，紫苏子，茯苓，生姜，党参，桔梗，款冬花，旋覆花，紫菀，白前，麻黄，马兜铃，细辛，白芍，五味子,黄芩
TCMF11496,脾胃虚弱，食积停滞，脘腹胀痛，消化不良。,甘草，三棱，莪术，草果，豆蔻，砂仁，白术，木香，大黄，山楂，川芎，当归，莱菔子，丁香，清半夏，牵牛子，陈皮，青皮，枳壳,厚朴
TCMF7410,"具有健脾和胃, 通络止痛。用于慢性非萎缩性胃炎脾胃虚弱兼胃热瘀阻证, 症见胃脘痞满胀痛, 食少纳呆, 大便溏薄, 体倦乏力, 舌淡苔薄黄, 脉细。",黄芪，党参，白术，茯苓，甘草，丹参，枳壳，砂仁，麦冬,赤芍
TCMF12254,心悸失眠，头晕目眩，痰迷心窍，神志不清。,麦冬，红参，远志，酸枣仁，石菖蒲，郁金，牛黄，朱砂，珍珠母，甘草,茯苓
TCMF9754,血瘀证，胸闷心痛，跌打损伤，瘀血肿痛。,三七，丹参，红花，白术，茯苓，当归，川芎，赤芍，桃仁,甘草
TCMF8821,胆囊炎，胆石症，胆道感染。,茵陈，蒲公英，苍术，川楝子，延胡索，赤芍，柴胡，板蓝根，枳壳，甘草,姜黄
TCMF11210,感冒发热，咽喉肿痛，头痛，咳嗽。,黄芩，柴胡，细辛，大青叶，牛黄,板蓝根
TCMF11754,跌打损伤，瘀血肿痛，骨折筋伤。,三棱，莪术，郁金，红花，大黄，白芍，牡丹皮，制川乌，柴胡，当归，香附，三七，蒲黄，续断，延胡索，青皮，枳壳，乌药,防风
TCMF8428,暑湿感冒，头痛身重，胸闷，恶心呕吐，食欲不振。,广藿香，栀子，防风，甘草,石膏
TCMF7783,风热咳嗽，痰多粘稠，咽痛，发热。,浙贝母，薄荷，黄芩，桔梗，连翘，枇杷叶，前胡，桑叶，甘草,菊花
TCMF7080,"头痛发热, 心烦不眠, 眶痛鼻燥, 嗌干耳聋, 恶寒无汗",柴胡，葛根，羌活，白芷，黄芩，白芍，甘草，石膏，生姜，大枣,桔梗
TCMF9986,脾胃虚弱，脘腹胀痛，消化不良。,苍术，厚朴，香附，陈皮,高良姜
TCMF10026,心悸失眠，健忘多梦，头晕目眩，腰膝酸软。,人参，麦冬，五味子，柏子仁，远志，石菖蒲，杜仲，山茱萸，何首乌，川贝母，茯苓，防风，丹参，三七,甘草
TCMF9939,气血两虚，面色萎黄，食欲不振，四肢乏力。,黄芪，当归,人参
TCMF12301,月经不调，痛经，不孕症，气血两虚。,丹参，益母草，炙黄芪，党参，当归，黄芩，茯苓，白术，木香，白芍，川芎，香附，山药，续断，熟地黄，延胡索，炙甘草，砂仁，肉桂,阿胶
TCMFx2969,"血劳, 月经失调, 痛经",熟地黄，川芎，党参，白芍，甘草，黄芪,当归
TCMF11562,骨性关节炎，骨质疏松，骨折恢复期。,丹参，郁金，枸杞子，三七，牛膝,鸡血藤
TCMF121,"风温, 感冒",川芎，菊花，黄芩，栀子，蔓荆子，黄连，薄荷，连翘，荆芥穗，藁本，桔梗，防风，甘草，白芷,羌活
TCMF7302,痰湿阻滞，胸脘痞闷，呕吐痰涎，头目眩晕。,天南星，陈皮，茯苓，白术，甘草,半夏
TCMF10396,高脂血症，肥胖症，动脉硬化。,决明子，何首乌，山楂,泽泻
TCMF3975,急惊风,胆南星，僵蚕，全蝎，白附子，赭石，麝香，天麻，冰片,乳香
TCMF9966,胃痛，胃胀，消化不良，嗳气反酸。,沉香，三七，海螵蛸,砂仁
TCMF11190,肾阳不足，腰膝酸软，畏寒肢冷，阳痿早泄，夜尿频多。,肉苁蓉，锁阳，菟丝子，蛇床子，淫羊藿，韭菜子，五味子，覆盆子，巴戟天，枸杞子，熟地黄，山茱萸，石斛，麦冬，玉竹，人参，黄芪，白术，茯苓,甘草
TCMF8514,高脂血症，肥胖症。,决明子，制何首乌，山楂，泽泻,荷叶
TCMF898,"妇女经脉不行或不调, 或前或后, 赤白带下, 久不成孕",当归，白芍，香附，陈皮，熟地黄，川芎，大枣，白术，续断，砂仁，黄芩,甘草
TCMF9311,热性病，感冒发热，咽喉肿痛，肺炎，肠炎等。,石膏，炉甘石，麦冬，栀子，连翘，木香，沉香，丁香，红花，麝香,牛黄
TCMF11397,淋巴结炎，甲状腺肿大，乳腺增生。,麦冬，浙贝母，丹参，三棱，莪术，马勃，蒲公英，金银花，板蓝根，玄参，泽泻，木蝴蝶，鸡内金，蝉蜕,桃仁
TCMF8085,气血两虚，心悸失眠，头晕目眩，腰膝酸软。,丹参，黄芪，鸡血藤，制何首乌，忍冬藤，太子参，酸枣仁,山茱萸
TCMFx496,"发热, 急惊风",酸枣仁，何首乌，丹参，川芎，麦冬，五味子，茯苓,知母
TCMF9994,月经不调，痛经，闭经，血瘀证。,丹参，红花，补骨脂，杜仲，三棱，莪术，苏木，川芎，白术，木香，当归，白芍，牡丹皮，山楂，桃仁，地骨皮，何首乌，麦芽,炙黄芪
TCMF7896,跌打损伤，筋骨疼痛，风湿痹痛,黑豆，川牛膝，续断,红花
TCMF9871,中风后遗症，肢体麻木，半身不遂，言语不利,人参，黄芪，当归，川芎，红花，桃仁，地龙，全蝎，蜈蚣,丹参
TCMF2978,感冒,麻黄，羌活，防风，苍术，细辛，白芷，荆芥穗，薄荷，当归，甘草,川芎
TCMF7779,风寒湿痹，关节疼痛，肢体麻木，腰膝酸软。,荆芥，麻黄，干姜，桂枝，红花，当归，木瓜，白芷，独活，防风，牛膝,羌活
TCMF7387,感冒咳嗽，支气管炎，咳嗽痰多。,罗汉果，百部，白前，桔梗，桑白皮，枳壳，陈皮，甘草,薄荷
TCMF10955,脾胃虚弱，食欲不振，肢倦乏力，腰膝酸软。,炙黄芪，白术，茯苓，山药，菟丝子，沙苑子，白扁豆，当归，陈皮,芡实
TCMF12492,月经量多，色淡红或鲜红，质稀或有小血块，神疲乏力，气短懒言，心悸少寐，腰膝酸软，手足心热，舌淡红或红，苔薄白或薄黄，脉细数或弦细,当归，白术，党参，黄芪，茯苓，柏子仁，远志，炙甘草，山药，麦冬，枸杞子，续断，桑寄生，地榆，乌梅，藕节，小蓟,大蓟
TCMF9424,乳腺增生，乳房胀痛，乳癖。,青皮，丹参，乳香，没药，黄芪，白术，三棱，莪术，海藻，牡蛎，天冬，麦芽，淫羊藿，鸡内金,柴胡
TCMF9016,肝肾阴虚，目涩畏光，视物模糊，迎风流泪。,熟地黄，山茱萸，枸杞子，当归，白芍，茯苓，泽泻，牡丹皮，石决明，菊花，枳壳,山药
TCMF7150,各种颈椎病引起的疼痛。,熟地黄，当归，白芍，黑芝麻，枸杞子，鹿茸，骨碎补，狗脊，千年健，地枫皮，威灵仙，蛇蜕，木瓜，丹参，黄芪，天麻，葛根，桂枝，牛膝，乳香，没药，甘草,何首乌
TCMF10523,外感风热，发热头痛，咽喉肿痛，咳嗽痰黄。,黄芩，石膏，柴胡，薄荷，芦根，连翘，板蓝根，大青叶，牛黄,知母
TCMF8151,肺肾阴虚，燥咳少痰，痰中带血，咽干喉痛。,百合，麦冬，川贝母，桔梗，熟地黄，当归，白芍，甘草,玄参
TCMF12161,风湿性关节炎，类风湿性关节炎，腰肌劳损，坐骨神经痛。,野木瓜，丹参，枳壳,甘草
TCMFx3345,"哮病, 喘病, 肺心病, 肺胀",苦杏仁，地龙，桑白皮，陈皮，黄芩，白前，苦参，甘草，茯苓,白果
TCMFx6483,"中风, 偏枯, 遗精, 髓劳, 血劳",黄芪，熟地黄，当归，白芍，川芎，白术，茯苓，薏苡仁，鸡血藤，钩藤，僵蚕，防风，羌活，木瓜，牛膝，乌药，杜仲，附子，肉桂，沉香，甘草，大枣,人参
TCMF12462,关节疼痛，屈伸不利，腰腿酸软，畏寒肢冷，肢体麻木,制川乌，制草乌，马钱子，麻黄，桂枝，人参，乌梢蛇，牛膝，鹿茸，续断，刺五加,细辛
TCMF9095,湿热下注，淋证，尿路感染，带下病。,车前草，益母草，鸡血藤，蒲公英，赤芍，川芎，狗脊,忍冬藤
TCMF9466,风湿性关节炎，类风湿性关节炎，风寒湿痹，关节疼痛，四肢麻木。,鸡血藤，川芎，独活，防风，桂枝,秦艽
TCMF12280,咳嗽，痰多，气喘。,枇杷叶，平贝母，桔梗,川贝母
TCMF10430,心悸，气短，失眠，多梦，自汗盗汗，肢冷。,炙甘草，麦冬，红参，桂枝，生姜，大枣，阿胶,黑芝麻
TCMFx7129,妇女气血两虚，体弱无力，月经不调；又治行经腹痛，白带过多，腰酸倦怠，不思饮食。,党参，熟地黄，益母草，白术，当归，白芍，川芎，甘草,茯苓
TCMFx5682,"癫痫, 痴呆",水牛角，珍珠，石菖蒲，黄连，远志，胆南星，牛黄，朱砂，酸枣仁，茯苓，甘草,麦冬
TCMFx158,"夏季食凉饮冷, 猝然闷乱烦躁, 腹痛吐泻, 牙关紧闭, 四肢逆冷",丁香，天麻，麻黄，大黄，甘草，冰片，麝香，蟾酥，雄黄，朱砂,苍术
TCMFx4826,"咳嗽, 喘病",款冬花，麦冬，桑白皮，半夏，石膏，苦杏仁，白果，麻黄，川贝母，百合，甘草，马兜铃，黄芩,西青果
TCMF7283,小便不利，水肿腹胀，呕逆泄泻，口不思饮。,泽泻，茯苓，猪苓，白术,桂枝
TCMF6669,"健脾和胃, 消积增食。用于小儿乳食内滞所致厌食, 消化不良, 脘腹胀满, 面色无华, 形体消瘦, 大便失调的辅助治疗。",太子参，枳实，砂仁，鸡内金，山楂，穿山甲,鳖甲
TCMF9144,气虚血瘀，胸痹心痛，中风偏瘫，肢体麻木。,人参，黄芪，丹参，红花，川芎，茯苓，甘草，葛根，玄参，制何首乌，山楂，三七，蒲黄，水蛭,黄芩
TCMF9382,脾胃虚弱，食少便溏，气短乏力，心悸失眠。,炙黄芪，白术，茯苓，山药，砂仁，木香，当归，酸枣仁，远志，陈皮,人参
TCMF9471,肾阳不足，腰膝酸软，畏寒肢冷，性功能减退。,海马，补骨脂，人参，熟地黄，枸杞子，菟丝子，杜仲，牛膝，淫羊藿，锁阳，天冬，砂仁，丁香，大青盐,鹿茸
TCMF7320,气血大亏，精神失守，危剧病后，妇女经水不调，崩中漏下。,熟地黄，山药，杜仲，当归，枸杞子，山茱萸，炙甘草,人参
TCMF12522,下肢肿胀，疼痛，肤色暗红，条索状物，肢体沉重，乏力,黄芪，金银花，黄柏，苍术，玄参，当归，白芍，甘草，水蛭，蜈蚣，全蝎,薏苡仁
TCMF9401,肾虚腰痛，阳痿早泄，神疲乏力,鹿茸，淫羊藿，红参，当归，枸杞子，菟丝子，山楂,黄芪
TCMF7066,"中暑伤湿, 停饮挟食, 腹痛泄泻, 呕吐肢痛, 小便短少",苍术，陈皮，白术，茯苓，泽泻，猪苓，甘草，肉桂，生姜，大枣,厚朴
TCMF10041,肾阳不足，腰膝酸软，畏寒肢冷，神疲乏力。,黄芪，红参，杜仲，鹿茸，附子，五味子，山茱萸，肉桂,肉苁蓉
TCMF10031,气血两虚，肝肾不足，头晕目眩，腰膝酸软，心悸失眠。,黄芪，麦冬，天冬，北沙参，枸杞子，山茱萸，茯苓，牡丹皮，玄参，鳖甲,党参
TCMFx5146,"咳嗽, 喘病",人参，罂粟壳，五味子，川贝母，陈皮，砂仁，枳实，麻黄，苦杏仁，石膏，玄参,甘草
TCMF10537,肾虚腰痛，腰膝酸软，头晕耳鸣，神疲乏力。,人参，熟地黄，杜仲，巴戟天，淫羊藿，丹参，红花，川芎，制何首乌，女贞子，砂仁，千年健，三七，甘草,白术
TCMF12301,月经不调，痛经，不孕症，气血两虚。,丹参，益母草，炙黄芪，党参，当归，黄芩，茯苓，白术，木香，白芍，川芎，香附，山药，续断，延胡索，炙甘草，砂仁，肉桂，阿胶,熟地黄
TCMF9012,冠心病，心绞痛，脑血栓形成，脑栓塞，血栓闭塞性脉管炎，静脉曲张，静脉炎，动脉硬化，高血脂，高血压等。,丹参，红花，赤芍，川芎，地龙，黄芪，当归，牛膝，枳壳,桃仁
TCMF9574,瘀血阻滞，痰湿内阻，气血两虚。,鸡血藤，红花，昆布，海藻，党参，白术，人参，天花粉，木香，黄连，枸杞子，当归，龙眼肉，延胡索,酸枣仁
TCMF12461,肛门肿痛，大便下血，痔疮脱出，肛周潮湿,地榆，牡丹皮，枳壳，栀子，黄芩，甘草,槐花
TCMF10461,痈疽，疔疮，无名肿毒,石膏，白矾，红粉,丁香
TCMF10407,目赤肿痛，羞明流泪，视物不清。,黄芩，黄连，黄柏，大黄,板蓝根
TCMF10923,感冒风寒，头痛鼻塞，咳嗽痰多，脘腹胀满，肢体酸痛。,薄荷，广藿香，荆芥，紫苏叶，茯苓，天竺黄，荜茇，砂仁，白术，天麻，白芍，厚朴，白芷，川芎，独活，防风，香附，诃子，山药,木香
TCMF9803,气血两虚，肾精不足，月经不调，腰膝酸软。,黄精，红参，黄芪，炙甘草，当归，茯苓，麦芽，枸杞子，山茱萸，熟地黄，菟丝子，柴胡，川芎，益母草，大枣,白芍
TCMF9471,肾阳不足，腰膝酸软，畏寒肢冷，性功能减退。,鹿茸，海马，补骨脂，人参，熟地黄，枸杞子，菟丝子，杜仲，牛膝，淫羊藿，锁阳，天冬，砂仁，大青盐,丁香
TCMFx5725,"虚劳, 月经失调, 痛经",当归，白芍，熟地黄，茯苓，党参，黄芪，川芎,甘草
TCMF3857,喉痹,板蓝根，山豆根，连翘，青果，黄芩，玄参，麦冬,大黄
TCMF10724,肝肾阴虚，潮热盗汗，腰膝酸软，头晕目眩，耳鸣耳聋，虚火牙痛。,熟地黄，山药，知母，黄柏,牡丹皮
TCMFx7091,肺肾阴亏引起的潮热盗汗，咽干咳血，眩晕耳鸣，腰膝酸软，消渴。,熟地黄，山茱萸，山药，茯苓，泽泻，麦冬，五味子,牡丹皮
TCMF12437,肢体肿胀，小便不利，大便干燥,白术，茯苓，郁李仁,泽泻
TCMF7731,"身体虚弱, 真元不足, 小便频数",蛤蚧，淫羊藿，巴戟天，熟地黄，杜仲，菟丝子，枸杞子，当归，狗脊，党参，黄芪，茯苓，白术，甘草,续断
TCMF9197,肝郁气滞引起的胸胁胀痛，胃脘疼痛，痛经。,柴胡，延胡索，白芍，枳壳，甘草,香附
TCMF9018,肝肾阴虚，目涩畏光，视物模糊，迎风流泪。,熟地黄，山茱萸，山药，茯苓，泽泻，牡丹皮，枸杞子，菊花，白芍，石决明，枳壳,当归
TCMF11412,中风，口眼歪斜，言语不清，手足拘挛，瘫痹，半身不遂。,天竺黄，胆南星，天麻，全蝎，苍术，细辛，白芷，大黄，蟾酥，朱砂，雄黄,僵蚕
TCMF9733,风寒湿痹，筋骨疼痛，肢体麻木，腰膝酸软。,葛根，黄芪，菊花，白芍，桂枝,姜黄
TCMF10357,脾胃虚弱，食欲不振，体倦乏力，面色萎黄。,黄芪，党参，黄精，山药，桑椹，山茱萸，白术，陈皮，炙甘草,鸡内金
TCMFx5832,感冒,金银花，连翘，薄荷，荆芥，淡豆豉，牛蒡子，桔梗，芦根，甘草,淡竹叶
TCMFx5247,虚劳,人参，白术，茯苓，当归，熟地黄，白芍，黄芪，陈皮，远志，肉桂，五味子，大枣，生姜,甘草
TCMF8915,中风后遗症，瘫痿不用，言语不利，肢体麻木。,黄芪，红花，桃仁，木香，石菖蒲，地龙,水蛭
TCMF8812,气滞血瘀，胸闷胁痛，月经不调。,黄精，丹参，冬瓜皮，柴胡，珍珠母,泽兰
TCMF10786,血热妄行所致的出血证，如吐血、衄血、便血、崩漏等。,黑豆，槐花，白蔹,五倍子
TCMFx4054,虚劳,党参，枸杞子，女贞子，白术，补骨脂,菟丝子
TCMFx581,"虚劳, 咳嗽",熟地黄，党参，黄芪，枸杞子，白术,阿胶
TCMF10987,气血两虚，脾胃虚弱，腰膝酸软，月经不调。,丹参，益母草，杜仲，茯苓，麦芽，豆蔻，砂仁，白术，苍术，木香，白芍，赤芍，附子，牡丹皮，厚朴，木瓜，山楂，桃仁,红花
TCMF9580,冠心病，心绞痛，脑血栓形成，脑栓塞。,丹参，葛根，郁金，红花，桃仁，川芎，三七，淫羊藿，冰片，麝香,水蛭
TCMF10448,风湿痹痛，腰腿疼痛，肢体麻木，跌打损伤。,补骨脂，杜仲叶，乳香，赤芍，当归，狗脊，牛膝，续断，泽泻，肉桂，土鳖虫,白术
TCMF11066,跌打损伤，瘀血肿痛，筋骨疼痛。,丹参，没药，乳香，红花，赤芍，三棱，莪术，大黄，制川乌，茜草，白芷，当归，骨碎补，三七，牛膝，续断，青皮，土鳖虫，自然铜,五加皮
TCMF10920,目赤肿痛，羞明流泪，视物模糊。,车前子，薄荷，夏枯草，菊花，密蒙花，赤芍，连翘，栀子，金银花，防风，青葙子,牡丹皮
TCMF11138,风湿痹痛，筋骨痿软，肢体麻木，腰膝酸软。,杜仲，牛膝，麻黄，防风，羌活，独活，乳香，没药，乌梢蛇，蜈蚣，甘草,自然铜
TCMF9748,湿热下注所致的阴痒、带下量多、色黄味臭；霉菌性阴道炎、滴虫性阴道炎见上述证候者。,土茯苓，重楼，苦参，皂角刺，苍术，蛇床子，黄柏，蝉蜕,花椒
TCMFx6243,痢疾,葛根，黄连，木香，槟榔，地锦草,黄芩
TCMF7553,肝郁脾虚，胸闷胁痛，食欲不振，情绪抑郁。,柴胡，白芍，当归，茯苓，白术，薄荷，生姜,甘草
TCMF11881,口腔溃疡，牙龈炎，口疮,甘草，黄柏，冰片，青黛,白及
TCMF5660,"腹泻, 腹痛",白术，车前子，肉豆蔻，白扁豆，莲子，薏苡仁，山药，甘草，木香，罂粟壳，党参,诃子
TCMF8608,肝郁气滞，痰湿内阻所致的目赤肿痛，视物昏花，羞明流泪。,紫苏梗，合欢皮，茯苓，豆蔻，砂仁，生姜，厚朴，胆南星，法半夏，橘红，青皮，枳实，木蝴蝶，蝉蜕,槟榔
TCMF9160,肺结核，慢性支气管炎，肺气肿，哮喘等呼吸系统疾病。,百部，川贝母，黄芩，夏枯草，黄芪，白及，冬虫夏草，连翘，地骨皮，鱼腥草，乌梢蛇，蛤蚧，珍珠,鳖甲
TCMF10402,心悸，胸闷，气短，失眠。,北刘寄奴，延胡索,人参
TCMF10712,便秘，腹胀，肠梗阻。,猪牙皂,细辛
TCMF10760,湿热泄泻，腹痛，腹泻，里急后重。,黄连，葛根，金银花，诃子，乌梅，木香，甘草,黄芩
TCMFx3852,痹病,狗脊，杜仲，川牛膝，木瓜，桑枝，秦艽，桂枝，油松节，海风藤,续断
TCMF7818,月经不调，痛经，带下，产后恶露不绝。,川贝母，黄芪，茯苓，当归，熟地黄，干姜，艾叶，青蒿，白芍，牡丹皮，地骨皮，柴胡，香附，牛膝，延胡索,黄连
TCMF10239,小儿感冒发热，咳嗽，鼻塞流涕，咽喉肿痛。,黄芩，荆芥，桔梗，大青叶，甘草,柴胡
TCMF9504,气虚血瘀，心神不宁，头晕目眩，肢体麻木。,黄芪，党参，当归，川芎，天麻，钩藤，茯苓，酸枣仁，半夏，薄荷，防风，甘草,僵蚕
TCMF10885,痈疽发背，对口疮，搭手，肿毒，乳痈，无名肿毒，一切恶疮。,黄芩，大黄，蓖麻子，木鳖子，儿茶，没药，乳香，桔梗，苍术，赤芍，川芎，连翘，白蔹，栀子，金银花，白芷，玄参，黄柏，血竭,当归
TCMF11560,咳嗽，气喘，痰多,麻黄，川贝母，桔梗，茯苓，细辛，五味子,橘红
TCMF9791,脾胃虚弱，食欲不振，脘腹胀痛，慢性胃炎，胃溃疡。,核桃仁，土木香，白及，大血藤，延胡索,金荞麦
TCMF8314,气血两虚，脾肾阳虚，四肢乏力，腰膝酸软，头晕耳鸣。,黄芪，红参，白术，猪苓，当归，白芍，川芎，熟地黄，肉桂，冬虫夏草，甘草,茯苓
TCMF8186,气血两虚，心悸失眠，头晕目眩，腰膝酸软，月经不调。,阿胶，熟地黄，人参，山药，天冬，枸杞子，砂仁，木香，制何首乌，肉苁蓉，巴戟天，白芍，当归，泽泻，珍珠,女贞子
TCMF10641,气阴两虚，心悸失眠，口干咽燥，体倦乏力。,黄芪，党参，麦冬，天冬，知母，丹参，红花，黄连，五味子，当归，红参，淫羊藿，熟地黄，鹿茸，天花粉,玄参
TCMF10431,心悸，失眠，气短，乏力。,红参，麦冬，生姜，桂枝，黑芝麻，阿胶，甘草,大枣
TCMF12107,肝肾不足，腰膝酸软，头晕耳鸣，神疲乏力。,杜仲，巴戟天，淫羊藿，黄芪，党参，白术，茯苓，砂仁，山药，莲子，柏子仁，肉苁蓉，白芍，牡丹皮，女贞子，金樱子，枸杞子，山茱萸,当归
TCMF11798,脾胃虚弱，食积停滞，脘腹胀痛，恶心呕吐，消化不良。,广藿香，紫苏叶，茯苓，苍术，麦芽，山楂，豆蔻，生姜，桔梗，白芷，大黄，厚朴，香附，姜半夏，陈皮，槟榔,砂仁
TCMFx3760,跌打损伤,三七，白芷，土鳖虫，川芎，当归，乳香，没药,红花
TCMF9770,脾胃虚弱，脘腹胀满，食欲不振，消化不良。,人参，葛根，茯苓，砂仁，木香，陈皮，泽泻，天冬，牡丹皮，枸杞子，肉桂,甘草
TCMF11331,暑湿感冒，头痛身重，恶心呕吐，胃肠不适,广藿香，香薷，紫苏叶，白术，法半夏，茯苓，陈皮，厚朴,甘草
TCMFx4498,咳嗽,橘红，川贝母，半夏，桔梗，紫苏子，紫菀，款冬花，枇杷叶，前胡，苦杏仁，麻黄，肉桂，天花粉，木香，甘草,远志
TCMF7445,"髓劳, 血劳",熟地黄，当归，白芍，川芎，阿胶，鹿角胶，枸杞子，黄芪，党参，白术，甘草,茯苓
TCMF9115,肝肾不足，须发早白，头晕目眩，腰膝酸软。,补骨脂，制何首乌，枸杞子，菟丝子，茯苓，牛膝,当归
TCMF11987,风湿性关节炎，类风湿性关节炎，骨质增生，腰腿疼痛。,补骨脂，黄芪，杜仲，肉苁蓉，没药，乳香，川芎，香加皮，细辛，骨碎补，牛膝，续断，桂枝,苏木
TCMFx4726,"胃脘痛, 腹痛",牡蛎，金银花，柴胡，大黄，延胡索，牡丹皮，赤芍,姜黄
TCMF7485,乳腺增生，乳房胀痛，乳癖。,柴胡，白芍，当归，王不留行，天花粉，鹿角霜，夏枯草，牡蛎，昆布,丹参
TCMF9969,胃脘疼痛，消化不良，食欲不振。,木香，山楂，细辛，鸡内金，甘草,肉桂
TCMFx1066,感冒,荆芥穗，薄荷，防风，柴胡，紫苏叶，葛根，桔梗，白芷，苦地丁，芦根,苦杏仁
TCMF7257,用于风热上攻、肺胃热盛所致的头晕目眩、暴发火眼、牙齿疼痛、口舌生疮、咽喉肿痛、耳痛耳鸣、大便秘结、小便短赤,黄连，黄芩，黄柏，石膏，栀子，大黄，连翘，菊花，荆芥穗，白芷，蔓荆子，川芎，薄荷，桔梗，旋覆花，甘草,防风
TCMFx979,颈椎病,川芎，牛膝，天麻，黄芪，威灵仙，地龙，葛根，乳香,骨碎补
TCMF5868,痔疮,芒硝，花椒，黄连，鱼腥草，五倍子，甘草,防风
TCMF11932,风寒湿痹，肢体麻木，腰腿疼痛，瘫痹拘挛，跌打损伤。,安息香，广藿香，黄芩，甘草，葛根，茯苓，没药，乳香，豆蔻，白术，木香，天麻，大黄，制何首乌，绵马贯众，麻黄，赤芍，附子，黄连,细辛
TCMF12508,"发热, 恶寒, 咳嗽, 鼻塞流涕, 头痛, 无汗, 肢体痠痛",紫苏叶，前胡，桔梗，苦杏仁，麻黄，甘草，陈皮，姜半夏，茯苓，黄芩,枳壳
TCMFx7005,"气虚痰饮, 呕吐痞闷, 腹胀嗳气",人参，白术，茯苓，甘草，陈皮，半夏，砂仁，生姜,木香
TCMF9602,肝肾不足，筋骨痿软，腰膝酸楚，关节疼痛，屈伸不利。,熟地黄，枸杞子，山茱萸，杜仲，补骨脂，牛膝，狗脊，木瓜，独活，鸡血藤，川芎，当归，白芍，延胡索，乳香，没药，血竭，三七，骨碎补，自然铜，土鳖虫，冰片,续断
TCMF9942,风寒湿邪、气血瘀滞所致的痹病，症见腰腿疼痛、筋骨无力、屈伸不利、步履艰难、腰膝疼痛、肢体麻木。,麻黄，细辛，草乌，川乌，马钱子，刺五加，红参，牛膝，续断，桂枝，乌梢蛇,鹿茸
TCMF4068,跌打损伤,土鳖虫，乳香，血竭，自然铜，麝香，朱砂,当归
TCMF11819,肝肾不足，腰膝酸软，头晕耳鸣，遗精早泄。,茯苓，山药，女贞子，枸杞子，莲子，芡实，熟地黄，菟丝子，牡蛎,杜仲
TCMF11208,感冒风寒，头痛发热，鼻塞流涕，咳嗽。,薄荷，荆芥，牛蒡子，连翘，白芷，防风，大青叶，甘草,桔梗
TCMF179,"厌食, 症见食欲不振, 消化不良, 面黄身瘦, 大便稀溏",党参，黄芪，白术，茯苓，山药，麦冬，何首乌，大枣，山楂，麦芽，桑枝,薏苡仁
TCMFx6483,"中风, 偏枯, 遗精, 髓劳, 血劳",人参，黄芪，熟地黄，当归，白芍，川芎，白术，茯苓，薏苡仁，鸡血藤，钩藤，僵蚕，防风，羌活，牛膝，乌药，杜仲，附子，肉桂，沉香，甘草，大枣,木瓜
TCMFx4403,"胸痹, 真心痛",三七，川芎，丹参，泽泻，刺五加,红花
TCMFx1155,"心动过缓型病态窦房结综合症及冠心病心绞痛, 对某些心功能不全及部分心律失常的患者也有一定疗效",红参，麝香，牛黄，三七,冰片
TCMF9852,高血压，头痛，眩晕，肢体麻木。,丹参，夏枯草，钩藤，黄芪，防己，川芎，桑寄生,三七
TCMF7314,疝气,小茴香，吴茱萸，川楝子，木香，陈皮，荔枝核，橘核，肉桂，延胡索,甘草
TCMF7607,中风后遗症，瘫痿，肢体麻木，疼痛。,全蝎，蜈蚣，土鳖虫，地龙，当归，川芎，赤芍，红花，丹参,桃仁
TCMF8887,消化不良，胃脘疼痛，食欲不振。,荜茇，红花,豆蔻
TCMF8779,感冒发热，咳嗽，咽痛。,黄芩，金银花，浙贝母，桔梗，麻黄，苦杏仁，薄荷，蝉蜕,甘草
TCMF8111,目赤肿痛，头痛眩晕，风湿痹痛。,茯苓，威灵仙,谷精草
TCMF9166,高血压，眩晕，头痛，视力模糊。,茺蔚子，葛根，决明子，黄芪，枸杞子，水蛭,蒲黄
TCMF7821,月经不调，痛经，经前期综合征。,当归，熟地黄，白芍，川芎，香附，白术，甘草，大枣,延胡索
TCMF9035,中风后遗症，肢体麻木，瘫痹不遂，言语不利，口眼歪斜。,丹参，益母草，红花，黄芪，当归，三七，白芍，赤芍，姜黄，川牛膝,川芎
TCMFx3555,跌打损伤,三七，乳香，没药，白芷，山柰，川乌，草乌，木香，冰片，甘松，红花，儿茶，当归，香附，朱砂，血竭，积雪草，陈皮，土鳖虫，细辛,自然铜
TCMF8588,冠心病，心绞痛，心肌缺血，胸闷，心悸。,丹参，川芎，薤白，降香，郁金，当归，首乌藤，赤芍，葛根，决明子，安息香，苏合香，乳香，没药，白芷，土木香，沉香，香附，菊花,黄芪
TCMF10740,脾胃虚寒，脘腹疼痛，呕吐泄泻，手足不温。,补骨脂，儿茶，黄芪，党参，白术，干姜，砂仁，木香，葛根，白芍，当归，防风，延胡索，赤石脂,罂粟壳
TCMF1365,"阴痒, 带下病",苦参，莪术,儿茶
TCMF10255,小儿感冒发热，咳嗽痰多，食欲不振。,瓜蒌，桔梗，连翘，枇杷叶，莱菔子，葶苈子，枳实，槟榔，蝉蜕,山楂
TCMF12115,肝肾不足，腰膝酸软，头晕目眩，高血压。,土鳖虫,杜仲叶
TCMF10485,气虚血瘀所致的胸痹心痛，心悸气短，肢冷麻木。,黄芪,丹参
TCMF8343,肝肾阴虚，头晕目眩，耳鸣耳聋，腰膝酸软，盗汗遗精，口干咽燥。,麦冬，天冬，知母，沙苑子，枸杞子，茯苓，党参，菊花，石斛，黄连，川芎，当归，山药，青葙子，熟地黄，菟丝子，黄柏,杜仲
TCMF11211,高血压，头晕目眩，烦躁易怒，口苦咽干。,芦荟，大黄，黄芩，黄连，天麻，钩藤，菊花，夏枯草，白芍，赤芍，降香，枳壳，麦冬，炙甘草，天竺黄，龙胆，白薇，牡丹皮，连翘,茺蔚子
TCMF8854,咽喉肿痛，口舌生疮，牙龈肿痛，痈疽疮疖。,冰片，牛黄，蟾酥，珍珠,雄黄
TCMFx501,"喘病, 哮病, 肺胀",蛤蚧，蟾酥，黄芪，地龙，麻黄，党参，苦杏仁，白果，枳实，天冬，南五味子，麦冬，紫菀，百部，枸杞子，熟地黄，葶苈子，洋金花，石膏，甘草,远志
TCMF5951,"头痛, 风温",川芎，菊花，黄芩，白芷，桔梗，栀子，连翘，防风，蔓荆子，荆芥穗，黄连，甘草，薄荷，藁本,羌活
TCMFx3812,"眩晕, 耳鸣",枸杞子，山茱萸，菟丝子，茯苓，当归，山药，杜仲,熟地黄
TCMF7069,"湿阻脾胃, 脘腹胀满, 噁心呕吐, 噫气吞酸",陈皮，厚朴，苍术，生姜，大枣,甘草
TCMF10109,肾虚腰痛，阳痿早泄，遗精，尿频，腰膝酸软。,淫羊藿，枸杞子，杜仲，巴戟天，菟丝子，熟地黄，当归，茯苓，泽泻，牡丹皮，牛膝,肉苁蓉
TCMF10560,外感热病，发热，咽喉肿痛，咳嗽，大便干燥。,石膏，知母，黄芩，蒲公英，金银花，连翘，柴胡，大黄，板蓝根,青蒿
TCMF11896,脾胃虚弱，食少便溏，气短乏力，面色萎黄。,炙黄芪，党参，白术，炙甘草，当归，陈皮，柴胡，生姜，大枣,升麻
TCMF8505,月经不调，经期腹痛，头晕目眩，腰膝酸软。,黄芪，当归，白芍，川芎，熟地黄，茯苓，泽泻，牡丹皮，山药,山茱萸
TCMF8561,先兆流产，习惯性流产，肾虚型不孕症。,杜仲，续断，菟丝子，白术，山药，熟地黄，枸杞子，巴戟天，白芍，五味子，阿胶,牡蛎
TCMFx321,疮疡,天南星，金银花，甘草，没药，连翘，白芷，乳香,人工牛黄
TCMF9251,湿热下注所致的痢疾、泄泻、肛门灼热、腹痛、里急后重。,黄连，黄柏，赤芍，连翘，甘草,黄芩
TCMF9363,肾虚腰痛，腰膝酸软，头晕耳鸣，神疲乏力。,炙黄芪，白术，麦冬，天冬，炙甘草，肉苁蓉，五味子，巴戟天，覆盆子，枸杞子，沉香，川芎，当归，小茴香，山药，芡实，锁阳，牛膝,党参
TCMF7300,高血压，高血脂。,杜仲叶，钩藤，夏枯草，决明子，益母草，女贞子，葛根,黄芩
TCMF11192,月经不调，痛经，产后瘀血腹痛。,木香，白芍，川芎，当归,益母草
TCMFx5176,痹病,土鳖虫，红花，桃仁，牛膝，骨碎补，续断，白芷，栀子，赤芍，桂枝，三七，乳香，苏木，自然铜，大黄，儿茶，马钱子，当归，冰片,熟地黄
TCMF9719,肾虚，腰膝酸软，头晕耳鸣，遗精早泄，畏寒肢冷。,韭菜子，补骨脂，肉苁蓉，巴戟天，淫羊藿，女贞子，狗脊，当归，山药，人参，丁香，菟丝子，牡蛎,熟地黄
TCMF11202,肝肾不足，头晕目眩，腰膝酸软，须发早白。,黄精，制何首乌，女贞子，当归，熟地黄，山药，炙甘草,五味子
TCMFx5218,痹病,白芍，柴胡，香附，木香，木瓜，秦艽，防风，独活，羌活，地枫皮，青风藤，海风藤，牛膝，续断，麻黄，乳香，没药，川芎，当归，延胡索，苍术，厚朴，杜仲，甘草，马钱子,赭石
TCMF10611,小儿感冒发热，咳嗽痰多，食积不化。,黄芩，巴豆霜，天竺黄，天花粉，山楂，天南星，槟榔，甘草,苦杏仁
TCMFx1401,痹病,半夏，茯苓，芒硝，生姜,枳壳
TCMF12008,湿疹，皮炎，皮肤瘙痒,荆芥穗，五倍子，雄黄,白矾
TCMF8415,跌打损伤，瘀血肿痛，筋骨疼痛。,红花，桃仁，当归，延胡索，木香，香附，白芷，防风，甘草,陈皮
TCMFx30,"疮疡溃后, 伤口感染",连翘，蜈蚣，黄柏，蒲公英,金银花
TCMF4258,痹病,狗脊，香附，没药，草乌，陈皮，威灵仙,苍术
TCMF10205,肝郁脾虚，胸胁胀痛，食欲不振，月经不调。,柴胡，当归，白芍，茯苓，甘草,白术
TCMFx7180,恶性肿瘤放化疗所致的白细胞减少及神疲乏力，腰膝疲软，头晕耳鸣，心悸，气短，失眠，咽干，纳差食少等症。,女贞子，墨旱莲，桑椹，制何首乌，白芍，狗脊,黄芪
TCMFx6400,"腹泻, 痢疾, 腹痛",罂粟壳，甘草，陈皮，肉豆蔻，诃子，白术，党参，茯苓,白芍
TCMF9561,跌打损伤，瘀血肿痛，筋骨疼痛。,三棱，莪术，郁金，大黄，赤芍，牡丹皮，川芎，当归，防风，香附，蒲黄，续断，延胡索，陈皮，青皮，枳壳，乌药,红花
TCMF4783,"腹痛, 胃脘痛",白芍，川楝子，陈皮，木香，香附，血竭，甘草，郁金，乳香，没药,丹参
TCMF12207,血瘀痹证，症见肢体麻木、疼痛，屈伸不利。,丹参，炙黄芪，没药，乳香，姜黄，威灵仙，川芎，当归，香附，川牛膝,红花
TCMF1445,"遗精, 消渴",黄芩，麦冬，地骨皮，车前子，黄芪，太子参，茯苓，甘草,莲子
TCMFx1172,"头痛, 口疮, 鼻疮, 痢疾, 腹痛, 带下病, 疮疡",黄芩，连翘，黄连，黄柏，赤芍,甘草
TCMF8925,肾虚腰痛，尿频尿急，泌尿系结石。,金钱草，益母草，补骨脂，山慈菇,海金沙
TCMF10504,高血压，高血脂，动脉硬化，冠心病，心绞痛，脑血栓，脑梗塞等。,灯盏细辛，银杏叶，丹参，三七，葛根，川芎，红花，山楂，荷叶,决明子
TCMFx5183,"疳病, 急惊风, 积滞, 感冒",大黄，黄连，川贝母,天南星
TCMFx7220,用于肝郁脾虚所致的郁闷不舒、胸胁胀痛、头晕目眩、食欲减退、月经不调,柴胡，当归，白芍，白术，生姜，炙甘草，薄荷,茯苓
TCMFx6653,"益气养血。适用于气血两虚所致的头晕目眩, 心悸失眠, 神疲倦怠, 气短乏力, 纳差等症。对白细胞减少症, 贫血有一定的疗效。",黄芪，白术，五味子，当归，川芎，女贞子，牡蛎，枸杞子，何首乌，大黄，木香,人参
TCMF821,"冠心病, 心肌梗死, 脑梗塞",人参，五味子，丹参，赤芍，郁金，三七,麦冬
TCMF12214,肺燥咳嗽，痰多粘稠，胸膈满闷，气短乏力。,麦冬，浙贝母，丹参，黄芩，紫苏叶，甘草，黄芪，沙苑子，杜仲，茯苓，砂仁，艾叶，白术，木香，肉苁蓉，厚朴，山楂，沉香，川芎,白芍
TCMF7292,头晕心悸，目眩耳鸣，健忘无力。亦可用于脑动脉硬化，冠心病，前列腺增生，更年期综合征，病后虚弱等症。,人参，黄芪，枸杞子，女贞子，淫羊藿，丹参，麦冬，菟丝子，酸枣仁，茯苓，甘草,黄精
TCMFx1174,"月经失调, 痛经, 症积",益母草，当归，柴胡，木香，川芎,白芍
TCMF10364,肾虚腰痛，腰膝酸软，头晕耳鸣，神疲乏力。,丹参，黄芪，杜仲，牛膝，茯苓，五味子，枸杞子，当归，山药，淫羊藿，续断，熟地黄，菟丝子,人参
TCMF11776,热毒壅盛，咽喉肿痛，牙龈肿痛，口舌生疮，目赤肿痛。,山豆根，全蝎，黄连，红大戟，白芷，冰片，朱砂，雄黄,大黄
TCMF7367,气血两亏，崩漏下血，体虚羸弱，血小板减少及贫血，对放疗和化疗后引起的白细胞减少症有一定的治疗作用。,黄芪，当归，鹿角胶,大枣
TCMF9550,气血两虚，心悸失眠，肢冷畏寒，面色苍白。,人参，炙黄芪，白芍，肉桂，大枣，甘草，牡蛎,茯苓
TCMF11935,痛经，月经不调，经前综合症。,丹参，三棱，莪术，红花，当归，延胡索，肉桂,木香
TCMF11267,肝郁气滞，湿热内蕴，症见胁肋胀痛，食欲不振，脘腹胀满，大便不爽。,黑豆，昆布，三棱，莪术，半边莲，白术，红花,郁金
TCMF10919,咽喉肿痛，声音嘶哑，咳嗽痰多。,百部，麦冬，黄芪，党参，天花粉，桔梗，连翘，乌梅，诃子，玄参，冰片，僵蚕，蟾酥,木蝴蝶
TCMFx309,"表寒里热, 身热口渴, 咳嗽痰盛, 喘促气逆, 胸膈满闷; 急性支气管炎见上述证候者",麻黄，苦杏仁，石膏,甘草
TCMF10111,肾虚腰痛，头晕耳鸣，阳痿早泄，神疲乏力。,淫羊藿，枸杞子，菟丝子，五味子，桑椹，女贞子，丹参，白芍，泽泻，茯苓，牛膝，甘草,牡丹皮
TCMFx6309,眩晕,赭石，夏枯草，法半夏,车前草
TCMF666,"喉痹, 喉喑",金银花，连翘，玄参，板蓝根，赤芍，黄芩，桑叶，菊花，苦杏仁，牛蒡子，泽泻，胖大海，僵蚕，蝉蜕，木蝴蝶,前胡
TCMF11072,失眠多梦，心悸健忘，头晕目眩，神经衰弱。,黄芪，人参，五味子，刺五加，鹿茸,当归
TCMF4501,"眩晕, 痞满",香附，细辛，乌药，荜茇，广藿香，冰片，柴胡，雄黄，荆芥，砂仁，薄荷，陈皮，豆蔻，独活，甘草，川芎，天花粉，朱砂，紫苏叶，天麻，白芷，檀香，半夏，防风,丁香
TCMF11529,小儿感冒，发热，咳嗽，痰多，惊风。,黄连，羚羊角，人工牛黄，人参，麝香，甘草,丁香
TCMFx3248,痹病,威灵仙，急性子，砂仁，白芷，红花，乌梅,山楂
TCMF9252,湿热泻痢，腹痛腹泻，里急后重。,黄芩，黄连，黄柏，连翘，赤芍,甘草
TCMFx7200,气虚血滞、脉络瘀阻所致的中风中经络，半身不遂、肢体麻木、口眼歪斜、舌强语謇及胸痹心痛、胸闷、心悸、气短；脑梗塞、冠心病心绞痛属上述证候者,丹参，当归，赤芍，川芎，桃仁，红花，乳香，没药，鸡血藤，牛膝，桂枝，桑枝，地龙，全蝎，水蛭,黄芪
TCMF11929,心绞痛，胸闷，气短，心悸。,三七，冰片，人参，牛黄，蟾酥，珍珠,麝香
TCMF8286,气血两虚，腰膝酸软，头晕目眩，心悸失眠。,黄芪，当归，肉苁蓉，白芍，川芎，陈皮，肉桂，甘草,枸杞子
TCMF9098,皮肤瘙痒，湿疹，荨麻疹，皮炎等皮肤病。,荆芥穗，益母草，鸡血藤，浮萍，白茅根，土贝母，桔梗，苍耳子，红花，牛蒡子，地肤子，大黄，白芍，赤芍，牡丹皮，天葵子，连翘，茜草,皂角刺
TCMF11885,寒湿痹痛，肢体麻木，跌打损伤，风寒感冒。,肉桂，附子，干姜，吴茱萸，花椒，丁香，草果，荜茇，高良姜,细辛
TCMF11733,风寒湿痹，关节疼痛，肌肉酸痛，肢体麻木。,荆芥，麻黄，杜仲，羌活，川乌，草乌，川芎，当归，血竭，苍术，秦艽，防风，乳香，没药，甘草,独活
TCMF7449,"治阴虚滑泄, 带浊淋遗, 及经水因虚不固等证此方专主肝肾",熟地黄，山茱萸，山药，五味子，菟丝子，人参,远志
TCMF10369,热毒血瘀，疮疡肿毒，丹毒，咽喉肿痛。,黄芩，黄连，栀子，天花粉，连翘，玄参，黄柏，青黛，甘草,大黄
TCMF8302,高血压病，眼底出血，视网膜病变,车前子，丹参，赤芍，牡丹皮，黄芩，决明子，菊花，墨旱莲，女贞子，蒲黄,茺蔚子
TCMF11002,跌打损伤，瘀血肿痛，风湿痹痛。,三七，血竭，红花，乳香，没药，甘松，木香，香附，细辛，制草乌，制川乌，朱砂，冰片,白芷
TCMF2910,"慢惊风, 腹痛, 腹胀",川贝母，厚朴，柴胡，玄参，知母，肉豆蔻，朱砂，巴豆霜，肉桂，血竭，麝香,冰片
TCMF9700,脾胃虚弱，食欲不振，消化不良，脘腹胀满。,白术，山楂，鸡内金,甘草
TCMF11500,胆囊炎，胆石症，胆道感染。,知母，金钱草，黄芩，茵陈，木香，白芍，柴胡，大青叶，大黄，芒硝,金银花
TCMF7343,血虚萎黄，月经不调，经闭痛经，肢体麻木，筋骨痿软。,鸡血藤，川芎，当归，熟地黄，丹参，续断，牛膝，红花，桃仁，甘草,白芍
TCMF12406,高热惊厥，神昏抽搐，痰涎壅盛,青黛，全蝎，麝香，白附子,天麻
TCMF11523,中风，癫痫，惊风，眩晕，头痛，心悸，失眠。,血竭，人参，冰片，蟾酥，朱砂，雄黄，麝香,天麻
TCMF10292,湿热泄泻，腹痛，里急后重，肛门灼热，大便不爽。,黄连，厚朴，苍术，茯苓，泽泻，木香，槟榔，白芍，吴茱萸，陈皮，枳壳,甘草
TCMF11491,心血瘀阻，胸痹心痛，心悸失眠。,丹参，黄芪，茯苓，郁金，艾叶，红花，白芍，甘草,莪术
TCMF9596,肾虚腰痛，遗精早泄，阳痿不举，头晕耳鸣，神疲乏力。,补骨脂，肉苁蓉，淫羊藿，黄芪，红参，熟地黄，制何首乌，茯苓，白术，五味子，覆盆子，金樱子，当归，菟丝子，胡芦巴，山药，蛇床子，小茴香,车前子
TCMF498,胃脘痛,北沙参，石斛，玉竹，甘草，麦冬，川楝子,白芍
TCMF11920,咽喉肿痛，声音嘶哑，咳嗽痰多。,麦冬，玄参，茯苓，瓜蒌皮，桔梗，诃子，甘草，青果,浙贝母
TCMF24,"活血化瘀, 理气止痛。胸中憋闷, 心绞痛",丹参，冰片,三七
TCMF9749,风热感冒，咽喉肿痛，头痛发热，咳嗽痰黄。,薄荷，荆芥，金银花，连翘，淡豆豉，淡竹叶，桔梗，牛蒡子，甘草，忍冬藤,栀子
TCMF10178,瘰疬，瘿瘤，乳癖。,丹参，黄芩，夏枯草，昆布，牡蛎，土贝母，山慈菇，白芍，猫爪草，牡丹皮，当归，香附，玄参，全蝎,柴胡
TCMF12331,清热凉血，消食化积，保肝降酶。用于血热血瘀，肝胆病证，消化不良，胃腹胀痛，肝功能损害。,余甘子，姜黄，木香，石斛，诃子，牛黄,红花
TCMF3275,"痹病, 腰痛, 痿病",青风藤，桂枝，独活，羌活，牛膝，桑寄生，茯苓，附子，秦艽，鹿茸，威灵仙，薏苡仁，党参，黄芪，枸杞子，白术，当归，赤芍，木香，黄芩,延胡索
TCMF11563,风湿痹痛，腰膝酸软，四肢麻木。,鸡血藤，桑寄生，狗脊,金樱子
TCMF7590,风寒湿痹，关节疼痛，肢体麻木，腰膝酸软。,羌活，独活，秦艽，川芎，当归，赤芍，白芍，桂枝，细辛，茯苓，甘草,防风
TCMF10025,月经不调，痛经，闭经，子宫肌瘤，子宫内膜异位症等。,益母草，补骨脂，莪术，艾叶，木香，白芍，川芎，当归，香附，蒲黄，熟地黄，延胡索，吴茱萸,三棱
TCMF10622,痛经，月经不调，产后腹痛。,益母草，红花，干姜，川芎，当归，甘草,桃仁
TCMF3372,痹病,当归，红花，桔梗，独活，牛膝，甘草，老鹳草，草乌,茜草
TCMF11118,目赤肿痛，眼眵多泪，羞明怕光，头痛眩晕。,龙胆，黄连，菊花，薄荷，荆芥，谷精草，蒺藜，密蒙花，赤芍，木贼，栀子，白芷，防风，桑白皮，桑叶，黄柏，冰片，牛黄，蝉蜕,决明子
TCMF11637,感冒，发热，头痛，咳嗽，胸闷，消化不良,广藿香，荆芥，香薷，紫苏叶，茯苓，甘草，麦芽，苍术，木香，大黄，山楂，白芷，香附，莱菔子，法半夏，牵牛子，陈皮，青皮，枳实,青蒿
TCMF9101,瘫痿瘫痹，肢体麻木，腰膝酸软，头晕目眩。,杜仲，茯苓，白术，丹参，当归，天麻，秦艽，钩藤，安息香，沉香，甘草,黄芪
TCMF10618,感冒发热，咽喉肿痛，咳嗽痰多。,鱼腥草，连翘，黄芩，板蓝根，金银花,甘草
TCMF11325,风寒湿痹，关节疼痛，肢体麻木，腰腿疼痛。,没药，苍术，威灵仙，制草乌，香附，陈皮,狗脊
TCMF532,鼻炎,荆芥，白芷，黄芪，桂枝，黄芩，防风，苍耳子，白术，石菖蒲,细辛
TCMF10039,更年期综合征，月经不调，心悸失眠，潮热盗汗。,当归，牡丹皮，刺五加,赤芍
TCMF12009,乳痈初起，乳汁不通，乳房胀痛。,天花粉，白芷，甘草，麦芽，桔梗，白芍，柴胡，川芎，当归，王不留行，通草,漏芦
TCMF3424,"腰痛, 眩晕",红参，鹿茸，蛤蚧，当归，熟地黄，枸杞子，山茱萸，肉苁蓉，巴戟天，杜仲，沉香，山药，茯苓，白术，益智，补骨脂,远志
TCMF7661,肝气郁结，脾胃虚弱，胸胁胀痛，食欲不振，呕吐吞酸。,当归，川芎，白术，茯苓，陈皮，半夏，甘草,柴胡
TCMF9609,湿热淋证，尿路结石，小便不利，腰腹疼痛。,金钱草，丹参，木香，萹蓄，瞿麦，王不留行，牛膝，延胡索，鸡内金,海金沙
TCMF5360,"乳癖, 月经失调",浙贝母，当归，赤芍，漏芦，茜草，香附，橘核，夏枯草，丝瓜络，郁金，甘草,柴胡
TCMF10331,心悸，失眠，多梦，健忘，头晕，乏力。,炙甘草，党参，干姜，桂枝，白芍，石菖蒲，牡蛎,茯苓
TCMF11529,小儿感冒，发热，咳嗽，痰多，惊风。,黄连，羚羊角，人工牛黄，丁香，麝香，甘草,人参
TCMF539,骨关节炎,熟地黄，狗脊，淫羊藿，莱菔子，牛膝，肉苁蓉，鸡血藤，骨碎补,女贞子
TCMF12111,高血压，头晕目眩，耳鸣，腰膝酸软。,杜仲，钩藤，黄芩，夏枯草,益母草
TCMF9655,湿热瘀阻所致的慢性结肠炎、肠易激综合征等。,半枝莲，丹参，白扁豆，补骨脂，苦参，山豆根，防己，莪术，苦杏仁，乌梅,三棱
TCMF7586,感冒风寒，头痛身痛，发热恶寒，鼻塞流涕。,麻黄，防风，羌活，独活，细辛，白芷，苍术，黄芩，甘草,川芎
TCMF3361,"月经失调, 痛经, 带下病",当归，益母草，川芎，白芍，香附，泽兰，附子，小茴香，红花，吴茱萸，延胡索，艾叶，乌药，莪术，三棱，牛膝，木香，胡椒，肉桂，没药，甘草,丹参
TCMF7865,感冒咳嗽，支气管炎，百日咳等引起的咳嗽。,百部，麦冬，黄芩，桔梗，苦杏仁，桑白皮，天南星，陈皮，甘草,知母
TCMF9259,风寒湿痹，肢体疼痛，麻木不仁，关节屈伸不利。,秦艽，威灵仙，炙黄芪，苍术，木瓜，川芎，甘草,当归
TCMF12281,胃脘疼痛，脘腹胀满，呕吐酸水，消化不良。,木香，白芍，延胡索,吴茱萸
TCMF9720,肝郁气滞，瘀血内停，症见胁肋胀痛，脘腹痞满，食欲不振，大便不调。,丹参，三棱，莪术，党参，茯苓，白术，砂仁，枳实，郁金，延胡索，柴胡，香附，甘草,黄芪
TCMF7834,崩漏，月经过多，淋漓不断，色淡质稀，面色苍白，气短乏力，腰膝酸软，舌淡苔薄，脉沉细无力。,白术，白芍，地榆，山药，牡蛎，海螵蛸,当归
TCMF10976,气血两虚，心悸失眠，食欲不振，肢冷乏力。,人参，党参，麦冬，玉竹，熟地黄，茯苓，白术，砂仁，陈皮，红花，川芎，当归，香附，清半夏，肉桂,白芍
TCMFx3555,跌打损伤,三七，乳香，没药，白芷，山柰，川乌，草乌，木香，冰片，甘松，红花，儿茶，当归，香附，朱砂，自然铜，血竭，积雪草，土鳖虫，细辛,陈皮
TCMF7254,用于外感风邪引起的恶风身热，偏正头痛、鼻流清涕、牙疼喉痛,川芎，菊花，薄荷，蔓荆子，黄芩，栀子，黄连，羌活，藁本，防风，白芷，荆芥穗，桔梗，甘草,连翘
TCMF7871,咽喉肿痛，声音嘶哑，口干舌燥,百合，射干，两面针，甘草,玄参
TCMF8194,气血两虚，面色萎黄，头晕目眩，心悸失眠，食欲不振。,黄芪，当归，熟地黄，白术，茯苓，白芍，甘草,川芎
TCMF11260,瘀血内停，腹部肿块，肌肤甲错，目眶暗黑，潮热羸瘦，经闭不行。,土鳖虫，黄芩，甘草，白芍，苦杏仁，桃仁，水蛭,大黄
TCMFx3581,"痿病, 心悸, 咳嗽, 腹泻",鹿茸，黄精，山药,淫羊藿
TCMF9416,冠心病，心绞痛，脑血栓形成，脑栓塞。,丹参，川芎，红花，赤芍，降香，冰片,三七
TCMF8987,血虚头晕，失眠多梦，腰膝酸软。,何首乌,当归
TCMF8514,高脂血症，肥胖症。,决明子，山楂，荷叶，泽泻,制何首乌
TCMFx819,痹病,穿山龙，淫羊藿，狗脊，川牛膝，熟地黄,枸杞子
TCMF9122,肾虚腰痛，阳痿早泄，腰膝酸软，神疲乏力。,肉苁蓉，锁阳，玉竹，大枣,枸杞子
TCMFx3378,急惊风,全蝎，僵蚕，蝉蜕，防风，羌活，麻黄，桔梗，黄连，大黄，甘草，人工牛黄，朱砂，麝香，冰片,半夏
TCMF12184,脾胃虚弱，食欲不振，消化不良，体倦乏力。,党参，白术，厚朴，制何首乌，当归，五味子，覆盆子，金樱子，山药，菟丝子，山楂,木香
TCMFx344,"雀斑, 酒糟鼻, 粉刺",柴胡，黄芩，红花，薄荷，赤芍,当归
TCMF10375,肾阳不足，腰膝酸软，畏寒肢冷，阳痿早泄，精冷不育。,补骨脂，肉苁蓉，枸杞子，熟地黄，当归，白术，蛇床子，仙茅，淫羊藿，人参,菟丝子
TCMF9333,心悸失眠，心神不宁，胸闷气短。,红花，广枣，肉豆蔻，沉香，北沙参，檀香,天竺黄
TCMFx3844,"痛经, 经行乳房胀痛",黄芪，当归，香附，柴胡，茯苓，续断，白芍，白术，甘草，陈皮,枸杞子
TCMF7651,泌尿系结石，症见腰腹疼痛，排尿困难，尿血等。,黄芪，党参，白术，茯苓，金钱草，海金沙，鸡内金，石韦，滑石，甘草,瞿麦
TCMFx3119,"痈疽, 发背, 痹病, 瘫痪, 偏头痛, 头痛, 疝气",荆芥，防风，羌活，麻黄，细辛，川芎，川乌，天麻，当归，苍术，甘草，石斛，何首乌，全蝎，雄黄，朱砂,草乌
TCMF7792,肾虚阳痿，早泄，遗精，腰膝酸软，神疲乏力。,丹参，黄芪，淫羊藿，蛇床子，肉苁蓉，五味子，枸杞子，车前子，覆盆子,菟丝子
TCMF8085,气血两虚，心悸失眠，头晕目眩，腰膝酸软。,丹参，黄芪，鸡血藤，忍冬藤，山茱萸，太子参，酸枣仁,制何首乌
TCMF8255,外感风寒，发热恶寒，头痛身痛，鼻塞流涕。,桂枝，生姜，白芍，甘草,大枣
TCMF10876,咳嗽，痰多，气喘，肺虚久咳。,冬虫夏草，川贝母，款冬花，百部，苦杏仁，砂仁，陈皮，人参，蛤蚧，甘草,木香
TCMF10546,肾阳不足，腰膝酸软，畏寒肢冷，阳痿早泄。,肉苁蓉，仙茅，丁香，当归，细辛，蛇床子,甘草
TCMF11494,食积气滞，脘腹胀痛，便秘。,三棱，大黄，山楂，牵牛子，陈皮，青皮，枳实，槟榔,莪术
TCMF8627,风湿痹痛，筋骨痿软，肢体麻木，腰膝酸痛。,鸡血藤，大血藤，防己，木瓜，羌活，伸筋草，制川乌，川芎，延胡索，桑寄生，牛膝，绵萆薢，黄柏，乳香，没药，血竭，全蝎,金钱白花蛇
TCMF11974,脾胃虚寒，四肢不温，脘腹冷痛，呕吐泄泻。,黄芪，生姜，白芍，大枣，桂枝,炙甘草
TCMF1376,咳嗽,石膏，川贝母，朱砂,半夏
TCMF9615,肾炎，水肿，尿频尿急，腰膝酸软,黄精，茯苓，防己，白茅根，苍术，蒲公英，枸杞子，金银花,菟丝子
TCMF9730,肾虚腰痛，阳痿早泄，遗精，尿频，神疲乏力。,韭菜子，附子，黄芪，人参，杜仲，肉苁蓉，锁阳，淫羊藿，冬虫夏草，龟甲胶，海马，当归，熟地黄，五味子，枸杞子，山茱萸，菟丝子，仙茅，肉桂,阿胶
TCMF11803,肾虚腰痛，遗精早泄，阳痿不举，头晕耳鸣，神疲乏力。,补骨脂，肉苁蓉，淫羊藿，黄芪，红参，炙甘草，熟地黄，制何首乌，当归，车前子，茯苓，白术，五味子，覆盆子，金樱子，枸杞子，川芎，蛇床子，山药,小茴香
TCMF9621,肾阳不足，腰膝酸软，畏寒肢冷，阳痿早泄，夜尿频多。,肉桂，杜仲，补骨脂，锁阳，淫羊藿，党参，白术，鹿衔草，山茱萸，女贞子，覆盆子，五味子，柏子仁，远志，车前子，沙苑子，葛根，蛇床子，甘草,附子
TCMF12123,心脑血管疾病，如冠心病、心绞痛、脑血栓等。,人参，黄芪，川芎，白芍，熟地黄，丹参，三七，红花，桃仁，冰片,当归
TCMF11243,气血两虚，头晕目眩，心悸失眠，食欲不振，月经不调。,炙黄芪，党参，当归，熟地黄，白芍，川芎，茯苓，甘草,阿胶
TCMF8265,咳嗽，气喘，痰多,满山红，灵芝，千里光，麻黄，附子，连翘,苍术
TCMFx5886,"积滞, 急惊风",钩藤，僵蚕，天麻，全蝎，黄连，大黄，胆南星，浙贝母，天竺黄，半夏，橘红，人工牛黄，朱砂，麝香，冰片,滑石
TCMF10950,肾虚精亏，腰膝酸软，头晕耳鸣，须发早白。,墨旱莲，女贞子，肉苁蓉，熟地黄，五味子，桑椹，菟丝子,覆盆子
TCMF9007,湿热下注，小便不利，淋沥涩痛，腰膝酸软。,甘草，冬葵果，萹蓄，五味子，白芷，柴胡，桑寄生，黄柏,续断
TCMF7843,湿热下注、瘀血内阻所致的带下病，症见带下量多、色黄、质稠、臭秽，小腹疼痛，腰骶酸痛，口苦咽干；慢性盆腔炎、附件炎、子宫内膜炎见上述证候者。,土茯苓，丹参，苦参，三棱，川楝子，赤芍，当归，香附，山药，芡实，延胡索，黄柏,莪术
TCMF11553,小儿感冒，发热，咳嗽，气喘。,紫苏子，牛蒡子，射干，细辛，芥子，栀子，青黛，天花粉，石膏，甘草，牛黄，蛤壳，苦杏仁,麻黄
TCMF11710,风寒湿痹，筋骨疼痛，跌打损伤，风湿性关节炎。,当归，川芎，白芷，细辛，防风，羌活，独活，苍术，白术，茯苓，泽泻，猪苓，桂枝，麻黄，干姜，附子，肉桂，吴茱萸，小茴香，丁香，木香，沉香，乳香，没药，血竭，儿茶，麝香,冰片
TCMF9272,肥胖症，高脂血症，湿热内阻。,丹参，茵陈，防己，白术，大黄，山楂，川芎，淫羊藿，泽泻，水牛角,黄芩
TCMF7254,用于外感风邪引起的恶风身热，偏正头痛、鼻流清涕、牙疼喉痛,川芎，菊花，连翘，薄荷，蔓荆子，栀子，黄连，羌活，藁本，防风，白芷，荆芥穗，桔梗，甘草,黄芩
TCMF10096,肾虚腰痛，腰膝酸软，头晕耳鸣，遗精盗汗，畏寒肢冷。,鹿茸，鹿角胶，制何首乌，熟地黄，龟甲，巴戟天，锁阳，淫羊藿，茯苓，白术，蒲公英，沉香，山药，红参，海马，海龙，鸡内金，鳖甲,菊花
TCMF12209,肾虚腰痛，遗精早泄，阳痿不举，畏寒肢冷，神疲乏力。,补骨脂，杜仲，沙苑子，巴戟天，淫羊藿，茯苓，附子，枸杞子，当归，莲须，牛膝，菟丝子，肉桂,肉苁蓉
TCMF11075,肝胆湿热，黄疸，胆囊炎，胆石症。,牛黄，茵陈，大黄，栀子，郁金，蒲公英，柴胡,薄荷
TCMF7406,气血两虚，月经不调，面色萎黄，头晕乏力。,当归，白芍，熟地黄，黄芪，党参，白术，茯苓，甘草,川芎
TCMF6178,"喉痹, 咳嗽, 口疮",金银花，射干，金果榄，桔梗，玄参，牛黄，冰片,麦冬
TCMF4584,虚劳,黄芪，白术，防风，黄精，淫羊藿，补骨脂,甘草
TCMF10426,肾虚腰痛，阳痿早泄，神疲乏力，头晕耳鸣，失眠多梦。,红参，冬虫夏草，淫羊藿，肉苁蓉，补骨脂，菟丝子，枸杞子，五味子，山茱萸，熟地黄，当归，川芎，白芍，炙甘草,鹿茸
TCMF8199,冠心病，心绞痛，胸闷，心悸。,三七，川芎，延胡索，降香，柴胡，桂枝，茯苓，半夏，首乌藤，大枣，冰片，珍珠母,野菊花
TCMF10595,风热感冒，发热头痛，咳嗽口干，咽喉疼痛。,薄荷，荆芥，金银花，淡豆豉，牛蒡子，桔梗，淡竹叶，芦根，甘草,连翘
TCMF9746,咽喉肿痛，口腔溃疡，牙龈肿痛。,麦冬，黄芩，山豆根，西瓜霜，金银花，防风，玄参，甘草，冰片,射干
TCMF8819,胆石症，胆囊炎，胆道感染。,金钱草，黄芩，茵陈，木香，厚朴，枳实，槟榔，芒硝,大黄
TCMF8997,肝气郁结，胸闷胁痛，月经不调，情绪抑郁。,玫瑰花，大枣,甘草
TCMF12030,瘰疬，瘿瘤，乳痈，乳癖，痰核等。,夏枯草，浙贝母，昆布，红花，白芍，当归，香附，玄参，陈皮，乌药，僵蚕，甘草,川芎
TCMF2125,"血劳, 眩晕, 不寐",灵芝，女贞子，合欢皮，首乌藤，仙鹤草，墨旱莲，甘草,白术
TCMF12020,痛经，月经不调，寒凝血瘀型腹痛。,白芍，当归，川芎，熟地黄，香附，延胡索，吴茱萸，肉桂，小茴香,艾叶
TCMFx5176,痹病,土鳖虫，红花，桃仁，牛膝，续断，熟地黄，白芷，栀子，赤芍，桂枝，三七，乳香，苏木，自然铜，大黄，儿茶，马钱子，当归，冰片,骨碎补
TCMF8172,骨质疏松症，骨关节疼痛，腰膝酸软。,淫羊藿，续断，知母，莪术，赤芍，川芎，牡蛎,三棱
TCMF11777,风湿痹痛，肢体麻木，关节屈伸不利，跌打损伤。,半边莲，桔梗，牛蒡子，秦艽，细辛，白芍，威灵仙，全蝎,木香
TCMF8170,风寒湿痹，腰腿疼痛，肢体麻木，关节屈伸不利。,鸡血藤，独活，羌活，秦艽，骨碎补，续断，地龙，全蝎,黄芪
TCMF11942,湿热泄泻，腹痛，里急后重。,广藿香，茯苓，木香，白芍，厚朴，丁香，朱砂，甘草,赤石脂
TCMF7688,"疮疡气血俱虚, 托脓生肌",人参，黄芪，川芎，白芍，白术，茯苓，金银花，白芷，甘草,当归
TCMF11213,高血压，头痛，目赤肿痛，眩晕。,菊花，决明子，桑叶，夏枯草，薄荷，甘草,枸杞子
TCMFx6267,腹泻,党参，甘草，半夏，茯苓，陈皮，生姜，大枣,白术
TCMF8314,气血两虚，脾肾阳虚，四肢乏力，腰膝酸软，头晕耳鸣。,黄芪，红参，白术，茯苓，当归，白芍，川芎，熟地黄，肉桂，冬虫夏草，甘草,猪苓
TCMFx4185,"痛经, 带下病, 不孕",香附，当归，川芎，白芍，阿胶，艾叶，杜仲，续断，黄芩,熟地黄
TCMF8950,气血两虚，心悸失眠，头晕目眩，月经不调。,鹿角胶，丹参，黄芪，当归，熟地黄，白芍，甘草,川芎
TCMF7268,赤白痢疾，里急后重，胃肠积滞，脘腹胀痛，大便不通。,木香，槟榔，牵牛子，大黄，陈皮，青皮，香附，三棱，黄连，黄柏，芒硝,莪术
TCMF10726,阴虚火旺，潮热盗汗，口干咽痛，耳鸣遗精，小便短赤。,熟地黄，山茱萸，山药，泽泻，茯苓，知母，黄柏,牡丹皮
TCMF10177,脾胃虚弱，食少腹胀，消化不良，嗳气吞酸。,枳实，白术，木香，砂仁，陈皮，茯苓，生姜，大枣,半夏
TCMF12086,咳嗽，气喘，痰多，胸闷。,川贝母，麦冬，知母，紫苏叶，竹茹，瓜蒌，麻黄，五味子，苦杏仁，乌梅，前胡，诃子，银杏叶，橘红，枳壳，槟榔，松花粉，石膏,白果
TCMFx3553,"腹胀, 腹泻",党参，白术，白扁豆，山药，莲子，砂仁，薏苡仁，陈皮，甘草，桔梗,茯苓
TCMFx399,"单纯疱疹, 病毒性树枝状角膜炎",连翘，金银花,黄芩
TCMF8284,肾阳不足，腰膝酸软，畏寒肢冷，头晕耳鸣。,海龙，黄芪，肉苁蓉，白芍，枸杞子，当归，陈皮，肉桂，甘草,川芎
TCMF5355,跌打损伤,土鳖虫，乳香，没药，血竭，半夏，当归，巴豆霜，砂仁，雄黄,甜瓜子
TCMF7860,风湿性关节炎，类风湿性关节炎，骨关节炎等,黄芪，马钱子粉，川乌，续断,附子
TCMF6206,"疮疡, 乳痈",蒲公英，金银花，天花粉，黄柏，大黄，白芷，陈皮，乳香，当归，赤芍，木鳖子,甘草
TCMF261,"咳嗽, 痉病",麻黄，黄芩，石膏，葶苈子，前胡，紫苏子，竹茹,苦杏仁
TCMF7806,月经不调，痛经，带下病，不孕症,黄芩，益母草，黄芪，党参，补骨脂，何首乌，茯苓，砂仁，陈皮，郁金，柴胡，秦艽，威灵仙，白芍，牡丹皮，黄连，苍术，白芷,白术
TCMF11913,心悸失眠，心胸闷痛，脘腹胀满，食欲不振。,沉香，木香，乳香，肉豆蔻，广枣，木棉花,诃子
TCMF902,"中风, 补气, 活血, 通络",人参，水蛭，赤芍，蝉蜕，土鳖虫，蜈蚣，檀香，降香，乳香，酸枣仁，冰片,全蝎
TCMF11022,气血两虚，脾胃虚弱，月经不调，腰膝酸软。,黄芪，党参，丹参，当归，熟地黄，益母草，香附，白芍，乌药，炙甘草,杜仲
TCMF10964,气血两虚，腰膝酸软，头晕目眩，月经不调。,红参，熟地黄，当归，白芍，川芎，白术，续断，菟丝子，阿胶，鹿角胶，甘草,茯苓
TCMF10733,高血压，高脂血症，冠心病。,丹参，葛根，瓜蒌，制何首乌，山楂,决明子
TCMF8222,风湿痹痛，筋骨疼痛，跌打损伤,乳香，赤芍，威灵仙，当归，伸筋草,延胡索
TCMF9732,风寒湿痹，关节疼痛，肌肉酸痛，筋骨不利。,麻黄，桂枝，羌活，秦艽，川芎，当归，木瓜，甘草,独活
TCMF6123,"咳嗽, 喘病",红参，蛤蚧，知母，川贝母，茯苓，甘草，苦杏仁,桑白皮
TCMFx1067,感冒,大青叶，连翘，防风，薄荷，牛蒡子，桔梗，白芷，甘草,荆芥
TCMF4747,肠燥便秘,火麻仁，苦杏仁，大黄，枳实，白芍,厚朴
TCMF8460,脾胃虚弱，食欲不振，肢倦乏力。,茯苓,山药
TCMF12131,蛔虫病，蛲虫病，绦虫病，钩虫病。,使君子，苦楝皮，花椒，乌梅，槟榔，雷丸，鹤虱，大黄，牵牛子,芒硝
TCMF7611,癫狂病,牛黄，朱砂，珍珠，黄连，黄芩，栀子，郁金，胆南星，雄黄，巴豆霜,冰片
TCMFx6422,胸痹,麦冬，五味子，黄芪，丹参，川芎,人参
TCMF4097,"胎动不安, 胃脘痛, 腰痛",香附，白术，陈皮，当归，枳壳，党参，白芍，厚朴，菟丝子，黄芪，羌活，艾叶，甘草，川贝母，川芎，砂仁,荆芥
TCMFx448,"头痛, 眩晕, 胸痛, 心悸; 冠心病心绞痛, 多发性脑梗死见上述证候者",丹参，川芎，赤芍，香附，木香，山楂,红花
TCMF8901,中风后遗症，肢体麻木，言语不利，口眼歪斜。,丹参，葛根，黄芪，冰片，水蛭，麝香,地龙
TCMF11610,脾肾两虚，气血不足，腰膝酸软，食欲不振，神疲乏力。,黄芪，党参，白术，茯苓，山药，熟地黄，当归，枸杞子，山茱萸，麦冬，五味子，川芎，牡丹皮，白扁豆，薏苡仁，莲子，芡实，牛膝,白芍
TCMF10354,风寒湿痹，关节疼痛，肢体麻木，腰膝酸软。,独活，川芎，白芷，细辛，防风，秦艽，桂枝，甘草,羌活
TCMFx811,感冒,麻黄，柴胡，肉桂，连翘，桔梗,广藿香
TCMF7421,风寒湿痹，筋骨疼痛，跌打损伤，无名肿毒。,川乌，草乌，羌活，独活，白芷，防风，麻黄，细辛，威灵仙，赤芍，大黄，芒硝，连翘，金银花，甘草,当归
TCMF8345,肝肾不足，腰膝酸软，筋骨无力，四肢麻木。,杜仲，制何首乌，巴戟天，当归，山药，骨碎补，续断，龟甲,淫羊藿
TCMF8909,肾阳不足，腰膝酸软，畏寒肢冷，神疲乏力。,黄芪，红参，肉苁蓉，茯苓，山药，当归，熟地黄，五味子，菟丝子，牛膝，远志，鹿茸,附子
TCMF8126,感冒发热，咽喉肿痛，扁桃体炎。,山豆根，大青叶,金银花
TCMF9893,风湿痹痛，关节肿胀，肢体麻木，腰腿疼痛。,白术，苦参，防己，薏苡仁，连翘，苦杏仁，法半夏，通草，黄柏，滑石粉,豨莶草
TCMF8557,肾虚腰痛，腰膝酸软，阳痿早泄，遗精滑精。,杜仲，肉苁蓉，绵萆薢,菟丝子
TCMF11002,跌打损伤，瘀血肿痛，风湿痹痛。,三七，血竭，红花，乳香，没药，甘松，木香，香附，细辛，白芷，制草乌，制川乌，冰片,朱砂
TCMF9911,口腔溃疡，口舌生疮，牙龈肿痛。,夏枯草，茵陈，秦艽，牡丹皮，木贼，当归，枳实,大黄
TCMF8804,腰膝酸软，神疲乏力，食欲不振，头晕耳鸣。,补骨脂，黄芪，党参，白术，砂仁，当归，白芍，山药，续断，大枣,杜仲
TCMF9152,胸痹心痛，心悸气短，心肾阳虚。,麦冬，丹参，黄芪，茯苓，郁金，淫羊藿，枳壳，桂枝，龟甲，紫石英,金银花
TCMFx7163,脾虚气滞所致的慢性萎缩性胃炎。,党参，山药，陈皮，香附，白芍，乌梅，甘草,黄芪
TCMF12462,关节疼痛，屈伸不利，腰腿酸软，畏寒肢冷，肢体麻木,制川乌，马钱子，麻黄，桂枝，人参，乌梢蛇，牛膝，鹿茸，续断，细辛，刺五加,制草乌
TCMFx6923,"劳倦, 食少无味, 脾胃虚弱, 元气不足",黄芪，人参，白术，甘草，当归，升麻，柴胡，生姜，大枣,陈皮
TCMF9569,寒凝血瘀所致的月经后期、痛经、产后腹痛。,肉桂，炮姜，当归，川芎，赤芍，没药，延胡索，蒲黄,小茴香
TCMF11851,食积停滞，脘腹胀满，消化不良。,山楂，麦芽，莱菔子，紫苏叶，陈皮，香橼，槟榔,瓜蒌
TCMFx7138,头晕目眩，暴发火眼，牙齿疼痛，口舌生疮，咽喉肿痛，耳痛耳鸣，大便秘结，小便短赤。,黄连，黄芩，黄柏，石膏，栀子，大黄，连翘，荆芥穗，白芷，蔓荆子，川芎，防风，薄荷，旋覆花，桔梗,菊花
TCMF9971,气血两虚，月经不调，产后恢复不良,人参，当归，丹参，益母草，川芎，炮姜，香附，通草，路路通，甘草,黄芪
TCMF9764,肾虚腰痛，神疲乏力，头晕耳鸣，食欲不振。,杜仲，党参，五味子，山楂，西洋参，鹿角胶，蜂蜜,枸杞子
TCMF10661,肝胆湿热，脾胃不和，消化不良。,九里香，姜黄,珍珠
TCMF9223,清热解毒，疏风止痛。用于治疗风热感冒、头痛、咽喉肿痛等症状,连翘，天麻，羌活，桔梗，牛蒡子，白术，大黄,薄荷
TCMF12152,心悸失眠，头晕目眩，健忘多梦，心烦不安。,麦冬，柏子仁，丹参，茯苓，党参，桔梗，首乌藤，五味子，玄参，朱砂,当归
TCMF8343,肝肾阴虚，头晕目眩，耳鸣耳聋，腰膝酸软，盗汗遗精，口干咽燥。,麦冬，天冬，知母，沙苑子，杜仲，枸杞子，茯苓，菊花，石斛，黄连，川芎，当归，山药，青葙子，熟地黄，菟丝子，黄柏,党参
TCMF11996,头晕目眩，心悸失眠，脾胃虚弱，腰膝酸软。,麦冬，葛根，茯苓，白术，蔓荆子，枸杞子，陈皮，人参,菊花
TCMF11516,清热解毒，凉血消肿。用于治疗感冒发热、咽喉肿痛、口腔溃疡、急性扁桃体炎、急性咽炎等。,连翘，金银花，灵芝，黄芩，栀子，天花粉，玄参，麦冬，甘草,板蓝根
TCMF11757,跌打损伤，瘀血肿痛，风湿痹痛。,红花，大黄，马钱子，延胡索，丁香，血竭,三七
TCMF10572,湿热黄疸，胁痛，食欲不振，恶心呕吐。,茵陈，五味子，栀子，甘草,半枝莲
TCMF11666,感冒发热，咽喉肿痛，头痛，口渴。,菊花，白茅根，通草，甘草，大枣,金银花
TCMF5427,胃脘痛,砂仁，厚朴，豆蔻，陈皮，青皮，枳壳，郁金，山楂，柴胡，香附，片姜黄，甘草,木香
TCMF488,胃脘痛,桂枝，牡蛎，甘草，延胡索，小茴香，高良姜,砂仁
TCMF11637,感冒，发热，头痛，咳嗽，胸闷，消化不良,广藿香，荆芥，香薷，茯苓，甘草，麦芽，苍术，木香，青蒿，大黄，山楂，白芷，香附，莱菔子，法半夏，牵牛子，陈皮，青皮，枳实,紫苏叶
TCMF5943,"积滞, 腹胀, 腹痛, 疳病",红参，大黄，槟榔，使君子，榧子，麦芽，三棱，枳实，莪术，山楂，牵牛子，胡黄连，鸡内金，芦荟，朱砂,冰片
TCMF9465,口腔溃疡，牙龈肿痛，咽喉炎。,侧柏叶，皂角刺，蒲公英，川木通，大血藤，白芷，柴胡，蜂蜜,千里光
TCMF8785,脾胃虚弱，食积气滞，脘腹胀痛，消化不良。,豆蔻，砂仁，莪术，木香，厚朴，山楂，莱菔子，当归，肉桂，丁香，牵牛子,陈皮
TCMFx4726,"胃脘痛, 腹痛",牡蛎，姜黄，金银花，柴胡，延胡索，牡丹皮，赤芍,大黄
TCMF9258,感冒发热，咳嗽，咽痛。,麻黄，黄芩，连翘，板蓝根，桔梗，牛蒡子，玄参，僵蚕，甘草,薄荷
TCMF11396,胃脘疼痛，痞满不适，食欲不振，消化不良。,黄芪，党参，丹参，茵陈，白芍，厚朴，柴胡，延胡索,乌梅
TCMF10314,心悸，失眠，健忘，气短乏力。,人参，黄芪，麦冬，五味子,党参
TCMF11581,脾胃虚弱，消化不良，食欲不振，脘腹胀满，呕吐泄泻。,甘松，广藿香，黄芩，紫苏叶，茯苓，稻芽，麦芽，草豆蔻，桔梗，艾叶，苍术，木香，青蒿，徐长卿，厚朴，山楂，白芷，防风,荆芥
TCMF11644,肝肾不足，精血亏虚，腰膝酸软，头晕耳鸣，须发早白，遗精早泄，月经不调。,丹参，熟地黄，枸杞子，菟丝子，淫羊藿，肉苁蓉，巴戟天，龟甲胶，人参，黄芪，当归，白芍，川芎，茯苓，泽泻，牡丹皮,鹿角胶
TCMF12158,湿热痹证，关节疼痛，肢体麻木，湿热黄疸，小便不利。,土茯苓，金银花，茵陈，槐花，川木通，龟甲，防风,广金钱草
TCMF8533,胆结石、肾结石、膀胱结石、尿路结石等。,黄芪，海金沙，威灵仙，郁李仁，延胡索，乌药，广金钱草，鸡内金,三棱
TCMF7745,血虚血瘀，月经不调，痛经，产后瘀血腹痛。,当归，白芍，熟地黄，丹参，香附，延胡索，红花，桃仁，甘草,川芎
TCMF10448,风湿痹痛，腰腿疼痛，肢体麻木，跌打损伤。,补骨脂，杜仲叶，乳香，赤芍，当归，白术，狗脊，续断，泽泻，肉桂，土鳖虫,牛膝
TCMF7694,风湿性关节炎，类风湿性关节炎，骨关节炎，跌打损伤等引起的疼痛。,延胡索，川芎，丹参，白芍，甘草，红花，桃仁，鸡血藤,牛膝
TCMF10628,气阴两虚所致的消渴病，症见口渴多饮、多食易饥、尿频量多、倦怠乏力、气短懒言、五心烦热、便秘。,太子参，知母，天花粉，葛根，山药，五味子，鸡内金,黄芪
TCMF8771,口腔炎症，咽喉肿痛，口干舌燥。,麦冬，天冬，甘草,金银花
TCMF8384,感冒引起的咳嗽，气喘，痰多。,桔梗，麻黄，山楂，鱼腥草，淫羊藿，射干，地龙,黄芪
TCMF9950,冠心病，心绞痛，脑梗死，血栓闭塞性脉管炎。,丹参，川芎，赤芍，红花，三七，地龙，黄芪，当归，甘草,水蛭
TCMF7609,鼻渊，鼻塞，流涕不止，前额头痛。,苍耳子，白芷，薄荷,辛夷
TCMF10876,咳嗽，痰多，气喘，肺虚久咳。,冬虫夏草，川贝母，款冬花，百部，苦杏仁，砂仁，陈皮，木香，人参，蛤蚧,甘草
TCMF7178,痰湿中阻、肝肾不足引起的头昏、头晕。,半夏，菊花，陈皮，白术，茯苓，泽泻，墨旱莲，牛膝，甘草,女贞子
TCMFx3642,"痹病, 阳痿, 早泄",杜仲，白芍，五加皮，狗脊，熟地黄，党参，骨碎补，白术，金樱子，女贞子，鸡血藤，淫羊藿，川牛膝，茯苓，当归，菟丝子,桂枝
TCMF10123,肝郁气滞，月经不调，痛经，乳房胀痛。,香附，白芍，川芎，熟地黄，黄芩，砂仁，白术，陈皮,当归
TCMF11199,急慢性肝炎，胆囊炎，胆石症,鸡骨草，三七，人工牛黄,广金钱草
TCMF11746,感冒发热，咽喉肿痛，咳嗽痰多。,紫花地丁，红花，麻黄，木通，石膏,诃子
TCMF10528,糖尿病，气阴两虚，口渴多饮，消谷善饥，尿多，消瘦，乏力。,黄芪，天冬，北沙参，天花粉，茯苓，土茯苓，柏子仁，五味子，覆盆子，枸杞子，红花，山药，玄参,香附
TCMF10195,眩晕，头痛，恶心呕吐，胸闷不适。,丹参，茯苓，砂仁，天麻，白芍，木瓜，白芷，当归，姜半夏，石菖蒲，枳实,白术
TCMF10720,糖尿病，气阴两虚，脾肾不足。,黄芪，党参，麦冬，玉竹，天花粉，熟地黄，山茱萸，肉苁蓉，女贞子，地骨皮，石榴皮，山药，砂仁，虎杖,何首乌
TCMF8163,失眠，心悸，头晕，神经衰弱。,百合，麦冬，丹参，合欢花，茯苓，首乌藤，五味子，酸枣仁，刺五加，玄参，远志，灯心草，珍珠母,石膏
TCMF12139,气血两虚，月经不调，腰膝酸软，头晕目眩。,麦冬，熟地黄，白芍，川芎，杜仲，桑寄生，黑豆，甘草，陈皮，香附，茯苓，阿胶,当归
TCMFx6455,"咳嗽, 喘病, 心悸, 怔忡, 眩晕, 虚劳",灵芝，人参，白术，茯苓，肉桂，陈皮，白芍，熟地黄，黄芪，五味子，远志，甘草,当归
TCMF7430,感冒病外感风寒表虚证，症见发热恶风，有汗，头痛项强，咳嗽痰白，鼻鸣干呕，苔薄白，脉缓。,桂枝，白芍，葛根，苦杏仁，生姜,大枣
TCMF11888,风热感冒，咳嗽痰多，胸闷不畅。,薄荷，荆芥穗，黄芩，紫苏梗，瓜蒌子，桔梗，苦杏仁，前胡，法半夏，陈皮，甘草,枳壳
TCMF7328,脾胃虚弱，气短乏力，食欲不振，腹胀便溏。,黄芪，白术，陈皮，当归，升麻，柴胡，甘草,党参
TCMF11658,高热惊厥，神昏谵语，头痛眩晕，牙关紧闭，口噤不开，面赤气粗，舌红苔黄，脉弦数。,黄芩，黄连，黄柏，大黄，郁金，木香，石决明，朱砂，雄黄，冰片,栀子
TCMF10558,清热解毒，凉血消肿。用于治疗热毒蕴结所致的疮疡肿毒、丹毒、蜂窝组织炎等。,黄连，黄芩，黄柏，栀子，甘草,连翘
TCMF11679,风寒湿痹，筋骨疼痛，四肢麻木，腰膝酸软。,炙黄芪，党参，当归，熟地黄，杜仲，续断，牛膝，秦艽，独活，威灵仙，白芷，川芎，菊花，枸杞子，白芍，酸枣仁，龙眼肉，五加皮，大枣,干姜
TCMF10166,糖尿病及其并发症,麦冬，玉竹，知母，天花粉，南沙参，丹参，山茱萸，牛膝，石膏,党参
TCMF7349,"偏枯, 风痱",黄芪，赤芍，川芎，桃仁，红花，地龙，水蛭，全蝎，蜈蚣，牛膝，鸡血藤，甘草,当归
TCMF592,"潮热, 咳嗽, 形体瘦弱, 自汗盗汗, 乏力或病后津伤",锁阳，菟丝子，肉桂，巴戟天，黄芪，山药，附子，枸杞子，淫羊藿,党参
TCMF12142,脾胃虚弱，食欲不振，腹胀便溏，神疲乏力。,炙黄芪，白芍，山药，五味子，香附，陈皮，甘草,党参
TCMF5118,痹病,熟地黄，鹿衔草，肉苁蓉，淫羊藿，鸡血藤，莱菔子,骨碎补
TCMF7960,慢性支气管炎，咳嗽痰多,茯苓，瓜蒌，葶苈子，陈皮,甘草
TCMF7943,肾阳不足，腰膝酸软，畏寒肢冷，性功能减退。,肉苁蓉，枸杞子，仙茅，淫羊藿，沉香，肉桂，人参,巴戟天
TCMF2586,"阳痿, 早泄, 遗精, 遗精, 尿频, 月经失调, 闭经",巴戟天，何首乌，肉苁蓉，续断，仙茅，金樱子，淫羊藿，覆盆子，当归，党参，熟地黄，枸杞子，甘草，黄芪，狗脊,杜仲
TCMF12284,气滞血瘀，胸胁胀痛，月经不调，痛经。,柴胡，香附，川芎，白芍，郁李仁，白芷，甘草,芥子
TCMF10445,阴虚便秘，腰膝酸软，头晕耳鸣。,肉苁蓉，枳壳，黑芝麻,威灵仙
TCMF5660,"腹泻, 腹痛",白术，车前子，肉豆蔻，诃子，白扁豆，莲子，薏苡仁，山药，甘草，木香，党参,罂粟壳
TCMF3361,"月经失调, 痛经, 带下病",当归，益母草，川芎，丹参，白芍，香附，泽兰，附子，小茴香，红花，吴茱萸，延胡索，艾叶，乌药，莪术，三棱，牛膝，木香，胡椒，没药，甘草,肉桂
TCMFx3047,"腹胀, 胁痛",沉香，木香，柴胡，厚朴，豆蔻，砂仁，郁金，防风，葛根，枳壳，陈皮，桔梗，槟榔，麦芽，谷芽，前胡，青皮，白芷，檀香，降香，羌活，广藿香，甘草,乌药
TCMF11115,肾虚腰痛，头晕目眩，耳鸣耳聋，阳痿早泄，遗精盗汗，腰膝酸软，四肢无力。,杜仲，巴戟天，淫羊藿，黄芪，党参，白术，当归，白芍，枸杞子，女贞子，茯苓，山药，莲子，肉苁蓉，山茱萸，金樱子，柏子仁，砂仁，甘草,牡丹皮
TCMF9066,热毒内盛，咽喉肿痛，牙痛，口舌生疮，目赤肿痛。,黄芩，大黄，石膏，桔梗，冰片，人工牛黄，雄黄，甘草,黄连
TCMF7432,风痱,黄芪，当归，川芎，赤芍，红花，地龙，水蛭，土鳖虫，全蝎，天麻，僵蚕，胆南星，石菖蒲，远志，丹参，鸡血藤，钩藤，决明子，牛膝，枳壳，甘草,桃仁
TCMF7890,气阴两虚，心悸失眠，盗汗，咽干口燥。,人参，天冬，茯苓，五味子，地骨皮,麦冬
TCMFx3872,"阳痿, 早泄, 滑精, 梦遗, 腰痛",龟甲胶，鹿角胶，巴戟天，补骨脂，续断，杜仲，熟地黄，当归，白芍，枸杞子，五味子，山茱萸，麦冬，芡实，肉桂，附子，牡丹皮，泽泻，茯苓,山药
TCMF4944,"疳病, 虫积",使君子，槟榔,天南星
TCMF7808,目赤肿痛，眼睑炎，结膜炎。,千里光,决明子
TCMF2041,"胸痹, 神昏",苏合香，沉香，蟾酥，冰片，人参，檀香，丁香，乳香，香附，荜茇，石菖蒲，诃子,麦冬
TCMF8714,鼻塞，流涕，头痛，鼻渊。,薄荷，苍耳子，鹅不食草，辛夷，白芷，甘草,黄芩
TCMF8784,肝胃不和，胸胁胀痛，呕吐吞酸，脘腹胀满，不思饮食。,柴胡，白芍，木香，香附，延胡索，茯苓，白术，砂仁，陈皮，橘红，龙胆，黄连，厚朴，沉香，甘草,豆蔻
TCMF11245,肝肾阴虚，腰膝酸软，头晕耳鸣，目昏不明。,鳖甲，制何首乌，熟地黄，车前子，丹参，茯苓，当归，牛膝,龟甲
TCMF8756,急慢性肝炎，胆囊炎，胆石症。,土木香，栀子,苦参
TCMF8018,跌打损伤，骨折，筋骨疼痛,红花，桃仁，川芎，血竭,当归
TCMF8231,肾虚腰痛，腰膝酸软，头晕耳鸣，失眠多梦。,龟甲，鹿角，党参,枸杞子
TCMF9685,心悸失眠，心神不宁，胸闷气短，健忘多梦。,乳香，天竺黄，木香，广枣，肉豆蔻，沉香，阿魏，诃子，丁香,木棉花
TCMFx6368,"痢疾, 腹泻, 腹痛",人参，白术，茯苓，白扁豆，苍术，广藿香，木香，丁香，檀香，砂仁，肉豆蔻，肉桂，吴茱萸，薏苡仁，车前草，滑石，黄连，诃子，天冬，麦冬，槟榔,芡实
TCMF7383,风热感冒，咽喉肿痛，咳嗽。,金银花，连翘，薄荷，桔梗,甘草
TCMFx1143,痰喘,金礞石，黄芩，大黄,沉香
TCMF8923,瘰疬痰核，瘿瘤，乳癖，乳痨，乳岩等。,浙贝母，夏枯草，鳖甲,玄参
TCMF8104,肝郁气滞，湿热内蕴，症见胁肋胀痛，口苦纳呆，小便黄赤，大便不爽。,丹参，夏枯草，茯苓，党参，白术，蒲公英，虎杖，白芍，桃仁，柴胡，当归，鳖甲,枳壳
TCMF9018,肝肾阴虚，目涩畏光，视物模糊，迎风流泪。,熟地黄，山茱萸，山药，茯苓，泽泻，牡丹皮，枸杞子，白芍，当归，石决明，枳壳,菊花
TCMFx7432,感冒风寒，头痛身痛，恶寒无汗，鼻塞流涕，咳嗽。,荆芥，防风，羌活，独活，川芎，柴胡，前胡，茯苓，桔梗，甘草,枳壳
TCMF10628,气阴两虚所致的消渴病，症见口渴多饮、多食易饥、尿频量多、倦怠乏力、气短懒言、五心烦热、便秘。,黄芪，太子参，知母，天花粉，葛根，山药，五味子,鸡内金
TCMF11521,跌打损伤，瘀血肿痛，骨折。,儿茶，降香，没药，乳香，红花，大黄，骨碎补，三七，血竭，冰片，土鳖虫,当归
TCMF3382,虚劳,人参，鹿茸，熟地黄，山药，牛膝，甘草，肉桂，桑寄生，当归，党参，白术，川芎，何首乌，龙眼肉,白芍
TCMFx854,"腹胀, 腹泻",党参，白术，陈皮，枳实，山楂,麦芽
TCMF9592,肾虚腰痛，遗精早泄，阳痿不举，头晕耳鸣，腰膝酸软。,肉苁蓉，淫羊藿，黄芪，红参，炙甘草，制何首乌，熟地黄，当归，茯苓，白术，车前子，五味子，覆盆子，金樱子，枸杞子，川芎，蛇床子，小茴香，山药,补骨脂
TCMF7788,风湿痹痛，筋骨疼痛，关节不利。,苍术，桑寄生,威灵仙
TCMF12265,湿热泻痢，里急后重，腹痛腹泻。,木香，穿心莲,苦参
TCMF7470,缺乳,黄芪，当归，穿山甲，王不留行，漏芦，天花粉，白芍，桔梗，麦冬,通草
TCMF12301,月经不调，痛经，不孕症，气血两虚。,丹参，益母草，炙黄芪，党参，当归，黄芩，茯苓，白术，木香，白芍，川芎，山药，续断，熟地黄，延胡索，炙甘草，砂仁，肉桂，阿胶,香附
TCMFx6064,"腹胀, 腹泻",广藿香，半夏，陈皮，茯苓，厚朴，甘草,白术
TCMFx6780,"清热, 宣肺, 平喘。用于小儿外感引起的发热恶寒, 咳嗽痰黄, 气促, 口干音哑, 咽喉肿痛。",麻黄，苦杏仁，甘草，黄芩，板蓝根，北豆根,石膏
TCMF11875,感冒，头痛，发热，恶寒，鼻塞，流涕，咳嗽，痰多。,广藿香，香薷，紫苏叶，白芷，茯苓，佩兰，苦杏仁，半夏，陈皮，大腹皮,防风
TCMF7275,热病，邪入心包，高热惊厥，神昏谵语。,牛黄，麝香，冰片，水牛角，黄芩，黄连，栀子，朱砂，珍珠，雄黄,郁金
TCMF11459,感冒发热，咽喉肿痛，咳嗽痰多。,夏枯草，甘草，竹茹，牛蒡子，柴胡，大青叶，枳壳，石膏,大黄
TCMFx5095,痹病,黄芪，杜仲，续断，肉苁蓉，苏木，川芎，没药，淫羊藿，牛膝，骨碎补，补骨脂，熟地黄，细辛，桂枝，血竭，三七，当归，香加皮，羌活,乳香
TCMF8553,冠心病，心绞痛，心肌梗死，心律失常，高血压等心血管疾病。,丹参，红花，黄芪，麦冬，降香，木香，土木香，川楝子，大黄，木通，荜茇，广枣，茜草，栀子，肉豆蔻，诃子，檀香，人工牛黄,三七
TCMF10270,小儿外感风寒、内停痰饮所致的咳嗽、气喘、痰多等症。,麻黄，桔梗，苦杏仁，黄芪，山药，芥子，葶苈子，山楂，防风,甘草
TCMF8210,风湿痹痛，筋骨疼痛，腰膝酸软，四肢麻木。,丹参，红花，当归，威灵仙，制草乌，穿山龙，川牛膝，桂枝，甘草,千年健
TCMF11962,月经不调，经期腹痛，经血量少，色暗有块，腰膝酸软，头晕耳鸣。,黄芪，人参，当归，白芍，川芎，香附，茯苓，白术，青蒿，牡丹皮，地骨皮，鳖甲,艾叶
TCMF7609,鼻渊，鼻塞，流涕不止，前额头痛。,辛夷，白芷，薄荷,苍耳子
TCMF11056,肾虚腰痛，头晕耳鸣，遗精早泄，阳痿不育，尿频遗尿。,肉苁蓉，锁阳，制何首乌，熟地黄，茯苓，白术，酸枣仁，淫羊藿，菟丝子,莲须
TCMF8757,风热感冒，咽喉肿痛，咳嗽痰多。,薄荷，荆芥，黄芩，连翘，金银花，桔梗，射干，栀子，玄参，防风，蝉蜕，僵蚕,甘草
TCMF9128,咽喉肿痛，声音嘶哑，口干舌燥。,麦冬，玄参，山豆根，冰片，蟾酥，麝香,射干
TCMF38,"风湿性关节炎, 腰肌劳损, 跌打损伤",独活，槲寄生，杜仲，秦艽，防风，党参，当归，茯苓，熟地黄，牛膝，桂枝，细辛，甘草，川芎,白芍
TCMF8707,湿热下注，足膝红肿热痛，下肢痿软无力，湿热带下。,黄柏，苍术，薏苡仁,牛膝
TCMF11781,跌打损伤，骨折，瘀血肿痛。,麝香，自然铜，朱砂，儿茶，苏木，没药，红花，赤芍，川芎，当归，骨碎补，三七，牛膝，续断，桂枝，血竭，土鳖虫，麻黄，马钱子,乳香
TCMF9423,风湿性关节炎，类风湿性关节炎，痛风，肢体麻木，瘫痹瘫痪，跌打损伤，坐骨神经痛。,余甘子，降香，决明子，乳香，荜茇，草果，豆蔻，红花，木香，黑种草子，肉豆蔻，沉香，诃子，毛诃子，檀香，丁香，肉桂，高良姜，水牛角,牛黄
TCMF10002,脾胃虚寒，脘腹冷痛，呕吐泄泻，四肢不温。,白术，川芎，当归，丁香，延胡索，吴茱萸，肉桂,厚朴
TCMF11274,中风，口眼歪斜，言语不利，半身不遂，瘫痹，惊风抽搐。,全蝎，蜈蚣，僵蚕，丁香，冰片，麝香，磁石,牛黄
TCMF11697,湿热瘀阻所致的痹病，症见关节疼痛、红肿、屈伸不利，肢体沉重，腰膝酸软，步履艰难。,知母，黄芩，葛根，苦参，猪苓，党参，白术，苍术，茵陈，当归，防风，羌活，泽泻,升麻
TCMFx4188,感冒,防风，羌活，独活，柴胡，前胡，川芎，枳壳，茯苓，桔梗，甘草,荆芥
TCMFx6395,"虚劳, 眩晕, 头痛, 不寐, 健忘",党参，茯苓，白芍，续断，当归，三七，杜仲叶，何首乌，红花，黄芪，牛膝，牡丹皮，泽泻，白术，熟地黄，人参,山药
TCMF11921,跌打损伤，瘀血肿痛，风湿痹痛。,白及，草乌，川乌，五倍子，半夏,赤小豆
TCMF7603,咳嗽痰多，支气管炎，哮喘。,枇杷叶，远志，紫菀，款冬花，桔梗，麻黄，甘草,半夏
TCMF8327,小儿感冒发热，咽喉肿痛，咳嗽痰多。,黄连，黄芩，栀子，金银花，连翘，玄参，天花粉，赤芍，甘草,板蓝根
TCMF11261,风湿痹痛，腰腿酸痛，肢体麻木，跌打损伤。,鸡血藤，杜仲，党参，红花，菊花，何首乌，木瓜，独活，防风，羌活，龙眼肉，熟地黄，陈皮，两面针,川芎
TCMFx3085,"胃脘痛, 腹胀",木香，陈皮，厚朴，豆蔻，砂仁，枳壳，青皮，香附，延胡索，柴胡，姜黄，甘草,沉香
TCMF11686,暑湿感冒，头痛身重，恶心呕吐，食欲不振。,广藿香，香薷，紫苏叶，茯苓，木瓜，檀香，甘草,丁香
TCMF9987,气虚体弱，食欲不振，失眠多梦，疲劳乏力。,黄芪，人参，鹿茸，麦芽，山楂，刺五加，甘草,五味子
TCMF9723,脾胃虚弱，食欲不振，消化不良,黄精，天冬，沉香,豆蔻
TCMF9557,跌打损伤，骨折，筋骨疼痛,泽兰，莪术，细辛，草乌，川乌，独活，狗脊，半夏，续断，乌药,威灵仙
TCMFx290,"肾虚腰痛, 尿后余沥, 遗精早泄, 阳萎不育",枸杞子，菟丝子，五味子，车前子,覆盆子
TCMF10201,银屑病，皮肤瘙痒，红斑鳞屑。,苦参，红花，赤芍，金银花，当归，牛蒡子，防风,大青叶
TCMF11772,咳嗽，痰多，气喘。,川贝母，桔梗，枇杷叶,半夏
TCMFx3378,急惊风,僵蚕，蝉蜕，防风，羌活，麻黄，桔梗，半夏，黄连，大黄，甘草，人工牛黄，朱砂，麝香，冰片,全蝎
TCMFx3151,感冒,陈皮，生姜，法半夏，青皮，苦杏仁，紫苏叶，五味子，桑白皮，甘草,麻黄
TCMF12413,发热，恶寒，头痛，口渴，便秘，尿黄,麻黄，黄芩,大黄
TCMF10593,风热感冒，发热头痛，咳嗽口干，咽喉疼痛。,薄荷，荆芥，金银花，连翘，牛蒡子，桔梗，甘草,淡豆豉
TCMF12202,小儿食积，脘腹胀满，食欲不振，大便不畅。,芦荟，麦芽，山楂，三棱，莪术，榧子，使君子，红参，胡黄连，枳实，槟榔，冰片，鸡内金，朱砂,牵牛子
TCMF8944,心悸，失眠，精神恍惚，头晕目眩，腰膝酸软。,槟榔，荜茇，胡椒，干姜，木香，沉香，制草乌，肉豆蔻，当归，葶苈子，丁香,广枣
TCMF9260,风寒湿痹，肢体麻木，腰腿疼痛。,秦艽，威灵仙，炙黄芪，当归，干姜，苍术，木瓜，川芎，独活，牛膝，甘草,桂枝
TCMF7340,缺乳,黄芪，当归，熟地黄，白芍，川芎，天花粉，王不留行，穿山甲，漏芦，鹿角霜，路路通，柴胡，生姜,通草
TCMF8082,肝硬化，肝纤维化，慢性肝炎等,党参，白术，当归，白芍，甘草，茯苓，砂仁，青皮，枳实，白茅根，茜草，地龙，鳖甲,柴胡
TCMF9869,肾虚腰痛，头晕耳鸣，遗精早泄，阳痿不育，尿频尿急。,韭菜子，补骨脂，巴戟天，枸杞子，山茱萸，仙茅，熟地黄，莲须，芡实，淫羊藿，菟丝子，白果，海马,桑椹
TCMF3096,腹胀,半夏，党参，白术，茯苓，甘草,陈皮
TCMFx6768,"舒肝解郁, 清热调经。用于肝郁化火, 胸胁胀痛, 烦闷急躁, 颊赤口干, 食欲不振或有潮热, 以及妇女月经先期, 经行不畅, 乳房与少腹胀痛。",牡丹皮，栀子，柴胡，当归，白术，茯苓，薄荷，甘草,白芍
TCMF1429,眩晕,夏枯草，珍珠母，菊花，槲寄生，地龙，薄荷,黄芩
TCMF9103,心脾两虚，失眠多梦，食欲不振，肢倦乏力。,炙甘草，炙黄芪，党参，白术，茯苓，木香，陈皮，当归，白芍，香附，龙眼肉，远志，蜂蜜,酸枣仁
TCMF6206,"疮疡, 乳痈",蒲公英，金银花，天花粉，黄柏，大黄，白芷，陈皮，乳香，当归，赤芍，甘草,木鳖子
TCMF11396,胃脘疼痛，痞满不适，食欲不振，消化不良。,黄芪，丹参，茵陈，白芍，厚朴，乌梅，柴胡，延胡索,党参
TCMF12131,蛔虫病，蛲虫病，绦虫病，钩虫病。,使君子，苦楝皮，花椒，乌梅，槟榔，雷丸，鹤虱，芒硝，牵牛子,大黄
TCMF8627,风湿痹痛，筋骨痿软，肢体麻木，腰膝酸痛。,大血藤，防己，木瓜，羌活，伸筋草，制川乌，川芎，延胡索，桑寄生，牛膝，绵萆薢，黄柏，乳香，没药，血竭，全蝎，金钱白花蛇,鸡血藤
TCMF12184,脾胃虚弱，食欲不振，消化不良，体倦乏力。,党参，白术，木香，厚朴，制何首乌，当归，覆盆子，金樱子，山药，菟丝子，山楂,五味子
TCMF12378,耳后红肿疼痛，或有脓肿，发热，口干，舌红苔黄，脉弦数,金银花，当归，麦冬，蒲公英，桔梗，半夏，川芎,甘草
TCMF11065,头痛，眩晕，鼻塞，流涕。,当归，细辛，白芷，羌活，独活，防风，蔓荆子，黄芩，麦冬，苍术，菊花，甘草,川芎
TCMF9638,肾虚腰痛，头晕耳鸣，遗精早泄，阳痿不育，腰膝酸软，须发早白。,黄精，补骨脂，杜仲，何首乌，鹿茸，沙苑子，覆盆子，金樱子，枸杞子，桑椹，仙茅，骨碎补，淫羊藿，菟丝子，银杏叶，马鞭草，大血藤，人参,冬虫夏草
TCMF6939,"外感风寒湿邪, 恶寒发热, 头痛项强, 肢体酸痛, 腮肿",荆芥，防风，独活，柴胡，前胡，川芎，枳壳，桔梗，茯苓，甘草，生姜，薄荷,羌活
TCMF8050,风寒湿痹，关节疼痛，筋骨麻木，腰腿酸痛。,苏木，没药，乳香，海风藤，红花，天麻，麻黄，细辛，草乌，川乌，赤芍，桃仁，威灵仙，红大戟，白芷，当归，独活，羌活，丁香,檀香
TCMF7620,缺乳,穿山甲，王不留行，天花粉，甘草，鹿角霜，漏芦，通草，木通，川芎,当归
TCMF11344,脾胃虚弱，食积停滞，脘腹胀痛，消化不良。,三棱，草果，砂仁，白术，川木香，木香，大黄，厚朴，山楂，阿魏，当归，香附，莱菔子，法半夏，牵牛子，陈皮，吴茱萸，槟榔，甘草,莪术
TCMF11115,肾虚腰痛，头晕目眩，耳鸣耳聋，阳痿早泄，遗精盗汗，腰膝酸软，四肢无力。,杜仲，巴戟天，淫羊藿，黄芪，党参，白术，当归，白芍，女贞子，茯苓，山药，莲子，肉苁蓉，山茱萸，金樱子，柏子仁，砂仁，牡丹皮，甘草,枸杞子
TCMF7911,肾虚，腰膝酸软，阳痿早泄，遗精遗尿，头晕耳鸣，须发早白。,淫羊藿，杜仲，续断，何首乌，熟地黄，党参，黄芪，当归，枸杞子，肉苁蓉，仙茅，金樱子，覆盆子，甘草,巴戟天
TCMF11057,肾虚精亏，腰膝酸软，头晕耳鸣，遗精早泄，阳痿不育，尿频遗尿。,韭菜子，补骨脂，沙苑子，茯苓，核桃仁，制何首乌，覆盆子，金樱子，枸杞子，山药，莲须，莲子，芡实，续断，人参，牡蛎，鹿茸,五味子
TCMF8446,肝气郁结，胸闷胁痛，心烦易怒，失眠多梦，食欲不振。,柴胡，白芍，当归，茯苓，白术，牡丹皮，栀子，甘草,薄荷
TCMF9833,肾阳不足，腰膝酸软，畏寒肢冷，性功能减退。,附子，巴戟天，锁阳，枸杞子，熟地黄，蛇床子，仙茅，肉桂,淫羊藿
TCMF11247,心脾两虚，气血不足，失眠多梦，健忘，头晕目眩，食欲不振，四肢倦怠。,炙黄芪，党参，当归，熟地黄，丹参，川芎，茯苓，白术，酸枣仁，远志，芡实，砂仁，炙甘草，龟甲胶，鹿角胶,山药
TCMF4190,"疳病, 腹泻",白术，茯苓，党参，诃子，车前子，莲子，白扁豆，鸡内金，山药，薏苡仁，石榴皮,木香
TCMF7660,"补肾, 温阳。适用于肾阳不足所致的腰膝酸痛, 头晕耳鸣, 神疲健忘, 体倦乏力, 畏寒肢冷。",菟丝子，枸杞子，五味子，蛇床子，金樱子，覆盆子，韭菜子，川楝子，巴戟天，肉苁蓉，炙黄芪，当归，熟地黄，炙甘草,淫羊藿
TCMF9759,心悸失眠，气短乏力，头晕目眩。,党参，麦冬，太子参，制何首乌，枸杞子，当归，蜂蜜,人参
TCMF10228,小儿感冒发热、咳嗽、气喘。,麻黄，苦杏仁，石膏，板蓝根，甘草,金银花
TCMF11638,慢性肝炎，肝硬化，肝功能不全。,黄芪，党参，黄精，山药，丹参，当归，郁金，茵陈，板蓝根，秦艽，白芍，泽泻，甘草,山楂
TCMF11606,气血两虚，心脾不足，腰膝酸软，失眠多梦，食欲不振。,炙黄芪，炙甘草，当归，熟地黄，麦冬，北沙参，杜仲，核桃仁，茯苓，白术，白芍，五味子，川芎，陈皮，酸枣仁，山茱萸，龙眼肉，艾叶，砂仁,远志
TCMF10429,气血两虚，心悸失眠，食欲不振，四肢乏力。,红参，五加皮，黄芪，五味子，麦冬，当归，川芎，白芍，熟地黄,炙甘草
TCMF9632,气血两虚，腰膝酸软，头晕目眩，四肢无力。,黄芪，当归，枸杞子，麦冬，芦根，鸡血藤，附子，茜草，淫羊藿，甘草,补骨脂
TCMF9287,痰热阻肺所致的咳嗽、痰多、胸闷、气喘；慢性支气管炎急性发作见上述证候者。,川贝母，紫苏子，苦杏仁，金荞麦，麻黄，枇杷叶，鱼腥草，矮地茶,甘草
TCMF12061,小儿感冒，发热，咳嗽，咽痛。,黄芩，荆芥，柴胡，桔梗，甘草,大青叶
TCMF9579,冠心病，心绞痛，高血压，脑动脉硬化。,丹参，郁金，红花，三七，淫羊藿，冰片,粉葛
TCMF12155,风湿痹痛，肢体麻木，腰腿疼痛。,甘草，没药，乳香，苍术，马钱子，川牛膝，土鳖虫，全蝎，僵蚕,麻黄
TCMF11948,风湿性关节炎，类风湿性关节炎，骨关节炎，腰腿疼痛。,附子，桂枝，威灵仙，防风，伸筋草，骨碎补，红花，白芍，知母，淫羊藿，续断，狗脊，熟地黄,独活
TCMF8611,急慢性喉炎，声带小结，声带息肉。,浙贝母，丹参，红花，蒲公英，金银花，板蓝根，玄参，木蝴蝶，蝉蜕,马勃
TCMF12477,关节红肿热痛，屈伸不利，肢体沉重，小便黄赤,大黄，车前子，泽泻，川牛膝,防己
TCMFx888,消渴,人参，黄连，天花粉，天冬，黄芪，丹参，枸杞子，沙苑子，葛根，五倍子，五味子,知母
TCMF8420,头痛，眩晕，记忆力减退,黄柏，冰片,苦参
TCMF8604,急性咽炎，慢性咽炎急性发作，风热外束、痰热内盛所致的咽喉肿痛、声音嘶哑、咽干口渴、发热、恶风、咳嗽有痰、舌红苔黄、脉弦数或滑数。,黄芩，金银花，菊花，连翘，牛蒡子，玄参，胖大海，木蝴蝶，蝉蜕，僵蚕，赤芍,板蓝根
TCMF4388,痹病,木瓜，当归，川芎，白芷，威灵仙，牛膝，鸡血藤，海风藤，人参，川乌，草乌,狗脊
TCMF11395,清热解毒，润肺止咳，用于风热感冒，咽喉肿痛，咳嗽痰多。,川贝母，麦冬，石斛，玄参，薄荷，胖大海，赤芍，牡丹皮，薏苡仁，泽泻，木蝴蝶，蝉蜕，僵蚕，甘草,黄芩
TCMF10124,肝郁脾虚所致的月经不调，胸胁胀痛，食欲不振，情志抑郁。,柴胡，当归，白芍，白术，茯苓，薄荷,炙甘草
TCMF11815,慢性肾炎，蛋白尿，血尿，腰膝酸软，神疲乏力。,黄芪，党参，茯苓，白术，益母草，紫苏叶，女贞子，金樱子，菟丝子，山药，莲子，蝉蜕,墨旱莲
TCMF529,"督任俱虚, 精血不足, 虚损遗泄, 瘦弱少气, 目视不明",党参，鹿角，枸杞子,龟甲
TCMF12064,小儿感冒，发热，咳嗽，头痛，身痛，惊风，痰多。,薄荷，紫苏叶，黄芩，黄连，茯苓，白术，天竺黄，胆南星，天麻，钩藤，白芍，厚朴，枳实，独活，羌活，白附子，甘草,山药
TCMF8021,血瘀证，症见肢体麻木，疼痛，肿胀等。,土茯苓，重楼，金钱草，皂角刺，猪苓，三棱，莪术，蒲公英，虎杖，大黄，王不留行，三七，淫羊藿，牵牛子，地龙，海马,泽兰
TCMF11499,银屑病，皮肤瘙痒，湿热蕴结。,土茯苓，丹参，黄芩，地肤子，白鲜皮，柏子仁，玄参，乌梢蛇，青黛,苦参
TCMF10180,胆囊炎，胆石症,金钱草，黄芩，茵陈，三棱，延胡索，大黄，芒硝，枳壳，木香,莪术
TCMF8161,风湿痹痛，筋骨痿软，腰膝酸软，肢体麻木。,泽兰，木香，续断，细辛，威灵仙，大血藤，白芷，五加皮，两面针，桂枝，土鳖虫,独活
TCMF8553,冠心病，心绞痛，心肌梗死，心律失常，高血压等心血管疾病。,丹参，红花，黄芪，麦冬，降香，木香，川楝子，大黄，木通，荜茇，广枣，茜草，栀子，肉豆蔻，诃子，檀香，三七，人工牛黄,土木香
TCMF6489,"胸痹, 真心痛, 眩晕, 头痛",山楂，丹参，三七，木香,葛根
TCMF11243,气血两虚，头晕目眩，心悸失眠，食欲不振，月经不调。,炙黄芪，当归，熟地黄，白芍，川芎，茯苓，甘草，阿胶,党参
TCMF8365,癥瘕积聚，痛经，闭经，产后瘀血腹痛。,益母草，紫苏子，姜黄，苏木，没药，乳香，莪术，艾叶，红花，大黄，白芍，两头尖，苦杏仁，桃仁，阿魏，川芎，当归，小茴香，香附,三棱
TCMFx5254,"眩晕, 耳鸣",山楂，夏枯草，小蓟，泽泻，决明子,菊花
TCMFx3073,腹痛,胆南星，地龙，钩藤，沉香，鱼腥草，牛黄，冰片，珍珠,僵蚕
TCMFx6656,"健脾和胃, 益气养血。用于脾胃虚弱, 气血不足证, 症见气短懒言, 体倦乏力, 食欲不振, 面色无华, 健忘失眠, 头晕目眩。",赤石脂，黄芪，茯苓，当归，白术，西洋参，菊花，大枣,枸杞子
TCMF8709,咳嗽，痰多，气喘。,紫苏子，甘草，枇杷叶，陈皮，化橘红,桔梗
TCMF10017,肝肾不足，气血两虚，月经不调，崩漏带下，腰膝酸软，头晕耳鸣,人参，黄芪，当归，白芍，天冬，山药，鹿角胶，鹿角霜，丹参，川芎，桑螵蛸，甘草,银柴胡
TCMF6299,"咳嗽, 喘病",甘草，半夏，马兜铃，青果，紫苏子，百合，桑白皮，川贝母，瓜蒌子，白果，款冬花，陈皮,麻黄
TCMF5460,"呕吐, 腹泻, 腹胀",苍术，厚朴，陈皮，茯苓，泽泻，猪苓，甘草，肉桂,白术
TCMF11138,风湿痹痛，筋骨痿软，肢体麻木，腰膝酸软。,杜仲，牛膝，麻黄，防风，羌活，独活，乳香，没药，自然铜，乌梢蛇，甘草,蜈蚣
TCMFx5471,"腹胀, 便秘",黄芩，黄连，黄柏，大黄，石膏，木香，香附，青皮，陈皮，枳壳，槟榔，当归，牵牛子,莪术
TCMF9347,风湿痹痛，筋骨痿软，肢体麻木，腰膝酸软。,芦荟，马钱子，西红花，全蝎，金钱白花蛇，蛤蚧,乳香
TCMFx3073,腹痛,僵蚕，胆南星，地龙，钩藤，沉香，鱼腥草，牛黄，冰片,珍珠
TCMF9649,湿热瘀阻所致的皮肤病，如湿疹、皮炎、皮肤瘙痒等。,土茯苓，丹参，黄芩，甘草，当归，蝉蜕,白鲜皮
TCMF11294,食积停滞，脘腹胀满，消化不良。,山楂,麦芽
TCMFx6483,"中风, 偏枯, 遗精, 髓劳, 血劳",人参，黄芪，熟地黄，当归，白芍，白术，茯苓，薏苡仁，鸡血藤，钩藤，僵蚕，防风，羌活，木瓜，牛膝，乌药，杜仲，附子，肉桂，沉香，甘草，大枣,川芎
TCMF7910,高血压，头痛，眩晕，耳鸣，失眠。,石决明，夏枯草，菊花，制何首乌，女贞子，桑寄生，葛根，牛膝,黄精
TCMF11257,肺虚咳嗽，气喘，痰多,冬虫夏草，五味子，白果，平贝母，白前,蛤蚧
TCMF8101,肝肾阴虚，头晕目眩，腰膝酸软，耳鸣耳聋，须发早白。,制何首乌，女贞子，墨旱莲，五味子，当归，白芍，黄芪，党参，茯苓，泽泻，牡丹皮，牛膝，川芎，甘草,熟地黄
TCMF438,"胸腹胀满, 消化不良, 呕吐恶心, 停食停水, 气滞闷郁, 胃脘刺痛",香附，枳壳，木香，柴胡，丁香，高良姜，陈皮，砂仁，延胡索，檀香，片姜黄，厚朴，沉香，青皮，甘草，莪术，肉桂,豆蔻
TCMF10261,小儿外感风热，症见发热、咳嗽、咽痛。,广藿香，荆芥，金银花，板蓝根，大青叶，桔梗，蒲公英，秦艽，赤芍，苦杏仁，柴胡，莱菔子，石菖蒲，僵蚕，郁金,淡竹叶
TCMF8710,咳嗽痰多，气喘胸闷，痰稠色黄，不易咳出。,麦冬，浙贝母，紫苏子，苦杏仁，瓜蒌皮，法半夏，茯苓，陈皮，化橘红，款冬花，紫菀，甘草，石膏,桔梗
TCMF984,感冒,金银花，薄荷，淡豆豉，桔梗，甘草，连翘，牛蒡子，淡竹叶,荆芥
TCMF11798,脾胃虚弱，食积停滞，脘腹胀痛，恶心呕吐，消化不良。,广藿香，紫苏叶，苍术，麦芽，山楂，豆蔻，砂仁，生姜，桔梗，白芷，大黄，厚朴，香附，姜半夏，陈皮，槟榔,茯苓
TCMF10991,肾虚腰痛，腰膝酸软，遗精早泄，阳痿不举，小便频数。,韭菜子，补骨脂，白术，木香，附子，巴戟天，覆盆子，枸杞子，川芎，锁阳，牛膝，淫羊藿，续断，熟地黄，菟丝子，肉桂，人参，鹿茸，大青盐,杜仲
TCMFx864,缺血性中风,蒲黄，郁金，天麻，漏芦,赤芍
TCMF10373,气血两虚，脾肾不足，头晕目眩，腰膝酸软，神疲乏力。,炙黄芪，当归，百合，天冬，丹参，茯苓，山药，灵芝，薏苡仁，核桃仁，制何首乌，肉苁蓉，冬虫夏草，山楂，枸杞子，大枣，酸枣仁，莲子,金樱子
TCMFx3538,鼻渊,苍耳子，辛夷，野菊花，金银花,茜草
TCMF261,"咳嗽, 痉病",麻黄，黄芩，石膏，葶苈子，前胡，苦杏仁，竹茹,紫苏子
TCMF11175,咳嗽气喘，痰多色白，胸闷气短，畏寒肢冷。,黄芪，紫菀，胡椒，附子，五味子，前胡，白果,苦杏仁
TCMFx7011,"麻疹初发, 或发而未透, 发热恶风, 喷嚏咳嗽",葛根，白芍，甘草，生姜,升麻
TCMF11406,风湿痹痛，筋骨疼痛，肢体麻木，腰膝酸软。,玉竹，重楼，黄芪，党参，木香，秦艽，制草乌，制川乌，枸杞子，当归，续断，桂枝，肉桂,红花
TCMF5618,腹泻,猪苓，泽泻，白术,茯苓
TCMFx5091,"胁痛, 积滞",豆蔻，延胡索，陈皮，茯苓，川楝子，沉香，木香，白芍，片姜黄，枳壳，厚朴,砂仁
TCMF4555,感冒,荆芥穗，防风，白芷，葛根，薄荷，蒲公英，板蓝根，苦地丁，黄芩，芦根，玄参，苦杏仁，甘草,柴胡
TCMF8542,火热毒邪所致的便秘、腹泻、口舌生疮、咽喉肿痛。,黄连，黄柏，栀子，大黄，芒硝，连翘，金银花，蒲公英，紫花地丁，甘草,黄芩
TCMF7859,风寒湿痹，关节疼痛，四肢麻木，腰膝酸软。,附子，制川乌，党参，淫羊藿，肉桂,当归
TCMF11613,急性胆囊炎，急性胰腺炎，急性阑尾炎，急性肠炎，急性菌痢等。,黄连，黄芩，黄柏，栀子，大黄，连翘，金银花，天花粉，知母，赤芍，牡丹皮，甘草,玄参
TCMF11350,痰湿阻滞，肥胖症，高血压，高血脂。,黄芩，大黄，荆芥，苦参，昆布，桔梗，白术，白芍，枳实，川芎，当归，枳壳，石膏，玄明粉，滑石,麻黄
TCMF8667,肝肾不足，腰膝酸软，头晕目眩，高血压。,杜仲，何首乌，鹿衔草，钩藤，莱菔子，骨碎补，三七，熟地黄,葛根
TCMF10539,肾虚，腰膝酸软，遗精，早泄，小便频数。,韭菜子，补骨脂，沙苑子，覆盆子，五味子，女贞子，枸杞子，桑椹，车前子，附子，芡实,金樱子
TCMF9788,感冒发热，头痛鼻塞，咳嗽痰多，胸闷呕恶。,黄芩，紫苏叶，紫苏子，苍术，厚朴，麦芽，山楂，白芷，防风，羌活，桑白皮，法半夏，陈皮，枳实，甘草,香附
TCMF9333,心悸失眠，心神不宁，胸闷气短。,天竺黄，广枣，肉豆蔻，沉香，北沙参，檀香,红花
TCMFx6770,"泻热通便, 健脾益气。用于胃肠实热, 脾气亏虚所致的大便秘结, 腹胀纳呆, 形体肥胖, 气短肢倦等症; 或高脂血症见上述症状者。",大黄，玄明粉，灵芝，肉桂，甘草,人参
TCMFx3085,"胃脘痛, 腹胀",木香，沉香，厚朴，豆蔻，砂仁，枳壳，青皮，香附，延胡索，柴胡，姜黄，甘草,陈皮
TCMF11430,胸闷心痛，心悸气短，失眠多梦，头晕目眩。,三七，冰片，人参，牛黄，水牛角，蟾酥，珍珠,麝香
TCMF7650,气虚血瘀所致的胸痹心痛，心悸气短，肢冷麻木，舌质紫暗。,黄芪，当归，丹参，赤芍，川芎，红花，桃仁，鸡血藤，牛膝,炙甘草
TCMF11854,肺燥咳嗽，痰少难咳，咽干口渴，声音嘶哑。,南沙参，北沙参，麦冬，玉竹，天花粉，桑叶，枇杷叶，浙贝母，桔梗，甘草,苦杏仁
TCMF7324,心气虚或气阴两虚型的胸痹患者，症见：心悸，乏力，胸痛，胸闷，心烦，失眠，汗多，眩晕，口干，面色少华或面色潮红，舌质淡红，胖嫩或有齿痕，脉弦细或沉细、涩、结代等，亦用于冠心病心绞痛见有上述症状者。,人参，麦冬，五味子，当归，石菖蒲,知母
TCMF898,"妇女经脉不行或不调, 或前或后, 赤白带下, 久不成孕",白芍，香附，陈皮，熟地黄，川芎，甘草，大枣，白术，续断，砂仁，黄芩,当归
TCMF10873,心悸失眠，头晕目眩，健忘多梦，腰膝酸软。,黄精，制何首乌，合欢皮，茯苓，远志，酸枣仁，朱砂，女贞子，当归，桑叶,墨旱莲
TCMFx2013,"郁病, 不寐, 夜啼, 绝经前后诸症",柴胡，川芎，茯苓，钩藤，首乌藤，白术，甘草,当归
TCMF9733,风寒湿痹，筋骨疼痛，肢体麻木，腰膝酸软。,葛根，黄芪，姜黄，白芍，桂枝,菊花
TCMFx3314,痹病,川乌，草乌，防己，防风，牛膝，桂枝，威灵仙，老鹳草,续断
TCMF8291,肾虚腰痛，头晕耳鸣，遗精盗汗，四肢乏力。,人参，黄芪，何首乌，枸杞子，肉苁蓉，冬虫夏草，淫羊藿，茯苓，白术，天冬，五味子，海马，鹿茸，三七，菟丝子，黑芝麻,黄精
TCMF10591,风热感冒，发热头痛，咳嗽，口干咽痛。,荆芥，金银花，连翘，淡豆豉，牛蒡子，桔梗，淡竹叶，甘草,薄荷
TCMF12212,风湿痹痛，肢体麻木，关节不利，皮肤瘙痒。,麻黄，桂枝，苦参，苍术，威灵仙，川芎，红花，当归，防风，蝉蜕，地肤子，火麻仁，甘草,白鲜皮
TCMF9972,慢性胃炎，胃脘痛，消化不良。,丹参，莪术，延胡索，甘草，木香，枳壳，大黄，赤芍，黄连，柴胡，吴茱萸,党参
TCMF10698,失眠，心悸，头晕，记忆力减退。,五味子，酸枣仁，丹参，远志，石菖蒲，茯苓，甘草,珍珠母
TCMFx4975,"痹病, 偏枯",乌梢蛇，草乌，附子，防风，麻黄，海风藤，细辛，白附子，胆南星，蜈蚣，地龙，乳香，桃仁，红花，当归，川芎，赤芍，桂枝，牛膝，骨碎补，熟地黄，党参，白术，茯苓，木香，香附，草豆蔻，石菖蒲，黄芩，大黄，牛黄，冰片,威灵仙
TCMF10064,肝肾阴虚，头晕目眩，视力减退，腰膝酸软。,五味子，菊花，决明子，桑椹,枸杞子
TCMF10488,眩晕，头痛，耳鸣，目眩，心悸，失眠。,黄芩，茯苓，竹茹，苍耳子，菊花，枸杞子，胆南星，牡蛎,白芍
TCMF10825,肾虚引起的头晕目眩，腰膝酸软，心悸失眠。,茯苓，山药，淫羊藿，熟地黄，泽泻,楮实子
TCMFx6037,"感冒, 麻疹, 风疹",淡豆豉，桑叶，陈皮，连翘，薄荷，赤芍，金银花，蝉蜕，白茅根，葛根，板蓝根，前胡，黄芩，荆芥穗，大青叶，栀子，天花粉，西河柳，水牛角,玄参
TCMF7828,月经不调，痛经，带下，崩漏，不孕,丹参，黄芩，益母草，黄芪，党参，杜仲，白术，茯苓，益智，艾叶，陈皮，肉苁蓉，秦艽，白薇，白芍，女贞子，地榆，地骨皮,覆盆子
TCMF7337,气滞型胃脘痛，症见胃脘胀痛，窜及两胁，得嗳气或矢气则舒，情绪郁怒则发作加重。胸闷食少，排便不畅，舌苔薄白，脉弦等。用于慢性胃炎及消化性溃疡见上述证候者。,紫苏梗，香附，陈皮，佛手，枳壳,香橼
TCMF10923,感冒风寒，头痛鼻塞，咳嗽痰多，脘腹胀满，肢体酸痛。,薄荷，广藿香，荆芥，紫苏叶，茯苓，天竺黄，荜茇，砂仁，白术，木香，天麻，白芍，厚朴，白芷，独活，防风，香附，诃子，山药,川芎
TCMF11289,清热解毒，消肿止痛。用于治疗疮疡肿毒，咽喉肿痛，口舌生疮等。,薄荷，甘草，金银花，冰片，牛黄，蟾酥，雄黄，朱砂，珍珠母,板蓝根
TCMF11500,胆囊炎，胆石症，胆道感染。,知母，金钱草，黄芩，茵陈，木香，白芍，金银花，柴胡，大青叶，大黄,芒硝
TCMF8058,肝功能异常，肝炎，肝硬化等,麦芽，牡丹皮，山楂，金银花，板蓝根,柴胡
TCMF11985,心悸失眠，胸闷不舒，心绞痛。,木香，沉香，木棉花，广枣，肉豆蔻，诃子,乳香
TCMF8026,偏头痛，血管性头痛，紧张性头痛。,制川乌，白芷,川芎
TCMF10735,心悸失眠，头晕耳鸣，健忘，神经衰弱。,丹参，合欢皮，墨旱莲，首乌藤，五味子，女贞子，石菖蒲，珍珠母,菟丝子
TCMF8955,高血压病，头痛，眩晕，失眠。,罗布麻叶，钩藤，夏枯草，珍珠母，菊花，牛膝，山楂,泽泻
TCMF8446,肝气郁结，胸闷胁痛，心烦易怒，失眠多梦，食欲不振。,柴胡，当归，茯苓，白术，牡丹皮，栀子，薄荷，甘草,白芍
TCMF8187,水肿，小便不利，腹胀，腹泻。,白芍，茯苓，泽泻，车前子，猪苓，桂枝，炙甘草,白术
TCMFx3055,腹胀,沉香，砂仁，苍术，麦芽，青皮，紫苏叶，细辛，川芎，桔梗，茯苓，甘草，栀子，厚朴，香附，木香，山楂，陈皮，广藿香，荆芥，白芷，防风，薄荷，半夏，白芍，葛根,枳实
TCMFx7220,用于肝郁脾虚所致的郁闷不舒、胸胁胀痛、头晕目眩、食欲减退、月经不调,柴胡，当归，白芍，白术，茯苓，炙甘草，薄荷,生姜
TCMF11285,咽喉肿痛，口腔溃疡，牙龈肿痛。,细辛，五倍子，冰片，牛黄，水牛角，蟾酥，麝香，珍珠,黄连
TCMF3252,"滑胎, 小产, 难产",艾叶，荆芥炭，川芎，甘草，菟丝子，厚朴，羌活，当归，黄芪，白芍，枳壳,川贝母
TCMF7677,疝气,小茴香，槟榔，川楝子，吴茱萸，橘核，荔枝核，肉桂，炮姜，延胡索,木香
TCMFx7229,用于肝肾阴亏，眩晕耳鸣，羞明畏光，迎风流泪，视物昏花,熟地黄，山茱萸，枸杞子，菊花，茯苓，泽泻，牡丹皮,山药
TCMF8115,咳嗽，痰多，气喘。,百部，紫苏子，桔梗，麻黄，苦杏仁，前胡，桑白皮，清半夏,黄芩
TCMF11245,肝肾阴虚，腰膝酸软，头晕耳鸣，目昏不明。,龟甲，鳖甲，熟地黄，车前子，丹参，茯苓，当归，牛膝,制何首乌
TCMF7304,儿童急性支气管炎湿热蕴肺证。症见：发热，咳嗽，痰液粘稠，兼见呕恶纳呆，便溏不爽，溲黄，舌红苔腻等。,黄芩，法半夏，滑石，淡豆豉，射干,青蒿
TCMF7704,"偏枯, 风痱",黄连，黄芩，栀子，郁金，冰片，朱砂，珍珠母，胆南星，天竺黄，雄黄，石膏,牛黄
TCMF11944,白癜风,苏木，乳香，红花，马齿苋，白芷，当归,白矾
TCMF6086,疮口不收,当归，白芷，甘草，轻粉，血竭,紫草
TCMF10800,中风后遗症，瘫痹不遂，肢体麻木，言语不清，口眼歪斜，头痛眩晕。,蜈蚣，全蝎，地龙，土鳖虫，乌梢蛇，麝香，冰片，牛黄，天麻，防风，羌活，独活，威灵仙，秦艽，络石藤，苍术，白术，当归，川芎，红花，丹参，鸡血藤，忍冬藤,海风藤
TCMF10066,高脂血症，动脉硬化，脂肪肝。,丹参，浮萍，水飞蓟，何首乌，赤芍，五味子，金樱子，枸杞子，石菖蒲，蒲黄，淫羊藿，菟丝子，泽泻,蛇床子
TCMF10027,气血两虚，头晕目眩，食欲不振，腰膝酸软。,制何首乌，枸杞子，红花，菊花，陈皮,山楂
TCMF8638,咽喉肿痛，声音嘶哑，口干舌燥，咳嗽痰多。,麦冬，北豆根，金果榄，黄连，金银花，胖大海，玄参,桔梗
TCMF11729,湿温初起，头痛身重，胸闷不饥，午后身热，苔白不渴。,淡竹叶，薏苡仁，豆蔻，厚朴，苦杏仁，姜半夏，滑石,通草
TCMF10124,肝郁脾虚所致的月经不调，胸胁胀痛，食欲不振，情志抑郁。,柴胡，当归，白芍，茯苓，炙甘草，薄荷,白术
TCMF10030,湿疹，皮炎，瘙痒症。,五倍子，黄柏，苦参，花椒,蛇床子
TCMF11260,瘀血内停，腹部肿块，肌肤甲错，目眶暗黑，潮热羸瘦，经闭不行。,大黄，土鳖虫，黄芩，甘草，苦杏仁，桃仁，水蛭,白芍
TCMF11057,肾虚精亏，腰膝酸软，头晕耳鸣，遗精早泄，阳痿不育，尿频遗尿。,韭菜子，补骨脂，沙苑子，茯苓，核桃仁，制何首乌，五味子，覆盆子，金樱子，枸杞子，山药，莲须，芡实，续断，人参，牡蛎，鹿茸,莲子
TCMF8507,糖尿病，消渴症,黄精，麦冬，知母，丹参，葛根，黄芪，天花粉，枸杞子，山药，芡实，荔枝核，刺五加，熟地黄，玄参，枳壳，人参，牡蛎,乌药
TCMF9655,湿热瘀阻所致的慢性结肠炎、肠易激综合征等。,半枝莲，丹参，白扁豆，补骨脂，山豆根，防己，三棱，莪术，苦杏仁，乌梅,苦参
TCMF9087,咳嗽，气喘，痰多，胸闷。,百部，天冬，浙贝母，紫苏叶，紫苏子，甘草，茯苓，桔梗，款冬花，紫菀，麻黄，苦杏仁，枇杷叶，北沙参，前胡，芥子，法半夏，枳壳,陈皮
TCMF10247,小儿感冒发热，咽喉肿痛，咳嗽痰多。,黄芩，龙胆，连翘，金银花，板蓝根，麦冬，知母，玄参，苦地丁，石膏,栀子
TCMF9312,清热解毒，用于治疗感冒发热、咽喉肿痛、口舌生疮、痈肿疮疖。,黄芩，黄连，大黄，玄参，菊花，茯苓，甘草，冰片，朱砂，青黛,龙胆
TCMF8180,慢性支气管炎，肺气肿，支气管哮喘，慢性阻塞性肺疾病等属肺肾两虚者。,党参，白术，麦冬，茯苓，五味子，炙甘草,补骨脂
TCMF11620,脾胃虚弱，食少便溏，气短咳嗽，肢倦乏力。,甘草，豆蔻，莪术，砂仁，厚朴，沉香，柴胡，香附，檀香,木香
TCMF8328,小儿感冒发热，咽喉肿痛，口腔溃疡。,黄连，黄芩，黄柏，栀子，金银花，连翘，板蓝根，玄参，天花粉，甘草,大青叶
TCMF10492,胆囊炎，胆石症，胆道感染。,金银花，郁金，白矾，滑石粉，甘草,玄参
TCMF6015,急惊风,黄连，胆南星，天竺黄，全蝎，僵蚕，甘草，牛黄，冰片,朱砂
TCMF9530,脾胃虚弱，食欲不振，消化不良，气血不足。,白术，何首乌，山楂，大枣，山药，龙眼肉，枳实，牡蛎,茯苓
TCMFx3961,"疳病, 腹胀, 腹泻",党参，茯苓，白扁豆，薏苡仁，山药，芡实，莲子，陈皮,白术
TCMF12098,高血压，头痛，眩晕，心悸，失眠。,黄芩，夏枯草，甘草，槐花，淡竹叶，木香，龙胆，钩藤，莲子心，制天南星，黄柏，牛黄，朱砂，珍珠母,冰片
TCMF11190,肾阳不足，腰膝酸软，畏寒肢冷，阳痿早泄，夜尿频多。,肉苁蓉，锁阳，菟丝子，蛇床子，淫羊藿，韭菜子，五味子，覆盆子，巴戟天，枸杞子，熟地黄，山茱萸，麦冬，玉竹，人参，黄芪，白术，茯苓，甘草,石斛
TCMF44,头痛,白芷，羌活，细辛，防风，荆芥，薄荷，甘草,川芎
TCMF10066,高脂血症，动脉硬化，脂肪肝。,丹参，浮萍，水飞蓟，何首乌，赤芍，五味子，金樱子，枸杞子，蛇床子，石菖蒲，蒲黄，淫羊藿，菟丝子,泽泻
TCMFx7189,久病体虚，血亏气虚，妇女血虚、经闭、经少等症。,黄芪，党参，白术，熟地黄，当归,阿胶
TCMF10758,湿热泄泻，腹痛，腹胀，恶心呕吐。,麦冬，天冬，车前草，广藿香，白扁豆，薏苡仁，砂仁，白术，苍术，木香，黄连，肉豆蔻，芡实，檀香，丁香，吴茱萸，肉桂，槟榔，人参,茯苓
TCMF10168,糖尿病，口渴多饮，多食易饥，尿频量多，消瘦乏力。,黄芪，红参，麦冬，五味子，天花粉，石膏，黄连，茯苓，牡丹皮,枸杞子
TCMF4952,"咳嗽, 喉痹, 口疮, 鼻疮, 牙痛, 便秘",栀子，黄柏，大黄，苦参，天花粉，知母，桔梗，前胡,黄芩
TCMF11637,感冒，发热，头痛，咳嗽，胸闷，消化不良,广藿香，荆芥，香薷，紫苏叶，茯苓，麦芽，苍术，木香，青蒿，大黄，山楂，白芷，香附，莱菔子，法半夏，牵牛子，陈皮，青皮，枳实,甘草
TCMF10850,热病神昏，中风痰迷，惊痫抽搐，咽喉肿痛，口舌生疮。,石膏，滑石，玄参，甘草，木香，丁香，羚羊角，芒硝，麝香,朱砂
TCMF10873,心悸失眠，头晕目眩，健忘多梦，腰膝酸软。,黄精，制何首乌，合欢皮，茯苓，远志，酸枣仁，朱砂，墨旱莲，女贞子，桑叶,当归
TCMF11510,火热内盛，口舌生疮，咽喉肿痛，牙痛，便秘。,黄连，黄芩，黄柏，天花粉，玄参，知母，石膏，甘草,栀子
TCMFx1426,"治怒气伤肝, 因而气逆动火, 致为烦热胁痛, 胀满动血等证",陈皮，赤芍，牡丹皮，栀子，泽泻，土贝母,青皮
TCMF10625,肾虚腰痛，头晕耳鸣，神疲乏力，失眠多梦。,补骨脂，肉苁蓉，黄芪，何首乌，玉竹，枸杞子，茯苓，当归，大枣,灵芝
TCMF11673,头晕目眩，痰多咳嗽，胸闷不舒，头痛,安息香，黄芩，麦冬，葛根，槐花，丹参，郁金，黄芪，白术，茯苓，决明子，天麻，赤芍，沉香，川芎，桑寄生,香附
TCMFx3195,虚劳,红参，南沙参，黄精，山药，枸杞子,麦冬
TCMF10183,外感发热，头痛身痛，口渴咽痛，便秘尿赤。,知母，黄芩，荆芥穗，青蒿，大黄，牡丹皮，厚朴，柴胡,槟榔
TCMF7366,心脾两虚，气血不足所致的心悸，失眠，头晕，肢倦乏力,熟地黄，当归，川芎，党参，黄芪，白术，茯苓，远志，酸枣仁，龙眼肉，丹参，甘草,白芍
TCMF9936,脾胃虚弱，消化不良，腹痛腹泻。,苦参，干姜，土木香，玫瑰花，诃子，珍珠,木鳖子
TCMF7015,"下焦蓄血, 少腹急结, 小便自利, 血瘀经闭",桂枝，大黄，芒硝，甘草,桃仁
TCMF8782,清热解毒，消肿止痛。用于治疗感冒发热，咽喉肿痛，扁桃体炎，疖肿等。,黄芩，金银花，玄参，桔梗，甘草,苦地丁
TCMF10209,小儿支气管哮喘，咳嗽气喘，痰多色黄，发热咽痛。,麻黄，苦杏仁，石膏，瓜蒌，板蓝根，甘草,金银花
TCMF9359,咳嗽痰多，气喘。,远志,桔梗
TCMFx5072,胁痛,当归，白芍，白术，香附，柴胡，茯苓，栀子，牡丹皮，甘草,薄荷
TCMF9942,风寒湿邪、气血瘀滞所致的痹病，症见腰腿疼痛、筋骨无力、屈伸不利、步履艰难、腰膝疼痛、肢体麻木。,麻黄，细辛，草乌，马钱子，刺五加，红参，牛膝，续断，桂枝，乌梢蛇，鹿茸,川乌
TCMF11710,风寒湿痹，筋骨疼痛，跌打损伤，风湿性关节炎。,当归，川芎，白芷，细辛，防风，羌活，独活，苍术，白术，茯苓，泽泻，桂枝，麻黄，干姜，附子，肉桂，吴茱萸，小茴香，丁香，木香，沉香，乳香，没药，血竭，儿茶，冰片，麝香,猪苓
TCMF12529,眼干涩痛，视物模糊，头晕耳鸣，口燥咽干，舌红少苔，脉细数,人参，决明子，土茯苓，枸杞子，石决明，茺蔚子，蒺藜，青葙子，麦冬，密蒙花，川楝子，茜草，牛膝，野菊花，五味子，红花，菟丝子，玉竹，车前子，羚羊角，牛黄，珍珠，麝香，三七,当归
TCMF10968,肝肾阴虚，腰膝酸软，头晕目眩，耳鸣耳聋，潮热盗汗，遗精早泄。,熟地黄，山茱萸，山药，茯苓，泽泻，北沙参，麦冬,牡丹皮
TCMFx5874,"温病, 发热, 神昏",郁金，冰片，栀子,麝香
TCMF12009,乳痈初起，乳汁不通，乳房胀痛。,天花粉，漏芦，白芷，甘草，麦芽，桔梗，白芍，柴胡，当归，王不留行，通草,川芎
TCMFx581,"虚劳, 咳嗽",阿胶，熟地黄，党参，黄芪，枸杞子,白术
TCMF11693,感冒发热，头痛身痛，咳嗽痰多，胸闷不畅。,知母，黄芩，甘松，薄荷，广藿香，荆芥，香薷，泽兰，紫苏叶，紫苏子，白扁豆，甘草,赤小豆
TCMF9575,风湿痹痛，筋骨疼痛，肢体麻木，腰膝酸软。,黑豆，制川乌，地龙，全蝎，蜂房,乌梢蛇
TCMF9244,肾虚腰痛，阳痿早泄，心悸失眠，神疲乏力。,杜仲，五味子，巴戟天，防风，蛇床子，菟丝子，远志，海马，海龙,肉苁蓉
TCMF10967,脾肾两虚，腰膝酸软，食欲不振，神疲乏力。,炙甘草，红参，白术，山药，肉苁蓉，锁阳，女贞子，覆盆子，山茱萸，菟丝子，白芍,陈皮
TCMF12181,肾虚腰痛，头晕耳鸣，遗精早泄，失眠多梦。,麦冬，柏子仁，炙甘草，党参，白术，五味子，枸杞子，当归，独活，山药，熟地黄，鹿茸,补骨脂
TCMF1397,"太阳病发汗, 汗出不解, 其人仍发热, 心下悸, 头眩",茯苓，白芍，生姜，白术,附子
TCMFx4077,"腹泻, 慢惊风",人参，白术，丁香，甘草，附子，肉桂，枸杞子，熟地黄,泽泻
TCMF9511,外感风寒，内热炽盛，发热恶寒，头痛身痛，咳嗽，咽痛。,麻黄，葛根，生姜，白芍，苦杏仁，大枣，甘草,桂枝
TCMF11864,风湿痹痛，筋骨疼痛，肢体麻木，跌打损伤。,儿茶，苏木，乳香，红花，大黄，马钱子，赤芍，枳实，桃仁，白芷，当归，骨碎补，三七，牛膝，续断，桂枝，冰片，土鳖虫，自然铜,熟地黄
TCMF9663,肝郁气滞，胸胁胀痛，食欲不振，恶心呕吐。,川木香，红花，马兜铃，西红花，牛黄,人工牛黄
TCMF10421,肾虚腰痛，阳痿早泄，遗精盗汗，肢冷畏寒。,淫羊藿，山茱萸，菟丝子，鹿茸,人参
TCMF2041,"胸痹, 神昏",苏合香，沉香，蟾酥，冰片，人参，麦冬，檀香，丁香，乳香，香附，荜茇，石菖蒲,诃子
TCMF11133,小儿脾胃虚弱，食欲不振，消化不良，腹泻便溏。,党参，山药，茯苓，莲子，稻芽，鸡内金，使君子，甘草,海螵蛸
TCMFx863,缺血性中风,三七，当归，丹参，鸡血藤，红花，银杏叶，山楂，菊花，石决明，何首乌，葛根,红参
TCMF7670,"阳痿, 早泄",鹿茸，鹿角胶，龟甲胶，淫羊藿，巴戟天，肉苁蓉，熟地黄，枸杞子，五味子，党参，黄芪，白术，茯苓，当归，川芎，炙甘草,白芍
TCMF12039,疮疡肿毒，皮肤溃烂，湿疹瘙痒。,甘草，白芷，当归，紫草，轻粉,血竭
TCMF7369,跌打损伤，瘀血肿痛，筋骨疼痛。,当归，川芎，赤芍，桃仁，红花，丹参，乳香，牛膝，泽兰，三七，甘草,没药
TCMF10504,高血压，高血脂，动脉硬化，冠心病，心绞痛，脑血栓，脑梗塞等。,灯盏细辛，银杏叶，丹参，葛根，川芎，红花，山楂，决明子，荷叶,三七
TCMF8409,气血两虚，头晕目眩，心悸失眠，食欲不振。,黄芪，党参，龙眼肉，白术，山药，大枣，三七，甘草,当归
TCMFx6247,"咳嗽, 百日咳",牛蒡子，川贝母，旋覆花，紫苏子，桑白皮，枳壳，陈皮，葶苈子，百部，桔梗，法半夏，青蒿，麻黄,山楂
TCMF8968,感冒咳嗽，支气管炎，哮喘。,黄芩，麻黄，紫苏叶，桔梗，苦杏仁，连翘，鱼腥草，防风，法半夏，银杏叶，甘草,紫菀
TCMF8737,感冒发热，咽喉肿痛，咳嗽痰黄，尿黄便干。,黄芩，金银花，葛根，连翘，板蓝根，菊花，茵陈，绵马贯众，栀子，白芷,大青叶
TCMFx309,"表寒里热, 身热口渴, 咳嗽痰盛, 喘促气逆, 胸膈满闷; 急性支气管炎见上述证候者",甘草，苦杏仁，石膏,麻黄
TCMFx1061,痹病,马钱子，麻黄，虎杖，菝葜，秦艽，木瓜，甘草，防风，桑寄生,桂枝
TCMFx5218,痹病,白芍，柴胡，香附，木香，木瓜，秦艽，防风，独活，羌活，地枫皮，海风藤，牛膝，续断，麻黄，乳香，没药，川芎，当归，延胡索，苍术，厚朴，杜仲，甘草，赭石，马钱子,青风藤
TCMF11037,心绞痛，胸闷，气短,苏合香，冰片,川芎
TCMF6429,健忘,龟甲，鹿角，枸杞子，人参，茯苓,楮实子
TCMF10272,小儿厌食，食欲不振，消化不良，腹胀腹痛。,干姜，砂仁，白术，山楂，胡黄连，槟榔，人参,山药
TCMF6164,"急惊风, 咳嗽",天竺黄，朱砂，僵蚕，薄荷，黄连，血竭，雄黄，山药，全蝎，麝香，胆南星，钩藤,牛黄
TCMFx389,感冒,青皮，麻黄，五味子，甘草，法半夏，苦杏仁，紫苏叶，桑白皮，生姜,陈皮
TCMF7693,心脾两虚，遗精滑泄，失眠健忘，心悸怔忡。,人参，山药，茯苓，白术，酸枣仁，五味子，金樱子，芡实,远志
TCMF11324,风寒湿痹，筋骨疼痛，肢体麻木，腰膝酸软。,红花，川芎，秦艽，威灵仙，草乌，川乌，老鹳草，茜草，木瓜，当归，千年健，牛膝，续断，桂枝,香加皮
TCMF7029,"痢疾, 便脓血, 腹痛, 里急后重",白芍，当归，黄芩，黄连，大黄，木香，甘草，肉桂,槟榔
TCMF11823,肝肾阴虚，须发早白，头晕目眩，腰膝酸软。,麦冬，黑豆，茯苓，墨旱莲，何首乌，牡丹皮，女贞子，桑椹，大枣，山药,泽泻
TCMF11720,肝肾不足，气血两虚，腰膝酸软，头晕目眩，心悸失眠。,人参，龟甲，何首乌，熟地黄，山茱萸，山药，麦冬，丹参，杜仲，灵芝，砂仁，菊花，肉苁蓉，赤芍，五味子，当归，玄参，菟丝子，泽泻,牡丹皮
TCMF10364,肾虚腰痛，腰膝酸软，头晕耳鸣，神疲乏力。,丹参，杜仲，牛膝，茯苓，五味子，枸杞子，当归，山药，淫羊藿，续断，熟地黄，菟丝子，人参,黄芪
TCMF8206,冠心病，心绞痛。,苏合香，土木香，檀香，冰片,乳香
TCMF440,"心悸气短, 头晕目眩, 倦怠乏力, 腰膝酸软, 面色苍白, 唇甲色淡, 或伴出血; 再生障碍性贫血, 缺铁性贫血见以上述证候者",菟丝子，红参，鸡血藤，当归，女贞子，黄芪，益母草，熟地黄，白芍，何首乌，淫羊藿，黄精，党参，麦冬，仙鹤草，白术，补骨脂，枸杞子，墨旱莲,阿胶
TCMF3763,"胁痛, 月经失调, 痛经",牡丹皮，栀子，柴胡，白芍，当归，茯苓，白术，薄荷,甘草
TCMFx140,"慢性鼻炎, 过敏性鼻炎, 鼻窦炎",苍耳子，黄芪，辛夷，薄荷，防风，白术,白芷
TCMF8628,感冒发热，咽喉肿痛，咳嗽痰黄，尿黄便干。,蒲公英，金银花，大青叶,鱼腥草
TCMF5872,"咳嗽, 百日咳",法半夏，茯苓，黄芩，石膏，川贝母，百部，胆南星，白前，冰片,牛黄
TCMF3097,"解?, 惊悸, 健忘",党参，甘草，肉桂，当归，白术，白芍，陈皮，茯苓，远志，熟地黄，五味子,黄芪
TCMF11405,风湿性关节炎，类风湿性关节炎，骨关节炎，跌打损伤。,没药，乳香，蒲公英，桃仁，当归，羌活，骨碎补，天南星，五加皮，续断，冰片，土鳖虫,红花
TCMF9511,外感风寒，内热炽盛，发热恶寒，头痛身痛，咳嗽，咽痛。,麻黄，桂枝，生姜，白芍，苦杏仁，大枣，甘草,葛根
TCMF8880,热病神昏，中风痰迷，惊痫抽搐，咽喉肿痛，口舌生疮，痈肿疔疮。,牛黄，麝香，冰片，蟾酥，雄黄,珍珠
TCMF9787,风湿痹痛，肢体麻木，腰腿疼痛。,鸡血藤，红花，川芎，秦艽，木瓜，当归，独活，羌活，伸筋草，三七，两面针，桂枝,威灵仙
TCMF10290,火热内盛，咽喉肿痛，口舌生疮，牙龈肿痛，目赤肿痛。,黄芩，大黄，栀子，黄柏，冰片，石膏，雄黄，滑石,知母
TCMF10170,糖尿病，口渴多饮，多食易饥，尿频量多。,知母，地锦草，苍术，黄连,蒲黄
TCMF8708,咳嗽，痰多，气喘，胸闷。,石膏，麦冬，瓜蒌皮，紫苏子，苦杏仁，茯苓，法半夏，陈皮，化橘红，桔梗，款冬花，紫菀，甘草,浙贝母
TCMFx7311,湿热痹证，其症状为肌肉或关节红肿热痛，有沉重感，步履艰难，发热，口渴不欲饮，小便黄。,防己，苍术，黄柏，粉萆薢，薏苡仁，威灵仙，防风，川牛膝，忍冬藤，连翘，桑枝,地龙
TCMF3361,"月经失调, 痛经, 带下病",当归，益母草，川芎，丹参，白芍，香附，泽兰，附子，小茴香，红花，吴茱萸，艾叶，乌药，莪术，三棱，牛膝，木香，胡椒，肉桂，没药，甘草,延胡索
TCMF10423,肺气虚，咳嗽，气短，乏力,西洋参，白术，麻黄，桔梗，石膏，甘草,银杏叶
TCMF9307,热病发热，咽喉肿痛，口舌生疮，牙龈肿痛。,牛黄，麦冬，红花，瞿麦，檀香,胡黄连
TCMFx3760,跌打损伤,三七，土鳖虫，川芎，当归，红花，乳香，没药,白芷
TCMFx6852,"清热利咽, 消肿止痛。主治急性咽炎, 症见:咽痛, 或干燥灼热, 发热, 微恶风, 咽侧索红肿, 咽粘膜, 悬壅垂红肿, 咽后壁滤泡增生, 舌边尖红, 苔薄脉浮。",苦地丁，金银花，黄芩，牛蒡子，桔梗，甘草,玄参
TCMF7617,肝郁脾虚，月经不调，胸胁胀痛，食欲不振，情绪抑郁。,当归，白芍，茯苓，白术，生姜，薄荷，甘草,柴胡
TCMF11615,瘰疬，瘿瘤，乳岩，乳癖，痰核，流注，横痃，贴骨疽，蟮拱头诸证，初起皮色不变，肿硬作痛。,郁金，马钱子，枳壳,白矾
TCMF9525,脾胃虚弱，食少腹胀，消化不良，咳嗽痰多。,沙棘，甘草，白术，茯苓，生姜,陈皮
TCMF11739,血瘀证，胸痹心痛，中风偏瘫，肢体麻木。,丹参，川芎，红花，三七，赤芍，当归，桃仁，牛膝，枳壳，甘草,柴胡
TCMF7835,气血两虚，月经不调，崩漏带下，宫寒不孕。,人参，熟地黄，白术，茯苓，当归，白芍，川芎，甘草,鹿角胶
TCMF10809,气血两虚，腰膝酸软，神疲乏力，头晕目眩。,黄芪，党参，当归，茯苓，白术，麦冬，五味子，枸杞子，山茱萸，川芎，防风，羌活，陈皮，肉桂，龟甲胶，大枣,熟地黄
TCMFx2415,"腰痛, 消渴, 水肿, 咳嗽, 喘病",熟地黄，山药，茯苓，肉桂，泽泻，附子，牡丹皮,五味子
TCMF11409,清热解毒，凉血消肿，用于火热内盛，咽喉肿痛，牙龈肿痛，口舌生疮，目赤肿痛。,黄芩，黄连，黄柏，栀子，大黄，连翘，薄荷，菊花，蔓荆子，白芷，川芎，防风，桔梗，甘草，冰片，牛黄，石膏,荆芥穗
TCMF9730,肾虚腰痛，阳痿早泄，遗精，尿频，神疲乏力。,韭菜子，附子，黄芪，人参，肉苁蓉，锁阳，淫羊藿，冬虫夏草，龟甲胶，阿胶，海马，当归，熟地黄，五味子，枸杞子，山茱萸，菟丝子，仙茅，肉桂,杜仲
TCMF11074,肝胆湿热，胁痛，黄疸，消化不良。,连钱草，郁金，山楂,陈皮
TCMF12063,脾胃虚寒，腹痛泄泻，四肢不温，食欲不振。,干姜，附子，党参，白术，茯苓，陈皮，半夏，炙甘草，生姜,大枣
TCMF11049,咳嗽，痰多，气喘。,黄芩，苦参，茯苓，白前，苦杏仁，桑白皮，陈皮，地龙,白果
TCMF12197,银屑病，皮肤瘙痒，湿疹,土茯苓，金银花，连翘，赤芍，苦参，当归，防风，白鲜皮，蝉蜕，甘草,黄柏
TCMF8474,脾胃虚弱，食积不化，脘腹胀满，大便溏泄。,党参，白术，茯苓，山药，莲子，白扁豆，薏苡仁，芡实，谷芽，鸡内金，陈皮,山楂
TCMF12529,眼干涩痛，视物模糊，头晕耳鸣，口燥咽干，舌红少苔，脉细数,人参，决明子，土茯苓，枸杞子，石决明，茺蔚子，蒺藜，青葙子，麦冬，密蒙花，川楝子，茜草，牛膝，当归，五味子，红花，菟丝子，玉竹，车前子，羚羊角，牛黄，珍珠，麝香，三七,野菊花
TCMFx811,感冒,柴胡，广藿香，肉桂，连翘，桔梗,麻黄
TCMF8377,湿热下注，瘀血阻滞所致的痹病，症见关节疼痛，屈伸不利，肌肤麻木，腰膝酸软。,土茯苓，夏枯草，益母草，黄芪，北豆根，薏苡仁，桔梗，大黄，桃仁，川牛膝，肉桂,莪术
TCMF8408,冠心病，心绞痛，高血压，高脂血症,黄芪，何首乌，钩藤，甘草,山楂
TCMF2985,"虚劳, 眩晕, 遗精",鹿角，知母，党参，山药，黄芪，茯苓，芡实，枸杞子，金樱子，熟地黄，牛膝，天冬，麦冬，楮实子，黄柏，山茱萸，五味子，龙眼肉,菟丝子
TCMF10261,小儿外感风热，症见发热、咳嗽、咽痛。,广藿香，荆芥，金银花，板蓝根，大青叶，桔梗，蒲公英，秦艽，赤芍，苦杏仁，柴胡，莱菔子，僵蚕，淡竹叶，郁金,石菖蒲
TCMF8042,气血两虚，心悸失眠，食欲不振，神疲乏力。,珍珠，黄芪，党参，茯苓，甘草,白术
TCMFx6840,"补益心脾, 益气养血。用于心悸怔仲, 健忘失眠, 头晕目眩, 倦怠乏力等症。",何首乌,龙眼肉
TCMF11407,风湿痹痛，跌打损伤，筋骨疼痛。,草乌，徐长卿，桑枝，生姜，丁香，肉桂,冰片
TCMF9985,胃寒疼痛，胃气痛，食积痛。,巴豆霜，豆蔻，木香，沉香，丁香，枳壳，高良姜，人参，雄黄,肉桂
TCMFx375,"胸痹, 症见胸痛, 胸闷, 心悸, 气短, 乏力; 冠心病心绞痛见上述症候者",黄芪，葛根，丹参，槲寄生，川芎,山楂
TCMFx3446,痹病,麻黄，马钱子，防风，独活，地枫皮，千年健，乳香，没药，羌活，木瓜，桂枝，牛膝，杜仲,甘草
TCMF8199,冠心病，心绞痛，胸闷，心悸。,三七，川芎，降香，柴胡，桂枝，茯苓，半夏，野菊花，首乌藤，大枣，冰片，珍珠母,延胡索
TCMF9433,乳腺增生，乳房胀痛，乳癖,半枝莲，瓜蒌，野菊花，赤芍，香附，陈皮，青皮,制天南星
TCMF9989,脾胃虚弱，食欲不振，脘腹胀满，消化不良。,党参，白芍，山楂，甘草,陈皮
TCMF12529,眼干涩痛，视物模糊，头晕耳鸣，口燥咽干，舌红少苔，脉细数,人参，决明子，土茯苓，石决明，茺蔚子，蒺藜，青葙子，麦冬，密蒙花，川楝子，茜草，牛膝，野菊花，当归，五味子，红花，菟丝子，玉竹，车前子，羚羊角，牛黄，珍珠，麝香，三七,枸杞子
TCMFx4181,"感冒, 风温",羚羊角，连翘，薄荷，荆芥穗，淡豆豉，牛蒡子，桔梗，淡竹叶，甘草,金银花
TCMF38,"风湿性关节炎, 腰肌劳损, 跌打损伤",独活，槲寄生，杜仲，秦艽，防风，党参，当归，茯苓，白芍，熟地黄，牛膝，桂枝，细辛，甘草,川芎
TCMF10512,脑动脉硬化，脑血栓形成，脑栓塞，脑出血后遗症，高血压，高血脂，冠心病，心绞痛，眩晕，头痛，失眠，记忆力减退。,丹参，炙黄芪，党参，灵芝，女贞子，天麻，钩藤，制何首乌，赤芍，麦芽，山楂，地龙,桑寄生
TCMF5959,"咳嗽, 喘病",茯苓，清半夏，川贝母，百部，黄芩，胆南星，石膏，沉香，白前,冰片
TCMF10175,阴道炎，宫颈糜烂，外阴瘙痒。,黄柏，紫草，儿茶，冰片,苦参
TCMF10667,孕妇感冒，发热，头痛，咽痛。,黄芩，白芍，当归，栀子，金银花，川芎，黄柏,黄连
TCMFx6292,咳嗽,白前，荆芥，甘草，百部，桔梗，陈皮,紫菀
TCMF7545,阳虚外感，恶寒发热，脉沉者。,细辛，附子,麻黄
TCMF8484,脾胃虚弱，食积停滞，消化不良，脘腹胀满，大便不调。,党参，麦芽，枳实，苍术，厚朴，大黄，山楂，胡黄连，牵牛子，陈皮，青皮，枳壳，鸡内金,槟榔
TCMF9138,气虚体弱，食欲不振，心悸失眠，面色萎黄。,黄精，茯苓，砂仁，玫瑰花，枸杞子,大枣
TCMF11462,脾肾两虚，气血不足，头晕耳鸣，腰膝酸软，神疲乏力。,鹿茸，丹参，当归，三七，灵芝，何首乌，肉苁蓉，淫羊藿，麦芽，茵陈，泽泻,红参
TCMF11118,目赤肿痛，眼眵多泪，羞明怕光，头痛眩晕。,龙胆，黄连，菊花，薄荷，荆芥，决明子，谷精草，蒺藜，密蒙花，赤芍，木贼，栀子，防风，桑白皮，桑叶，黄柏，冰片，牛黄，蝉蜕,白芷
TCMF3513,痹病,狗脊，伸筋草，秦艽，鸡血藤，防己，老鹳草，桑枝，五加皮，独活,豨莶草
TCMF5504,感冒,天花粉，葛根，白芷，桔梗，连翘，玄参，甘草，大青叶，羌活，川芎，赤芍，防风，黄芩，牛蒡子，淡竹叶,柴胡
TCMF7261,用于火热内盛，咽喉肿痛，牙龈肿痛，口舌生疮，目赤肿痛。,人工牛黄，石膏，黄芩，大黄，雄黄，冰片，桔梗,甘草
TCMF10543,肾虚水肿，腰膝酸软，小便频数。,附子，肉桂，熟地黄，山药，车前子，茯苓，泽泻，郁金，五味子，地骨皮，蜂蜜,女贞子
TCMF11921,跌打损伤，瘀血肿痛，风湿痹痛。,赤小豆，草乌，川乌，五倍子，半夏,白及
TCMFx158,"夏季食凉饮冷, 猝然闷乱烦躁, 腹痛吐泻, 牙关紧闭, 四肢逆冷",苍术，天麻，麻黄，大黄，甘草，冰片，麝香，蟾酥，雄黄，朱砂,丁香
TCMF8896,肝肾阴虚，头晕目眩，腰膝酸软，心悸失眠。,枸杞子，牡丹皮，西红花，甘草,肉苁蓉
TCMFx3509,"阳痿, 早泄, 遗精",红参，熟地黄，巴戟天，陈皮，菟丝子，白术，山药，黄芪，茯苓，牛膝，肉苁蓉，当归，枸杞子，鹿茸，小茴香，白芍，甘草,肉桂
TCMF7371,心悸，失眠，多梦，气短乏力。,黄芪，党参，麦冬，五味子，丹参，酸枣仁，远志，柏子仁，炙甘草,茯苓
TCMF8261,咳嗽，气喘，痰多。,紫苏子，郁金，桔梗，木香，麻黄，苦杏仁，前胡，莱菔子，陈皮，地龙，蜂蜜,百部
TCMF4302,"跌打损伤, 痹病",三七，川芎，白芷，土鳖虫，红花,当归
TCMF694,痹病,熟地黄，枸杞子，女贞子，黑豆，菟丝子，仙茅，牛膝，防己,骨碎补
TCMF9177,糖尿病，高血糖，气阴两虚。,黄芪，水蛭,黄精
TCMF10491,鼻塞，流涕，头痛，过敏性鼻炎。,苍耳子，辛夷，威灵仙，白芷，冰片,麻黄
TCMF10686,清热解毒，凉血止血，用于治疗热毒炽盛所致的咽喉肿痛，牙龈出血，皮肤疮疡等。,重楼，红花，菊花，蒲公英，小蓟，草乌，制川乌，当归，莲子心，朱砂,枳实
TCMF3524,"虚劳, 眩晕",党参，黄芪，熟地黄，狗脊，女贞子，覆盆子，何首乌，牛膝，当归，南沙参，杜仲，川芎，百合，茯苓，山药，白术，甘草，泽泻，白芍,陈皮
TCMF10154,痛经，月经不调，寒凝血瘀,艾叶，香附，川芎，当归，白芍，肉桂,吴茱萸
TCMF601,"头痛, 齿痛, 口舌生疮",熟地黄，菟丝子，枸杞子，五味子，黄精，黄芪，党参，川芎，菊花，决明子，车前子，密蒙花，鸡内金，金荞麦，升麻，山楂,白芍
TCMFx4697,"咳嗽, 喘病",川贝母，茯苓，半夏，橘红，谷芽，紫苏子，苦杏仁，桑白皮，石斛，薄荷，甘草,桔梗
TCMF11514,外感风热，肺热咳嗽，发热，咽喉肿痛。,连翘，黄芩，栀子，石膏，甘草,知母
TCMFx3690,咳嗽,枇杷叶，百部，苦杏仁，桔梗，麻黄，浙贝母，甘草,车前草
TCMF11274,中风，口眼歪斜，言语不利，半身不遂，瘫痹，惊风抽搐。,全蝎，蜈蚣，僵蚕，牛黄，冰片，麝香，磁石,丁香
TCMF9912,气虚血瘀，肢体麻木，瘫痿不用，脉管炎，动脉硬化性闭塞症。,黄芪，党参，葛根，炙甘草，当归，白芍，刺五加，升麻，柴胡，陈皮,白术
TCMF9637,糖尿病，口渴多饮，消谷善饥，小便频数，形体消瘦。,麦冬，知母，黄芩，天花粉，北沙参，石膏,五味子
TCMF11992,泌尿系结石，尿路感染，小便不利，腰腹疼痛。,车前子，黄芪，石韦，延胡索，泽泻，广金钱草，鸡内金，甘草,海金沙
TCMF9374,肝肾不足，腰膝酸软，头晕目眩，须发早白，遗精早泄，月经不调。,韭菜子，杜仲，肉苁蓉，黄芪，党参，白术，麦冬，枸杞子，川芎，当归，防风，羌活，茯苓，陈皮，桑椹，山茱萸，大枣，熟地黄，肉桂,五味子
TCMF9022,血瘀证，月经不调，痛经，闭经，产后瘀血腹痛。,丹参，黄芪，鸡血藤，苏木，红花，赤芍，川芎，三七,延胡索
TCMF10356,跌打损伤，瘀血肿痛，筋骨疼痛。,重楼，没药，乳香，红花，马钱子，升麻，白芷，川芎，当归，防风，羌活，胆南星，石菖蒲，狗脊，血竭，冰片，土鳖虫,三七
TCMF10645,产后血虚，头晕目眩，心悸失眠，腰膝酸软。,当归，白芍，阿胶，荆芥穗，益母草，地骨皮，北沙参，蒲黄，菟丝子,枸杞子
TCMF11794,心悸失眠，烦躁不安，头晕目眩，食欲不振。,丹参，合欢花，合欢皮，首乌藤，五味子，大枣，酸枣仁，山药，远志，珍珠母,当归
TCMF918,缺血性中风,何首乌，熟地黄，天冬，龟甲，鹿茸，肉苁蓉，肉桂，赤芍，全蝎，水蛭，地龙，山楂，茯苓,甘草
TCMF5959,"咳嗽, 喘病",清半夏，川贝母，百部，黄芩，胆南星，石膏，沉香，白前，冰片,茯苓
TCMF9161,气血两虚，面色萎黄，头晕目眩，心悸失眠，月经不调。,黄芪，当归，大枣，淫羊藿，阿胶,苦参
TCMF12535,咳嗽痰多，胸闷气短，呼吸困难,甘草，桔梗，苦杏仁，远志,冰片
TCMFx6273,虚劳,人参，五味子，麦冬，黄芪，何首乌，当归，川芎，红花，赤芍,葛根
TCMF7861,脾胃虚寒，脘腹冷痛，呕吐泄泻，手足不温。,附子，干姜，党参，白术,甘草
TCMF11270,胃脘疼痛，嗳气吞酸，慢性胃炎，胃溃疡。,丹参，黄芩，郁金，赤芍，川芎，甘草，洋金花，瓦楞子,蒲公英
TCMF11957,血虚头晕，面色苍白，心悸失眠，月经不调。,鸡血藤，墨旱莲，熟地黄，白芍,太子参
TCMF8232,气血两虚，肝肾不足，腰膝酸软，筋骨无力。,黄芪，当归，杜仲，补骨脂，龟甲，丹参，白术，何首乌，女贞子，枸杞子，核桃仁，川芎，山茱萸，山药，熟地黄，柴胡,红花
TCMF10183,外感发热，头痛身痛，口渴咽痛，便秘尿赤。,知母，黄芩，荆芥穗，青蒿，大黄，厚朴，柴胡，槟榔,牡丹皮
TCMFx4069,痹病,附子，川乌，黄芪，桂枝，麻黄，当归，白芍，威灵仙，木瓜，细辛，甘草,白术
TCMF9560,头痛，眩晕，风湿痹痛,丹参，白芷，川芎，当归,黄柏
TCMF11218,痛经，月经不调，盆腔炎等。,车前子，泽兰，红花，赤芍，炮姜，海藻，柴胡，川芎，延胡索,香附
TCMF11715,咽喉肿痛，声音嘶哑，口干舌燥。,胖大海，甘草，桔梗，麦冬，菊花，木蝴蝶，党参，玄参,金银花
TCMF8394,清热解毒，消肿止痛，用于咽喉肿痛，牙龈肿痛，口舌生疮。,浙贝母，薄荷，大黄，连翘，川芎，胖大海，蝉蜕,甘草
TCMF9432,乳腺增生，乳癖，乳房胀痛。,浙贝母，夏枯草，皂角刺，乳香，昆布，海藻，三棱，莪术，郁金，柴胡，党参，白芍，川芎，当归，玄参，牡蛎,枳壳
TCMFx4554,"健忘, 不寐, 眩晕, 心悸, 阳痿, 遗精",枸杞子，黄精，苍耳子，五味子，淫羊藿，大枣，熟地黄，远志，龟甲，麦冬，酸枣仁，鹿角胶，茯苓，鹿茸,人参
TCMFx864,缺血性中风,赤芍，郁金，天麻，漏芦,蒲黄
TCMF10548,糖尿病及其并发症，如口渴多饮、多食易饥、尿频量多、神疲乏力等。,黄芪，丹参，葛根，枸杞子，牡蛎,茯苓
TCMF11161,崩漏，月经过多，功能性子宫出血。,白术，白芍，地榆，白芷，当归，山药，续断，熟地黄，牡蛎，阿胶，血余炭,海螵蛸
TCMF11592,胸痹心痛，心悸失眠，脘腹疼痛，月经不调。,丹参，木香，金樱子,甘草
TCMF10823,风寒湿痹，筋骨疼痛，四肢麻木，腰膝酸软。,杜仲，麻黄，威灵仙，制草乌，制川乌，当归，独活，羌活，川牛膝，续断,鹿角
TCMFx5176,痹病,红花，桃仁，牛膝，骨碎补，续断，熟地黄，白芷，栀子，赤芍，桂枝，三七，乳香，苏木，自然铜，大黄，儿茶，马钱子，当归，冰片,土鳖虫
TCMF9715,肝气郁结，胸胁胀痛，胃脘疼痛，食欲不振。,豆蔻，姜黄，砂仁，木香，白芍，牡丹皮，厚朴，沉香，川芎，当归，香附，丁香，延胡索，青皮，吴茱萸，枳实，肉桂,陈皮
TCMF9038,脑血栓形成及其后遗症，中风偏瘫，言语不利，肢体麻木。,葛根，红花，赤芍，川芎，三七，牛膝，水蛭，地龙,血竭
TCMF11854,肺燥咳嗽，痰少难咳，咽干口渴，声音嘶哑。,南沙参，麦冬，玉竹，天花粉，桑叶，枇杷叶，浙贝母，苦杏仁，桔梗，甘草,北沙参
TCMFx5688,胃脘痛,党参，附子，黄芪，肉桂，山药，肉苁蓉，白术，山楂，乌梅，陈皮，补骨脂,砂仁
TCMF8525,湿疹，皮炎，皮肤瘙痒，湿热下注引起的皮肤疾病。,薄荷，黄芩，苦参，艾叶，茵陈，地肤子，栀子，金银花，蛇床子，石菖蒲，黄柏,土荆皮
TCMF12358,皮肤瘙痒，起疱流水，糜烂，伴有发热，口渴，小便短赤,茯苓，苍术，荆芥，防风，黄芩，蒲公英，半夏,当归
TCMF11613,急性胆囊炎，急性胰腺炎，急性阑尾炎，急性肠炎，急性菌痢等。,黄连，黄芩，黄柏，栀子，大黄，连翘，金银花，天花粉，玄参，赤芍，牡丹皮，甘草,知母
TCMF7693,心脾两虚，遗精滑泄，失眠健忘，心悸怔忡。,人参，山药，茯苓，白术，远志，酸枣仁，五味子，芡实,金樱子
TCMFx6395,"虚劳, 眩晕, 头痛, 不寐, 健忘",党参，茯苓，白芍，续断，当归，杜仲叶，何首乌，红花，黄芪，牛膝，山药，牡丹皮，泽泻，白术，熟地黄，人参,三七
TCMF865,"中风, 风痱",三七，川芎，红花，葛根,山楂
TCMF10162,消渴，口渴多饮，多尿，消瘦乏力。,白术，桔梗，麻黄，银杏叶,枇杷叶
TCMF8101,肝肾阴虚，头晕目眩，腰膝酸软，耳鸣耳聋，须发早白。,制何首乌，熟地黄，女贞子，墨旱莲，五味子，当归，白芍，黄芪，党参，茯苓，泽泻，牡丹皮，牛膝，甘草,川芎
TCMF11690,风寒湿痹，肢体麻木，关节疼痛。,桂枝，白芍，生姜，大枣，甘草,全蝎
TCMF11572,肝郁脾虚，气血不足，头晕目眩，心悸失眠。,党参，人参，麦冬，北沙参，五味子，枸杞子，川楝子，桂枝,当归
TCMFx6324,"眩晕, 健忘, 不寐, 遗精, 阳痿",党参，鹿茸，补骨脂，枸杞子，菟丝子，当归，熟地黄，麦冬，五味子，远志，酸枣仁，柏子仁，白术，陈皮，独活，甘草,山药
TCMF10261,小儿外感风热，症见发热、咳嗽、咽痛。,广藿香，荆芥，金银花，板蓝根，大青叶，桔梗，蒲公英，秦艽，赤芍，柴胡，莱菔子，石菖蒲，僵蚕，淡竹叶，郁金,苦杏仁
TCMF8830,风湿性关节炎，类风湿性关节炎，骨关节炎，腰腿疼痛。,丹参，补骨脂，黄芪，杜仲，防己，没药，乳香，红花，威灵仙，木瓜，桃仁，当归，桑寄生，牛膝，续断，桂枝，乌梢蛇，地龙,秦艽
TCMF7614,虚劳发热，骨蒸潮热，盗汗自汗，咳嗽痰少，心悸失眠，食欲不振。,黄芪，鳖甲，秦艽，柴胡，知母，当归，白芍，天冬，茯苓，桑白皮，紫菀，半夏，甘草,地骨皮
TCMF9349,脾胃虚弱，气虚下陷，久泻脱肛，子宫脱垂，崩漏下血，神疲乏力，食少腹胀，便溏久泻。,炙黄芪，党参，升麻，柴胡，当归，陈皮,白术
TCMF8386,脾胃虚弱，脘腹疼痛，食欲不振，肢冷乏力。,黄芪，白术，人参，当归，柴胡，炙甘草,升麻
TCMF7948,咳嗽，痰多，气喘。,罗汉果，百部，桔梗，枇杷叶，桑白皮，滑石粉,白前
TCMFx904,缺乳,黄芪，通草，天花粉，漏芦，当归，白芍，柴胡，鹿角霜，熟地黄，路路通，党参，川芎，王不留行，穿山甲,瞿麦
TCMF12275,小儿惊风，癫痫，中风后遗症，头痛眩晕，神志不清。,朱砂，天竺黄，天麻，钩藤，麻黄，防风，羌活，胆南星，陈皮，青礞石，牛黄，全蝎，蜈蚣，僵蚕，冰片，茯苓，甘草,薄荷
TCMF9892,痹证，腰腿疼痛，肢体麻木，骨质疏松。,丹参，红花，川芎，当归，赤芍，牛膝，桂枝，桑寄生，续断，骨碎补，狗脊，淫羊藿，鸡血藤，熟地黄，枸杞子，菟丝子，鹿角胶，龟甲胶,甘草
TCMF10346,咳嗽，痰多，气喘。,苦杏仁，枇杷叶，浙贝母，麦冬，甘草,桔梗
TCMFx4128,痹病,当归，木香，玉竹，黄芪，党参，重楼，虎杖，桂枝，枸杞子，秦艽，川乌，续断，肉桂，红花,草乌
TCMF5352,"牙痛, 便秘",大黄，川芎，黄连，黄芩，薄荷，牵牛子,滑石
TCMFx6995,治风热耳肿疼痛,当归，白芍，川芎，黄芩，连翘，荆芥，防风，枳壳，甘草，白芷，桔梗，柴胡,栀子
TCMF11396,胃脘疼痛，痞满不适，食欲不振，消化不良。,黄芪，党参，丹参，茵陈，白芍，厚朴，乌梅，柴胡,延胡索
TCMF11105,咳嗽，气喘，痰多,平贝母，天冬，黄芩，麻黄，五味子，防风，白果,乌梅
TCMF10279,小儿感冒发热，咽喉肿痛，麻疹初期，疹出不透。,西河柳，升麻，金银花，菊花，紫草，玄参，牛黄，朱砂，青黛，核桃仁，甘草,石决明
TCMF11297,清热解毒，消肿止痛。用于治疗疔疮痈疖，无名肿毒，咽喉肿痛，龋齿疼痛。,蟾酥，雄黄，牛黄，珍珠，冰片，朱砂,麝香
TCMFx570,胸痹心痛,黄芪，人参，薤白,石菖蒲
TCMF9173,气血两虚，心悸失眠，食欲不振，神疲乏力。,黄芪，茯苓,大枣
TCMF3361,"月经失调, 痛经, 带下病",当归，益母草，川芎，丹参，白芍，香附，泽兰，附子，小茴香，红花，延胡索，艾叶，乌药，莪术，三棱，牛膝，木香，胡椒，肉桂，没药，甘草,吴茱萸
TCMF11323,瘀血阻滞，痛症，疮疡肿毒。,没药，乳香，雄黄,蜈蚣
TCMF5340,"喘病, 哮病, 肺胀, 咳嗽",蛤蚧，蟾酥，黄芪，地龙，麻黄，党参，苦杏仁，白果，枳实，天冬，麦冬，紫菀，百部，枸杞子，熟地黄，远志，葶苈子，洋金花，石膏，甘草,五味子
TCMF10682,产后缺乳，乳少不畅。,益母草，熟地黄，天花粉，白芍，川芎，王不留行，通草,当归
TCMF10726,阴虚火旺，潮热盗汗，口干咽痛，耳鸣遗精，小便短赤。,熟地黄，山药，泽泻，牡丹皮，茯苓，知母，黄柏,山茱萸
TCMFx1077,"胁痛, 腹胀",当归，三棱，甘草，丹参，香橼，延胡索，白芍，柴胡，白术，薄荷，麦芽，川楝子,茯苓
TCMF9660,气血两虚，面色苍白，头晕目眩，心悸失眠，食欲不振，四肢乏力。,炙黄芪，党参，当归，熟地黄，白术，茯苓，川芎，炙甘草，肉桂,白芍
TCMF10243,小儿感冒发热，咳嗽痰多，气喘,麻黄，苦杏仁，石膏，桑白皮，甘草,黄芩
TCMF8331,胸痹心痛，胸闷气短，心悸失眠，冠心病，心绞痛。,降香，乳香，三棱，莪术，郁金，木香，厚朴，桃仁，沉香，蒲黄，延胡索，陈皮，佛手，花蕊石，冰片，鸡内金，蜂蜜，麝香，珍珠,朱砂
TCMF10596,风湿痹痛，关节疼痛，肌肉酸痛，跌打损伤。,姜黄，马钱子，白芷，天南星，冰片，蟾酥，雄黄,川乌
TCMF7150,各种颈椎病引起的疼痛。,熟地黄，何首乌，当归，白芍，黑芝麻，枸杞子，鹿茸，骨碎补，狗脊，千年健，地枫皮，威灵仙，蛇蜕，木瓜，丹参，黄芪，天麻，葛根，桂枝，乳香，没药，甘草,牛膝
TCMF8050,风寒湿痹，关节疼痛，筋骨麻木，腰腿酸痛。,苏木，没药，乳香，海风藤，红花，天麻，麻黄，细辛，草乌，川乌，赤芍，桃仁，威灵仙，红大戟，白芷，当归，独活，檀香，丁香,羌活
TCMF9070,高热神昏，中风痰迷，小儿急惊风，癫痫痉挛，头痛眩晕。,人工牛黄，黄连，黄柏，石膏，知母，郁金，石菖蒲，冰片，大黄，栀子，青黛，金银花，连翘，全蝎，蜈蚣，珍珠母，蜂蜜,黄芩
TCMFx7005,"气虚痰饮, 呕吐痞闷, 腹胀嗳气",白术，茯苓，甘草，陈皮，半夏，砂仁，木香，生姜,人参
TCMF7661,肝气郁结，脾胃虚弱，胸胁胀痛，食欲不振，呕吐吞酸。,柴胡，当归，川芎，白术，茯苓，陈皮，半夏,甘草
TCMF8245,咳嗽，气喘，痰多，肺虚久咳。,半夏，桂枝，人参，蛤蚧,冬虫夏草
TCMF601,"头痛, 齿痛, 口舌生疮",菟丝子，枸杞子，五味子，白芍，黄精，黄芪，党参，川芎，菊花，决明子，车前子，密蒙花，鸡内金，金荞麦，升麻，山楂,熟地黄
TCMF7555,肾阳不足，腰膝酸软，畏寒肢冷，夜尿频多，阳痿早泄。,山茱萸，山药，泽泻，牡丹皮，茯苓，肉桂，附子,熟地黄
TCMF10805,胃痛，胃胀，消化不良，食欲不振。,砂仁，白芍，小茴香，延胡索，肉桂，高良姜,牡蛎
TCMF907,感冒,桔梗，麻黄，陈皮，茯苓，黄芩，前胡，苦杏仁，甘草，半夏，枳壳,紫苏叶
TCMF8120,感冒发热，头痛鼻塞，咳嗽咽痛。,薄荷，荆芥，桔梗，牛蒡子，连翘，大青叶，白芷，甘草,防风
TCMF9788,感冒发热，头痛鼻塞，咳嗽痰多，胸闷呕恶。,紫苏叶，紫苏子，苍术，厚朴，麦芽，山楂，白芷，防风，羌活，桑白皮，香附，法半夏，陈皮，枳实，甘草,黄芩
TCMF11705,气虚咳嗽，哮喘，肺气肿，慢性支气管炎。,黄芪，党参，白术，炙甘草，天冬，紫菀，麻黄，五味子，苦杏仁，枸杞子，熟地黄，洋金花，葶苈子，白果，远志，枳实，地龙，蛤蚧，蟾酥,麦冬
TCMF9052,慢性肾功能衰竭，尿毒症，水肿，尿少，尿频，尿急，尿痛，血尿，蛋白尿等。,麦冬，土茯苓，丹参，槐花，白茅根，葶苈子，大黄，连翘，钩藤，栀子，地榆，枸杞子，金银花，黄柏，桂枝，人参，牡蛎，青黛,红花
TCMF4925,"麻疹, 感冒",防风，山豆根，川芎，赤小豆，羌活，牛蒡子，黄连，天花粉，荆芥，赤芍，当归，甘草，栀子，连翘，滑石，薄荷，柴胡，玄参，黄芩，升麻，雄黄，朱砂,大青叶
TCMF8041,热毒蕴结所致的口舌生疮、牙龈肿痛、疮疡肿毒。,土茯苓，甘草，龟甲,金银花
TCMF8321,乳腺增生，乳腺纤维瘤，慢性盆腔炎，附件炎。,金荞麦，柴胡，香附,三七
TCMF10498,急慢性肝炎，肝功能异常,郁金，垂盆草，五味子，柴胡,板蓝根
TCMF10879,热毒蕴结，咽喉肿痛，口舌生疮，牙龈肿痛。,冰片，牛黄，青黛，珍珠,西瓜霜
TCMFx904,缺乳,黄芪，通草，天花粉，漏芦，当归，柴胡，鹿角霜，熟地黄，瞿麦，路路通，党参，川芎，王不留行，穿山甲,白芍
TCMFx1637,"若经道不通, 绕脐寒疝痛彻, 其脉沉紧此由寒气客于血室, 血凝不行, 结积血为气所冲, 新血与故血相搏, 所以发痛譬如天寒地冻, 水凝成冰宜温经汤及桂枝桃仁汤, 万病丸",当归，吴茱萸，白芍，桂枝，阿胶，半夏，麦冬，川芎，牡丹皮，生姜，甘草,党参
TCMF7713,"脱发症, 白发症",何首乌，枸杞子，当归，熟地黄，菟丝子，女贞子，墨旱莲，黑芝麻，桑椹,补骨脂
TCMF8071,胃痛，消化不良，寒性腹痛。,木香，诃子，麝香,制草乌
TCMF7527,血虚寒凝，月经不调，痛经，肢体麻木。,当归，川芎，白芍，桂枝，细辛，通草，甘草，大枣,生姜
TCMF218,"解?, 月经过多",白术，茯苓，甘草，当归，白芍，川芎，熟地黄,党参
TCMF8668,风寒湿痹，关节疼痛，肌肉酸痛，肢体麻木。,丹参，党参，葛根，桂枝，白芍，威灵仙，木瓜，川芎，香附，甘草,黄芪
TCMF9698,咳嗽，痰多，气喘。,百部，浙贝母，麻黄，石膏，款冬花，鱼腥草，桑白皮，功劳木，陈皮，甘草,苦杏仁
TCMF11541,骨质疏松，腰膝酸软，四肢无力，头晕目眩。,麦冬，黄芪，山药，牡蛎，龟甲，鸡内金,白术
TCMF12370,咳嗽，胸痛，咳吐脓血，发热，口干咽燥,玄参，蒲公英，金银花，紫花地丁，菊花，甘草，黄芩，桔梗，款冬花,陈皮
TCMF11016,感冒发热，头痛，咽喉肿痛，胸闷不畅。,柴胡，黄芩，生姜，大枣，甘草,通草
TCMF9114,便秘，腹胀，消化不良,白芍，厚朴，枳实,大黄
TCMF11959,脾肾两虚，气血不足，腰膝酸软，神疲乏力，头晕耳鸣，失眠多梦。,人参，黄芪，党参，茯苓，甘草，熟地黄，当归，白芍，川芎，杜仲，鹿茸，枸杞子，山药，丹参，砂仁，远志，陈皮，肉桂,白术
TCMF8950,气血两虚，心悸失眠，头晕目眩，月经不调。,鹿角胶，丹参，黄芪，熟地黄，白芍，川芎，甘草,当归
TCMF7307,"肝郁血虚发热, 月经不调, 怔忡不宁",柴胡，当归，白芍，白术，茯苓，牡丹皮，栀子，甘草,薄荷
TCMF9013,失眠，心悸，头晕，乏力。,丹参，白术，首乌藤，熟地黄，远志，陈皮,大枣
TCMF7327,肝气虚弱，胁肋胀痛，食欲不振，神疲乏力。,黄芪，白术，茯苓，甘草，当归，白芍，升麻，陈皮，生姜，大枣,柴胡
TCMF9959,脾胃虚寒，脘腹冷痛，食欲不振，呕吐泄泻。,干姜，党参，白术，茯苓，甘草，砂仁，木香，白芍，厚朴，枸杞子，川芎，千年健，续断，肉桂,木瓜
TCMF9470,风湿痹痛，筋骨疼痛，跌打损伤。,马钱子，白芷，川芎，当归，防风，胆南星，花椒，冰片,羌活
TCMF2938,"眩晕, 月经失调, 血劳",当归，熟地黄，白芍，川芎，党参，黄芪,甘草
TCMF9388,湿热蕴结所致的湿疹、皮炎、瘙痒症等皮肤病。,土茯苓，丹参，黄芩，黄连，大黄，黄柏，蛇床子，大青叶，甘草,苦参
TCMF11469,咳嗽，气喘，痰多，胸闷。,百合，麦冬，紫苏子，白前，麻黄，橘红，甘草,银杏叶
TCMF11476,咳嗽，气喘，痰多。,石膏，桔梗，苦杏仁，莱菔子，罂粟壳，甘草,麻黄
TCMF11930,感冒发热，咳嗽痰多，头痛鼻塞。,黄芩，紫苏叶，桔梗，前胡，苦杏仁，茯苓，半夏，陈皮，枳壳，甘草,麻黄
TCMF10615,痛经，月经不调，产后腹痛。,益母草，干姜，红花，桃仁，川芎，当归,甘草
TCMF10760,湿热泄泻，腹痛，腹泻，里急后重。,黄芩，葛根，金银花，诃子，乌梅，木香，甘草,黄连
TCMF9451,用于治疗慢性胆囊炎、胆石症、慢性胃炎、消化不良等属肝郁脾虚证者。,柴胡，党参，白术，甘草,黄芩
TCMF9731,筋骨疼痛，肢体拘挛，腰背酸痛，跌打损伤。,鸡血藤，红花，香加皮，虎杖，香附，伸筋草，狗脊，自然铜,络石藤
TCMF7224,用于肝肾不足所致的干涩不舒、单眼复视、腰膝痠软、或轻度视力下降；早、中期老年性白内障见上述症状者,熟地黄，菟丝子，枸杞子，肉苁蓉，山茱萸，白芍，川芎，黄精，党参，甘草，决明子，青葙子，蕤仁，密蒙花，蔓荆子，菊花，石菖蒲，车前子，关黄柏，升麻，葛根,黄芪
TCMF11338,跌打损伤，瘀血肿痛，筋骨疼痛。,鸡血藤，丹参，当归，赤芍，川芎，桃仁，红花，三棱，莪术，乳香，没药，牛膝，土鳖虫，血竭，自然铜，骨碎补，续断，桑寄生，香附，延胡索，甘草,木香
TCMF8177,肝肾不足，瘀血阻络所致的骨性关节炎、骨质疏松症。,鸡血藤，骨碎补，锁阳，狗脊，淫羊藿，续断，熟地黄，莱菔子,枸杞子
